id,first_name,last_name,age,city,department,salary,years_experience,is_manager,skill_level,join_year
1,Kamil,Kluczek,62,Kraków,IT,8733,7,False,junior,2012
2,Jacek,Dreszer,59,Warszawa,IT,8798,27,False,junior,2016
3,Artur,Lalak,63,Wrocław,HR,8153,34,False,mid,2023
4,Paweł,Berendt,43,Rzeszów,HR,7896,8,True,junior,2021
5,Inga,Rej,44,Warszawa,Finance,7050,19,False,junior,2012
6,Tola,Midura,57,Gdańsk,Operations,12284,18,False,senior,2011
7,Filip,Glapiak,64,Rzeszów,Operations,13556,14,False,senior,2018
8,Tomasz,Kowaluk,51,Warszawa,Finance,12792,20,False,senior,2015
9,Jerzy,Soroko,56,Wrocław,Support,6981,15,False,junior,2017
10,Szymon,Zubowicz,65,Katowice,IT,17792,20,True,senior,2022
11,Konrad,Gral,39,Białystok,Operations,7044,2,False,junior,2022
12,Inga,Giedrojć,63,Warszawa,Marketing,7594,29,False,junior,2023
13,Borys,Szkopek,59,Rzeszów,IT,9692,25,False,mid,2013
14,Julianna,Batóg,31,Wrocław,IT,15417,2,False,senior,2018
15,Jan,Gemza,57,Warszawa,Operations,9393,0,False,mid,2013
16,Damian,Nawrotek,40,Warszawa,Marketing,7250,13,False,junior,2015
17,Kaja,Kiliszek,54,Kraków,Sales,13426,6,False,senior,2021
18,Konstanty,Trzcionka,32,Białystok,Support,17701,8,False,lead,2010
19,Przemysław,Bryda,29,Lublin,HR,16823,5,True,senior,2012
20,Natan,Noszczyk,27,Warszawa,Marketing,8725,5,False,mid,2025
21,Tomasz,Cukier,57,Lublin,Finance,7708,10,False,junior,2016
22,Patryk,Moj,41,Łódź,Finance,16995,12,False,lead,2017
23,Mieszko,Halik,36,Gdańsk,IT,9790,1,False,mid,2011
24,Błażej,Zemanek,36,Lublin,IT,19488,1,False,lead,2016
25,Aleksander,Lelonek,56,Lublin,Sales,14737,8,False,senior,2023
26,Róża,Jałowiec,34,Wrocław,Finance,5721,1,False,junior,2013
27,Marcel,Bodzak,25,Katowice,IT,15696,3,False,senior,2024
28,Maksymilian,Skałka,30,Wrocław,Operations,10254,6,True,junior,2013
29,Gustaw,Grymuza,25,Białystok,Operations,17989,0,False,lead,2025
30,Olgierd,Roś,35,Warszawa,Finance,9586,13,False,mid,2024
31,Eryk,Stochel,40,Łódź,Operations,9993,13,False,mid,2014
32,Krzysztof,Szwaja,34,Warszawa,Marketing,9484,4,True,junior,2011
33,Olaf,Pindral,25,Lublin,IT,9828,3,False,mid,2015
34,Aleks,Mazanek,26,Lublin,Finance,7833,4,False,junior,2017
35,Jerzy,Różewicz,59,Wrocław,Sales,9868,2,False,mid,2016
36,Oskar,Cukier,64,Wrocław,Marketing,6495,20,False,junior,2012
37,Konstanty,Fal,22,Gdańsk,IT,11572,0,False,mid,2018
38,Dariusz,Przewoźnik,30,Lublin,Finance,14725,5,False,senior,2019
39,Leonard,Idec,61,Lublin,HR,5050,33,False,junior,2018
40,Nikodem,Mydlak,29,Warszawa,HR,12904,1,False,senior,2016
41,Cezary,Jasnoch,65,Poznań,HR,11708,40,False,senior,2012
42,Wojciech,Zera,62,Warszawa,HR,12572,27,False,senior,2015
43,Alan,Kręgiel,50,Gdańsk,IT,14110,17,False,senior,2011
44,Andrzej,Gierak,45,Wrocław,IT,9663,18,False,mid,2021
45,Marcelina,Kubasiak,35,Warszawa,Operations,6664,10,False,junior,2014
46,Jeremi,Fita,37,Katowice,Operations,20360,5,True,lead,2023
47,Dagmara,Muskała,64,Katowice,IT,8427,15,False,junior,2017
48,Arkadiusz,Jakóbiak,34,Lublin,Operations,8791,7,False,mid,2022
49,Adam,Guźniczak,43,Rzeszów,HR,13137,8,False,senior,2020
50,Filip,Pierz,23,Kraków,Sales,12956,0,False,senior,2013
51,Jędrzej,Kurp,60,Katowice,Finance,8973,27,False,mid,2022
52,Cezary,Ciepłuch,58,Łódź,IT,8705,12,False,junior,2016
53,Bruno,Basak,45,Łódź,HR,5010,13,False,junior,2019
54,Jędrzej,Fydrych,54,Kraków,Marketing,8985,19,False,mid,2023
55,Sonia,Wołkowicz,64,Białystok,Sales,11044,24,False,mid,2010
56,Róża,Betka,41,Katowice,Sales,7609,9,False,junior,2024
57,Błażej,Lalak,65,Katowice,Support,8047,13,False,mid,2019
58,Witold,Stebel,54,Rzeszów,IT,7315,21,False,junior,2014
59,Melania,Cudzich,23,Poznań,Operations,9697,0,True,junior,2016
60,Błażej,Prażuch,46,Warszawa,Marketing,8636,15,False,mid,2023
61,Janina,Skotarek,36,Łódź,Finance,12997,2,False,senior,2024
62,Janina,Nóżka,30,Rzeszów,Sales,10612,7,False,mid,2023
63,Olgierd,Neubauer,57,Katowice,Sales,13812,28,False,senior,2018
64,Sebastian,Karmelita,55,Kraków,IT,10612,31,False,mid,2020
65,Anastazja,Miara,42,Warszawa,Finance,6376,17,False,junior,2012
66,Franciszek,Schwarz,48,Wrocław,IT,11095,13,False,mid,2010
67,Kamil,Furgała,58,Białystok,HR,9216,24,False,mid,2017
68,Damian,Jenek,53,Poznań,Finance,7156,14,False,junior,2015
69,Kaja,Wlazły,51,Gdańsk,IT,8811,29,False,junior,2010
70,Wiktor,Siwczak,27,Lublin,IT,10840,5,False,mid,2016
71,Fryderyk,Andrys,51,Lublin,HR,9226,10,False,mid,2018
72,Roksana,Bytner,27,Poznań,Support,4981,3,False,junior,2011
73,Iwo,Jędrys,23,Warszawa,IT,6968,0,False,junior,2016
74,Mateusz,Łukasz,51,Wrocław,Sales,6269,22,False,junior,2015
75,Oliwier,Delikat,41,Białystok,Sales,10337,3,False,mid,2022
76,Julita,Myrcik,34,Lublin,IT,10735,1,False,mid,2013
77,Cezary,Sporysz,58,Wrocław,Finance,9897,2,False,mid,2010
78,Cyprian,Duczmal,48,Wrocław,Finance,10383,26,False,mid,2014
79,Gustaw,Sadownik,49,Rzeszów,HR,13704,5,False,senior,2025
80,Damian,Chalimoniuk,51,Gdańsk,HR,11854,13,False,senior,2018
81,Jakub,Stefankiewicz,50,Gdańsk,Marketing,14224,7,False,senior,2020
82,Błażej,Gustaw,33,Katowice,HR,5631,7,False,junior,2010
83,Kajetan,Jędraszczyk,55,Łódź,Sales,7750,12,False,junior,2025
84,Dominik,Budzich,50,Kraków,Finance,7882,25,False,junior,2021
85,Radosław,Skocz,52,Wrocław,Marketing,10058,17,False,mid,2018
86,Dorota,Ziarek,41,Łódź,HR,5258,8,False,junior,2016
87,Konrad,Furgała,35,Łódź,Support,8859,11,False,mid,2013
88,Mariusz,Irla,34,Warszawa,IT,7623,4,False,junior,2011
89,Miłosz,Ziemak,25,Warszawa,Operations,8050,2,False,mid,2019
90,Liwia,Dzienis,52,Warszawa,IT,11456,15,False,mid,2013
91,Kazimierz,Wołoszyk,26,Gdańsk,Marketing,10505,3,False,mid,2019
92,Kacper,Pietrasz,27,Katowice,Sales,6724,1,False,junior,2022
93,Olgierd,Kubaczyk,50,Gdańsk,Finance,5746,14,False,junior,2013
94,Norbert,Gogacz,35,Łódź,IT,6807,10,False,junior,2015
95,Adam,Karłowicz,22,Gdańsk,HR,8658,0,False,mid,2024
96,Nicole,Fiołek,26,Katowice,Sales,17610,1,False,lead,2023
97,Karol,Wypiór,29,Białystok,Operations,11679,3,True,mid,2019
98,Ada,Stoltmann,60,Wrocław,Finance,18148,36,False,lead,2018
99,Krzysztof,Pacholik,54,Gdańsk,Operations,10472,31,False,mid,2018
100,Ewelina,Szajner,23,Łódź,Operations,5084,0,False,junior,2018
101,Hubert,Kuran,58,Warszawa,Sales,13939,2,False,senior,2015
102,Lidia,Salach,59,Poznań,IT,10865,27,False,mid,2020
103,Leon,Listwan,64,Kraków,Marketing,13840,6,False,senior,2011
104,Liwia,Kretowicz,51,Kraków,Support,9807,2,False,mid,2010
105,Kaja,Leszkiewicz,64,Warszawa,Sales,10841,34,False,mid,2024
106,Rozalia,Tatarczuk,25,Warszawa,HR,6485,1,False,junior,2013
107,Ksawery,Grzywnowicz,23,Kraków,IT,14420,0,False,senior,2013
108,Fabian,Bakalarczyk,51,Warszawa,Support,8819,3,False,mid,2023
109,Mariusz,Liedtke,52,Poznań,Finance,7581,15,False,junior,2014
110,Eliza,Dulas,26,Lublin,HR,12594,2,False,senior,2010
111,Ignacy,Młot,40,Gdańsk,Marketing,14029,9,False,senior,2025
112,Artur,Korbel,44,Poznań,Finance,9272,10,False,mid,2017
113,Natan,Tylek,58,Katowice,IT,8061,24,False,junior,2022
114,Julianna,Dumała,64,Poznań,IT,19917,41,False,lead,2020
115,Olaf,Pawełkiewicz,28,Warszawa,Support,15290,6,True,senior,2023
116,Borys,Pych,63,Katowice,HR,6128,9,False,junior,2012
117,Wojciech,Jasina,43,Wrocław,HR,13498,21,False,senior,2011
118,Stanisław,Kosela,61,Łódź,HR,4870,4,False,junior,2023
119,Krzysztof,Mirocha,28,Lublin,Finance,8618,6,False,mid,2011
120,Kornel,Matyka,42,Wrocław,IT,8818,1,False,junior,2015
121,Ida,Fleszar,32,Lublin,Sales,8188,2,False,junior,2014
122,Konstanty,Łachut,36,Wrocław,Marketing,10105,7,False,mid,2019
123,Ada,Okraska,65,Wrocław,HR,6237,34,False,junior,2018
124,Rozalia,Tyka,51,Rzeszów,Operations,12562,27,True,mid,2021
125,Anita,Wyskiel,58,Kraków,Support,16824,18,False,lead,2010
126,Lidia,Macias,58,Katowice,Operations,16942,3,False,lead,2021
127,Lidia,Smyl,36,Kraków,Marketing,5760,10,False,junior,2013
128,Kalina,Kidoń,62,Wrocław,Sales,9169,2,False,mid,2019
129,Patryk,Rawa,42,Warszawa,Sales,7974,13,False,junior,2018
130,Kornelia,Świstek,32,Białystok,Support,17087,4,False,lead,2013
131,Kaja,Podsiedlik,51,Rzeszów,Operations,6627,2,False,junior,2021
132,Roksana,Sobuś,27,Poznań,Finance,6573,3,False,junior,2022
133,Mikołaj,Plizga,62,Kraków,IT,8799,23,False,junior,2020
134,Oskar,Juśkiewicz,61,Gdańsk,Finance,10172,14,False,mid,2013
135,Olga,Preś,30,Kraków,Sales,22001,0,True,lead,2014
136,Natan,Myrcha,46,Rzeszów,Marketing,10605,14,False,mid,2014
137,Dominik,Pyszka,48,Poznań,Finance,5634,20,False,junior,2021
138,Eryk,Kidoń,35,Kraków,Finance,10004,7,False,mid,2021
139,Julita,Zagozda,25,Rzeszów,Support,5075,3,False,junior,2016
140,Sebastian,Midura,63,Warszawa,Operations,8515,40,False,mid,2016
141,Grzegorz,Widłak,26,Warszawa,Operations,5604,4,False,junior,2010
142,Marcelina,Synak,39,Poznań,Operations,19105,4,True,lead,2014
143,Igor,Potoczna,22,Kraków,HR,11714,0,False,senior,2014
144,Krystyna,Karalus,48,Warszawa,Finance,7931,16,False,junior,2013
145,Franciszek,Klemens,50,Gdańsk,Marketing,7335,16,False,junior,2019
146,Rozalia,Pasztaleniec,51,Warszawa,Sales,17242,20,False,lead,2025
147,Bartek,Deluga,50,Kraków,IT,15897,2,False,senior,2020
148,Marek,Szóstak,46,Wrocław,Sales,12268,19,True,mid,2016
149,Kalina,Smykla,49,Wrocław,Operations,12389,14,False,senior,2020
150,Karina,Drobnik,49,Wrocław,IT,9774,10,False,mid,2012
151,Blanka,Rycerz,27,Katowice,Finance,8745,0,False,mid,2020
152,Leon,Bartłomiejczyk,64,Lublin,Support,7910,7,False,mid,2019
153,Jakub,Szwiec,60,Gdańsk,IT,10418,19,False,mid,2013
154,Błażej,Gierasimiuk,44,Katowice,Sales,11097,17,False,mid,2010
155,Agnieszka,Suchoń,60,Kraków,Marketing,6637,17,False,junior,2010
156,Kaja,Pitala,33,Wrocław,IT,9625,2,False,mid,2012
157,Dagmara,Maligłówka,55,Wrocław,IT,10828,13,False,mid,2012
158,Ada,Kowalak,25,Gdańsk,Marketing,6936,1,False,junior,2025
159,Rafał,Łuszczyk,60,Warszawa,Sales,9254,28,False,mid,2019
160,Przemysław,Franczuk,65,Poznań,HR,9954,43,False,mid,2011
161,Elżbieta,Miętka,22,Warszawa,IT,10843,0,False,mid,2013
162,Rozalia,Surdyk,22,Warszawa,Finance,14549,0,False,senior,2021
163,Jędrzej,Żbik,26,Warszawa,IT,14782,3,False,senior,2023
164,Franciszek,Stempin,58,Wrocław,IT,17830,25,True,senior,2015
165,Malwina,Dudczak,61,Białystok,IT,14496,29,False,senior,2023
166,Liwia,Snoch,59,Wrocław,HR,8864,25,False,mid,2015
167,Adam,Handke,26,Poznań,IT,10938,4,False,mid,2014
168,Maksymilian,Kielczyk,37,Warszawa,Sales,6108,3,False,junior,2015
169,Daniel,Mućka,62,Gdańsk,Sales,11112,31,False,mid,2020
170,Gaja,Kuropatwa,62,Warszawa,Finance,6625,20,False,junior,2011
171,Marek,Bondaruk,44,Wrocław,IT,7675,16,False,junior,2012
172,Ignacy,Kolman,63,Poznań,Finance,8668,5,False,mid,2024
173,Nicole,Wojak,58,Poznań,IT,12923,12,True,mid,2020
174,Elżbieta,Paluszak,27,Warszawa,Marketing,10346,4,False,mid,2015
175,Maciej,Fogt,45,Wrocław,Operations,16214,11,False,lead,2020
176,Maksymilian,Klaja,26,Łódź,HR,6968,2,False,junior,2014
177,Janina,Salwin,43,Warszawa,HR,9105,2,False,mid,2014
178,Angelika,Klatka,60,Wrocław,Operations,10156,5,False,mid,2012
179,Robert,Walencik,63,Warszawa,HR,8899,27,False,mid,2025
180,Jędrzej,Kamieniarz,34,Warszawa,HR,17579,3,False,lead,2011
181,Błażej,Tylman,64,Gdańsk,Sales,13540,21,False,senior,2015
182,Adrian,Pachnik,50,Łódź,IT,10667,1,False,mid,2024
183,Radosław,Holc,36,Rzeszów,Operations,5794,8,False,junior,2021
184,Jędrzej,Gregorczuk,65,Wrocław,HR,17660,36,False,lead,2023
185,Wojciech,Sroga,32,Warszawa,HR,13020,3,False,senior,2013
186,Róża,Milewczyk,55,Katowice,HR,5103,7,False,junior,2023
187,Sylwia,Dmoch,27,Lublin,Support,13323,1,False,senior,2021
188,Wojciech,Rapa,37,Wrocław,IT,18873,12,False,lead,2014
189,Bruno,Małocha,30,Lublin,Marketing,7121,0,False,junior,2024
190,Błażej,Syroka,61,Warszawa,IT,19993,0,False,lead,2023
191,Nataniel,Tyma,29,Warszawa,IT,8372,4,False,junior,2012
192,Krzysztof,Doliwa,29,Warszawa,Sales,9388,7,False,mid,2019
193,Andrzej,Nyk,49,Kraków,Finance,8850,0,False,mid,2021
194,Ryszard,Boruc,26,Katowice,Sales,13725,4,True,mid,2011
195,Monika,Goska,62,Kraków,IT,18912,24,False,lead,2017
196,Inga,Koćwin,64,Gdańsk,Marketing,6643,40,False,junior,2020
197,Emil,Cieciora,63,Łódź,Support,12446,11,False,senior,2014
198,Liwia,Lorenz,26,Warszawa,Operations,6292,3,False,junior,2019
199,Bianka,Długajczyk,54,Poznań,HR,16282,25,False,lead,2019
200,Paweł,Murat,44,Kraków,IT,15138,1,False,senior,2024
201,Łukasz,Dykas,46,Poznań,Sales,18926,10,False,lead,2018
202,Oliwier,Nickel,27,Wrocław,Support,8903,5,False,mid,2020
203,Dominik,Maras,28,Kraków,Finance,9182,0,False,mid,2024
204,Bianka,Trzcionka,44,Lublin,Finance,6624,14,False,junior,2011
205,Jeremi,Ziętal,26,Katowice,Marketing,8784,3,False,mid,2024
206,Nikodem,Krywult,24,Katowice,Finance,7823,0,False,junior,2011
207,Cyprian,Kopciuch,60,Rzeszów,Finance,10850,9,False,mid,2014
208,Błażej,Składanek,55,Łódź,IT,13262,23,True,mid,2025
209,Marika,Helak,55,Warszawa,Operations,16878,24,False,lead,2019
210,Mikołaj,Trybuś,53,Lublin,Finance,7323,12,False,junior,2012
211,Kaja,Grymuza,65,Łódź,Sales,10028,20,False,mid,2015
212,Jacek,Sych,62,Poznań,IT,14068,11,False,senior,2017
213,Jakub,Araszkiewicz,53,Gdańsk,Finance,9031,1,False,mid,2012
214,Adrian,Melaniuk,26,Łódź,Sales,10477,2,False,mid,2012
215,Błażej,Jarema,30,Wrocław,Marketing,10458,5,False,mid,2015
216,Sara,Zyzik,30,Lublin,Operations,9245,6,False,mid,2015
217,Marianna,Żugaj,32,Kraków,Support,16863,5,False,lead,2012
218,Mateusz,Pietrasz,38,Poznań,IT,11685,6,False,mid,2012
219,Igor,Hajder,54,Gdańsk,IT,11978,10,False,mid,2020
220,Krystian,Hnat,58,Warszawa,IT,15862,2,False,senior,2018
221,Piotr,Cofała,63,Wrocław,Sales,15034,13,False,senior,2019
222,Leonard,Tolak,63,Katowice,Marketing,8498,19,False,mid,2011
223,Bianka,Kramer,32,Wrocław,HR,8807,7,False,mid,2021
224,Kornelia,Szymańczyk,47,Poznań,IT,14001,4,False,senior,2018
225,Maciej,Kosiec,50,Warszawa,Support,6412,7,False,junior,2017
226,Dariusz,Łęgowik,32,Łódź,IT,19608,5,False,lead,2024
227,Maciej,Ostręga,53,Warszawa,Finance,9486,19,False,mid,2016
228,Maurycy,Mol,59,Kraków,Sales,7727,22,False,junior,2019
229,Witold,Pokusa,56,Wrocław,Operations,13651,0,False,senior,2021
230,Paweł,Materek,24,Gdańsk,Finance,7082,1,False,junior,2024
231,Melania,Wojczuk,57,Gdańsk,Sales,13196,17,False,senior,2022
232,Kalina,Schubert,45,Wrocław,IT,11144,10,False,mid,2011
233,Marcin,Ufnal,24,Kraków,Sales,8283,0,False,junior,2014
234,Miłosz,Potok,42,Wrocław,Sales,11231,19,False,mid,2020
235,Kajetan,Strządała,54,Łódź,HR,9008,32,False,mid,2020
236,Klara,Langa,65,Gdańsk,Operations,16109,7,False,lead,2025
237,Kajetan,Knych,38,Gdańsk,IT,15057,7,False,senior,2014
238,Józef,Derek,65,Rzeszów,IT,10784,15,True,junior,2023
239,Klara,Dziurdzia,31,Wrocław,Operations,8255,6,False,mid,2014
240,Witold,Sadura,55,Rzeszów,Sales,9509,13,False,mid,2024
241,Damian,Szpala,56,Łódź,Operations,9082,21,False,mid,2025
242,Dominik,Pietraś,34,Kraków,Support,5883,3,False,junior,2016
243,Piotr,Suchora,53,Gdańsk,Support,8878,20,False,mid,2013
244,Natasza,Miękus,58,Rzeszów,Operations,8599,34,False,mid,2019
245,Ksawery,Łudzik,24,Warszawa,Support,17662,1,False,lead,2016
246,Róża,Łepek,34,Gdańsk,HR,9903,8,True,junior,2017
247,Norbert,Kajstura,37,Poznań,Sales,13492,1,True,mid,2020
248,Olaf,Kustosz,52,Warszawa,Support,8346,3,False,mid,2023
249,Szymon,Czerkies,63,Warszawa,Support,7942,30,False,mid,2012
250,Eryk,Frelich,63,Katowice,Operations,8717,36,True,junior,2023
251,Kornel,Miszta,33,Wrocław,Sales,17985,0,False,lead,2011
252,Krzysztof,Nijak,22,Warszawa,Support,9925,0,False,mid,2025
253,Konstanty,Zmarzły,30,Warszawa,IT,11379,8,False,mid,2018
254,Apolonia,Fierek,33,Katowice,Sales,13518,0,False,senior,2022
255,Julita,Bogaczyk,49,Wrocław,IT,11455,16,False,mid,2020
256,Antoni,Sycz,37,Kraków,Marketing,6436,0,False,junior,2010
257,Robert,Ciemięga,38,Warszawa,IT,11160,11,False,mid,2019
258,Elżbieta,Żurawik,29,Warszawa,Support,9563,4,False,mid,2021
259,Piotr,Siekierka,48,Poznań,Sales,9694,22,False,mid,2017
260,Gaja,Sapeta,65,Warszawa,Finance,12819,38,False,senior,2013
261,Mieszko,Klus,25,Warszawa,HR,7976,1,False,mid,2016
262,Jędrzej,Walusiak,59,Poznań,Operations,7102,31,False,junior,2023
263,Apolonia,Reich,51,Wrocław,Operations,6621,18,False,junior,2018
264,Ernest,Kopik,22,Warszawa,HR,10746,0,True,mid,2012
265,Aurelia,Kunysz,52,Warszawa,IT,8221,1,False,junior,2021
266,Juliusz,Strojna,46,Białystok,Finance,14708,14,False,senior,2014
267,Justyna,Iwańczyk,63,Rzeszów,Finance,6412,22,False,junior,2010
268,Angelika,Dziugieł,23,Łódź,Finance,9440,1,False,mid,2017
269,Julita,Jaje,51,Warszawa,Operations,5131,11,False,junior,2023
270,Konrad,Litwinowicz,61,Warszawa,Sales,5999,1,False,junior,2017
271,Kornelia,Miśko,24,Poznań,Marketing,8773,1,False,mid,2019
272,Kornel,Markiel,36,Gdańsk,Sales,18113,13,False,lead,2017
273,Jędrzej,Nastały,41,Poznań,Finance,18780,4,False,lead,2015
274,Marcel,Słonka,62,Warszawa,HR,9061,27,False,mid,2020
275,Radosław,Krasa,48,Wrocław,Marketing,6123,13,False,junior,2019
276,Fabian,Pokusa,31,Gdańsk,Support,16249,7,False,lead,2022
277,Kalina,Szajda,37,Łódź,Support,5078,8,False,junior,2016
278,Olga,Duchnik,25,Gdańsk,IT,14906,2,True,mid,2016
279,Gustaw,Rębiś,52,Kraków,Support,15478,6,True,senior,2013
280,Hubert,Zimoląg,52,Gdańsk,IT,8761,29,False,junior,2020
281,Sandra,Byzdra,40,Łódź,HR,9536,12,False,mid,2024
282,Fryderyk,Nytko,28,Poznań,Operations,17518,6,False,lead,2020
283,Tymoteusz,Wnuczek,48,Warszawa,IT,11892,1,False,mid,2023
284,Nicole,Kij,40,Kraków,Sales,8055,4,False,junior,2020
285,Olga,Koronkiewicz,38,Gdańsk,Sales,18242,15,False,lead,2015
286,Jakub,Godzisz,30,Białystok,Sales,9040,8,False,mid,2011
287,Stefan,Mol,26,Wrocław,Operations,12618,0,False,senior,2010
288,Kornelia,Martyn,35,Warszawa,Sales,10779,8,False,mid,2025
289,Elżbieta,Fronczyk,23,Wrocław,IT,11694,0,False,mid,2019
290,Kazimierz,Bobko,23,Białystok,IT,17109,1,True,senior,2017
291,Sara,Basaj,34,Lublin,HR,9028,9,False,mid,2022
292,Bruno,Łusiak,51,Łódź,HR,4830,18,False,junior,2011
293,Lidia,Komperda,27,Poznań,IT,13201,3,True,mid,2012
294,Alan,Latko,53,Kraków,Support,9863,27,False,mid,2011
295,Karol,Kosno,36,Łódź,Sales,17104,3,False,lead,2018
296,Ida,Ligenza,56,Lublin,IT,7090,2,False,junior,2022
297,Józef,Deluga,26,Kraków,Operations,7214,2,False,junior,2020
298,Marek,Heczko,46,Katowice,Marketing,16616,24,True,senior,2011
299,Fabian,Zyguła,28,Warszawa,Sales,8239,3,False,junior,2022
300,Konrad,Chaber,42,Katowice,Finance,10765,0,False,mid,2022
301,Szymon,Pochopień,49,Łódź,IT,10509,5,False,mid,2012
302,Andrzej,Buchalik,27,Łódź,Sales,7097,2,False,junior,2021
303,Wojciech,Wacław,28,Kraków,Finance,6042,0,False,junior,2012
304,Urszula,Garbaciak,33,Poznań,Finance,12949,6,True,mid,2012
305,Aurelia,Wrześniak,60,Lublin,IT,13846,38,False,senior,2017
306,Ernest,Rajda,58,Wrocław,IT,8519,33,False,junior,2014
307,Blanka,Ćwierz,26,Wrocław,Sales,12830,1,True,mid,2017
308,Tymon,Bacia,62,Warszawa,IT,11120,31,False,mid,2020
309,Jan,Troka,61,Kraków,HR,13934,24,False,senior,2014
310,Dominik,Zmyślony,41,Łódź,Sales,10431,10,False,mid,2020
311,Kaja,Simon,40,Katowice,HR,17109,15,False,lead,2021
312,Kajetan,Gęca,29,Poznań,Marketing,10090,3,False,mid,2016
313,Eliza,Dłubak,50,Łódź,Operations,6675,25,False,junior,2025
314,Franciszek,Kozdrój,30,Łódź,Marketing,5502,4,False,junior,2024
315,Witold,Bystroń,60,Poznań,Support,9413,30,False,mid,2011
316,Marcel,Spadło,45,Poznań,Sales,16816,22,True,senior,2021
317,Łukasz,Hołysz,32,Gdańsk,Sales,10158,10,False,mid,2023
318,Marcelina,Hawrylak,28,Warszawa,Marketing,7556,0,False,junior,2017
319,Liwia,Waloch,50,Katowice,Sales,10212,11,False,mid,2010
320,Gaja,Sularz,52,Białystok,IT,7080,3,False,junior,2021
321,Sara,Wardziak,41,Warszawa,Sales,10594,10,False,mid,2024
322,Dorota,Prostak,42,Katowice,IT,9947,2,False,mid,2015
323,Krystyna,Krzan,37,Kraków,Finance,10159,5,False,mid,2015
324,Damian,Bałdys,33,Wrocław,Marketing,10041,10,False,mid,2023
325,Lidia,Chyb,46,Warszawa,Marketing,12456,0,False,senior,2013
326,Robert,Gregorczuk,56,Warszawa,IT,11504,11,False,mid,2020
327,Witold,Merda,60,Gdańsk,HR,8206,24,False,mid,2019
328,Jacek,Szajner,61,Warszawa,IT,7249,37,False,junior,2021
329,Angelika,Nowotka,31,Gdańsk,Sales,10793,8,False,mid,2015
330,Tadeusz,Parda,57,Warszawa,HR,7719,10,False,mid,2021
331,Monika,Choroś,22,Lublin,Support,6727,0,False,junior,2023
332,Stefan,Nowotnik,65,Lublin,Sales,11926,31,True,mid,2017
333,Jeremi,Filak,40,Poznań,IT,8528,1,False,junior,2013
334,Alex,Siwka,58,Poznań,Support,4870,7,False,junior,2024
335,Rozalia,Grzejszczak,56,Warszawa,Operations,17219,13,False,lead,2011
336,Sebastian,Dawidczyk,50,Lublin,Finance,9470,8,False,mid,2016
337,Jerzy,Noculak,59,Gdańsk,Finance,13346,22,False,senior,2016
338,Marcin,Stochaj,25,Gdańsk,IT,10698,2,False,mid,2019
339,Bruno,Kokosza,58,Poznań,Support,16255,17,False,lead,2023
340,Urszula,Wielgos,25,Warszawa,Operations,13319,2,False,senior,2017
341,Kornel,Swiątek,65,Gdańsk,HR,9351,25,False,mid,2012
342,Roksana,Bieszke,62,Katowice,Marketing,10062,5,False,mid,2025
343,Stanisław,Szczubełek,42,Katowice,Marketing,7077,18,False,junior,2021
344,Sandra,Rubacha,26,Rzeszów,Operations,9322,4,False,mid,2019
345,Janina,Juraszczyk,43,Gdańsk,Sales,8998,17,False,mid,2011
346,Michał,Błasik,28,Wrocław,IT,15307,5,False,senior,2024
347,Aurelia,Zapadka,22,Łódź,IT,7151,0,False,junior,2018
348,Malwina,Kucz,27,Warszawa,Marketing,8412,5,False,mid,2022
349,Maks,Owsianka,62,Katowice,Finance,15889,19,True,senior,2010
350,Tobiasz,Henke,35,Gdańsk,Sales,5833,7,False,junior,2020
351,Sandra,Lempart,29,Poznań,IT,12919,6,True,mid,2013
352,Inga,Potok,42,Warszawa,Operations,12545,11,False,senior,2014
353,Borys,Kenig,26,Gdańsk,IT,10372,4,False,mid,2014
354,Borys,Wakuła,48,Lublin,IT,13004,19,True,mid,2022
355,Justyna,Smykla,44,Warszawa,HR,12766,13,True,mid,2019
356,Antoni,Prażmo,23,Gdańsk,IT,6723,1,False,junior,2017
357,Natan,Pryszcz,53,Poznań,Sales,5849,24,False,junior,2021
358,Olga,Gadzina,42,Lublin,Finance,9207,4,False,mid,2025
359,Leon,Łokietek,26,Warszawa,IT,11130,0,False,mid,2019
360,Roksana,Szymańczyk,62,Wrocław,Finance,14702,32,False,senior,2014
361,Ewelina,Łuszczak,39,Poznań,IT,11697,2,False,mid,2020
362,Kamila,Huber,47,Lublin,Marketing,12991,18,True,mid,2017
363,Sylwia,Waraksa,25,Wrocław,Finance,6766,1,False,junior,2015
364,Szymon,Tlałka,29,Łódź,IT,15642,0,False,senior,2018
365,Marianna,Rduch,32,Katowice,HR,4620,5,False,junior,2020
366,Marcelina,Ulewicz,49,Kraków,Support,9732,8,False,mid,2024
367,Franciszek,Szykuła,54,Lublin,IT,6921,23,False,junior,2013
368,Fryderyk,Job,36,Warszawa,Operations,9932,11,False,mid,2021
369,Bruno,Gawliczek,46,Rzeszów,IT,8217,4,False,junior,2017
370,Arkadiusz,Ruchała,42,Łódź,HR,12027,7,True,mid,2013
371,Fryderyk,Batóg,54,Katowice,Support,4982,3,False,junior,2024
372,Sandra,Deryło,40,Poznań,IT,11809,9,False,mid,2019
373,Maksymilian,Gumienna,61,Gdańsk,Sales,9600,15,False,mid,2017
374,Kacper,Buk,31,Warszawa,Sales,16839,0,False,lead,2020
375,Rozalia,Solarek,22,Łódź,IT,14475,0,False,senior,2023
376,Nataniel,Wojtak,53,Warszawa,HR,19448,3,True,lead,2023
377,Krzysztof,Panasewicz,45,Warszawa,IT,19115,14,False,lead,2012
378,Maciej,Jakimiak,59,Łódź,IT,7790,36,False,junior,2022
379,Antoni,Kalarus,42,Kraków,Support,10094,10,False,mid,2013
380,Ksawery,Orawiec,31,Wrocław,Finance,6350,1,False,junior,2024
381,Michał,Milewczyk,41,Warszawa,IT,8971,14,False,junior,2011
382,Marcin,Kamieniarz,35,Warszawa,Marketing,13823,13,False,senior,2011
383,Hubert,Winnik,65,Rzeszów,IT,8352,19,False,junior,2017
384,Oliwier,Lampart,28,Katowice,IT,10410,3,True,junior,2014
385,Przemysław,Bobko,34,Gdańsk,Sales,9860,6,False,mid,2012
386,Juliusz,Łabaj,23,Łódź,Operations,9358,0,True,junior,2013
387,Leonard,Szczechowicz,24,Białystok,Finance,7532,1,False,junior,2010
388,Oliwier,Gabryszak,46,Kraków,Support,9526,21,False,mid,2014
389,Miłosz,Witoń,24,Kraków,HR,9755,2,False,mid,2025
390,Dominik,Ciesielka,25,Warszawa,IT,8653,0,False,junior,2017
391,Szymon,Otremba,62,Rzeszów,Operations,14230,34,False,senior,2025
392,Aurelia,Nytko,44,Wrocław,IT,10397,18,False,mid,2010
393,Albert,Pilich,39,Poznań,Finance,13453,1,False,senior,2015
394,Konrad,Karpiel,28,Kraków,Operations,8229,1,False,mid,2017
395,Tola,Maciejewicz,58,Lublin,Operations,10426,24,False,mid,2020
396,Andrzej,Dziedzina,44,Łódź,Support,7006,18,False,junior,2016
397,Emil,Nieradzik,53,Warszawa,IT,6581,19,False,junior,2025
398,Ignacy,Wyroślak,22,Warszawa,IT,18825,0,False,lead,2011
399,Sylwia,Bruś,23,Białystok,Operations,9494,0,False,mid,2012
400,Maciej,Stawowczyk,45,Wrocław,IT,18058,22,False,lead,2015
401,Ewelina,Skotarek,49,Poznań,HR,9801,25,False,mid,2021
402,Leonard,Fornalik,36,Warszawa,HR,8021,10,False,mid,2015
403,Dorota,Sołoducha,22,Katowice,Sales,14103,0,False,senior,2017
404,Cyprian,Kotala,62,Poznań,HR,8920,36,True,junior,2020
405,Sandra,Malka,32,Warszawa,Marketing,13575,10,False,senior,2024
406,Marika,Pindor,22,Łódź,Finance,5505,0,False,junior,2011
407,Kornelia,Kucab,46,Rzeszów,Operations,13551,14,False,senior,2021
408,Róża,Leoniak,56,Poznań,Operations,5923,24,False,junior,2015
409,Marcin,Mrotek,50,Warszawa,IT,13928,2,False,senior,2012
410,Kajetan,Jarmuła,43,Warszawa,IT,13881,5,False,senior,2020
411,Angelika,Polnik,60,Wrocław,Marketing,13978,30,False,senior,2015
412,Jeremi,Wąsala,25,Rzeszów,Finance,10712,0,False,mid,2018
413,Julita,Chaba,64,Warszawa,Finance,7510,18,False,junior,2014
414,Karina,Bobko,25,Warszawa,Operations,6967,2,False,junior,2016
415,Justyna,Windak,28,Gdańsk,Support,5173,0,False,junior,2019
416,Tola,Wałek,47,Łódź,IT,10257,15,False,mid,2021
417,Kazimierz,Jargiło,46,Warszawa,Finance,6600,11,False,junior,2011
418,Andrzej,Bela,31,Kraków,Sales,8215,1,False,junior,2017
419,Dawid,Kość,57,Lublin,Finance,14444,3,False,senior,2017
420,Aniela,Krefta,52,Białystok,Marketing,7316,9,False,junior,2014
421,Marcelina,Nieradko,29,Rzeszów,Support,5216,7,False,junior,2011
422,Fryderyk,Droździk,49,Wrocław,Support,18137,2,False,lead,2018
423,Antoni,Rajda,42,Gdańsk,Sales,7928,2,False,junior,2024
424,Arkadiusz,Ulewicz,22,Warszawa,Sales,6210,0,False,junior,2013
425,Ada,Hutnik,58,Lublin,Operations,13081,6,False,senior,2022
426,Maks,Rzeźniczek,63,Poznań,IT,11993,31,False,mid,2022
427,Robert,Jessa,24,Kraków,IT,14600,1,False,senior,2021
428,Konstanty,Bobik,23,Kraków,HR,11902,1,False,senior,2017
429,Gaja,Solich,30,Wrocław,Operations,17707,4,False,lead,2012
430,Jacek,Wiraszka,34,Lublin,Marketing,6731,7,False,junior,2011
431,Mateusz,Kocurek,54,Łódź,Finance,7647,10,False,junior,2010
432,Rafał,Juszczuk,33,Warszawa,IT,16707,3,True,senior,2021
433,Tadeusz,Prasek,34,Wrocław,Finance,8625,4,False,mid,2017
434,Kalina,Wołoszyk,45,Warszawa,Operations,9432,15,False,mid,2021
435,Dagmara,Makulec,32,Łódź,HR,12167,4,False,senior,2016
436,Tadeusz,Maciejewicz,36,Warszawa,Marketing,5236,10,False,junior,2025
437,Lidia,Bandyk,30,Warszawa,HR,8751,2,False,mid,2018
438,Marika,Brząkała,49,Wrocław,IT,15632,12,False,senior,2022
439,Kacper,Gruszczyk,59,Rzeszów,Support,6999,6,False,junior,2019
440,Gustaw,Wójcikiewicz,41,Kraków,HR,8634,3,False,mid,2018
441,Olga,Bednarowicz,63,Warszawa,Marketing,7657,41,False,junior,2022
442,Andrzej,Gonet,64,Łódź,Marketing,9262,20,False,mid,2023
443,Elżbieta,Żero,47,Gdańsk,Support,13105,12,False,senior,2017
444,Lidia,Guzdek,65,Poznań,Support,8929,34,False,mid,2015
445,Liwia,Jonak,64,Warszawa,IT,8789,35,False,junior,2015
446,Kaja,Karkocha,65,Kraków,IT,11222,21,False,mid,2020
447,Krystyna,Pabiś,45,Wrocław,IT,14890,8,True,mid,2012
448,Maks,Kułach,52,Warszawa,Marketing,6892,28,False,junior,2011
449,Agnieszka,Pielech,31,Kraków,Support,17574,2,False,lead,2014
450,Norbert,Gubernat,42,Poznań,Sales,13037,5,False,senior,2010
451,Jerzy,Pizoń,50,Katowice,Sales,6160,8,False,junior,2014
452,Eryk,Piotrowiak,61,Wrocław,Support,7854,27,False,mid,2016
453,Ignacy,Kawulok,45,Katowice,Sales,15816,0,True,senior,2017
454,Julita,Roda,36,Kraków,IT,14753,11,False,senior,2015
455,Daniel,Chomik,26,Kraków,Marketing,6583,0,False,junior,2023
456,Przemysław,Jargieło,65,Białystok,Finance,10152,8,False,mid,2010
457,Karina,Klimko,36,Warszawa,Marketing,12892,3,False,senior,2013
458,Julianna,Trojanowicz,45,Warszawa,Operations,10190,22,False,mid,2011
459,Anna Maria,Niksa,60,Łódź,IT,11207,3,False,mid,2024
460,Ryszard,Pietrek,46,Poznań,IT,9538,3,False,mid,2019
461,Eryk,Szambelan,48,Poznań,Sales,7515,21,False,junior,2013
462,Olaf,Zegar,54,Katowice,Sales,6877,7,False,junior,2016
463,Kajetan,Miętus,44,Warszawa,Sales,10768,22,False,mid,2020
464,Bartek,Cięciwa,37,Warszawa,IT,8523,0,False,junior,2014
465,Ewelina,Friedrich,27,Łódź,Support,6570,4,False,junior,2019
466,Jacek,Bulanda,38,Lublin,Operations,6475,14,False,junior,2020
467,Mikołaj,Jędrys,49,Lublin,Operations,8566,23,True,junior,2015
468,Aleks,Brachaczek,43,Rzeszów,HR,13026,11,False,senior,2020
469,Hubert,Bajko,33,Rzeszów,HR,9458,1,False,mid,2023
470,Marika,Jędrusiak,63,Łódź,IT,7152,10,False,junior,2013
471,Bartek,Panasiewicz,48,Gdańsk,Finance,9968,18,False,mid,2010
472,Ryszard,Noras,65,Poznań,Operations,8259,8,False,mid,2018
473,Malwina,Sulich,63,Lublin,Sales,8114,20,False,junior,2017
474,Cyprian,Szłapka,64,Łódź,Sales,9818,21,False,mid,2025
475,Mikołaj,Szałaj,44,Wrocław,Operations,8223,21,False,mid,2010
476,Malwina,Początek,63,Poznań,Sales,10813,10,False,mid,2020
477,Wiktor,Masłoń,37,Warszawa,IT,19151,10,False,lead,2017
478,Marika,Bródka,27,Gdańsk,IT,10794,3,False,mid,2013
479,Aurelia,Broszkiewicz,53,Wrocław,Sales,9172,1,True,junior,2019
480,Mikołaj,Miodek,54,Wrocław,HR,8413,13,False,mid,2024
481,Krystian,Pieczyrak,43,Gdańsk,Marketing,14053,17,False,senior,2013
482,Sylwia,Godzisz,28,Warszawa,Finance,9695,6,False,mid,2021
483,Karol,Krekora,28,Poznań,Operations,13676,0,False,senior,2013
484,Ignacy,Jachna,38,Białystok,Finance,6280,6,False,junior,2020
485,Urszula,Golczyk,28,Białystok,Operations,9845,6,False,mid,2024
486,Gaja,Bancerz,64,Warszawa,Sales,16998,37,False,lead,2023
487,Artur,Sztuba,59,Katowice,Support,16411,30,False,lead,2014
488,Angelika,Zapadka,28,Gdańsk,HR,9214,3,False,mid,2017
489,Aniela,Samulak,39,Rzeszów,Finance,18190,12,False,lead,2019
490,Radosław,Kuster,57,Białystok,Sales,13990,20,False,senior,2021
491,Julianna,Roszkiewicz,65,Łódź,Support,17020,8,False,lead,2013
492,Norbert,Nojman,44,Gdańsk,Marketing,10386,17,False,mid,2019
493,Stanisław,Różak,49,Warszawa,Finance,8731,25,True,junior,2016
494,Oskar,Husak,39,Łódź,IT,21708,5,True,lead,2016
495,Nikodem,Korgul,56,Wrocław,Sales,11101,2,False,mid,2017
496,Bruno,Dykas,63,Poznań,Operations,8192,35,False,mid,2022
497,Maksymilian,Szczerbiak,46,Rzeszów,HR,15553,13,False,lead,2018
498,Tadeusz,Romaniak,34,Lublin,Finance,14006,9,False,senior,2016
499,Bianka,Drabczyk,34,Rzeszów,IT,11604,4,False,mid,2013
500,Damian,Pietrasiak,46,Gdańsk,IT,10544,1,False,mid,2010
501,Kalina,Żelazo,43,Warszawa,IT,13708,14,False,senior,2019
502,Gaja,Moniuszko,53,Łódź,Sales,7932,22,False,junior,2012
503,Aleks,Witas,54,Poznań,IT,10373,10,False,mid,2020
504,Jerzy,Nowotny,43,Rzeszów,Sales,8099,11,False,junior,2010
505,Ryszard,Kuffel,29,Białystok,Sales,8963,5,False,mid,2020
506,Agnieszka,Łyczak,46,Poznań,HR,9035,3,False,mid,2024
507,Jerzy,Dykas,53,Łódź,HR,7893,2,True,junior,2015
508,Julianna,Stąpor,56,Warszawa,Marketing,6937,34,False,junior,2013
509,Konrad,Drewicz,35,Lublin,Marketing,12495,8,False,senior,2014
510,Oliwier,Staniczek,23,Warszawa,IT,14531,1,False,senior,2012
511,Artur,Sołoducha,58,Wrocław,Finance,17795,14,False,lead,2010
512,Krystian,Migała,46,Warszawa,Marketing,10598,21,True,junior,2011
513,Julian,Cabała,26,Warszawa,Operations,16354,2,False,lead,2019
514,Stanisław,Krzywonos,50,Łódź,Sales,9358,12,False,mid,2022
515,Norbert,Kastelik,56,Warszawa,Marketing,17728,18,False,lead,2010
516,Nicole,Kunert,57,Warszawa,Sales,8042,35,False,junior,2012
517,Monika,Kołton,41,Białystok,HR,13599,6,False,senior,2014
518,Roksana,Przeklasa,32,Lublin,IT,8823,2,False,junior,2011
519,Emil,Jaremek,57,Warszawa,Marketing,9008,29,False,mid,2025
520,Olga,Adamaszek,43,Łódź,IT,7292,11,False,junior,2020
521,Nela,Kieloch,53,Łódź,Marketing,10521,28,False,mid,2021
522,Anastazja,Mila,42,Kraków,Operations,6786,13,False,junior,2018
523,Maksymilian,Cieplucha,45,Kraków,Sales,10051,4,False,mid,2025
524,Maciej,Soczówka,57,Gdańsk,Operations,5573,6,False,junior,2016
525,Kornelia,Balcewicz,38,Białystok,Operations,14383,2,False,senior,2022
526,Kazimierz,Halik,59,Poznań,Sales,18733,13,False,lead,2014
527,Iwo,Siara,45,Katowice,Marketing,7103,12,False,junior,2012
528,Tomasz,Kosela,47,Łódź,Operations,8679,11,False,mid,2014
529,Aurelia,Miksza,50,Rzeszów,Marketing,7180,5,False,junior,2021
530,Michał,Dulemba,24,Kraków,HR,12346,0,False,senior,2021
531,Cezary,Wyskiel,46,Lublin,IT,17922,15,False,lead,2018
532,Maciej,Fuławka,38,Wrocław,Sales,9118,5,False,mid,2018
533,Tymoteusz,Graj,46,Kraków,Operations,9974,7,False,mid,2010
534,Eliza,Narożna,54,Kraków,Sales,9415,8,False,mid,2015
535,Sara,Batóg,32,Lublin,Marketing,9552,5,False,mid,2013
536,Grzegorz,Olas,52,Warszawa,IT,9591,21,False,mid,2017
537,Justyna,Krzysztoszek,24,Warszawa,Sales,14144,0,True,mid,2014
538,Marika,Łodyga,25,Warszawa,Support,7008,1,False,junior,2010
539,Natasza,Andrearczyk,64,Warszawa,Sales,18772,18,False,lead,2015
540,Kalina,Borkiewicz,36,Warszawa,Sales,10892,13,False,mid,2018
541,Kazimierz,Posłuszna,32,Wrocław,Sales,10378,10,False,mid,2014
542,Paweł,Tonder,28,Lublin,Sales,6412,0,False,junior,2013
543,Miłosz,Tytko,33,Gdańsk,Operations,16481,7,False,lead,2012
544,Klara,Doktor,52,Gdańsk,Operations,6767,21,False,junior,2023
545,Anastazja,Nowotny,45,Wrocław,Support,9261,1,False,mid,2021
546,Blanka,Dąbroś,59,Warszawa,Sales,6143,36,False,junior,2019
547,Krystyna,Pyda,60,Warszawa,Marketing,10567,34,False,mid,2013
548,Agnieszka,Kopij,55,Warszawa,Operations,8436,0,False,mid,2014
549,Jędrzej,Deryło,49,Kraków,Sales,9928,20,False,mid,2022
550,Kazimierz,Lindner,35,Gdańsk,IT,11481,6,False,mid,2018
551,Olga,Kosznik,41,Łódź,Marketing,8687,18,False,mid,2017
552,Ida,Ławniczek,50,Warszawa,IT,10886,25,False,mid,2011
553,Jakub,Szok,32,Warszawa,IT,19958,6,False,lead,2023
554,Rozalia,Szaruga,27,Wrocław,Sales,7441,0,False,junior,2019
555,Klara,Majdak,60,Lublin,Sales,17626,3,False,lead,2019
556,Rafał,Pietraszkiewicz,34,Poznań,Marketing,12347,0,False,senior,2021
557,Olgierd,Rochowiak,37,Warszawa,HR,17118,0,False,lead,2022
558,Sonia,Mętel,59,Katowice,IT,13665,12,True,mid,2021
559,Sara,Wiza,44,Rzeszów,Finance,5519,8,False,junior,2018
560,Mikołaj,Kopciuch,33,Gdańsk,Sales,9279,6,False,mid,2018
561,Cezary,Święs,56,Rzeszów,Sales,10191,16,False,mid,2024
562,Adrian,Nowrot,65,Lublin,Sales,14367,29,False,senior,2017
563,Monika,Wójs,65,Wrocław,Finance,13578,14,False,senior,2017
564,Ada,Bulczak,40,Katowice,HR,8231,2,False,mid,2025
565,Antoni,Stiller,42,Gdańsk,IT,7278,11,False,junior,2025
566,Tadeusz,Rysz,34,Lublin,IT,14522,3,False,senior,2021
567,Damian,Dziuban,31,Warszawa,Support,4727,1,False,junior,2011
568,Bianka,Kusyk,52,Poznań,Support,8825,11,False,mid,2025
569,Bianka,Drela,33,Warszawa,Sales,10533,8,True,junior,2025
570,Tomasz,Zyguła,56,Wrocław,Marketing,8693,2,False,mid,2024
571,Oliwier,Zbylut,42,Warszawa,Sales,6863,0,False,junior,2015
572,Ignacy,Słomiany,57,Poznań,Sales,7842,16,False,junior,2023
573,Marcin,Kobak,35,Wrocław,Operations,12736,6,False,senior,2014
574,Aleks,Peszko,58,Łódź,Operations,13560,14,False,senior,2016
575,Jeremi,Dubis,31,Warszawa,Finance,10617,2,False,mid,2020
576,Karina,Łuczyk,53,Lublin,IT,10169,19,True,junior,2011
577,Andrzej,Rajtar,35,Lublin,IT,7564,13,False,junior,2021
578,Bianka,Dzierżak,45,Katowice,HR,8938,17,False,mid,2016
579,Ernest,Ciuła,58,Poznań,Support,9031,36,False,mid,2025
580,Apolonia,Hak,50,Gdańsk,Finance,6186,28,False,junior,2020
581,Łukasz,Rajman,48,Wrocław,Support,12107,20,True,mid,2017
582,Krzysztof,Mazik,42,Łódź,Sales,10622,10,False,mid,2021
583,Urszula,Barłóg,59,Wrocław,IT,21461,33,True,lead,2018
584,Dorota,Giers,27,Warszawa,IT,8746,1,False,junior,2011
585,Jakub,Małyszek,23,Rzeszów,IT,9845,1,False,mid,2022
586,Radosław,Żal,41,Kraków,Sales,6498,7,False,junior,2010
587,Julianna,Ryznar,24,Białystok,Operations,10214,2,False,mid,2018
588,Marika,Jaracz,57,Rzeszów,Sales,7670,28,False,junior,2023
589,Krystian,Fras,55,Poznań,IT,21761,19,True,lead,2021
590,Julita,Poczta,48,Warszawa,Sales,6358,8,False,junior,2021
591,Mieszko,Kapustka,40,Łódź,Sales,10027,15,False,mid,2010
592,Bianka,Husak,49,Kraków,IT,8186,25,False,junior,2023
593,Inga,Wyderka,47,Katowice,Finance,6577,7,False,junior,2012
594,Agnieszka,Przewoźniak,49,Katowice,Support,5813,20,False,junior,2019
595,Rafał,Brachaczek,63,Wrocław,Operations,13186,34,False,senior,2013
596,Tadeusz,Mleczek,62,Kraków,Sales,8879,29,False,mid,2014
597,Ernest,Molak,25,Warszawa,HR,4533,0,False,junior,2017
598,Klara,Zdziech,27,Warszawa,Finance,7541,1,False,junior,2021
599,Alex,Szymała,51,Kraków,Operations,12229,22,False,senior,2018
600,Lidia,Kuciak,47,Warszawa,Operations,9562,2,False,mid,2010
601,Fryderyk,Chwalisz,29,Rzeszów,IT,10315,3,False,mid,2024
602,Krystian,Judek,28,Warszawa,Finance,9823,4,False,mid,2015
603,Piotr,Byra,62,Poznań,IT,14723,2,False,senior,2016
604,Nela,Szczap,45,Warszawa,IT,14829,1,False,senior,2010
605,Kornel,Kominiak,32,Wrocław,IT,11880,4,False,mid,2025
606,Oskar,Żymełka,60,Warszawa,IT,13886,9,True,mid,2011
607,Monika,Dziechciarz,25,Łódź,Operations,8953,2,False,mid,2020
608,Anna Maria,Krzykała,57,Wrocław,IT,14967,22,False,senior,2014
609,Bartek,Piechna,38,Wrocław,HR,8277,1,False,mid,2015
610,Julian,Wyroba,56,Poznań,Operations,10271,22,False,mid,2015
611,Marcin,Koj,26,Kraków,HR,4502,4,False,junior,2022
612,Natasza,Kilar,33,Wrocław,Sales,9059,0,False,mid,2022
613,Błażej,Gryga,34,Katowice,IT,11178,8,False,mid,2020
614,Ewa,Foremniak,29,Warszawa,Operations,8128,1,False,mid,2016
615,Maksymilian,Jargiło,28,Warszawa,Sales,7806,3,False,junior,2018
616,Kornel,Sorbian,25,Łódź,IT,8512,2,False,junior,2012
617,Ewelina,Cukier,51,Wrocław,Marketing,9711,25,False,mid,2011
618,Alex,Chojna,61,Katowice,Operations,11884,17,True,mid,2013
619,Ada,Kretowicz,28,Wrocław,IT,8834,5,False,junior,2015
620,Rozalia,Kochanowicz,57,Warszawa,Sales,10678,35,False,mid,2023
621,Krzysztof,Kiljan,28,Poznań,Sales,14986,1,False,senior,2024
622,Stefan,Sadza,44,Rzeszów,Operations,9763,10,False,mid,2020
623,Tomasz,Witko,60,Warszawa,Marketing,9240,15,False,mid,2021
624,Oskar,Parkitna,50,Warszawa,IT,17566,14,False,lead,2014
625,Oskar,Leśny,41,Warszawa,Operations,12130,0,True,mid,2014
626,Leon,Tadla,28,Warszawa,HR,8523,0,False,mid,2017
627,Radosław,Kozaczuk,38,Wrocław,Support,6029,9,False,junior,2025
628,Aleksander,Golenia,33,Łódź,Sales,15238,7,False,senior,2019
629,Adam,Zapaśnik,24,Wrocław,Operations,13369,2,False,senior,2021
630,Maurycy,Zadora,49,Warszawa,Operations,18467,13,False,lead,2010
631,Kornelia,Kujawiak,62,Kraków,IT,10112,40,False,mid,2020
632,Andrzej,Materka,54,Łódź,Support,7137,14,False,junior,2012
633,Klara,Matwiejczyk,36,Wrocław,IT,11840,6,True,junior,2011
634,Grzegorz,Hrynkiewicz,57,Wrocław,Finance,6052,25,False,junior,2025
635,Tymoteusz,Drozdowicz,57,Łódź,IT,11647,12,False,mid,2017
636,Fryderyk,Boryczko,37,Wrocław,Marketing,5660,2,False,junior,2023
637,Tadeusz,Wochna,49,Kraków,Sales,13048,11,True,mid,2015
638,Janina,Widuch,44,Katowice,Sales,13756,19,False,senior,2016
639,Jerzy,Bazyluk,65,Łódź,IT,7495,23,False,junior,2014
640,Juliusz,Brzeźniak,40,Katowice,HR,8859,0,False,mid,2016
641,Juliusz,Pokusa,56,Poznań,HR,5078,13,False,junior,2010
642,Mateusz,Ostręga,46,Poznań,HR,19322,18,True,lead,2018
643,Roksana,Puła,25,Warszawa,Finance,9975,3,False,mid,2013
644,Inga,Tylka,23,Łódź,IT,13907,1,False,senior,2020
645,Wojciech,Gogol,53,Poznań,Finance,5588,5,False,junior,2011
646,Mieszko,Kulon,37,Wrocław,IT,10941,9,False,mid,2021
647,Radosław,Luberda,62,Rzeszów,Sales,6855,19,False,junior,2022
648,Kaja,Pacholczak,23,Kraków,Finance,7065,1,False,junior,2017
649,Iwo,Krzykała,48,Wrocław,HR,9339,7,False,mid,2014
650,Emil,Sajewicz,35,Poznań,Operations,6265,10,False,junior,2014
651,Ernest,Henke,49,Białystok,Support,6982,24,False,junior,2013
652,Karina,Łój,33,Warszawa,IT,15195,5,False,senior,2023
653,Marek,Baumgart,41,Lublin,Sales,13422,14,False,senior,2016
654,Anita,Moj,28,Katowice,Sales,8122,1,False,junior,2017
655,Aurelia,Golan,60,Warszawa,IT,7049,14,False,junior,2025
656,Gustaw,Linek,63,Wrocław,Sales,6726,23,False,junior,2011
657,Ewa,Parda,48,Białystok,Support,16530,24,False,lead,2016
658,Mateusz,Matwiejczyk,26,Rzeszów,Operations,17330,1,False,lead,2024
659,Franciszek,Golczyk,37,Warszawa,Marketing,9481,13,False,mid,2022
660,Sonia,Mazepa,61,Poznań,Operations,10132,36,False,mid,2013
661,Stefan,Sztuba,50,Warszawa,Support,13320,14,False,senior,2011
662,Olaf,Błażejak,57,Gdańsk,IT,11130,24,False,mid,2019
663,Maks,Rup,40,Kraków,Support,5282,14,False,junior,2024
664,Rafał,Namysł,63,Poznań,IT,8738,28,False,junior,2014
665,Iwo,Gebauer,47,Warszawa,Finance,9327,13,False,mid,2024
666,Sebastian,Piksa,27,Łódź,Marketing,8706,2,False,mid,2012
667,Patryk,Stein,29,Warszawa,Marketing,10295,7,False,mid,2015
668,Maciej,Fiołka,46,Katowice,Support,8314,17,False,mid,2015
669,Monika,Kuciel,31,Warszawa,HR,13327,2,False,senior,2019
670,Elżbieta,Fojt,62,Warszawa,IT,7536,11,False,junior,2010
671,Adrian,Woszczyna,51,Poznań,IT,14474,15,False,senior,2016
672,Gustaw,Słyk,59,Wrocław,Sales,14041,30,True,mid,2018
673,Urszula,Chlebek,61,Warszawa,IT,17929,35,True,senior,2011
674,Ksawery,Tyka,31,Lublin,HR,7700,0,False,mid,2013
675,Rozalia,Westfal,48,Kraków,Marketing,7544,5,False,junior,2015
676,Dariusz,Osman,51,Białystok,IT,11009,23,False,mid,2022
677,Nela,Wiesiołek,26,Warszawa,Sales,13924,3,False,senior,2020
678,Leon,Linka,55,Łódź,Sales,13966,26,True,mid,2012
679,Karina,Dziugieł,52,Białystok,Support,10193,23,False,mid,2020
680,Gustaw,Gąszczak,38,Gdańsk,Support,9733,16,False,mid,2025
681,Natan,Bochnia,53,Kraków,HR,11984,11,False,senior,2010
682,Oliwier,Fidura,51,Katowice,IT,15198,20,False,senior,2023
683,Igor,Pachołek,24,Katowice,IT,10653,1,False,mid,2018
684,Artur,Kuster,26,Poznań,Marketing,12565,2,True,mid,2020
685,Ewa,Prystupa,47,Rzeszów,Operations,9384,23,False,mid,2025
686,Dagmara,Zaraś,52,Warszawa,IT,8699,25,False,junior,2020
687,Tomasz,Bancerz,51,Białystok,IT,15814,25,False,senior,2020
688,Ewa,Romańczyk,57,Gdańsk,HR,5948,34,False,junior,2012
689,Błażej,Heinrich,31,Kraków,Finance,13179,4,False,senior,2022
690,Marcel,Gawliczek,33,Katowice,HR,4629,9,False,junior,2018
691,Leonard,Heczko,48,Kraków,Finance,9385,2,False,mid,2019
692,Błażej,Prokopiak,33,Warszawa,IT,14572,1,True,mid,2010
693,Fryderyk,Malka,52,Warszawa,Support,9844,28,False,mid,2019
694,Mariusz,Ostasz,42,Warszawa,Support,12243,4,False,senior,2016
695,Jerzy,Szumny,24,Lublin,IT,9680,1,False,mid,2012
696,Szymon,Cebulak,43,Warszawa,Marketing,12292,14,False,senior,2019
697,Melania,Skubis,62,Warszawa,HR,9306,13,False,mid,2013
698,Borys,Sołoducha,39,Warszawa,Support,5119,4,False,junior,2016
699,Wiktor,Kasiak,56,Kraków,Support,10051,22,False,mid,2017
700,Marcelina,Sornat,32,Białystok,Sales,11918,1,True,mid,2025
701,Emil,Januszewicz,65,Warszawa,Finance,7941,3,False,junior,2024
702,Kalina,Hermann,61,Lublin,Marketing,10385,22,False,mid,2012
703,Sebastian,Denkiewicz,51,Lublin,Support,6566,18,False,junior,2019
704,Piotr,Bukowiec,65,Wrocław,IT,14556,41,False,senior,2021
705,Anastazja,Fulara,47,Łódź,Operations,9856,5,False,mid,2025
706,Patryk,Kiljan,23,Kraków,Finance,9927,0,False,mid,2014
707,Julita,Rduch,54,Łódź,IT,9790,6,False,mid,2019
708,Tobiasz,Chalimoniuk,56,Wrocław,Sales,10775,29,False,mid,2022
709,Leonard,Bernard,26,Łódź,Finance,7823,2,False,junior,2020
710,Rozalia,Kudela,56,Łódź,Marketing,7193,15,False,junior,2013
711,Julianna,Maras,59,Warszawa,Finance,10162,29,False,mid,2012
712,Marcin,Kozieja,60,Gdańsk,Operations,8251,6,False,mid,2012
713,Urszula,Rompa,35,Gdańsk,Marketing,5800,13,False,junior,2014
714,Oskar,Jażdżyk,50,Gdańsk,Finance,6796,17,False,junior,2019
715,Marika,Wnuczek,58,Białystok,Marketing,16565,19,False,lead,2010
716,Kalina,Marchlewicz,61,Warszawa,HR,9748,32,False,mid,2011
717,Filip,Pacholczak,22,Kraków,IT,8917,0,False,junior,2022
718,Leonard,Szarejko,62,Wrocław,Finance,13210,20,False,senior,2025
719,Sara,Folga,30,Lublin,Finance,9681,3,False,mid,2014
720,Marek,Nesterowicz,30,Warszawa,Marketing,6988,0,False,junior,2014
721,Olgierd,Teper,27,Wrocław,Finance,10975,1,False,mid,2023
722,Leonard,Staniczek,61,Wrocław,Operations,8924,11,False,mid,2015
723,Maurycy,Juśkiewicz,49,Poznań,Marketing,6302,19,False,junior,2023
724,Ewa,Wajdzik,56,Warszawa,Sales,8176,23,False,junior,2025
725,Rafał,Samoraj,27,Poznań,Operations,13144,1,False,senior,2024
726,Agnieszka,Oleksiewicz,55,Gdańsk,IT,9819,5,False,mid,2019
727,Bruno,Soczewka,61,Poznań,IT,19421,3,False,lead,2020
728,Gaja,Szkoda,48,Katowice,HR,20947,11,True,lead,2019
729,Franciszek,Ziarno,58,Poznań,IT,10695,16,True,junior,2010
730,Józef,Pabis,40,Poznań,Operations,5542,15,False,junior,2018
731,Hubert,Wołodźko,39,Warszawa,IT,7119,8,False,junior,2024
732,Sylwia,Hendzel,45,Łódź,Sales,5935,5,False,junior,2020
733,Krzysztof,Dąbkiewicz,27,Lublin,Operations,9691,1,False,mid,2022
734,Bianka,Magier,37,Warszawa,Sales,13022,14,False,senior,2018
735,Julianna,Lesner,29,Wrocław,HR,6681,0,False,junior,2017
736,Jerzy,Kazimierczyk,46,Poznań,IT,13548,21,False,senior,2019
737,Tymon,Małysiak,50,Rzeszów,Marketing,13376,12,True,mid,2021
738,Gaja,Minkiewicz,49,Lublin,HR,15902,19,False,lead,2018
739,Jacek,Suchora,63,Katowice,Marketing,10611,37,False,mid,2016
740,Tymon,Zatoń,55,Rzeszów,HR,10534,21,True,mid,2012
741,Rozalia,Roczniak,22,Warszawa,Finance,6660,0,False,junior,2018
742,Tymoteusz,Malesza,34,Warszawa,Support,5588,0,False,junior,2013
743,Szymon,Dyś,29,Warszawa,Marketing,14518,1,False,senior,2015
744,Bartek,Budzyń,29,Poznań,Support,5832,2,False,junior,2023
745,Marek,Myk,64,Katowice,HR,9091,20,True,junior,2020
746,Kazimierz,Paśnik,25,Kraków,Finance,17321,2,False,lead,2022
747,Tymoteusz,Bobrowicz,33,Warszawa,Marketing,8635,10,False,mid,2024
748,Mikołaj,Cyganik,38,Warszawa,Marketing,5276,3,False,junior,2025
749,Sandra,Hankiewicz,31,Łódź,HR,17102,0,False,lead,2010
750,Oliwier,Pasieczna,54,Wrocław,Marketing,8487,31,False,mid,2017
751,Wiktor,Teodorowicz,22,Lublin,Sales,18270,0,False,lead,2020
752,Adrianna,Częścik,65,Gdańsk,Support,12889,19,True,mid,2020
753,Olgierd,Korab,27,Kraków,IT,15073,3,False,senior,2016
754,Tola,Kandzia,41,Gdańsk,Finance,17293,12,True,senior,2016
755,Aniela,Makoś,30,Łódź,Sales,6058,0,False,junior,2019
756,Borys,Grzelec,53,Warszawa,HR,15675,28,False,lead,2022
757,Aleksander,Białasik,29,Łódź,Finance,14697,3,False,senior,2014
758,Angelika,Posłuszny,59,Warszawa,IT,19430,14,False,lead,2011
759,Róża,Apostel,37,Gdańsk,Support,5098,4,False,junior,2024
760,Antoni,Surdyk,61,Warszawa,Operations,17437,10,True,senior,2017
761,Malwina,Jachimczak,26,Lublin,Support,9028,1,False,mid,2013
762,Blanka,Rejmer,65,Kraków,Support,7886,36,False,mid,2015
763,Dominik,Glenc,43,Warszawa,Finance,7766,2,False,junior,2015
764,Sara,Gowin,50,Warszawa,IT,19040,7,False,lead,2015
765,Maksymilian,Macek,23,Warszawa,Support,7131,1,False,junior,2019
766,Tymon,Stanisławek,48,Katowice,Marketing,13309,22,False,senior,2024
767,Hubert,Latek,48,Gdańsk,IT,19547,7,False,lead,2012
768,Janina,Elert,62,Warszawa,IT,14671,19,True,mid,2013
769,Arkadiusz,Kasak,61,Rzeszów,Sales,13652,23,False,senior,2018
770,Gaja,Potaczek,25,Warszawa,Operations,7037,1,False,junior,2015
771,Gustaw,Chalimoniuk,32,Warszawa,Finance,17529,10,False,lead,2020
772,Dorota,Świerad,61,Katowice,Support,4819,29,False,junior,2025
773,Kornelia,Teper,54,Kraków,Finance,7216,7,False,junior,2016
774,Oliwier,Piotrkowicz,65,Warszawa,IT,8189,20,False,junior,2016
775,Bianka,Jakubiuk,46,Gdańsk,IT,7385,7,False,junior,2024
776,Przemysław,Jas,33,Wrocław,IT,10604,6,False,mid,2016
777,Aniela,Staręga,43,Gdańsk,HR,9406,4,True,junior,2024
778,Olaf,Rzeszut,48,Warszawa,HR,12196,5,False,senior,2017
779,Natan,Broniarek,27,Poznań,Support,13595,3,False,senior,2018
780,Agnieszka,Bełz,22,Kraków,HR,13923,0,False,senior,2014
781,Urszula,Lelonek,58,Warszawa,Support,9765,0,False,mid,2011
782,Patryk,Bojczuk,49,Katowice,Marketing,13228,16,True,mid,2017
783,Marianna,Bojczuk,27,Łódź,Finance,13968,4,False,senior,2019
784,Juliusz,Maszczyk,37,Łódź,IT,8836,2,False,junior,2010
785,Marcin,Jaje,51,Lublin,Finance,14017,14,False,senior,2024
786,Lidia,Samul,62,Warszawa,Operations,12133,0,False,senior,2019
787,Tomasz,Stwora,49,Rzeszów,Sales,6131,24,False,junior,2020
788,Karol,Gruszczyk,25,Warszawa,Finance,13997,2,False,senior,2021
789,Kornelia,Grzech,33,Warszawa,Marketing,9571,10,False,mid,2017
790,Mariusz,Kolek,56,Katowice,Marketing,9059,7,False,mid,2017
791,Adrian,Roch,42,Poznań,Finance,17027,11,True,senior,2021
792,Stanisław,Smagała,50,Lublin,Sales,10982,15,False,mid,2019
793,Melania,Mordal,50,Łódź,Marketing,8468,19,False,mid,2016
794,Kornel,Posłuszna,51,Białystok,HR,4947,2,False,junior,2015
795,Marcel,Ryszkiewicz,39,Poznań,Operations,8092,3,False,mid,2019
796,Maks,Czerniakiewicz,48,Warszawa,HR,7587,21,False,mid,2019
797,Kaja,Drej,34,Katowice,Operations,6375,1,False,junior,2023
798,Mikołaj,Puła,59,Katowice,Sales,10971,21,False,mid,2024
799,Fabian,Szyguła,51,Białystok,HR,8428,9,False,mid,2025
800,Paweł,Mijas,45,Warszawa,Finance,13181,9,False,senior,2015
801,Dorota,Piegza,56,Warszawa,Marketing,5828,18,False,junior,2015
802,Marcin,Styn,37,Kraków,IT,7255,3,False,junior,2016
803,Karina,Wojtak,57,Rzeszów,IT,10165,2,False,mid,2019
804,Dominik,Janisz,29,Poznań,IT,10811,0,False,mid,2014
805,Dagmara,Zmuda,22,Kraków,Operations,10349,0,False,mid,2014
806,Oliwier,Irla,58,Warszawa,Sales,14056,28,True,mid,2013
807,Konstanty,Panasiewicz,41,Lublin,Finance,11725,0,True,mid,2016
808,Artur,Zawartka,59,Białystok,HR,9705,33,True,junior,2024
809,Marianna,Szylar,65,Rzeszów,Finance,18970,42,False,lead,2011
810,Melania,Biesaga,64,Łódź,Finance,8549,23,False,mid,2019
811,Dagmara,Kwasek,44,Wrocław,Sales,10619,11,False,mid,2023
812,Cezary,Kozaczuk,50,Łódź,Operations,6696,9,False,junior,2014
813,Grzegorz,Leszczuk,59,Kraków,Support,6073,5,False,junior,2012
814,Fabian,Boba,59,Wrocław,Support,6976,24,False,junior,2024
815,Nataniel,Cichowlas,58,Lublin,HR,5736,8,False,junior,2019
816,Grzegorz,Kominiak,53,Katowice,IT,8435,29,False,junior,2013
817,Julian,Matejuk,63,Poznań,Marketing,8688,18,False,mid,2018
818,Blanka,Osiadacz,53,Wrocław,Sales,9856,4,False,mid,2025
819,Julian,Bawoł,29,Gdańsk,Operations,8239,5,False,mid,2014
820,Antoni,Oleksiewicz,42,Warszawa,IT,15218,14,False,senior,2021
821,Liwia,Wacławczyk,25,Gdańsk,IT,7250,2,False,junior,2013
822,Albert,Getka,60,Lublin,Operations,9233,10,False,mid,2018
823,Agnieszka,Gogola,65,Gdańsk,Operations,10122,23,True,junior,2019
824,Damian,Lipowicz,45,Białystok,IT,11561,15,False,mid,2017
825,Fabian,Calik,34,Gdańsk,Operations,14179,12,False,senior,2013
826,Arkadiusz,Parzonka,48,Warszawa,IT,21926,14,True,lead,2019
827,Nicole,Wlazły,45,Białystok,Sales,14201,4,False,senior,2015
828,Karol,Garczyk,41,Warszawa,IT,14428,0,False,senior,2019
829,Mikołaj,Sulik,30,Warszawa,Marketing,5518,3,False,junior,2010
830,Damian,Dynak,52,Warszawa,IT,11929,24,False,mid,2011
831,Franciszek,Ochab,52,Warszawa,HR,18895,3,True,lead,2013
832,Maksymilian,Białk,60,Warszawa,Marketing,11796,13,True,mid,2018
833,Sara,Maligłówka,59,Lublin,Operations,10068,22,False,mid,2012
834,Kaja,Smykla,28,Warszawa,IT,10654,6,False,mid,2015
835,Sara,Krężołek,56,Warszawa,IT,19444,0,False,lead,2021
836,Jeremi,Ochnik,59,Rzeszów,IT,11054,11,False,mid,2023
837,Ida,Brzykcy,35,Warszawa,Support,5151,8,False,junior,2014
838,Mieszko,Kałwak,53,Gdańsk,IT,13973,23,False,senior,2022
839,Kamil,Latacz,40,Kraków,Support,9968,14,False,mid,2023
840,Tola,Łyczek,40,Warszawa,Operations,6505,13,False,junior,2015
841,Anna Maria,Małż,22,Wrocław,Sales,9288,0,False,mid,2014
842,Norbert,Bulanda,47,Rzeszów,Marketing,8891,12,False,mid,2012
843,Borys,Drobik,45,Gdańsk,Support,9439,6,False,mid,2025
844,Adam,Opoka,39,Katowice,Support,14170,8,False,senior,2022
845,Gabriel,Bok,53,Wrocław,IT,7445,17,False,junior,2014
846,Bruno,Biesaga,23,Lublin,Sales,16533,0,True,senior,2022
847,Sebastian,Melcer,60,Gdańsk,IT,11629,20,True,junior,2025
848,Juliusz,Bartoś,51,Poznań,Sales,8014,6,False,junior,2010
849,Arkadiusz,Engler,24,Warszawa,Finance,14312,1,False,senior,2024
850,Jan,Klęczar,24,Łódź,Operations,5672,0,False,junior,2025
851,Kornelia,Chlebek,49,Wrocław,Marketing,10209,4,False,mid,2025
852,Adrian,Ciećko,52,Poznań,Finance,14047,17,False,senior,2021
853,Ewelina,Imiołczyk,40,Gdańsk,IT,8891,10,False,junior,2010
854,Olaf,Męcik,62,Wrocław,Support,7931,21,False,mid,2017
855,Melania,Krzystek,37,Gdańsk,Support,11948,7,True,mid,2013
856,Maks,Armatys,43,Kraków,Finance,7826,5,False,junior,2023
857,Ewa,Kuśmider,39,Gdańsk,Support,9298,0,False,mid,2020
858,Maciej,Zaniewicz,58,Warszawa,Marketing,14259,6,False,senior,2020
859,Kacper,Bojarczuk,32,Rzeszów,IT,6808,9,False,junior,2016
860,Igor,Klisz,40,Rzeszów,Finance,5876,8,False,junior,2013
861,Jędrzej,Buszko,59,Gdańsk,Sales,7222,21,False,junior,2012
862,Marianna,Witka,63,Kraków,Marketing,9897,19,False,mid,2022
863,Olga,Sromek,38,Katowice,IT,14614,16,True,mid,2015
864,Urszula,Bartoś,58,Rzeszów,Marketing,7382,31,False,junior,2023
865,Oliwier,Polasik,58,Wrocław,IT,10729,3,False,mid,2023
866,Michał,Wudarczyk,48,Białystok,Sales,13893,10,False,senior,2019
867,Alan,Hołysz,63,Gdańsk,Finance,9286,10,True,junior,2010
868,Róża,Paczos,37,Gdańsk,Finance,8651,9,False,mid,2016
869,Olgierd,Kopij,32,Kraków,Operations,5720,4,False,junior,2011
870,Justyna,Usarek,53,Białystok,HR,4760,1,False,junior,2023
871,Dominik,Ruszel,45,Warszawa,Support,8275,21,False,mid,2017
872,Justyna,Kuczak,29,Lublin,Support,8731,1,False,mid,2025
873,Blanka,Koziarz,27,Katowice,HR,9097,1,False,mid,2017
874,Maksymilian,Tylman,49,Warszawa,Support,5741,6,False,junior,2011
875,Fabian,Pasieczna,53,Warszawa,Sales,9809,23,False,mid,2018
876,Natan,Wójcikiewicz,31,Wrocław,HR,9981,5,False,mid,2011
877,Józef,Citko,64,Katowice,IT,10766,3,False,mid,2021
878,Alan,Jarczyk,65,Kraków,Finance,13109,7,True,mid,2018
879,Apolonia,Gmurczyk,41,Katowice,HR,16156,2,False,lead,2024
880,Oliwier,Potaczek,62,Katowice,Finance,15828,20,True,senior,2025
881,Apolonia,Lemieszek,52,Lublin,Marketing,8611,23,False,mid,2015
882,Nataniel,Zmarzły,38,Wrocław,Marketing,6538,16,False,junior,2024
883,Tymon,Księżak,23,Warszawa,Finance,8512,0,False,mid,2022
884,Paweł,Rurarz,34,Gdańsk,IT,10032,10,False,mid,2023
885,Juliusz,Kopczyk,42,Katowice,HR,8841,14,False,mid,2019
886,Tymoteusz,Plona,34,Warszawa,Operations,10336,1,False,mid,2017
887,Marcin,Trojanowicz,23,Łódź,Sales,18694,0,False,lead,2016
888,Igor,Wojtalik,38,Gdańsk,Sales,7307,5,False,junior,2015
889,Anastazja,Musiolik,58,Poznań,Operations,7024,7,False,junior,2013
890,Sylwia,Wiza,36,Rzeszów,Operations,7024,11,False,junior,2022
891,Elżbieta,Śliż,30,Gdańsk,Support,12475,6,False,senior,2023
892,Sylwia,Czuryło,33,Warszawa,Support,13547,6,False,senior,2017
893,Kazimierz,Rajman,45,Wrocław,IT,10824,18,False,mid,2022
894,Jędrzej,Barteczko,65,Łódź,Marketing,12590,13,False,senior,2011
895,Monika,Gajdzik,25,Poznań,Finance,18950,2,False,lead,2011
896,Natasza,Basaj,22,Wrocław,Support,8241,0,False,mid,2011
897,Emil,Wyroślak,59,Poznań,Support,5240,11,False,junior,2012
898,Jacek,Kosowicz,42,Kraków,HR,9544,16,False,mid,2018
899,Adam,Szalast,45,Lublin,Sales,6880,13,False,junior,2020
900,Dorota,Bródka,49,Rzeszów,Marketing,10002,5,False,mid,2011
901,Fabian,Tołoczko,34,Warszawa,Sales,7713,2,False,junior,2023
902,Aniela,Wdowczyk,29,Wrocław,Marketing,7219,7,False,junior,2013
903,Adam,Bany,31,Warszawa,HR,9583,1,False,mid,2018
904,Stefan,Fiedorczuk,58,Rzeszów,Sales,10505,13,False,mid,2012
905,Tomasz,Grzelec,37,Lublin,IT,9999,15,False,mid,2022
906,Gaja,Krystkowiak,45,Warszawa,HR,20385,18,True,lead,2025
907,Ernest,Bociek,51,Gdańsk,IT,19355,20,False,lead,2020
908,Elżbieta,Rębiś,58,Warszawa,Sales,6027,8,False,junior,2012
909,Maciej,Mirończuk,57,Kraków,IT,8133,24,False,junior,2012
910,Anita,Ładniak,23,Katowice,HR,5131,0,False,junior,2013
911,Rafał,Glonek,41,Katowice,Support,14171,15,False,senior,2014
912,Lidia,Dawiec,44,Wrocław,IT,8089,21,False,junior,2025
913,Krystian,Łukowicz,39,Wrocław,Finance,7244,13,False,junior,2012
914,Aniela,Małota,24,Wrocław,IT,10135,2,False,mid,2025
915,Cyprian,Żelasko,55,Poznań,IT,7730,33,False,junior,2014
916,Karol,Jonik,30,Poznań,HR,14813,4,True,senior,2011
917,Tymoteusz,Rejniak,54,Wrocław,Finance,9537,6,False,mid,2021
918,Witold,Karwala,38,Warszawa,Marketing,12946,2,False,senior,2022
919,Monika,Sabała,24,Łódź,HR,9342,0,False,mid,2018
920,Anna Maria,Zinkiewicz,43,Warszawa,Support,5135,5,False,junior,2023
921,Damian,Nagel,56,Warszawa,IT,8159,1,False,junior,2025
922,Mariusz,Małyszek,41,Gdańsk,Marketing,13817,19,False,senior,2019
923,Tobiasz,Semik,27,Warszawa,Operations,5770,1,False,junior,2010
924,Natan,Bochnak,35,Łódź,Finance,10706,7,False,mid,2016
925,Mikołaj,Imiela,27,Warszawa,Finance,16124,2,True,senior,2024
926,Józef,Stanisławek,53,Wrocław,IT,8104,30,False,junior,2011
927,Kornel,Klamka,43,Lublin,Finance,7530,0,False,junior,2019
928,Dagmara,Franaszek,24,Poznań,Marketing,10198,1,False,mid,2017
929,Ernest,Gogół,25,Kraków,IT,11208,0,False,mid,2025
930,Iwo,Indyka,29,Łódź,Finance,9160,7,False,mid,2019
931,Krystian,Borkiewicz,34,Kraków,IT,10889,7,False,mid,2024
932,Maksymilian,Sypuła,30,Wrocław,Finance,13975,4,False,senior,2025
933,Julian,Łepek,32,Łódź,IT,7209,9,False,junior,2016
934,Fabian,Bacia,32,Katowice,Support,8661,9,False,mid,2016
935,Kamila,Banachowicz,57,Wrocław,HR,16215,3,False,lead,2011
936,Gaja,Białach,26,Gdańsk,IT,10556,2,False,mid,2020
937,Karol,Laszczyk,44,Gdańsk,Operations,14111,1,False,senior,2013
938,Melania,Miękina,25,Rzeszów,Marketing,14700,3,False,senior,2013
939,Kornel,Dywan,57,Warszawa,IT,10981,2,False,mid,2015
940,Hubert,Posłuszna,40,Poznań,Operations,13489,14,False,senior,2020
941,Anna Maria,Deluga,30,Wrocław,Finance,13504,1,False,senior,2025
942,Kaja,Doruch,43,Warszawa,Finance,9977,9,False,mid,2017
943,Olgierd,Gniewek,31,Kraków,Operations,9676,8,False,mid,2024
944,Olgierd,Fiołka,55,Wrocław,Operations,18119,23,False,lead,2012
945,Grzegorz,Okraska,27,Rzeszów,IT,12651,2,True,mid,2014
946,Cyprian,Peda,58,Rzeszów,Operations,17211,3,False,lead,2023
947,Ada,Wojtyś,47,Lublin,Marketing,13609,21,False,senior,2010
948,Artur,Matla,39,Warszawa,Finance,10729,16,False,mid,2024
949,Marcin,Nałęcz,44,Warszawa,HR,11870,20,True,mid,2022
950,Gustaw,Wiercigroch,30,Kraków,IT,19635,8,False,lead,2020
951,Oskar,Jędraszczyk,62,Białystok,Sales,7044,10,False,junior,2023
952,Rozalia,Wawrzyk,54,Lublin,HR,12007,7,False,senior,2011
953,Anna Maria,Wdowczyk,63,Gdańsk,IT,10467,7,False,mid,2017
954,Natan,Westfal,44,Katowice,Marketing,6746,9,False,junior,2017
955,Adrian,Fryś,28,Warszawa,Operations,8600,2,False,mid,2023
956,Albert,Golda,48,Wrocław,IT,6819,2,False,junior,2021
957,Miłosz,Wawszczyk,65,Gdańsk,Operations,10393,33,False,mid,2025
958,Leon,Hanzel,62,Łódź,Support,17407,27,False,lead,2015
959,Monika,Zdziech,31,Łódź,IT,8667,8,False,junior,2013
960,Klara,Kukuczka,35,Katowice,Support,8186,7,False,mid,2023
961,Marek,Kuska,29,Kraków,Sales,13048,1,True,mid,2021
962,Ryszard,Dzienniak,41,Katowice,IT,9699,9,False,mid,2019
963,Adrianna,Sztaba,40,Katowice,IT,6776,6,False,junior,2011
964,Ewelina,Jaremko,48,Gdańsk,Support,9646,15,False,mid,2014
965,Fabian,Lepka,30,Katowice,Marketing,9532,8,False,mid,2012
966,Natasza,Wawrzyk,61,Kraków,Finance,10314,39,False,mid,2018
967,Eryk,Wojcik,63,Łódź,Sales,14065,5,False,senior,2013
968,Anita,Sulich,63,Rzeszów,Sales,8135,35,False,junior,2016
969,Marcelina,Kulus,52,Warszawa,Support,11777,16,False,senior,2018
970,Ryszard,Cisoń,35,Lublin,Sales,17985,3,True,senior,2020
971,Fryderyk,Dudczak,47,Lublin,IT,8199,18,False,junior,2010
972,Liwia,Oleksik,55,Warszawa,Support,8868,20,False,mid,2014
973,Miłosz,Łaś,33,Warszawa,Support,11941,4,False,senior,2020
974,Ksawery,Kara,33,Kraków,IT,14827,0,False,senior,2018
975,Sebastian,Jeżyna,46,Kraków,Sales,7883,3,False,junior,2022
976,Iwo,Solarek,29,Wrocław,Finance,7169,4,False,junior,2017
977,Karina,Żymełka,23,Gdańsk,IT,10014,1,False,mid,2019
978,Mariusz,Pośnik,58,Lublin,Sales,9383,26,False,mid,2021
979,Paweł,Mytnik,56,Poznań,Finance,14350,10,False,senior,2011
980,Eliza,Kozień,22,Gdańsk,Marketing,16446,0,False,lead,2025
981,Marcel,Szyda,39,Wrocław,Finance,14896,8,False,senior,2019
982,Karol,Fuławka,24,Gdańsk,HR,12003,0,False,senior,2014
983,Miłosz,Wakuła,57,Warszawa,Sales,14203,17,False,senior,2018
984,Aniela,Korab,50,Rzeszów,HR,6955,8,False,junior,2020
985,Tymon,Zaguła,23,Warszawa,Sales,9510,0,False,mid,2023
986,Justyna,Oleksiewicz,57,Poznań,Operations,12317,31,False,senior,2010
987,Borys,Łaś,64,Kraków,Operations,9466,28,False,mid,2022
988,Aniela,Piekart,33,Warszawa,Finance,16538,11,False,lead,2017
989,Nataniel,Hejduk,23,Łódź,IT,10741,1,False,mid,2017
990,Urszula,Lesisz,36,Warszawa,Sales,19282,7,False,lead,2016
991,Ewa,Szmaj,22,Gdańsk,IT,19549,0,False,lead,2025
992,Mariusz,Pik,32,Katowice,Marketing,5918,8,False,junior,2012
993,Ernest,Golon,59,Warszawa,Support,13842,8,False,senior,2018
994,Mariusz,Dzierwa,34,Rzeszów,Marketing,7494,10,False,junior,2024
995,Antoni,Siejak,22,Białystok,IT,11271,0,False,mid,2023
996,Oskar,Orawiec,39,Wrocław,Finance,9419,3,False,mid,2011
997,Józef,Lenc,39,Kraków,Finance,10842,13,False,mid,2010
998,Tymon,Matla,36,Warszawa,IT,10773,11,False,mid,2012
999,Piotr,Weremczuk,62,Poznań,Operations,6369,40,False,junior,2018
1000,Natasza,Szeja,37,Rzeszów,Operations,10128,3,False,mid,2017
1001,Sebastian,Gemza,26,Katowice,Sales,9150,4,False,mid,2011
1002,Natasza,Zagozda,24,Lublin,IT,11310,1,False,mid,2011
1003,Jan,Stypa,41,Warszawa,Marketing,9407,19,False,mid,2022
1004,Kacper,Feliksiak,47,Wrocław,Operations,8043,3,False,mid,2024
1005,Przemysław,Wawrzyk,46,Lublin,Sales,12906,14,False,senior,2024
1006,Krystian,Czochara,55,Warszawa,IT,11928,21,False,mid,2016
1007,Liwia,Szachniewicz,58,Kraków,Finance,10321,8,False,mid,2015
1008,Kamil,Pyc,37,Warszawa,HR,12965,4,False,senior,2019
1009,Stefan,John,59,Warszawa,HR,13010,34,False,senior,2010
1010,Emil,Smutek,55,Poznań,Operations,6728,9,False,junior,2021
1011,Franciszek,Kurc,34,Warszawa,IT,11448,3,False,mid,2024
1012,Sandra,Luberda,60,Gdańsk,HR,12846,21,False,senior,2015
1013,Róża,Siedlaczek,28,Białystok,Sales,13713,3,False,senior,2017
1014,Kamil,Kiciak,51,Poznań,Marketing,6739,19,False,junior,2016
1015,Sonia,Niksa,47,Warszawa,IT,15772,5,False,senior,2013
1016,Julita,Szybiak,31,Gdańsk,Support,7821,4,False,mid,2016
1017,Ida,Jędraszek,34,Lublin,Marketing,7471,4,False,junior,2017
1018,Tadeusz,Budzeń,33,Lublin,Support,8262,3,True,junior,2022
1019,Julian,Góraj,63,Warszawa,Finance,10025,7,False,mid,2015
1020,Marianna,Iwańczyk,55,Warszawa,IT,14276,27,False,senior,2016
1021,Maks,Kopyt,56,Kraków,Finance,8689,24,False,mid,2016
1022,Anita,Skalik,56,Kraków,IT,14017,18,False,senior,2025
1023,Daniel,Krauz,35,Poznań,Marketing,10283,11,True,junior,2022
1024,Karol,Piaseczna,63,Poznań,IT,11652,32,False,mid,2025
1025,Olgierd,Miszkiewicz,53,Wrocław,Support,4849,30,False,junior,2016
1026,Anna Maria,Gronkiewicz,36,Lublin,Finance,7044,14,False,junior,2015
1027,Dorota,Bryczek,45,Warszawa,IT,10940,8,False,mid,2017
1028,Dorota,Wszoła,59,Gdańsk,Finance,10175,2,False,mid,2021
1029,Michał,Szwiec,53,Warszawa,Finance,5810,20,False,junior,2021
1030,Natasza,Zdziech,27,Poznań,Sales,13732,2,False,senior,2013
1031,Tobiasz,Ścibior,29,Poznań,HR,8524,1,False,mid,2019
1032,Iwo,Piestrzeniewicz,65,Gdańsk,IT,8724,17,False,junior,2018
1033,Kacper,Maksimowicz,22,Kraków,Support,7075,0,False,junior,2010
1034,Krzysztof,Matyszczak,52,Katowice,IT,10429,20,False,mid,2016
1035,Tadeusz,Kostorz,52,Katowice,Marketing,10089,7,False,mid,2020
1036,Paweł,Maciuk,27,Wrocław,Support,13496,2,False,senior,2024
1037,Elżbieta,Reiter,57,Gdańsk,IT,9539,1,False,mid,2025
1038,Józef,Leks,64,Wrocław,Marketing,10402,22,False,mid,2019
1039,Aleksander,Nicewicz,42,Katowice,Support,6052,18,False,junior,2022
1040,Inga,Gryga,46,Warszawa,Finance,17846,6,False,lead,2024
1041,Tymoteusz,Borzych,62,Warszawa,Sales,11271,19,True,junior,2025
1042,Marcelina,Juraszczyk,23,Białystok,Finance,6692,0,False,junior,2012
1043,Malwina,Uzar,51,Warszawa,HR,9101,1,False,mid,2015
1044,Grzegorz,Mudlaff,29,Poznań,IT,10345,2,False,mid,2014
1045,Łukasz,Pakosz,35,Łódź,Sales,10071,4,False,mid,2016
1046,Róża,Janowiak,54,Warszawa,IT,11135,29,True,junior,2017
1047,Gustaw,Dziopa,55,Lublin,Finance,16873,21,False,lead,2019
1048,Aleksander,Miąsko,63,Lublin,Operations,8717,29,False,mid,2023
1049,Ksawery,Gaś,37,Łódź,Finance,13251,5,False,senior,2013
1050,Maciej,Piotrowiak,47,Kraków,Operations,18202,22,False,lead,2019
1051,Fabian,Juroszek,64,Łódź,IT,11764,4,False,mid,2013
1052,Ewa,Dulik,45,Poznań,Operations,12675,2,False,senior,2018
1053,Inga,Winnik,35,Warszawa,Sales,7691,8,False,junior,2022
1054,Iwo,Rychert,43,Wrocław,IT,17059,12,True,senior,2020
1055,Rafał,Koleśnik,64,Warszawa,Sales,10592,29,False,mid,2014
1056,Maurycy,Klisz,52,Warszawa,Operations,5725,26,False,junior,2019
1057,Franciszek,Dzwonnik,29,Łódź,IT,8304,6,False,junior,2021
1058,Kornel,Leszczuk,33,Białystok,Sales,12995,3,False,senior,2013
1059,Marcel,Tyczka,46,Warszawa,IT,10326,22,False,mid,2017
1060,Leonard,Szulim,45,Warszawa,IT,10287,7,True,junior,2012
1061,Blanka,Bronka,36,Lublin,Marketing,5380,14,False,junior,2023
1062,Monika,Cogiel,54,Kraków,Sales,15018,6,False,senior,2022
1063,Ernest,Matraszek,49,Warszawa,HR,8795,3,True,junior,2010
1064,Daniel,Chowaniak,46,Warszawa,Operations,9511,6,False,mid,2011
1065,Sonia,Balawender,26,Katowice,Sales,10996,1,False,mid,2015
1066,Eliza,Sadura,38,Rzeszów,Marketing,8744,3,False,mid,2020
1067,Karol,Białasik,33,Łódź,Support,11976,10,False,senior,2020
1068,Kaja,Drozdowicz,23,Gdańsk,IT,9554,1,False,mid,2017
1069,Kornelia,Plona,23,Katowice,Marketing,8445,0,False,mid,2014
1070,Grzegorz,Hnat,45,Warszawa,IT,11949,15,True,junior,2024
1071,Gustaw,Pabisiak,43,Gdańsk,Marketing,6899,4,False,junior,2019
1072,Paweł,Kwinta,23,Kraków,IT,14517,0,False,senior,2017
1073,Arkadiusz,Węgrzyk,60,Warszawa,Sales,13813,24,True,mid,2012
1074,Gustaw,Frydel,34,Warszawa,IT,14927,0,True,mid,2016
1075,Adrianna,Piwowarek,37,Poznań,IT,11236,2,False,mid,2015
1076,Marianna,Płoskonka,60,Gdańsk,Support,9670,15,False,mid,2012
1077,Sara,Wojtaszczyk,45,Poznań,Finance,10275,12,False,mid,2014
1078,Adrianna,Pietrusiak,52,Wrocław,IT,14729,0,False,senior,2014
1079,Maks,Jantos,57,Wrocław,Finance,7982,11,False,junior,2025
1080,Justyna,Parda,26,Poznań,IT,6552,2,False,junior,2021
1081,Adam,Drabczyk,53,Białystok,Support,17705,25,False,lead,2019
1082,Olga,Penkala,63,Lublin,Support,7016,37,False,junior,2015
1083,Ida,Kara,34,Kraków,Support,9787,12,False,mid,2025
1084,Damian,Bachanek,62,Łódź,Support,8692,23,False,mid,2025
1085,Julian,Tokaj,24,Łódź,Marketing,9270,1,False,mid,2024
1086,Monika,Bielas,65,Gdańsk,Support,4750,9,False,junior,2013
1087,Hubert,Rohde,27,Wrocław,Marketing,12529,5,False,senior,2016
1088,Marek,Zmyślony,49,Kraków,HR,13067,5,False,senior,2019
1089,Dariusz,Kucab,48,Łódź,IT,14910,24,False,senior,2014
1090,Ernest,Basak,39,Wrocław,HR,17514,6,False,lead,2010
1091,Filip,Tomal,28,Wrocław,Finance,14265,0,False,senior,2015
1092,Marcin,Stachewicz,33,Warszawa,Sales,6251,5,False,junior,2024
1093,Aniela,Berus,58,Warszawa,IT,7562,13,False,junior,2023
1094,Mariusz,Lada,50,Warszawa,Sales,20151,20,True,lead,2022
1095,Igor,Pasiak,29,Warszawa,IT,6912,4,False,junior,2010
1096,Sebastian,Wośko,25,Warszawa,Sales,13196,2,False,senior,2016
1097,Dariusz,Hejna,55,Poznań,Support,9690,0,False,mid,2025
1098,Jędrzej,Gramza,43,Wrocław,Operations,8981,19,False,mid,2021
1099,Konstanty,Breguła,64,Warszawa,Finance,8910,25,False,mid,2010
1100,Oliwier,Para,51,Łódź,Operations,10465,27,False,mid,2013
1101,Daniel,Czubaj,55,Katowice,IT,19446,17,False,lead,2023
1102,Eliza,Mikus,64,Gdańsk,Support,6175,12,False,junior,2011
1103,Melania,Piaścik,42,Poznań,Marketing,6626,14,False,junior,2023
1104,Błażej,Berek,52,Białystok,Marketing,12999,21,False,senior,2014
1105,Robert,Dyda,55,Poznań,IT,8747,32,False,junior,2024
1106,Adrianna,Neska,32,Poznań,Sales,17498,7,False,lead,2012
1107,Stefan,Tadla,28,Warszawa,Support,17270,3,False,lead,2018
1108,Marika,Pagacz,36,Poznań,Operations,5556,11,False,junior,2025
1109,Marcel,Rduch,27,Kraków,Sales,9064,5,False,mid,2020
1110,Wojciech,Terka,46,Łódź,Marketing,13989,22,False,senior,2017
1111,Tymoteusz,Płocharczyk,36,Warszawa,IT,7270,4,False,junior,2013
1112,Sara,Malcher,58,Kraków,Finance,6773,23,False,junior,2011
1113,Alex,Grund,59,Wrocław,Finance,6017,34,False,junior,2017
1114,Mieszko,Sromek,28,Lublin,HR,5715,3,False,junior,2017
1115,Wiktor,Leśna,53,Kraków,Marketing,5340,29,False,junior,2020
1116,Rozalia,Pietrak,41,Warszawa,Support,17659,16,False,lead,2016
1117,Radosław,Kielczyk,53,Wrocław,Support,12562,18,False,senior,2017
1118,Damian,Lukas,25,Łódź,HR,12152,1,False,senior,2010
1119,Tymoteusz,Lulek,57,Łódź,Support,9301,25,False,mid,2012
1120,Olgierd,Beker,55,Białystok,Marketing,5598,18,False,junior,2014
1121,Artur,Bulczak,42,Warszawa,Support,12370,18,False,senior,2014
1122,Ksawery,Jenek,50,Białystok,IT,10301,22,False,mid,2010
1123,Sebastian,Ufnal,45,Warszawa,Operations,13542,23,False,senior,2023
1124,Anastazja,Kwasek,65,Warszawa,Support,15914,10,False,lead,2013
1125,Olgierd,Wszoła,54,Rzeszów,Sales,8939,21,False,mid,2013
1126,Anita,Żero,37,Łódź,Support,9237,12,False,mid,2012
1127,Roksana,Haponiuk,51,Wrocław,Sales,12847,27,False,senior,2013
1128,Bianka,Fijoł,29,Gdańsk,Support,7103,1,False,junior,2025
1129,Dawid,Stanisławek,39,Warszawa,Sales,14576,3,False,senior,2019
1130,Fabian,Hejna,58,Warszawa,Support,5457,8,False,junior,2022
1131,Malwina,Matacz,23,Poznań,Operations,10125,1,False,mid,2013
1132,Klara,Mandrysz,35,Warszawa,Sales,15072,10,False,senior,2024
1133,Kalina,Wizner,42,Gdańsk,Marketing,9251,3,True,junior,2011
1134,Aurelia,Dybka,27,Wrocław,Sales,8800,0,False,mid,2017
1135,Hubert,Zaucha,41,Poznań,Operations,17822,1,False,lead,2014
1136,Wojciech,Chyb,58,Poznań,Support,9904,31,False,mid,2016
1137,Roksana,Malcharek,28,Kraków,IT,14381,5,False,senior,2014
1138,Eliza,Natanek,60,Wrocław,IT,6804,35,False,junior,2018
1139,Hubert,Murat,38,Warszawa,Finance,10242,12,False,mid,2014
1140,Bianka,Foit,56,Łódź,Support,5489,13,False,junior,2021
1141,Julianna,Tutka,58,Wrocław,IT,11276,32,False,mid,2022
1142,Adrian,Poreda,23,Warszawa,IT,6770,0,False,junior,2020
1143,Nela,Borak,62,Kraków,HR,8424,5,False,mid,2018
1144,Adam,Trepczyk,22,Rzeszów,Finance,12005,0,True,mid,2015
1145,Marcel,Sito,55,Katowice,IT,11843,19,False,mid,2019
1146,Marcin,Ciuba,57,Białystok,IT,11095,17,False,mid,2015
1147,Leon,Fiedoruk,44,Poznań,Sales,18753,21,False,lead,2014
1148,Kazimierz,Such,38,Łódź,Marketing,10524,0,False,mid,2018
1149,Artur,Futyma,25,Kraków,Sales,13549,2,False,senior,2024
1150,Eliza,Cheba,44,Kraków,Finance,9437,14,False,mid,2019
1151,Ryszard,Prystupa,62,Wrocław,HR,18825,5,True,lead,2012
1152,Maksymilian,Roczniak,37,Warszawa,Marketing,7218,2,False,junior,2010
1153,Konrad,Kościuszko,49,Łódź,Sales,10980,21,False,mid,2013
1154,Bianka,Parda,47,Białystok,Marketing,10388,0,False,mid,2021
1155,Hubert,Miozga,37,Rzeszów,Marketing,10344,1,False,mid,2017
1156,Emil,Pasich,33,Warszawa,Finance,13529,1,True,mid,2022
1157,Ewelina,Deluga,32,Kraków,Marketing,16682,5,False,lead,2019
1158,Nela,Zdancewicz,41,Warszawa,Marketing,6090,15,False,junior,2019
1159,Alan,Huber,63,Warszawa,Finance,14499,32,False,senior,2011
1160,Elżbieta,Golda,44,Kraków,Finance,12262,0,True,mid,2022
1161,Alan,Latko,44,Poznań,IT,7129,0,False,junior,2023
1162,Natan,Kwapis,29,Katowice,HR,6033,7,False,junior,2019
1163,Sylwia,Saternus,45,Poznań,HR,13299,13,False,senior,2015
1164,Antoni,Sacharczuk,30,Warszawa,Operations,12453,5,False,senior,2016
1165,Aleksander,Toma,40,Wrocław,HR,8315,1,True,junior,2025
1166,Aurelia,Zygmuntowicz,64,Poznań,Sales,6321,17,False,junior,2020
1167,Nikodem,Łabaj,47,Katowice,Operations,12441,16,False,senior,2010
1168,Anita,Skalik,30,Warszawa,Marketing,12601,2,True,mid,2023
1169,Antoni,Rejek,60,Kraków,Sales,9814,0,False,mid,2014
1170,Inga,Wojciech,54,Katowice,Operations,6013,11,False,junior,2023
1171,Emil,Deptuch,34,Katowice,Marketing,12942,7,False,senior,2016
1172,Andrzej,Sieczko,59,Warszawa,IT,7098,9,False,junior,2023
1173,Olga,Macioł,23,Warszawa,Finance,6447,0,False,junior,2017
1174,Agnieszka,Kupidura,43,Poznań,Sales,9902,13,False,mid,2021
1175,Stanisław,Tylka,39,Kraków,Operations,12002,11,False,senior,2011
1176,Monika,Ciochoń,64,Poznań,Support,8457,20,True,junior,2018
1177,Karina,Dłubak,53,Warszawa,Marketing,8733,23,False,mid,2020
1178,Gabriel,Kiliszek,45,Katowice,Sales,13775,23,False,senior,2018
1179,Julian,Bojczuk,35,Lublin,IT,9992,9,False,mid,2011
1180,Alex,Blank,59,Wrocław,IT,7904,12,False,junior,2019
1181,Mieszko,Bełz,52,Łódź,IT,8754,24,False,junior,2018
1182,Adrian,Pacholik,57,Wrocław,Marketing,12477,22,False,senior,2025
1183,Leonard,Syldatk,48,Poznań,IT,18028,16,False,lead,2019
1184,Melania,Baszak,24,Rzeszów,IT,8527,2,False,junior,2012
1185,Alex,Dybiec,32,Wrocław,Operations,13112,7,False,senior,2016
1186,Roksana,Plaskota,33,Warszawa,Marketing,7300,0,False,junior,2024
1187,Cezary,Olearczyk,54,Warszawa,Marketing,8900,16,False,mid,2017
1188,Witold,Wichłacz,24,Warszawa,IT,7044,2,False,junior,2018
1189,Patryk,Szałas,25,Warszawa,IT,19978,1,False,lead,2021
1190,Aleks,Biernacik,42,Lublin,HR,16707,2,False,lead,2020
1191,Sandra,Krekora,25,Warszawa,Support,11764,0,False,senior,2013
1192,Damian,Dąbroś,46,Gdańsk,Sales,7611,20,False,junior,2017
1193,Arkadiusz,Ochota,42,Gdańsk,Operations,6827,8,False,junior,2017
1194,Jędrzej,Warczak,49,Poznań,Sales,6521,11,False,junior,2016
1195,Damian,Krakowczyk,58,Warszawa,HR,16227,31,False,lead,2022
1196,Ida,Tekieli,65,Warszawa,Finance,7148,38,False,junior,2013
1197,Sonia,Kielich,55,Katowice,Sales,12884,8,False,senior,2013
1198,Norbert,Klęczar,22,Katowice,HR,6956,0,False,junior,2010
1199,Michał,Kasperczak,22,Lublin,Operations,11570,0,True,mid,2025
1200,Kamila,Składanek,58,Kraków,Sales,15026,28,False,senior,2018
1201,Róża,Karłowicz,62,Lublin,IT,8595,34,False,junior,2023
1202,Przemysław,Kazubek,31,Warszawa,Finance,17674,0,False,lead,2017
1203,Maks,Wejman,65,Łódź,Support,8151,24,False,mid,2017
1204,Franciszek,Hornik,28,Gdańsk,IT,9847,2,False,mid,2011
1205,Anastazja,Doktór,60,Poznań,Sales,6415,9,False,junior,2019
1206,Natasza,Lesiewicz,61,Warszawa,Support,8787,18,False,mid,2012
1207,Julita,Grochowina,22,Warszawa,IT,15459,0,False,senior,2012
1208,Dominik,Graś,29,Kraków,IT,18244,6,False,lead,2022
1209,Łukasz,Morawiak,44,Poznań,Support,9065,10,False,mid,2014
1210,Błażej,Woźniczko,63,Poznań,Sales,10996,15,False,mid,2017
1211,Dariusz,Zackiewicz,46,Wrocław,Sales,9698,2,False,mid,2012
1212,Olga,Zaraś,37,Rzeszów,IT,7047,11,False,junior,2013
1213,Aleksander,Trzop,25,Lublin,Operations,9885,2,False,mid,2014
1214,Mikołaj,Behrendt,57,Lublin,IT,7086,26,False,junior,2022
1215,Melania,Kwarciak,23,Łódź,Marketing,13632,1,True,mid,2015
1216,Olgierd,Jędrys,23,Warszawa,IT,11205,0,False,mid,2014
1217,Stefan,Gowin,33,Katowice,Marketing,13885,7,False,senior,2020
1218,Ernest,Korek,50,Warszawa,IT,12631,25,True,mid,2015
1219,Aniela,Melcer,54,Lublin,Marketing,7469,10,False,junior,2018
1220,Krystyna,Marchlewicz,58,Kraków,Support,8076,32,False,mid,2022
1221,Ignacy,Błądek,30,Warszawa,Finance,10790,3,False,mid,2012
1222,Patryk,Pierchała,51,Gdańsk,Operations,9521,15,False,mid,2023
1223,Mariusz,Joniak,34,Warszawa,Sales,5914,4,False,junior,2017
1224,Natan,Kozdroń,40,Warszawa,Sales,10066,5,False,mid,2016
1225,Dariusz,Wiekiera,57,Warszawa,HR,9813,12,False,mid,2011
1226,Julian,Sajewicz,58,Kraków,Support,9160,30,True,junior,2019
1227,Apolonia,Gryka,47,Katowice,Marketing,5598,16,False,junior,2020
1228,Nela,Tatarek,48,Poznań,Operations,12565,23,True,mid,2025
1229,Aleksander,Ostapiuk,59,Warszawa,Finance,5882,2,False,junior,2017
1230,Sebastian,Feliniak,35,Warszawa,Marketing,10254,12,False,mid,2020
1231,Józef,Gęca,50,Kraków,Sales,5963,25,False,junior,2022
1232,Lidia,Szulczyk,37,Gdańsk,Support,17737,6,False,lead,2013
1233,Agnieszka,Szurek,22,Kraków,Operations,12357,0,False,senior,2025
1234,Ida,Grabias,28,Białystok,IT,10988,3,False,mid,2021
1235,Arkadiusz,Niebudek,27,Katowice,HR,5548,0,False,junior,2024
1236,Alex,Świgoń,63,Rzeszów,Sales,17974,8,False,lead,2022
1237,Kamila,Janka,48,Warszawa,Finance,17784,19,False,lead,2021
1238,Radosław,Siebert,27,Wrocław,Operations,8174,5,False,mid,2011
1239,Natan,Krasa,37,Warszawa,Finance,5798,0,False,junior,2017
1240,Apolonia,Dunal,46,Kraków,Finance,10404,14,False,mid,2013
1241,Marika,Chadaj,27,Białystok,Support,12517,1,False,senior,2022
1242,Sylwia,Wijata,43,Rzeszów,Sales,10750,2,False,mid,2013
1243,Lidia,Wolańczyk,39,Warszawa,Finance,6811,14,False,junior,2011
1244,Kacper,Gęsiarz,60,Katowice,Operations,5874,24,False,junior,2011
1245,Kornel,Piekacz,35,Katowice,Finance,6221,13,False,junior,2012
1246,Kamil,Skalik,31,Warszawa,Operations,6719,1,False,junior,2016
1247,Janina,Stryjek,64,Warszawa,Operations,6216,16,False,junior,2015
1248,Szymon,Niksa,34,Poznań,Sales,18589,5,False,lead,2021
1249,Lidia,Żurawik,58,Gdańsk,Operations,14369,24,False,senior,2014
1250,Elżbieta,Orzeszek,42,Białystok,Support,5996,10,False,junior,2013
1251,Olaf,Głowiak,65,Łódź,Support,5214,26,False,junior,2024
1252,Mikołaj,Han,62,Warszawa,Support,6936,37,False,junior,2015
1253,Malwina,Forma,60,Warszawa,IT,6558,24,False,junior,2021
1254,Anna Maria,Gromala,45,Kraków,Operations,10044,0,False,mid,2024
1255,Fryderyk,Radzewicz,48,Lublin,Finance,9875,13,False,mid,2013
1256,Andrzej,Domżał,33,Warszawa,Sales,10362,7,False,mid,2019
1257,Anita,Gawłowicz,64,Łódź,Support,8106,27,False,mid,2012
1258,Kamil,Chomiak,28,Gdańsk,Finance,10731,0,False,mid,2013
1259,Kacper,Rutowicz,62,Katowice,Marketing,9067,28,False,mid,2017
1260,Jędrzej,Milej,51,Warszawa,Finance,10400,17,False,mid,2023
1261,Krystian,Ziółko,63,Wrocław,IT,7583,25,False,junior,2019
1262,Gabriel,Siudek,48,Białystok,Finance,9128,21,True,junior,2021
1263,Nela,Berek,55,Rzeszów,Support,9303,20,False,mid,2016
1264,Natasza,Jeżyna,61,Katowice,Sales,14399,25,False,senior,2015
1265,Stanisław,Buchholz,47,Wrocław,IT,11565,10,False,mid,2013
1266,Sebastian,Nojek,62,Lublin,Sales,15064,36,False,senior,2015
1267,Nikodem,Żugaj,42,Warszawa,IT,7126,6,False,junior,2010
1268,Arkadiusz,Łukasiuk,61,Warszawa,Finance,17034,34,False,lead,2024
1269,Malwina,Okła,62,Warszawa,Marketing,12993,40,False,senior,2017
1270,Albert,Górkiewicz,46,Warszawa,IT,6594,24,False,junior,2013
1271,Tymoteusz,Brzeźniak,29,Warszawa,IT,18239,7,False,lead,2012
1272,Ewelina,Czupryn,26,Białystok,IT,16589,3,True,senior,2023
1273,Inga,Świstek,26,Warszawa,Marketing,17484,3,False,lead,2024
1274,Błażej,Ligas,32,Białystok,Marketing,5328,2,False,junior,2013
1275,Karina,Mędrala,43,Gdańsk,Sales,9842,11,False,mid,2013
1276,Witold,Kość,34,Warszawa,Sales,7294,9,False,junior,2013
1277,Dagmara,Pilarek,35,Warszawa,Marketing,9296,0,False,mid,2018
1278,Artur,Brudny,52,Kraków,Sales,18830,6,False,lead,2023
1279,Stefan,Mysior,54,Kraków,IT,18651,25,False,lead,2022
1280,Nikodem,Pacholczak,28,Gdańsk,IT,15498,4,False,senior,2023
1281,Marika,Zaucha,50,Kraków,HR,12068,13,True,mid,2023
1282,Malwina,Ryndak,34,Białystok,Operations,8138,9,False,mid,2018
1283,Melania,Faltyn,59,Lublin,Sales,7242,26,False,junior,2022
1284,Jacek,Puła,23,Kraków,Operations,5297,0,False,junior,2016
1285,Marcel,Witka,64,Katowice,IT,9544,23,False,mid,2020
1286,Inga,Dorobisz,35,Kraków,IT,13661,7,True,mid,2016
1287,Ewa,Budych,55,Kraków,Sales,6106,13,False,junior,2023
1288,Mieszko,Pindral,65,Kraków,IT,11542,27,False,mid,2011
1289,Tymon,Pietrak,39,Wrocław,Sales,6768,13,False,junior,2010
1290,Maciej,Puła,40,Lublin,Support,8864,0,False,mid,2014
1291,Maksymilian,Duszczyk,47,Białystok,IT,13784,1,False,senior,2025
1292,Sara,Długozima,28,Łódź,HR,13139,6,False,senior,2012
1293,Juliusz,Piestrzeniewicz,57,Warszawa,HR,9520,20,False,mid,2013
1294,Malwina,Połom,45,Kraków,Operations,6322,19,False,junior,2023
1295,Ksawery,Towarek,36,Łódź,Operations,7201,2,False,junior,2010
1296,Julita,Kafel,25,Warszawa,IT,14580,2,False,senior,2020
1297,Melania,Szeja,61,Warszawa,IT,7017,24,False,junior,2020
1298,Jeremi,Pusz,31,Rzeszów,Finance,13001,9,False,senior,2017
1299,Dominik,Wnuczek,58,Rzeszów,HR,8425,30,False,mid,2012
1300,Julianna,Gogacz,38,Kraków,Operations,12843,9,False,senior,2012
1301,Andrzej,Szałas,26,Warszawa,IT,7269,3,False,junior,2025
1302,Liwia,Walenciak,28,Gdańsk,Sales,7077,2,False,junior,2024
1303,Jerzy,Myszk,63,Warszawa,IT,15079,9,False,senior,2024
1304,Oskar,Trzyna,61,Wrocław,IT,7758,32,False,junior,2013
1305,Kornel,Leżoń,31,Katowice,IT,14266,7,False,senior,2018
1306,Natasza,Pietrek,23,Wrocław,HR,7844,1,False,mid,2021
1307,Sebastian,Kusa,49,Poznań,Sales,9916,6,True,junior,2021
1308,Krystyna,Boruc,28,Łódź,Finance,10149,0,False,mid,2015
1309,Kalina,Bisaga,60,Poznań,Finance,9519,17,False,mid,2013
1310,Lidia,Fołta,36,Warszawa,HR,7913,1,True,junior,2018
1311,Ksawery,Laszkiewicz,36,Łódź,Finance,12598,14,True,mid,2025
1312,Stefan,Pabisiak,35,Kraków,HR,11512,2,False,senior,2013
1313,Stefan,Bandyk,33,Gdańsk,Marketing,17177,8,False,lead,2015
1314,Stanisław,Sporysz,42,Kraków,Finance,7443,2,False,junior,2023
1315,Dawid,Klemens,43,Kraków,IT,6539,0,False,junior,2021
1316,Anita,Gosek,52,Lublin,Sales,8871,18,True,junior,2019
1317,Ewelina,Jargieło,36,Katowice,Operations,12374,8,True,mid,2024
1318,Piotr,Przewoźna,53,Kraków,Sales,16855,22,False,lead,2021
1319,Urszula,Oleśkiewicz,41,Katowice,Operations,14440,10,False,senior,2025
1320,Kajetan,Szołtysik,29,Łódź,IT,10402,4,False,mid,2014
1321,Ewa,Rurka,44,Gdańsk,Marketing,6045,15,False,junior,2012
1322,Anastazja,Dadej,34,Rzeszów,Operations,9840,6,False,mid,2015
1323,Aleks,Wacławiak,38,Wrocław,Finance,13766,11,False,senior,2016
1324,Piotr,Zysk,24,Kraków,Sales,10663,2,False,mid,2021
1325,Radosław,Sykała,40,Poznań,Marketing,16815,3,False,lead,2019
1326,Dominik,Grzenia,61,Kraków,HR,7563,35,False,mid,2024
1327,Ryszard,Grochola,24,Gdańsk,IT,8262,0,False,junior,2021
1328,Inga,Korta,64,Warszawa,Operations,7056,0,False,junior,2014
1329,Anastazja,Stark,27,Rzeszów,IT,6830,5,False,junior,2019
1330,Łukasz,Kruś,36,Kraków,Operations,9730,0,False,mid,2022
1331,Dorota,Graboś,28,Gdańsk,IT,18820,2,False,lead,2014
1332,Jeremi,Handzel,65,Wrocław,IT,7717,12,False,junior,2024
1333,Kamil,Pabiś,56,Lublin,Finance,10310,11,False,mid,2020
1334,Miłosz,Hamerla,54,Wrocław,Finance,8613,22,False,mid,2010
1335,Róża,Pęksa,48,Gdańsk,HR,13597,2,False,senior,2021
1336,Juliusz,Budzeń,30,Lublin,IT,14015,8,False,senior,2022
1337,Daniel,Romańczyk,64,Katowice,Sales,9146,0,False,mid,2011
1338,Natan,Bancerz,39,Warszawa,HR,8857,3,False,mid,2011
1339,Gustaw,Adamiuk,29,Poznań,Sales,13358,0,False,senior,2017
1340,Eryk,Nikel,65,Kraków,HR,11526,40,False,senior,2025
1341,Olga,Michalkiewicz,61,Warszawa,Sales,6196,12,False,junior,2017
1342,Marianna,Parkitny,35,Lublin,Finance,11998,1,True,mid,2019
1343,Arkadiusz,Śmieszek,47,Lublin,Operations,17798,15,False,lead,2013
1344,Blanka,Dobrosz,49,Warszawa,Operations,8699,4,False,mid,2016
1345,Patryk,Kurach,52,Łódź,Support,5827,15,False,junior,2022
1346,Sebastian,Fołta,46,Wrocław,Operations,13160,22,False,senior,2024
1347,Kazimierz,Krekora,29,Kraków,Sales,7620,6,False,junior,2011
1348,Jan,Kosiak,44,Łódź,HR,8965,4,False,mid,2016
1349,Ernest,Tylec,44,Poznań,IT,11806,22,False,mid,2020
1350,Adrianna,Narożny,51,Warszawa,Operations,13613,22,False,senior,2012
1351,Cezary,Tytko,63,Poznań,Marketing,10276,30,False,mid,2018
1352,Emil,Tolak,30,Gdańsk,Sales,9076,5,False,mid,2011
1353,Anita,Chmara,23,Łódź,Sales,7125,0,False,junior,2017
1354,Robert,Supernak,37,Warszawa,Operations,13720,3,False,senior,2012
1355,Olgierd,Pasiut,25,Lublin,IT,8984,2,False,junior,2010
1356,Marek,Barcz,33,Wrocław,IT,8779,5,False,junior,2016
1357,Ignacy,Osial,34,Łódź,IT,11277,4,False,mid,2016
1358,Norbert,Golus,27,Rzeszów,IT,10075,4,True,junior,2010
1359,Olga,Oczko,45,Lublin,HR,9663,13,False,mid,2025
1360,Nela,Baś,34,Poznań,Finance,10788,3,False,mid,2014
1361,Fabian,Pacholczak,26,Wrocław,IT,14618,3,True,mid,2019
1362,Ignacy,Naumiuk,28,Warszawa,Sales,12987,0,True,mid,2018
1363,Gustaw,Zmuda,46,Lublin,IT,11688,22,False,mid,2017
1364,Borys,Rup,55,Gdańsk,Sales,11187,32,False,mid,2025
1365,Łukasz,Wajer,38,Wrocław,IT,6743,0,False,junior,2014
1366,Marcin,Freitag,35,Kraków,Marketing,12455,8,False,senior,2017
1367,Mariusz,Bieszke,53,Gdańsk,Sales,12944,4,False,senior,2021
1368,Krystyna,Gilewicz,26,Gdańsk,IT,10030,3,False,mid,2018
1369,Julita,Florian,24,Poznań,Marketing,6442,0,False,junior,2017
1370,Przemysław,Stupak,23,Katowice,IT,8053,0,False,junior,2010
1371,Witold,Łukasz,57,Katowice,Marketing,6948,30,False,junior,2014
1372,Gaja,Humeniuk,29,Gdańsk,Support,6105,7,False,junior,2023
1373,Maksymilian,Okła,25,Gdańsk,IT,8696,1,False,junior,2011
1374,Adrianna,Starościak,22,Warszawa,IT,13679,0,False,senior,2020
1375,Olgierd,Rajchel,44,Kraków,HR,9460,19,False,mid,2013
1376,Sylwia,Cecot,64,Białystok,IT,7962,4,False,junior,2017
1377,Stanisław,Pawlonka,50,Wrocław,Sales,9800,22,False,mid,2018
1378,Krystyna,Składanek,42,Warszawa,Support,9691,17,False,mid,2018
1379,Ksawery,Dorobek,27,Lublin,Sales,19064,1,False,lead,2016
1380,Julita,Grzela,29,Katowice,IT,15303,5,False,senior,2024
1381,Leon,Skubis,29,Warszawa,HR,7846,0,False,mid,2011
1382,Angelika,Gogol,39,Lublin,Finance,12342,12,True,mid,2022
1383,Oliwier,Łukasz,33,Warszawa,HR,8924,10,False,mid,2010
1384,Gabriel,Skrobot,60,Białystok,Operations,16112,21,False,lead,2020
1385,Janina,Szatanik,61,Katowice,Support,12147,27,False,senior,2022
1386,Tomasz,Ostręga,65,Białystok,Finance,14827,18,False,senior,2018
1387,Apolonia,Olma,32,Rzeszów,IT,10649,6,False,mid,2018
1388,Adam,Fal,27,Kraków,Sales,16923,1,True,senior,2021
1389,Adrian,Korab,39,Katowice,Sales,15128,8,False,senior,2020
1390,Urszula,Krzykała,38,Warszawa,IT,13969,5,True,mid,2025
1391,Sylwia,Kurant,62,Warszawa,Support,7199,35,False,junior,2020
1392,Melania,Obuchowicz,26,Katowice,HR,5021,3,False,junior,2017
1393,Norbert,Kuziora,62,Gdańsk,IT,9657,11,True,junior,2015
1394,Michał,Tylman,65,Gdańsk,IT,13749,32,False,senior,2018
1395,Juliusz,Łudzik,38,Lublin,Finance,10959,0,False,mid,2017
1396,Jakub,Pasieczna,44,Wrocław,Sales,7134,3,False,junior,2021
1397,Przemysław,Maculewicz,65,Wrocław,HR,9986,26,True,junior,2021
1398,Wojciech,Denkiewicz,43,Wrocław,Support,11827,13,False,senior,2015
1399,Kaja,Natanek,45,Warszawa,Sales,9666,1,True,junior,2020
1400,Wiktor,Migoń,54,Łódź,Support,14086,32,False,senior,2011
1401,Stanisław,Głowienka,64,Rzeszów,IT,13419,9,True,mid,2023
1402,Krzysztof,Macha,56,Poznań,IT,15648,7,False,senior,2024
1403,Filip,Weremczuk,42,Gdańsk,Support,6182,8,False,junior,2017
1404,Kalina,Cader,51,Warszawa,IT,15179,10,False,senior,2021
1405,Łukasz,Szajner,27,Warszawa,Finance,9443,2,False,mid,2024
1406,Sandra,Maszczyk,48,Lublin,IT,11169,7,False,mid,2014
1407,Fryderyk,Zagozda,60,Kraków,IT,15568,16,False,senior,2014
1408,Albert,Łasak,58,Katowice,Operations,8063,31,False,mid,2015
1409,Maksymilian,Pietrusiewicz,29,Poznań,Support,5217,6,False,junior,2011
1410,Rozalia,Szczepaniuk,49,Rzeszów,IT,11089,0,False,mid,2023
1411,Nataniel,Szynkiewicz,44,Gdańsk,Marketing,12578,4,True,mid,2013
1412,Kajetan,Dziadkiewicz,24,Kraków,Finance,14342,0,False,senior,2023
1413,Kamila,Czopik,40,Katowice,Marketing,14286,15,False,senior,2012
1414,Hubert,Rode,31,Wrocław,Sales,10596,0,False,mid,2015
1415,Artur,Chołody,54,Warszawa,HR,17810,17,False,lead,2023
1416,Jakub,Gołota,40,Katowice,Support,11562,10,True,mid,2023
1417,Michał,Pilarek,55,Gdańsk,IT,9985,17,False,mid,2019
1418,Marcelina,Plizga,39,Lublin,HR,9982,15,False,mid,2013
1419,Inga,Mosiołek,36,Warszawa,Sales,6491,10,False,junior,2010
1420,Ewelina,Toś,60,Poznań,Operations,19105,2,True,lead,2021
1421,Olaf,Wylegała,35,Gdańsk,Marketing,18058,4,False,lead,2019
1422,Róża,Futyma,29,Wrocław,HR,8640,1,False,mid,2013
1423,Marcin,Giec,44,Kraków,IT,14873,2,False,senior,2018
1424,Rafał,Maciuszek,51,Łódź,IT,13657,20,False,senior,2023
1425,Kamil,Płaneta,28,Kraków,Operations,12145,5,False,senior,2010
1426,Sandra,Jantos,37,Lublin,IT,11425,4,False,mid,2014
1427,Kacper,Kopyt,53,Kraków,IT,15614,11,False,senior,2016
1428,Gabriel,Rohde,22,Gdańsk,IT,8212,0,False,junior,2018
1429,Oskar,Moneta,61,Kraków,HR,8237,24,False,mid,2019
1430,Filip,Grzebyk,36,Poznań,Operations,6462,14,False,junior,2025
1431,Franciszek,Pronobis,40,Rzeszów,Operations,6718,3,False,junior,2024
1432,Aleksander,Mizak,42,Warszawa,Finance,8965,7,False,mid,2021
1433,Monika,Piwek,47,Lublin,Operations,7461,22,False,junior,2023
1434,Rozalia,Szarejko,65,Kraków,IT,8175,15,False,junior,2011
1435,Adam,Gągała,57,Kraków,Finance,7132,20,False,junior,2018
1436,Nela,Capała,25,Warszawa,Sales,13633,2,True,mid,2023
1437,Jerzy,Wolańczyk,36,Poznań,Operations,16350,9,True,senior,2014
1438,Aurelia,Rećko,60,Łódź,Operations,9365,34,True,junior,2021
1439,Aurelia,Cieplucha,57,Poznań,Finance,9143,4,False,mid,2022
1440,Kazimierz,Stawinoga,36,Białystok,HR,12518,4,False,senior,2010
1441,Emil,Westfal,24,Poznań,Sales,12973,0,False,senior,2015
1442,Julian,Bujas,40,Gdańsk,Marketing,8706,9,True,junior,2022
1443,Angelika,Michniak,63,Katowice,HR,7802,25,True,junior,2023
1444,Klara,Mendyka,23,Poznań,Support,17109,0,True,senior,2022
1445,Jacek,Surdyk,34,Katowice,Finance,13737,9,False,senior,2018
1446,Dagmara,Kolendo,51,Rzeszów,Sales,7559,6,False,junior,2012
1447,Tymoteusz,Franków,36,Poznań,Support,8701,6,False,mid,2022
1448,Marianna,Wiraszka,23,Rzeszów,Marketing,14052,1,False,senior,2017
1449,Anastazja,Kałek,58,Kraków,Finance,9772,1,False,mid,2020
1450,Mieszko,Apostel,31,Warszawa,Operations,6023,1,False,junior,2012
1451,Fryderyk,Martyn,31,Poznań,Marketing,9152,6,False,mid,2011
1452,Anna Maria,Siejak,53,Katowice,Operations,13315,16,True,mid,2023
1453,Urszula,Ziarnik,22,Katowice,Operations,9282,0,False,mid,2017
1454,Krystian,Szyndler,42,Poznań,Operations,12333,14,False,senior,2013
1455,Albert,Zacharek,49,Warszawa,IT,6997,22,False,junior,2015
1456,Julita,Winnik,34,Warszawa,Operations,14148,7,False,senior,2025
1457,Tadeusz,Solnica,30,Warszawa,IT,10610,8,False,mid,2020
1458,Artur,Kubiaczyk,61,Warszawa,HR,9020,23,False,mid,2018
1459,Julian,Ludwisiak,52,Kraków,Marketing,5754,14,False,junior,2015
1460,Marcelina,Kurant,55,Wrocław,IT,9522,30,True,junior,2019
1461,Melania,Kunda,34,Poznań,HR,12419,3,True,mid,2015
1462,Urszula,Majdan,26,Lublin,HR,11289,2,True,mid,2018
1463,Liwia,Dąbrowicz,40,Kraków,Sales,9843,13,False,mid,2016
1464,Tobiasz,Pelka,26,Łódź,HR,4919,4,False,junior,2014
1465,Juliusz,Łukowiak,55,Katowice,Sales,10739,24,False,mid,2016
1466,Kornel,Koperek,32,Rzeszów,IT,14100,0,False,senior,2014
1467,Maksymilian,Mirończuk,32,Kraków,Operations,17095,7,True,senior,2024
1468,Leonard,Trybuś,49,Kraków,Marketing,9810,21,False,mid,2022
1469,Julita,Cyba,46,Kraków,Sales,11279,22,False,mid,2016
1470,Rafał,Gomuła,32,Łódź,Operations,14007,10,False,senior,2018
1471,Cezary,Glegoła,65,Wrocław,HR,11997,7,True,mid,2024
1472,Maciej,Czerniakiewicz,64,Warszawa,Sales,13582,22,False,senior,2022
1473,Wojciech,Łągiewka,45,Rzeszów,IT,18298,5,False,lead,2010
1474,Julianna,Gadzina,59,Białystok,Support,7753,19,False,mid,2018
1475,Melania,Wałdoch,24,Poznań,IT,7536,2,False,junior,2018
1476,Malwina,Radke,62,Lublin,Operations,18488,3,False,lead,2024
1477,Józef,Krzywoń,53,Lublin,Marketing,8356,11,False,mid,2021
1478,Bartek,Leszkiewicz,23,Warszawa,Operations,15489,0,True,senior,2011
1479,Rafał,Plewnia,50,Kraków,Operations,12795,20,False,senior,2010
1480,Ignacy,Prażuch,43,Kraków,Marketing,14603,21,False,senior,2021
1481,Malwina,Boruń,55,Wrocław,Operations,16266,0,False,lead,2016
1482,Gabriel,Pilich,54,Warszawa,Finance,13313,9,False,senior,2023
1483,Tadeusz,Skałka,33,Lublin,IT,14936,10,False,senior,2013
1484,Kazimierz,Wykręt,43,Łódź,Sales,9276,14,False,mid,2012
1485,Ryszard,Kłosowicz,33,Kraków,Sales,9493,11,True,junior,2010
1486,Roksana,Oleksak,35,Warszawa,Marketing,8982,10,False,mid,2014
1487,Maurycy,Indyk,41,Kraków,HR,9195,1,False,mid,2017
1488,Robert,Gamoń,34,Warszawa,HR,12583,4,False,senior,2012
1489,Ida,Kwapisiewicz,53,Kraków,Sales,9498,22,False,mid,2011
1490,Sonia,Minta,59,Gdańsk,Support,5882,24,False,junior,2016
1491,Oskar,Rolek,43,Katowice,HR,8363,16,False,mid,2018
1492,Natasza,Wawrzeńczyk,35,Białystok,Sales,7746,7,False,junior,2014
1493,Alex,Łukowiak,51,Gdańsk,Marketing,9520,18,False,mid,2013
1494,Leonard,Szmelter,62,Warszawa,Finance,12910,22,False,senior,2015
1495,Klara,Szwaja,44,Poznań,Marketing,7069,9,False,junior,2023
1496,Sylwia,Rajman,47,Kraków,Finance,14143,15,False,senior,2019
1497,Borys,Szczepan,24,Białystok,Sales,13903,0,False,senior,2022
1498,Tymon,Marcol,59,Warszawa,HR,6646,1,False,junior,2016
1499,Robert,Jędrys,58,Kraków,Support,5966,8,False,junior,2014
1500,Janina,Szmuc,44,Wrocław,Marketing,8904,14,False,mid,2019
1501,Urszula,Matura,41,Lublin,Finance,6131,2,False,junior,2021
1502,Marcin,Hyjek,22,Warszawa,Sales,6670,0,False,junior,2025
1503,Kornel,Bastek,64,Łódź,Marketing,15726,24,True,senior,2020
1504,Fryderyk,Sadlak,30,Białystok,Operations,13739,6,False,senior,2022
1505,Andrzej,Chorążewicz,56,Łódź,Support,13192,4,True,mid,2015
1506,Krystyna,Żyto,37,Poznań,IT,11130,11,False,mid,2012
1507,Natan,Fabiszak,63,Warszawa,IT,7890,14,False,junior,2022
1508,Marika,Korniak,63,Kraków,Finance,8642,11,False,mid,2018
1509,Marika,Kubasiewicz,48,Łódź,Operations,5338,5,False,junior,2021
1510,Alan,Kupś,65,Wrocław,Operations,8527,6,False,mid,2022
1511,Maks,Dziewit,65,Łódź,Marketing,5423,29,False,junior,2019
1512,Sebastian,Majczyna,49,Warszawa,Operations,14056,8,False,senior,2021
1513,Inga,Górnisiewicz,52,Poznań,Finance,10236,22,False,mid,2022
1514,Daniel,Stark,65,Kraków,Support,5509,5,False,junior,2024
1515,Rozalia,Soczewka,49,Warszawa,Operations,8205,1,False,mid,2021
1516,Stanisław,Koziarz,38,Kraków,Operations,8732,13,False,mid,2019
1517,Filip,Pałęga,44,Kraków,Sales,7263,13,False,junior,2011
1518,Igor,Filusz,56,Warszawa,IT,8521,25,False,junior,2023
1519,Franciszek,Melcer,39,Łódź,IT,19644,11,False,lead,2024
1520,Jan,Makosz,24,Warszawa,Sales,9214,0,False,mid,2022
1521,Sebastian,Kwapis,54,Gdańsk,HR,8253,5,False,mid,2018
1522,Jerzy,Kuropatwa,63,Wrocław,IT,14568,5,False,senior,2019
1523,Krystian,Zysk,61,Katowice,Marketing,13548,32,True,mid,2025
1524,Przemysław,Mortka,35,Kraków,Marketing,18254,12,False,lead,2011
1525,Agnieszka,Dydak,60,Łódź,HR,15576,25,False,lead,2023
1526,Stanisław,Senger,64,Wrocław,Operations,5397,8,False,junior,2017
1527,Karina,Galos,36,Warszawa,Sales,15295,0,False,senior,2024
1528,Ada,Paśnik,59,Kraków,Finance,8551,26,False,mid,2020
1529,Jan,Fidor,43,Wrocław,Finance,9362,10,False,mid,2015
1530,Bianka,Małys,65,Warszawa,Operations,6992,24,False,junior,2021
1531,Bartek,Ruszczak,27,Poznań,HR,13349,1,False,senior,2024
1532,Liwia,Serzysko,23,Warszawa,Finance,8595,0,False,mid,2019
1533,Jacek,Młotek,57,Wrocław,Sales,17305,31,False,lead,2013
1534,Stefan,Stosik,47,Warszawa,HR,6142,6,False,junior,2023
1535,Nela,Dywan,44,Gdańsk,HR,7932,6,False,mid,2020
1536,Kornelia,Hutyra,54,Wrocław,Marketing,7040,25,False,junior,2015
1537,Kajetan,Łuczkiewicz,33,Poznań,HR,5205,6,False,junior,2013
1538,Patryk,Korta,46,Rzeszów,Finance,9418,18,False,mid,2014
1539,Krystian,Gębura,61,Warszawa,Sales,8893,39,False,mid,2020
1540,Eryk,Boryczko,61,Gdańsk,Marketing,5293,15,False,junior,2022
1541,Anna Maria,Deryło,57,Lublin,IT,14480,32,False,senior,2015
1542,Maks,Giers,52,Warszawa,IT,16626,29,True,senior,2016
1543,Ewa,Drozdowicz,58,Łódź,Finance,9224,29,False,mid,2024
1544,Mariusz,Gołofit,54,Lublin,Operations,13002,7,False,senior,2024
1545,Róża,Sapa,26,Łódź,Finance,14425,0,False,senior,2022
1546,Andrzej,Duchnik,26,Lublin,Sales,19286,3,False,lead,2010
1547,Artur,Szyndler,50,Warszawa,Operations,12163,15,False,senior,2021
1548,Maksymilian,Supernak,47,Gdańsk,Finance,16924,22,False,lead,2014
1549,Filip,Deluga,38,Wrocław,Marketing,13195,3,False,senior,2025
1550,Olga,Toś,35,Gdańsk,IT,8513,4,False,junior,2017
1551,Albert,Pleban,38,Wrocław,Operations,7327,10,False,junior,2018
1552,Lidia,Wołczyk,60,Warszawa,HR,13019,2,False,senior,2021
1553,Mateusz,Kułach,40,Warszawa,Sales,18601,9,False,lead,2019
1554,Alan,Bohdanowicz,31,Kraków,Finance,5614,2,False,junior,2016
1555,Sonia,Szczot,59,Warszawa,Finance,7616,19,False,junior,2022
1556,Justyna,Glazik,52,Rzeszów,Sales,18852,19,False,lead,2020
1557,Kornel,Organiściak,55,Białystok,Sales,10774,23,False,mid,2015
1558,Patryk,Cheba,52,Łódź,IT,10345,28,False,mid,2017
1559,Liwia,Kolbusz,31,Łódź,IT,11543,4,False,mid,2024
1560,Olaf,Mzyk,58,Lublin,Operations,12935,0,False,senior,2016
1561,Nicole,Zbróg,45,Gdańsk,Support,5811,21,False,junior,2012
1562,Jeremi,Kobza,25,Kraków,HR,8503,3,False,mid,2017
1563,Igor,Frymus,51,Gdańsk,Sales,9578,5,True,junior,2012
1564,Konstanty,Ludwik,30,Warszawa,IT,11454,8,False,mid,2024
1565,Inga,Torbus,28,Warszawa,Operations,16959,4,True,senior,2013
1566,Filip,Filus,50,Warszawa,Sales,10028,2,False,mid,2010
1567,Jędrzej,Paśnik,59,Warszawa,Operations,12797,27,False,senior,2024
1568,Nikodem,Miksza,22,Gdańsk,Sales,14877,0,False,senior,2025
1569,Julian,Dzienniak,54,Kraków,Operations,17127,18,False,lead,2019
1570,Ewa,Tomalak,62,Katowice,IT,11587,28,True,junior,2025
1571,Radosław,Świgoń,53,Katowice,Marketing,10015,10,True,junior,2020
1572,Sylwia,Seidel,62,Warszawa,IT,14758,34,False,senior,2019
1573,Nicole,Cofała,42,Łódź,Support,8333,16,False,mid,2020
1574,Tobiasz,Przewłoka,32,Katowice,Operations,12643,3,False,senior,2020
1575,Rozalia,Trzpil,55,Katowice,Operations,9076,30,False,mid,2025
1576,Ernest,Rudyk,41,Kraków,Finance,7342,11,False,junior,2019
1577,Sebastian,Baum,49,Wrocław,Marketing,9874,18,False,mid,2021
1578,Maksymilian,Furga,63,Katowice,IT,18354,8,False,lead,2018
1579,Mieszko,Kiełbowicz,40,Wrocław,Finance,6316,11,False,junior,2016
1580,Oskar,Pawliczak,61,Kraków,IT,11464,32,False,mid,2025
1581,Jerzy,Patoła,24,Rzeszów,Marketing,10685,2,False,mid,2022
1582,Igor,Ignatiuk,25,Kraków,Sales,6964,0,False,junior,2013
1583,Gaja,Pilich,52,Warszawa,Support,12321,4,False,senior,2014
1584,Arkadiusz,Madejczyk,59,Gdańsk,Finance,10738,19,False,mid,2018
1585,Jeremi,Kurbiel,57,Łódź,IT,14785,33,False,senior,2021
1586,Aniela,Eckert,50,Warszawa,Finance,13864,23,False,senior,2016
1587,Olaf,Goliszek,65,Katowice,IT,11182,16,True,junior,2023
1588,Bianka,Mokwa,47,Warszawa,Sales,10898,25,False,mid,2021
1589,Kornelia,Mich,23,Rzeszów,Operations,18206,1,False,lead,2025
1590,Janina,Zuziak,40,Warszawa,IT,14786,18,True,mid,2013
1591,Fryderyk,Szczudło,56,Lublin,IT,15998,10,False,senior,2016
1592,Gustaw,Pajdak,26,Wrocław,Operations,12623,3,False,senior,2020
1593,Witold,Grzywnowicz,26,Kraków,Sales,10571,1,False,mid,2010
1594,Wojciech,Malarczyk,47,Gdańsk,Finance,9820,18,True,junior,2023
1595,Cezary,Golda,31,Gdańsk,Marketing,13020,4,False,senior,2021
1596,Fryderyk,Lukas,58,Warszawa,HR,9684,9,True,junior,2011
1597,Marcin,Trochim,30,Warszawa,Operations,8855,8,False,mid,2016
1598,Tobiasz,Grubba,41,Kraków,Support,9155,5,False,mid,2010
1599,Olgierd,Łój,30,Rzeszów,IT,7354,7,False,junior,2022
1600,Tomasz,Kusa,25,Warszawa,Operations,8510,3,False,mid,2012
1601,Norbert,Folga,33,Łódź,IT,17992,8,False,lead,2025
1602,Olgierd,Koniec,60,Kraków,IT,15576,22,False,senior,2021
1603,Jeremi,Noszczyk,52,Rzeszów,IT,11220,8,False,mid,2022
1604,Adrian,Pietryga,28,Kraków,IT,10731,2,False,mid,2017
1605,Daniel,Graś,27,Wrocław,Sales,9925,5,False,mid,2020
1606,Adrianna,Makar,24,Warszawa,IT,14074,0,False,senior,2025
1607,Dagmara,Wilkos,24,Warszawa,Marketing,9899,0,False,mid,2015
1608,Kalina,Małota,48,Poznań,IT,7243,5,False,junior,2021
1609,Szymon,Kośnik,29,Warszawa,Finance,6586,2,False,junior,2020
1610,Maks,Rębiś,23,Lublin,IT,11169,0,False,mid,2011
1611,Tomasz,Habdas,56,Łódź,IT,17928,24,True,senior,2017
1612,Arkadiusz,Tałaj,27,Warszawa,Sales,18998,3,False,lead,2024
1613,Ernest,Wika,30,Poznań,Support,9911,0,False,mid,2021
1614,Aleks,Rzeszut,61,Katowice,Operations,8898,6,False,mid,2014
1615,Tobiasz,Citko,31,Katowice,Marketing,8631,3,False,mid,2017
1616,Karol,Bystrek,36,Łódź,HR,6919,4,False,junior,2018
1617,Melania,Pelka,30,Łódź,Sales,8940,5,False,mid,2022
1618,Anita,Zastawny,62,Rzeszów,IT,14474,3,False,senior,2015
1619,Alan,Trawka,47,Poznań,Operations,7364,10,False,junior,2022
1620,Fryderyk,Mueller,50,Kraków,Finance,10607,6,False,mid,2020
1621,Sebastian,Paściak,43,Katowice,Sales,6195,5,False,junior,2020
1622,Emil,Wałek,55,Wrocław,Sales,6317,16,False,junior,2013
1623,Anastazja,Dworczak,36,Warszawa,Marketing,13623,7,False,senior,2019
1624,Wiktor,Komuda,50,Białystok,Support,8447,13,False,mid,2022
1625,Justyna,Wajdzik,54,Łódź,Operations,6449,12,False,junior,2014
1626,Sandra,Wijata,58,Katowice,Finance,10674,33,False,mid,2015
1627,Karina,Bruś,45,Warszawa,Sales,6422,5,False,junior,2023
1628,Igor,Sadlik,34,Rzeszów,Finance,7637,4,False,junior,2023
1629,Iwo,Paw,52,Łódź,HR,12776,14,True,mid,2019
1630,Anastazja,Moneta,35,Rzeszów,IT,10088,11,False,mid,2025
1631,Konrad,Wasilewicz,32,Warszawa,Finance,9518,3,False,mid,2021
1632,Dominik,Samiec,26,Kraków,Operations,18399,1,False,lead,2014
1633,Emil,Wawszczak,35,Kraków,HR,6632,7,False,junior,2019
1634,Ewa,Kloska,55,Gdańsk,IT,14011,6,False,senior,2024
1635,Fryderyk,Gęca,31,Katowice,Marketing,12367,1,False,senior,2022
1636,Kornel,Szumiło,38,Wrocław,IT,11495,3,False,mid,2019
1637,Józef,Jambor,36,Rzeszów,Sales,7285,8,False,junior,2017
1638,Gaja,Margol,64,Rzeszów,Finance,13647,31,False,senior,2018
1639,Radosław,Salawa,38,Łódź,HR,7552,16,False,mid,2013
1640,Ksawery,Wenda,53,Warszawa,Finance,10498,15,False,mid,2022
1641,Jędrzej,Nagórka,60,Łódź,IT,16903,33,True,senior,2013
1642,Ewa,Lorens,29,Łódź,Support,9312,3,False,mid,2011
1643,Aleks,Siemieńczuk,44,Lublin,Sales,14433,20,False,senior,2023
1644,Marika,Buszko,64,Warszawa,Sales,6997,1,False,junior,2023
1645,Andrzej,Kopyto,23,Kraków,Operations,13018,1,False,senior,2018
1646,Albert,Bak,50,Wrocław,Support,5357,25,False,junior,2016
1647,Kamila,Brejnak,57,Katowice,Marketing,8904,35,False,mid,2025
1648,Oliwier,Letkiewicz,27,Poznań,Operations,9296,2,False,mid,2019
1649,Ksawery,Giel,28,Wrocław,Sales,7367,5,False,junior,2016
1650,Inga,Skotarczak,38,Katowice,Operations,8690,15,False,mid,2020
1651,Krystyna,Łuszczak,23,Kraków,Sales,7013,0,False,junior,2015
1652,Marcelina,Ciastek,47,Warszawa,IT,11157,19,False,mid,2018
1653,Nikodem,Korpal,31,Wrocław,Support,11903,5,True,mid,2012
1654,Aleks,Tyniec,42,Warszawa,Sales,9921,7,False,mid,2010
1655,Krzysztof,Tatarczyk,53,Rzeszów,IT,14384,14,False,senior,2014
1656,Kalina,Beck,22,Warszawa,Sales,7497,0,False,junior,2016
1657,Sonia,Sławik,48,Gdańsk,Sales,14385,5,False,senior,2018
1658,Emil,Drobny,45,Wrocław,Support,9913,8,False,mid,2021
1659,Iwo,Machul,26,Lublin,Marketing,10571,1,False,mid,2014
1660,Marcin,Klorek,28,Łódź,Sales,22274,6,True,lead,2017
1661,Kaja,Imiela,44,Rzeszów,Operations,13102,22,False,senior,2011
1662,Albert,Dybka,51,Gdańsk,IT,9590,19,False,mid,2024
1663,Adrianna,Cieplucha,57,Poznań,Marketing,16651,3,True,senior,2012
1664,Malwina,Turczyk,39,Łódź,Marketing,16746,8,False,lead,2022
1665,Blanka,Kopytko,35,Poznań,Marketing,10534,10,False,mid,2023
1666,Dorota,Kominiak,31,Gdańsk,Operations,16216,8,False,lead,2021
1667,Sandra,Jaszczur,59,Warszawa,IT,14160,7,False,senior,2016
1668,Piotr,Bancerz,37,Warszawa,Support,13059,5,False,senior,2012
1669,Olgierd,Kurczab,28,Rzeszów,Finance,10443,3,False,mid,2014
1670,Julita,Moneta,43,Kraków,Marketing,7246,5,False,junior,2012
1671,Karol,Gieroń,33,Kraków,Support,9091,4,False,mid,2024
1672,Witold,Szok,28,Lublin,IT,8028,4,False,junior,2013
1673,Maks,Szóstak,32,Poznań,IT,17613,0,False,lead,2021
1674,Aleksander,Wojtoń,26,Gdańsk,IT,7914,1,False,junior,2013
1675,Blanka,Dyrek,65,Gdańsk,Operations,8727,9,False,mid,2014
1676,Kornel,Wyroślak,50,Białystok,Operations,8492,0,False,mid,2019
1677,Kornelia,Łuc,40,Warszawa,Sales,10838,3,False,mid,2016
1678,Mateusz,Kazimierczuk,60,Białystok,Support,17944,9,False,lead,2022
1679,Robert,Powierża,50,Warszawa,IT,11510,3,False,mid,2016
1680,Apolonia,Prażuch,47,Białystok,Support,10121,1,False,mid,2013
1681,Eliza,Jachna,55,Kraków,Sales,10978,5,False,mid,2022
1682,Elżbieta,Bortkiewicz,56,Warszawa,Marketing,6946,12,False,junior,2022
1683,Aurelia,Michniak,49,Warszawa,IT,8997,12,False,junior,2022
1684,Adrianna,Pleśniak,41,Katowice,Operations,18160,15,False,lead,2011
1685,Kamila,Wowra,34,Gdańsk,Support,8984,1,False,mid,2011
1686,Julianna,Maciejewicz,56,Kraków,IT,6714,1,False,junior,2023
1687,Nela,Dawidczyk,54,Łódź,IT,11372,11,False,mid,2015
1688,Mieszko,Rybus,36,Łódź,Sales,8863,11,False,mid,2011
1689,Karina,Błaszyk,46,Warszawa,HR,16854,6,False,lead,2015
1690,Gustaw,Bieszke,46,Lublin,IT,10508,7,False,mid,2018
1691,Karol,Fulara,49,Lublin,Sales,9916,21,False,mid,2023
1692,Julian,Żynda,22,Wrocław,Operations,13999,0,False,senior,2018
1693,Fabian,Misiarz,60,Wrocław,Marketing,9113,0,False,mid,2012
1694,Agnieszka,Doroba,62,Białystok,Sales,7140,7,False,junior,2015
1695,Gabriel,Zastawny,38,Kraków,Operations,5489,12,False,junior,2022
1696,Karina,Żynda,34,Poznań,IT,11420,1,False,mid,2025
1697,Lidia,Karyś,28,Lublin,IT,6776,0,False,junior,2017
1698,Monika,Stefankiewicz,49,Katowice,Finance,10562,19,False,mid,2016
1699,Aniela,Rećko,35,Gdańsk,Support,8727,11,False,mid,2015
1700,Krzysztof,Morka,44,Gdańsk,Finance,6695,14,False,junior,2012
1701,Aleksander,Antoszczyk,36,Kraków,Marketing,13004,2,True,mid,2012
1702,Oliwier,Drozda,37,Warszawa,Support,10966,9,True,mid,2023
1703,Cyprian,Skolik,55,Warszawa,Support,8287,1,False,mid,2013
1704,Dominik,Przewłoka,65,Warszawa,IT,8822,14,False,junior,2013
1705,Leon,Cyrulik,36,Gdańsk,IT,11451,12,False,mid,2022
1706,Andrzej,Wiciak,40,Katowice,Marketing,9613,12,False,mid,2024
1707,Tymoteusz,Zaborek,52,Wrocław,Operations,13174,29,False,senior,2015
1708,Damian,Folta,46,Wrocław,IT,14089,8,False,senior,2011
1709,Melania,Rejmer,51,Poznań,IT,14945,13,False,senior,2016
1710,Marcelina,Płócienniczak,47,Wrocław,Finance,14398,13,False,senior,2021
1711,Olga,Zontek,43,Warszawa,Sales,9582,10,False,mid,2016
1712,Daniel,Dadej,64,Wrocław,Operations,9535,39,False,mid,2019
1713,Kornelia,Wołkowicz,35,Warszawa,Marketing,6888,6,False,junior,2011
1714,Antoni,Wojniak,34,Białystok,Marketing,9968,3,False,mid,2015
1715,Konrad,Olearczyk,50,Wrocław,Marketing,10507,0,False,mid,2014
1716,Tola,Kiełbus,63,Katowice,IT,10506,25,False,mid,2014
1717,Tobiasz,Kondej,53,Katowice,Sales,8944,20,False,mid,2013
1718,Bruno,Zarzeczna,26,Białystok,Operations,5368,0,False,junior,2020
1719,Konstanty,Dzienniak,44,Rzeszów,HR,15792,6,True,senior,2024
1720,Wiktor,Roś,52,Kraków,IT,14122,10,False,senior,2015
1721,Paweł,Tyczka,48,Gdańsk,IT,11423,3,False,mid,2018
1722,Julita,Lenda,37,Warszawa,Finance,9055,3,False,mid,2022
1723,Dariusz,Grygorowicz,52,Katowice,Sales,10284,12,False,mid,2024
1724,Konrad,Barej,59,Białystok,Support,7021,36,False,junior,2021
1725,Oliwier,Linke,43,Warszawa,IT,15112,2,False,senior,2014
1726,Marika,Amanowicz,29,Kraków,Marketing,16540,3,False,lead,2021
1727,Jędrzej,Habdas,60,Białystok,Finance,6535,31,False,junior,2016
1728,Tobiasz,Domowicz,54,Białystok,IT,18183,17,False,lead,2011
1729,Kamila,Miksza,63,Kraków,Support,12817,15,False,senior,2024
1730,Oliwier,Andrearczyk,64,Warszawa,Operations,8043,5,False,mid,2010
1731,Maks,Ptok,41,Poznań,Finance,6607,12,False,junior,2022
1732,Róża,Chromy,43,Lublin,Operations,13401,11,False,senior,2014
1733,Tymoteusz,Ciaś,44,Poznań,HR,7847,8,False,mid,2020
1734,Radosław,Pasich,54,Warszawa,Marketing,5925,7,False,junior,2021
1735,Tola,Więckiewicz,26,Kraków,IT,12555,1,True,mid,2020
1736,Łukasz,Rudzik,61,Gdańsk,Operations,6355,4,False,junior,2013
1737,Ignacy,Kamieniarz,61,Warszawa,Support,5460,7,False,junior,2012
1738,Norbert,Strzępek,27,Łódź,IT,11084,0,False,mid,2020
1739,Grzegorz,Ścibior,62,Lublin,Marketing,5962,33,False,junior,2025
1740,Julian,Pitura,40,Warszawa,IT,17220,18,True,senior,2016
1741,Tobiasz,Szram,38,Gdańsk,IT,13810,4,False,senior,2016
1742,Gaja,Wołoch,33,Kraków,Finance,13715,5,False,senior,2023
1743,Aurelia,Duczek,54,Kraków,HR,4528,18,False,junior,2018
1744,Kaja,Mich,40,Warszawa,HR,6261,5,False,junior,2012
1745,Ada,Wyrwich,65,Katowice,IT,7980,28,False,junior,2012
1746,Julita,Kuczaj,58,Kraków,Finance,14017,16,False,senior,2025
1747,Tymoteusz,Porzucek,41,Rzeszów,IT,9674,15,False,mid,2021
1748,Leon,Misiejuk,48,Kraków,Operations,13651,14,False,senior,2024
1749,Stefan,Chwedoruk,51,Katowice,Finance,6071,14,False,junior,2020
1750,Daniel,Sura,46,Wrocław,Finance,6207,20,False,junior,2014
1751,Aniela,Cebulak,59,Warszawa,Sales,6610,11,False,junior,2010
1752,Mikołaj,Hanas,53,Lublin,Operations,5778,25,False,junior,2025
1753,Maurycy,Rychel,60,Rzeszów,IT,9744,31,False,mid,2021
1754,Ada,Engel,28,Łódź,Sales,18924,0,False,lead,2025
1755,Eryk,Dulik,35,Rzeszów,Sales,10072,6,False,mid,2023
1756,Ernest,Mordal,61,Poznań,HR,8024,7,False,mid,2021
1757,Dorota,Bisaga,58,Wrocław,Finance,6836,30,False,junior,2017
1758,Anastazja,Mytych,42,Rzeszów,Operations,18364,20,False,lead,2020
1759,Marika,Ciochoń,34,Katowice,Sales,19228,2,False,lead,2017
1760,Sara,Wołoszyk,37,Białystok,HR,9073,15,False,mid,2014
1761,Leon,Bohdanowicz,61,Poznań,Sales,6889,20,False,junior,2012
1762,Sylwia,Malewicz,50,Katowice,HR,11741,12,False,senior,2025
1763,Borys,Rusiniak,37,Kraków,Operations,8598,7,False,mid,2018
1764,Filip,Miszkiel,42,Gdańsk,Sales,17570,15,False,lead,2013
1765,Artur,Rapa,40,Warszawa,Operations,13540,1,False,senior,2023
1766,Stefan,Rozum,22,Warszawa,IT,8226,0,False,junior,2012
1767,Róża,Pera,45,Rzeszów,Finance,13142,14,False,senior,2024
1768,Anastazja,Salach,42,Wrocław,IT,18666,3,False,lead,2015
1769,Apolonia,Mikusek,59,Warszawa,IT,11454,8,False,mid,2021
1770,Anita,Początek,31,Wrocław,IT,14826,5,False,senior,2022
1771,Cezary,Berek,33,Katowice,Sales,11128,5,False,mid,2011
1772,Inga,Wizner,54,Łódź,Sales,13373,3,False,senior,2014
1773,Dariusz,Bilik,28,Łódź,IT,7962,4,False,junior,2020
1774,Maciej,Wiza,27,Warszawa,Finance,13205,3,True,mid,2022
1775,Monika,Styrna,31,Lublin,Finance,16568,8,True,senior,2017
1776,Przemysław,Drewicz,37,Gdańsk,IT,10423,1,False,mid,2025
1777,Paweł,Łupina,24,Kraków,IT,8550,0,False,junior,2020
1778,Witold,Brudny,42,Łódź,IT,15516,12,False,senior,2010
1779,Filip,Mirończuk,64,Warszawa,Sales,11186,26,False,mid,2025
1780,Błażej,Swaczyna,22,Gdańsk,Finance,13172,0,False,senior,2022
1781,Dawid,Świerkot,35,Białystok,Marketing,10478,2,False,mid,2021
1782,Ignacy,Wykręt,54,Warszawa,Sales,7139,24,False,junior,2018
1783,Marek,Szela,47,Wrocław,Finance,10596,3,False,mid,2022
1784,Julianna,Goik,35,Wrocław,IT,7342,2,False,junior,2016
1785,Nataniel,Serwach,58,Łódź,Operations,13478,19,False,senior,2024
1786,Marianna,Krzywonos,25,Lublin,HR,8769,1,False,mid,2010
1787,Sebastian,Wrochna,35,Kraków,Sales,7140,13,False,junior,2024
1788,Gabriel,Dąbroś,47,Białystok,Sales,13817,19,False,senior,2012
1789,Gabriel,Łacina,61,Lublin,Sales,13923,6,False,senior,2010
1790,Stanisław,Behrendt,41,Gdańsk,IT,13381,14,True,mid,2016
1791,Nataniel,Dunal,49,Warszawa,Finance,15643,23,True,senior,2013
1792,Konstanty,Niksa,41,Białystok,Operations,5838,4,False,junior,2013
1793,Julita,Moroń,62,Białystok,IT,17461,1,True,senior,2024
1794,Kazimierz,Dyda,59,Warszawa,Sales,9427,35,True,junior,2016
1795,Aleks,Bartoś,26,Warszawa,Sales,10489,3,False,mid,2015
1796,Anita,Gałat,22,Rzeszów,Operations,9962,0,False,mid,2016
1797,Ida,Gładka,39,Rzeszów,IT,9507,0,False,mid,2011
1798,Patryk,Rduch,58,Łódź,Operations,8193,27,False,mid,2019
1799,Klara,Zeman,45,Wrocław,Sales,10320,2,False,mid,2014
1800,Jacek,Maślach,42,Warszawa,Finance,9923,20,False,mid,2019
1801,Hubert,Kurczab,31,Wrocław,Support,11737,7,True,mid,2014
1802,Adrian,Breguła,43,Wrocław,Sales,8975,11,False,mid,2020
1803,Tymon,Mytnik,54,Poznań,Operations,10349,9,False,mid,2014
1804,Kazimierz,Pikula,35,Warszawa,Finance,13553,13,True,mid,2011
1805,Witold,Koniec,55,Kraków,Sales,9728,6,False,mid,2020
1806,Kamila,Pyrkosz,53,Lublin,Finance,10642,7,False,mid,2022
1807,Julian,Orzeszek,36,Wrocław,Marketing,13058,9,True,mid,2014
1808,Cezary,Siewiera,34,Katowice,Sales,9391,11,True,junior,2012
1809,Urszula,Strug,41,Kraków,IT,14282,7,False,senior,2010
1810,Aniela,Sawko,23,Warszawa,Operations,5274,0,False,junior,2018
1811,Tomasz,Helman,50,Wrocław,Finance,9729,3,False,mid,2020
1812,Ida,Bittner,46,Wrocław,Sales,8230,11,False,junior,2011
1813,Konstanty,Leszcz,65,Poznań,Finance,18439,31,False,lead,2022
1814,Leonard,Gawliczek,56,Gdańsk,Operations,10008,6,False,mid,2010
1815,Ada,Job,46,Katowice,IT,17877,1,False,lead,2012
1816,Elżbieta,Pietrasiak,37,Katowice,IT,9640,3,False,mid,2020
1817,Tomasz,Jędra,41,Lublin,IT,13542,17,False,senior,2014
1818,Róża,Krzysztoszek,59,Wrocław,Sales,19114,1,False,lead,2022
1819,Maurycy,Nieradzik,56,Warszawa,Sales,7650,3,False,junior,2019
1820,Wiktor,Czulak,32,Kraków,IT,6814,0,False,junior,2016
1821,Ewelina,Joszko,52,Wrocław,Marketing,5923,15,False,junior,2022
1822,Przemysław,Kiełbus,24,Kraków,Marketing,6136,1,False,junior,2024
1823,Bruno,Kuza,29,Warszawa,Support,4796,1,False,junior,2024
1824,Cezary,Jędrasiak,53,Wrocław,Marketing,13708,23,False,senior,2013
1825,Ryszard,Rogal,48,Wrocław,Marketing,8557,15,True,junior,2018
1826,Krystyna,Mijas,64,Poznań,IT,10063,22,False,mid,2013
1827,Adrian,Matwiejczyk,23,Warszawa,IT,8736,0,False,junior,2021
1828,Ada,Oczkowicz,57,Rzeszów,Marketing,8674,16,False,mid,2011
1829,Cyprian,Głowienka,36,Warszawa,Marketing,8445,3,True,junior,2010
1830,Franciszek,Jankowicz,29,Warszawa,Operations,8998,4,False,mid,2025
1831,Oskar,Franków,35,Poznań,IT,11765,3,False,mid,2012
1832,Róża,Marcol,31,Warszawa,Marketing,12497,2,False,senior,2015
1833,Marcel,Złotek,37,Wrocław,IT,13744,13,False,senior,2023
1834,Damian,Krzyszczak,24,Warszawa,Marketing,13800,1,False,senior,2024
1835,Agnieszka,Dzienis,60,Warszawa,Sales,14465,14,False,senior,2015
1836,Marianna,Garncarek,37,Warszawa,Sales,11100,9,False,mid,2012
1837,Adrian,Oleśkiewicz,31,Wrocław,Finance,9898,0,False,mid,2019
1838,Emil,Miśkowiec,56,Lublin,Finance,18914,20,False,lead,2014
1839,Jacek,Deluga,52,Poznań,HR,4757,10,False,junior,2018
1840,Olgierd,Suda,62,Lublin,Sales,18127,17,False,lead,2017
1841,Karol,Doroszkiewicz,58,Kraków,Operations,9685,12,False,mid,2018
1842,Leon,Wesoły,38,Warszawa,Sales,10008,13,False,mid,2016
1843,Ewa,Korgul,65,Poznań,HR,9882,43,False,mid,2015
1844,Norbert,Mizia,29,Warszawa,Operations,8749,4,False,mid,2025
1845,Jerzy,Ofiara,45,Łódź,Support,9098,7,False,mid,2014
1846,Tomasz,Imiołczyk,38,Rzeszów,Operations,5013,2,False,junior,2012
1847,Patryk,Szlaga,34,Białystok,Finance,18890,12,False,lead,2018
1848,Bruno,Kapuścik,54,Warszawa,Finance,7938,26,False,junior,2013
1849,Igor,Grys,52,Warszawa,IT,9723,13,False,mid,2011
1850,Tola,Pakos,26,Poznań,IT,11233,2,True,junior,2016
1851,Eliza,Malcharek,24,Warszawa,HR,8635,2,False,mid,2019
1852,Sara,Sroga,49,Gdańsk,Sales,8063,7,False,junior,2021
1853,Mateusz,Durczok,37,Gdańsk,Marketing,6769,4,False,junior,2016
1854,Cyprian,Leoniuk,56,Warszawa,Marketing,17304,1,False,lead,2025
1855,Ignacy,Kuster,29,Wrocław,IT,7210,1,False,junior,2017
1856,Kaja,Tadla,39,Łódź,Finance,7083,3,False,junior,2024
1857,Adrian,Burkiewicz,35,Warszawa,Marketing,6774,3,False,junior,2022
1858,Wojciech,Kosela,23,Łódź,Finance,6902,1,False,junior,2020
1859,Ernest,Strzyż,23,Wrocław,Finance,9091,1,False,mid,2012
1860,Paweł,Tokarek,60,Wrocław,IT,7622,24,False,junior,2017
1861,Jędrzej,Zmuda,40,Lublin,Support,10007,7,False,mid,2017
1862,Radosław,Rosłon,63,Katowice,Finance,10060,4,False,mid,2010
1863,Fryderyk,Mszyca,53,Białystok,IT,14436,27,False,senior,2018
1864,Łukasz,Toma,45,Warszawa,Operations,10453,8,False,mid,2016
1865,Julian,Mućka,24,Katowice,IT,9878,1,False,mid,2011
1866,Liwia,Tórz,38,Kraków,IT,11285,2,False,mid,2018
1867,Mateusz,Kuzior,33,Warszawa,IT,9713,3,False,mid,2015
1868,Leon,Wawrzyńczyk,40,Wrocław,IT,13300,17,True,mid,2012
1869,Nataniel,Piechna,26,Katowice,Sales,8066,0,False,junior,2021
1870,Bruno,Robaszkiewicz,33,Warszawa,Operations,8703,2,False,mid,2018
1871,Krystian,Giersz,54,Białystok,Finance,10421,1,False,mid,2014
1872,Sara,Łuckiewicz,30,Lublin,Sales,13806,3,False,senior,2024
1873,Przemysław,Śmieszek,33,Kraków,Sales,6074,11,False,junior,2022
1874,Oskar,Gągała,30,Poznań,Sales,8054,0,False,junior,2022
1875,Marcel,Żywica,55,Białystok,Finance,18159,29,False,lead,2018
1876,Ernest,Wojtaszczyk,55,Lublin,IT,9800,26,True,junior,2021
1877,Marianna,Sura,41,Wrocław,Finance,9788,3,False,mid,2025
1878,Sebastian,Powązka,34,Wrocław,Sales,8218,12,False,junior,2014
1879,Jacek,Jarka,63,Warszawa,Support,8735,19,False,mid,2025
1880,Karol,Krekora,47,Wrocław,IT,13710,14,False,senior,2017
1881,Bianka,Czuj,31,Warszawa,Finance,7275,1,False,junior,2012
1882,Ryszard,Ficoń,60,Poznań,Sales,10763,18,False,mid,2012
1883,Szymon,Dytrych,44,Białystok,IT,7097,10,False,junior,2018
1884,Emil,Fronczek,25,Gdańsk,Finance,9868,0,False,mid,2024
1885,Eliza,Czapiga,44,Wrocław,Operations,9795,19,False,mid,2025
1886,Apolonia,Kolarz,49,Łódź,Sales,10872,24,False,mid,2012
1887,Kamila,Kapera,31,Łódź,Marketing,8789,6,False,mid,2014
1888,Mikołaj,Gosik,34,Kraków,IT,12549,1,True,mid,2014
1889,Tadeusz,Karaśkiewicz,34,Wrocław,Operations,10240,6,False,mid,2018
1890,Ernest,Rabiej,35,Warszawa,IT,17770,0,False,lead,2017
1891,Tadeusz,Zadka,51,Białystok,Sales,21682,29,True,lead,2020
1892,Gaja,Matyka,61,Rzeszów,HR,12854,23,False,senior,2020
1893,Liwia,Kobel,55,Lublin,Sales,11232,9,False,mid,2017
1894,Bartek,Sadlik,36,Poznań,HR,6543,13,False,junior,2022
1895,Alex,Broś,25,Kraków,Operations,12896,2,False,senior,2017
1896,Tobiasz,Siewert,51,Warszawa,Sales,7437,28,False,junior,2023
1897,Nicole,Browarczyk,58,Kraków,Sales,6071,21,False,junior,2020
1898,Dariusz,Styrna,25,Wrocław,Finance,9867,3,False,mid,2021
1899,Tymoteusz,Husak,29,Lublin,Sales,8210,4,False,junior,2016
1900,Natasza,Wyłupek,47,Kraków,Sales,13452,13,False,senior,2020
1901,Wojciech,Ruszczak,59,Warszawa,IT,14114,24,False,senior,2023
1902,Julianna,Prucnal,53,Katowice,Marketing,16410,5,False,lead,2010
1903,Bartek,Michnik,52,Kraków,Operations,6463,5,False,junior,2012
1904,Przemysław,Brach,24,Kraków,IT,13661,0,False,senior,2010
1905,Stanisław,Imiela,34,Wrocław,Support,10130,12,True,junior,2019
1906,Ewa,Lelito,61,Gdańsk,IT,7564,33,False,junior,2015
1907,Stefan,Kociemba,63,Gdańsk,Marketing,9587,32,True,junior,2015
1908,Nela,Cymbała,52,Rzeszów,HR,9142,25,False,mid,2023
1909,Urszula,Sypek,37,Warszawa,Finance,8650,9,False,mid,2012
1910,Blanka,Kawula,25,Rzeszów,IT,7657,0,False,junior,2020
1911,Julita,Rapa,42,Poznań,Finance,7761,18,False,junior,2019
1912,Marcin,Lang,35,Wrocław,Finance,8700,7,False,mid,2011
1913,Karol,Lament,38,Poznań,Marketing,6525,12,False,junior,2024
1914,Maksymilian,Knapek,30,Łódź,Marketing,14520,5,False,senior,2015
1915,Gabriel,Słoka,22,Wrocław,Sales,17406,0,False,lead,2011
1916,Marcin,Heinrich,30,Poznań,HR,8239,3,False,mid,2023
1917,Arkadiusz,Suszka,24,Łódź,Operations,8011,0,False,mid,2013
1918,Julianna,Wasyluk,52,Poznań,IT,15568,24,False,senior,2018
1919,Wiktor,Korzekwa,55,Rzeszów,Sales,14581,25,False,senior,2011
1920,Justyna,Korbut,51,Kraków,Support,8865,23,False,mid,2020
1921,Tadeusz,Drygas,23,Rzeszów,IT,11209,1,False,mid,2024
1922,Andrzej,Palus,60,Kraków,Sales,7029,36,False,junior,2011
1923,Justyna,Fulara,36,Kraków,HR,15666,10,False,lead,2017
1924,Agnieszka,Bogusiewicz,50,Wrocław,Support,8820,7,False,mid,2023
1925,Adam,Strycharz,23,Łódź,Sales,14987,1,False,senior,2019
1926,Tymoteusz,Kostro,29,Wrocław,Marketing,17020,3,False,lead,2010
1927,Bartek,Jasina,65,Łódź,Support,8231,27,True,junior,2018
1928,Sebastian,Kurczab,32,Kraków,IT,7171,10,False,junior,2021
1929,Mateusz,Sumera,28,Kraków,Sales,17080,6,False,lead,2012
1930,Sonia,Wysota,31,Warszawa,IT,14606,1,False,senior,2015
1931,Angelika,Bluszcz,29,Poznań,Operations,10092,7,False,mid,2013
1932,Robert,Kumorek,52,Katowice,Finance,12222,21,True,mid,2022
1933,Mariusz,Cyganik,34,Łódź,Support,16053,8,False,lead,2012
1934,Cezary,Kostorz,32,Poznań,Marketing,9639,2,False,mid,2010
1935,Ignacy,Miros,43,Wrocław,Operations,13648,12,False,senior,2016
1936,Antoni,Grzenia,32,Poznań,Sales,9728,3,False,mid,2025
1937,Marianna,Białk,57,Gdańsk,IT,14355,29,True,mid,2016
1938,Anna Maria,Morys,22,Łódź,Finance,5530,0,False,junior,2020
1939,Błażej,Królikiewicz,51,Warszawa,Sales,8228,2,False,junior,2014
1940,Aurelia,Stein,52,Poznań,Marketing,11333,15,True,mid,2020
1941,Igor,Chowaniak,37,Wrocław,IT,13729,9,True,mid,2014
1942,Agnieszka,Pitura,38,Kraków,Operations,18174,12,False,lead,2021
1943,Olgierd,Gołek,26,Kraków,IT,10842,3,False,mid,2015
1944,Sonia,Matula,27,Gdańsk,Operations,16389,1,False,lead,2018
1945,Nicole,Kumorek,43,Warszawa,IT,14448,10,False,senior,2011
1946,Leonard,Snoch,39,Poznań,Sales,15048,9,False,senior,2019
1947,Juliusz,Nijak,57,Wrocław,Support,6421,19,False,junior,2012
1948,Paweł,Głowienka,64,Warszawa,IT,8909,21,False,junior,2010
1949,Anita,Maziarczyk,28,Katowice,Finance,9150,3,True,junior,2017
1950,Oliwier,Szajna,27,Łódź,Sales,5868,2,False,junior,2025
1951,Apolonia,Pietrasiak,35,Warszawa,Support,13787,11,False,senior,2017
1952,Aleksander,Sarota,48,Lublin,Sales,9568,0,False,mid,2025
1953,Bartek,Szyca,57,Warszawa,Marketing,7361,15,False,junior,2019
1954,Aleksander,Opyrchał,44,Gdańsk,Support,8720,4,False,mid,2013
1955,Dariusz,Noculak,48,Poznań,Support,8483,8,False,mid,2018
1956,Krystian,Komsta,30,Gdańsk,Support,11864,2,False,senior,2017
1957,Piotr,Martin,37,Łódź,IT,13961,1,False,senior,2010
1958,Sandra,Dzierwa,63,Lublin,IT,17345,13,True,senior,2024
1959,Kazimierz,Krekora,31,Katowice,Operations,13683,2,False,senior,2022
1960,Urszula,Majczyna,64,Wrocław,IT,10346,33,False,mid,2022
1961,Alex,Gmur,44,Lublin,Marketing,13321,6,False,senior,2023
1962,Igor,Sot,25,Wrocław,IT,6744,2,False,junior,2024
1963,Mariusz,Kostro,55,Warszawa,HR,5225,18,False,junior,2023
1964,Nela,Tekiela,22,Poznań,Sales,13718,0,False,senior,2024
1965,Mikołaj,Filus,34,Lublin,Support,13667,11,False,senior,2017
1966,Artur,Bochnia,50,Katowice,Sales,8059,28,False,junior,2014
1967,Eliza,Jankowicz,29,Poznań,Marketing,14315,4,False,senior,2019
1968,Blanka,Fornalik,47,Rzeszów,IT,7532,0,False,junior,2017
1969,Roksana,Ziegert,64,Gdańsk,Support,13735,35,False,senior,2010
1970,Ryszard,Mszyca,31,Łódź,Sales,8805,0,False,mid,2025
1971,Fabian,Job,34,Kraków,Marketing,6313,2,False,junior,2016
1972,Dawid,Lewek,62,Rzeszów,Sales,10356,25,False,mid,2025
1973,Agnieszka,Lorenz,61,Kraków,Operations,12987,12,False,senior,2020
1974,Leonard,Bubak,53,Gdańsk,Marketing,11761,14,True,mid,2017
1975,Aleks,Letkiewicz,48,Wrocław,Support,9946,1,True,junior,2024
1976,Emil,Trochim,30,Warszawa,IT,15906,3,False,senior,2023
1977,Andrzej,Musiolik,29,Białystok,Operations,11969,4,True,mid,2013
1978,Leonard,Kolendo,27,Poznań,Sales,12980,2,False,senior,2025
1979,Anastazja,Wygoda,39,Katowice,Marketing,7205,17,False,junior,2016
1980,Konrad,Pela,48,Poznań,IT,6500,10,False,junior,2023
1981,Inga,Parkitna,44,Gdańsk,IT,15841,11,False,senior,2010
1982,Andrzej,Krysik,64,Lublin,IT,10234,17,True,junior,2016
1983,Jan,Wyroba,35,Wrocław,Marketing,5750,3,False,junior,2011
1984,Szymon,Starzak,29,Katowice,Marketing,9968,3,False,mid,2014
1985,Rozalia,Duszczyk,26,Warszawa,Finance,10221,1,False,mid,2013
1986,Mateusz,Grzenia,27,Warszawa,IT,7180,1,False,junior,2018
1987,Jakub,Gemza,55,Białystok,Operations,17351,33,False,lead,2024
1988,Albert,Szmagaj,32,Gdańsk,Support,9523,9,False,mid,2018
1989,Norbert,Uliasz,42,Białystok,Operations,8803,8,False,mid,2022
1990,Gabriel,Świt,40,Wrocław,IT,14019,12,False,senior,2011
1991,Marek,Getka,36,Rzeszów,IT,15878,11,False,senior,2014
1992,Marika,Jędruch,25,Kraków,IT,11582,1,False,mid,2012
1993,Julian,Morgała,37,Poznań,HR,8057,2,False,mid,2015
1994,Konstanty,Gruszczyk,24,Lublin,IT,9866,1,False,mid,2014
1995,Aleksander,Rusnak,61,Łódź,Sales,7118,28,False,junior,2024
1996,Angelika,Ziółko,32,Lublin,IT,6611,10,False,junior,2010
1997,Mariusz,Łapot,23,Katowice,Operations,8338,0,False,mid,2016
1998,Karol,Kudełka,52,Wrocław,Operations,12234,30,False,senior,2010
1999,Patryk,Składanek,31,Łódź,Operations,9187,5,False,mid,2019
2000,Łukasz,Jajko,38,Lublin,Sales,7752,5,False,junior,2019
2001,Kamila,Koj,53,Lublin,HR,4673,4,False,junior,2020
2002,Tola,Adamiuk,46,Wrocław,IT,6511,15,False,junior,2018
2003,Stanisław,Roszko,37,Kraków,Finance,10671,12,False,mid,2014
2004,Adrian,Ufnal,47,Kraków,IT,10433,12,False,mid,2020
2005,Aleks,Kasica,45,Kraków,IT,6671,21,False,junior,2011
2006,Jędrzej,Krata,62,Warszawa,Finance,7786,30,False,junior,2024
2007,Kamila,Wichary,61,Warszawa,Sales,14953,22,False,senior,2015
2008,Arkadiusz,Jędruszczak,30,Katowice,Support,5735,1,False,junior,2013
2009,Aniela,Borysiuk,57,Kraków,Marketing,12926,33,False,senior,2025
2010,Jerzy,Ślęczka,53,Wrocław,Marketing,8462,15,False,mid,2022
2011,Ksawery,Margol,39,Warszawa,Marketing,6408,7,False,junior,2015
2012,Janina,Kandzia,55,Warszawa,IT,10034,19,False,mid,2021
2013,Marcin,Pindor,55,Kraków,Operations,8167,27,True,junior,2022
2014,Leon,Olearczyk,40,Rzeszów,Finance,5673,12,False,junior,2015
2015,Roksana,Bartel,47,Łódź,HR,5703,25,False,junior,2016
2016,Kalina,Pizoń,23,Kraków,Operations,10101,0,False,mid,2010
2017,Julita,Budzyń,36,Kraków,Marketing,6328,11,False,junior,2020
2018,Nikodem,Terka,30,Łódź,Marketing,9386,7,False,mid,2011
2019,Norbert,Szramka,40,Warszawa,Support,5495,7,False,junior,2018
2020,Błażej,Sorbian,59,Warszawa,Marketing,12618,20,False,senior,2012
2021,Ignacy,Wiech,28,Poznań,Marketing,10429,5,False,mid,2011
2022,Damian,Smyl,60,Warszawa,Marketing,5751,12,False,junior,2022
2023,Emil,Sibiga,63,Warszawa,Finance,19814,20,True,lead,2012
2024,Maciej,Wołos,61,Rzeszów,Support,12750,32,True,mid,2023
2025,Arkadiusz,Kochel,57,Warszawa,IT,13620,33,False,senior,2013
2026,Tomasz,Niedbał,43,Warszawa,Sales,6801,13,False,junior,2022
2027,Witold,Goliszek,43,Poznań,Marketing,10641,15,False,mid,2013
2028,Ewa,Józwik,48,Łódź,Finance,13916,0,False,senior,2014
2029,Franciszek,Przewłoka,25,Warszawa,IT,11855,0,False,mid,2019
2030,Radosław,Szykuła,28,Kraków,Sales,5908,4,False,junior,2014
2031,Tymoteusz,Bachanek,48,Łódź,Support,6771,6,False,junior,2014
2032,Olga,Seweryniak,26,Kraków,Finance,11649,1,True,mid,2019
2033,Aniela,Romankiewicz,30,Białystok,IT,9587,8,False,mid,2020
2034,Krystyna,Synak,37,Wrocław,Support,17827,15,False,lead,2013
2035,Patryk,Szaruga,29,Lublin,Support,7926,2,False,mid,2016
2036,Paweł,Grębowiec,45,Gdańsk,Operations,9582,12,False,mid,2014
2037,Sebastian,Bulczak,65,Białystok,IT,7395,29,False,junior,2018
2038,Bartek,Hamera,43,Wrocław,Sales,6245,11,False,junior,2025
2039,Borys,Świerszcz,62,Gdańsk,Support,9848,31,False,mid,2018
2040,Konrad,Startek,40,Kraków,Sales,7632,1,False,junior,2016
2041,Blanka,Cetera,43,Lublin,Support,6865,9,False,junior,2014
2042,Karol,Tolak,48,Łódź,Sales,6219,1,False,junior,2021
2043,Julianna,Bek,50,Gdańsk,IT,11812,22,False,mid,2012
2044,Igor,Linek,40,Białystok,Marketing,9245,9,False,mid,2015
2045,Wiktor,Kliber,47,Gdańsk,Support,10045,24,False,mid,2022
2046,Sara,Kowalówka,64,Gdańsk,Marketing,14068,18,False,senior,2012
2047,Hubert,Mainka,55,Katowice,Sales,8129,18,False,junior,2017
2048,Kornel,Plaskota,31,Kraków,Operations,10332,5,False,mid,2016
2049,Maciej,Bazyluk,33,Lublin,Operations,5578,3,False,junior,2023
2050,Franciszek,Rozum,47,Białystok,Finance,10785,18,False,mid,2025
2051,Anita,Matyjas,31,Wrocław,Finance,10310,6,False,mid,2015
2052,Ewa,Chowaniak,35,Rzeszów,IT,10834,4,False,mid,2021
2053,Antoni,Ostafin,63,Poznań,Marketing,12271,15,False,senior,2019
2054,Marianna,Fedorczyk,22,Lublin,IT,19819,0,False,lead,2023
2055,Maks,Kozłowicz,43,Lublin,IT,10969,0,False,mid,2014
2056,Daniel,Latek,49,Katowice,Finance,7166,21,False,junior,2012
2057,Konstanty,Krzan,35,Katowice,IT,10096,0,False,mid,2016
2058,Krystian,Klucznik,55,Rzeszów,Marketing,8986,20,False,mid,2018
2059,Andrzej,Chachaj,47,Gdańsk,Operations,6113,17,False,junior,2011
2060,Gustaw,Grosz,23,Kraków,IT,11278,0,False,mid,2022
2061,Klara,Kwapisiewicz,46,Warszawa,Support,16527,2,False,lead,2012
2062,Krystyna,Wenda,27,Gdańsk,Operations,5104,5,False,junior,2011
2063,Stanisław,Malcher,26,Gdańsk,HR,9984,3,False,mid,2012
2064,Konstanty,Noculak,42,Katowice,Operations,10385,1,False,mid,2024
2065,Sebastian,Klaja,63,Warszawa,Finance,9606,26,False,mid,2010
2066,Ksawery,Dynia,53,Kraków,IT,11339,28,False,mid,2014
2067,Anna Maria,Lubera,47,Łódź,Sales,15075,24,False,senior,2012
2068,Inga,Joniak,53,Białystok,Support,18164,30,False,lead,2012
2069,Kacper,Pietraś,38,Poznań,Sales,12599,0,True,mid,2016
2070,Maurycy,Huczek,34,Białystok,Support,5401,7,False,junior,2016
2071,Inga,Kucewicz,44,Poznań,IT,10172,12,True,junior,2013
2072,Ada,Basista,27,Wrocław,IT,8602,4,False,junior,2020
2073,Sylwia,Ornat,30,Gdańsk,HR,8393,7,False,mid,2024
2074,Kazimierz,Wódka,26,Kraków,IT,8870,4,False,junior,2020
2075,Jeremi,Skotarczak,25,Kraków,IT,15266,1,False,senior,2018
2076,Szymon,Rećko,40,Warszawa,HR,9426,1,True,junior,2013
2077,Gaja,Rup,31,Poznań,Sales,13107,7,False,senior,2010
2078,Antoni,Szumna,32,Poznań,Operations,5747,10,False,junior,2013
2079,Konstanty,Franczuk,62,Białystok,Finance,6893,12,False,junior,2025
2080,Natasza,Wośko,65,Katowice,Operations,10209,38,False,mid,2017
2081,Maurycy,Maszkiewicz,29,Rzeszów,Finance,10844,2,False,mid,2024
2082,Janina,Warchał,23,Gdańsk,Marketing,12687,1,False,senior,2024
2083,Damian,Śleziak,52,Lublin,Sales,7922,22,False,junior,2014
2084,Witold,Moczko,22,Wrocław,IT,14200,0,False,senior,2015
2085,Tadeusz,Wojsa,36,Łódź,IT,10999,10,False,mid,2010
2086,Ewelina,Rozumek,43,Białystok,Marketing,16815,17,False,lead,2012
2087,Adam,Szoka,55,Gdańsk,HR,6370,11,False,junior,2011
2088,Borys,Buszko,57,Kraków,Finance,13682,34,False,senior,2010
2089,Tobiasz,Litwa,32,Warszawa,HR,16978,2,True,senior,2017
2090,Tymoteusz,Latuszek,64,Łódź,Marketing,9395,34,False,mid,2014
2091,Marek,Gałęza,41,Katowice,Sales,9144,19,False,mid,2019
2092,Alex,Hutyra,44,Poznań,Support,7846,14,False,mid,2024
2093,Maurycy,Kolendo,27,Kraków,Sales,18756,2,False,lead,2016
2094,Antoni,Koćwin,56,Gdańsk,HR,4760,11,False,junior,2024
2095,Maks,Adamiuk,53,Warszawa,Sales,10871,31,False,mid,2025
2096,Sylwia,Garczarek,31,Gdańsk,Sales,10979,2,False,mid,2020
2097,Sylwia,Kulisz,65,Gdańsk,Marketing,6710,33,False,junior,2011
2098,Anastazja,Bilik,39,Lublin,Marketing,9559,0,False,mid,2024
2099,Fabian,Chlebek,58,Warszawa,HR,5903,2,False,junior,2021
2100,Marika,Pytlarz,39,Poznań,Finance,6074,8,False,junior,2021
2101,Tomasz,Waniek,61,Kraków,Support,7059,18,False,junior,2018
2102,Jerzy,Stuglik,47,Warszawa,Support,12122,7,False,senior,2020
2103,Borys,Danilczuk,47,Łódź,Support,6083,5,False,junior,2025
2104,Anna Maria,Aleksa,33,Rzeszów,IT,10407,5,False,mid,2017
2105,Jakub,Trzpil,43,Łódź,IT,11566,16,False,mid,2013
2106,Ksawery,Dziugieł,57,Warszawa,Sales,10382,25,False,mid,2020
2107,Adrian,Ignatiuk,23,Katowice,HR,11531,1,False,senior,2016
2108,Kajetan,Dryka,41,Łódź,Sales,6263,19,False,junior,2025
2109,Kazimierz,Mejer,60,Warszawa,Operations,5966,30,False,junior,2018
2110,Michał,Radzewicz,24,Warszawa,HR,13358,0,False,senior,2013
2111,Julianna,Osojca,42,Warszawa,IT,7378,10,False,junior,2023
2112,Julian,Dziwak,52,Poznań,IT,14799,23,False,senior,2011
2113,Kamil,Łaszczyk,23,Warszawa,Operations,17161,1,False,lead,2012
2114,Anna Maria,Siewert,24,Wrocław,Sales,8223,1,False,junior,2025
2115,Dariusz,Młyńczak,57,Lublin,Marketing,12678,3,True,mid,2014
2116,Mariusz,Stochel,37,Białystok,Support,9453,11,False,mid,2023
2117,Ewa,Kabza,25,Gdańsk,Finance,14707,2,False,senior,2024
2118,Oskar,Cyman,39,Warszawa,Marketing,13345,9,False,senior,2020
2119,Emil,Kolber,59,Katowice,HR,16679,27,False,lead,2015
2120,Łukasz,Budniak,54,Gdańsk,IT,14253,8,True,mid,2020
2121,Justyna,Kaletka,23,Warszawa,IT,18756,0,False,lead,2021
2122,Ada,Januszewicz,62,Lublin,IT,9974,14,False,mid,2020
2123,Alex,Juras,42,Kraków,Sales,7543,2,False,junior,2015
2124,Melania,Kuczaj,65,Kraków,Sales,7380,6,False,junior,2025
2125,Maurycy,Kochman,31,Łódź,Support,17506,7,False,lead,2019
2126,Julianna,Marko,63,Warszawa,Finance,6186,26,False,junior,2021
2127,Tymoteusz,Kulis,40,Warszawa,IT,19725,6,False,lead,2013
2128,Norbert,Daniec,30,Warszawa,Sales,12829,3,False,senior,2019
2129,Gustaw,Jonczyk,61,Katowice,Operations,6701,5,False,junior,2018
2130,Kajetan,Sarosiek,53,Poznań,HR,6431,10,False,junior,2022
2131,Jakub,Famuła,55,Warszawa,IT,11401,5,False,mid,2020
2132,Anita,Maćczak,38,Kraków,IT,11839,11,False,mid,2011
2133,Nicole,Feret,42,Poznań,Operations,9857,4,False,mid,2022
2134,Grzegorz,Plona,64,Warszawa,IT,8300,35,False,junior,2013
2135,Alex,Lepka,63,Wrocław,IT,7389,30,False,junior,2015
2136,Borys,Jaśkowiec,23,Warszawa,Support,5576,1,False,junior,2023
2137,Sylwia,Pysz,32,Katowice,Marketing,13441,1,False,senior,2017
2138,Sonia,Pachołek,57,Białystok,HR,5501,35,False,junior,2016
2139,Kornel,Skup,42,Kraków,IT,19396,17,False,lead,2025
2140,Igor,Fleszar,36,Kraków,Support,12769,2,False,senior,2018
2141,Mieszko,Cegła,58,Łódź,IT,11884,31,False,mid,2024
2142,Leon,Śledzik,22,Wrocław,IT,11940,0,False,mid,2024
2143,Dawid,Swacha,55,Warszawa,Marketing,12766,31,False,senior,2017
2144,Józef,Fras,30,Łódź,Support,6192,2,False,junior,2022
2145,Mateusz,Bobrowicz,25,Lublin,HR,6984,1,False,junior,2024
2146,Nikodem,Breguła,55,Gdańsk,HR,9024,32,False,mid,2021
2147,Krzysztof,Gorol,33,Wrocław,IT,9665,3,False,mid,2016
2148,Juliusz,Wołodźko,23,Kraków,Finance,21845,1,True,lead,2020
2149,Dominik,Majczyna,29,Lublin,IT,8836,7,False,junior,2012
2150,Jakub,Jacak,23,Warszawa,Support,9126,0,False,mid,2010
2151,Ernest,Liedtke,27,Kraków,Operations,5232,2,False,junior,2016
2152,Sandra,Szóstak,22,Warszawa,Marketing,18693,0,False,lead,2013
2153,Klara,Pupek,31,Warszawa,IT,6983,6,False,junior,2024
2154,Albert,Zmarzły,48,Warszawa,IT,13865,14,False,senior,2013
2155,Inga,Mokwa,29,Warszawa,IT,9630,6,False,mid,2024
2156,Oskar,Pawlonka,30,Białystok,Marketing,9010,5,False,mid,2016
2157,Malwina,Małysiak,24,Wrocław,HR,8232,1,False,mid,2024
2158,Aurelia,Semenowicz,63,Warszawa,Marketing,12611,19,False,senior,2012
2159,Artur,Przewoźnik,40,Łódź,Sales,14180,0,False,senior,2010
2160,Aniela,Gowin,58,Warszawa,HR,17922,20,False,lead,2016
2161,Filip,Fedak,45,Lublin,IT,13505,11,False,senior,2016
2162,Michał,Siejak,64,Warszawa,Marketing,8269,36,False,mid,2013
2163,Robert,Błaszyk,36,Kraków,Finance,6837,7,False,junior,2021
2164,Wojciech,Kalka,46,Warszawa,Operations,12306,9,False,senior,2014
2165,Alan,Steuer,23,Białystok,Finance,17163,0,False,lead,2025
2166,Albert,Linkiewicz,36,Warszawa,Sales,12149,8,True,mid,2023
2167,Igor,Nieścior,49,Wrocław,IT,11675,27,False,mid,2013
2168,Tomasz,Reszke,43,Lublin,Operations,5031,10,False,junior,2017
2169,Gaja,Szpyrka,40,Warszawa,Sales,7461,1,False,junior,2025
2170,Karina,Stochel,58,Białystok,HR,12313,28,True,mid,2021
2171,Antoni,Raźniak,45,Warszawa,IT,9935,9,False,mid,2014
2172,Leon,Bejma,38,Warszawa,Sales,10906,14,False,mid,2013
2173,Justyna,Szczerbiak,24,Białystok,Operations,5411,0,False,junior,2024
2174,Mikołaj,Smętek,47,Warszawa,IT,15729,8,False,senior,2010
2175,Kornel,Fronczek,55,Łódź,Finance,12624,6,False,senior,2013
2176,Rafał,Melka,43,Warszawa,IT,10509,1,False,mid,2011
2177,Bianka,Stefankiewicz,51,Warszawa,IT,7979,22,False,junior,2018
2178,Rozalia,Bobrowicz,53,Wrocław,IT,6571,19,False,junior,2023
2179,Ryszard,Macioł,33,Poznań,Finance,10259,5,False,mid,2018
2180,Marek,Wawrzyczek,53,Gdańsk,HR,5320,1,False,junior,2022
2181,Franciszek,Gros,32,Lublin,Operations,16609,7,False,lead,2012
2182,Anita,Salach,44,Kraków,IT,6577,18,False,junior,2011
2183,Marika,Kusek,25,Wrocław,HR,9913,2,False,mid,2010
2184,Mikołaj,Cis,26,Gdańsk,Marketing,6233,0,False,junior,2011
2185,Jakub,Ciepła,23,Poznań,Support,13005,1,True,mid,2018
2186,Dawid,Gumienny,58,Łódź,Marketing,8905,0,False,mid,2011
2187,Malwina,Bzymek,38,Gdańsk,Sales,7835,16,False,junior,2022
2188,Patryk,Siara,60,Gdańsk,Sales,19217,33,False,lead,2024
2189,Gabriel,Ciesiółka,65,Wrocław,Sales,14482,7,False,senior,2022
2190,Aleks,Chachuła,28,Kraków,IT,7590,1,False,junior,2017
2191,Lidia,Cich,36,Kraków,IT,8611,13,False,junior,2019
2192,Oliwier,Indyk,59,Rzeszów,Finance,20581,36,True,lead,2015
2193,Ewa,Gilewicz,49,Łódź,IT,19611,27,False,lead,2024
2194,Marika,Cheba,56,Wrocław,Operations,5112,10,False,junior,2018
2195,Błażej,Łodyga,28,Białystok,Support,16663,6,False,lead,2021
2196,Inga,Goss,65,Gdańsk,Operations,9837,39,False,mid,2014
2197,Daniel,Berus,29,Rzeszów,Marketing,18607,1,False,lead,2019
2198,Fryderyk,Nyk,64,Lublin,IT,8134,32,False,junior,2018
2199,Daniel,Kuśnierek,41,Katowice,Finance,6958,17,False,junior,2017
2200,Aleksander,Powała,58,Wrocław,Support,15952,28,False,lead,2010
2201,Monika,Bobko,38,Kraków,Marketing,8936,1,False,mid,2016
2202,Błażej,Pakos,46,Gdańsk,IT,6844,18,False,junior,2015
2203,Cezary,Superson,54,Gdańsk,Operations,9734,31,False,mid,2014
2204,Stanisław,Balik,51,Gdańsk,Support,13654,23,False,senior,2011
2205,Patryk,Szczudło,39,Kraków,IT,9862,1,False,mid,2023
2206,Mieszko,Putek,29,Poznań,Sales,10796,5,False,mid,2019
2207,Rozalia,Pyza,65,Kraków,Finance,13385,35,True,mid,2022
2208,Julianna,Sadza,33,Lublin,Support,8859,4,False,mid,2022
2209,Bianka,Surdyk,46,Kraków,Sales,10655,17,True,junior,2019
2210,Tobiasz,Budych,31,Warszawa,HR,8154,1,False,mid,2021
2211,Angelika,Oleksik,59,Wrocław,Sales,14858,15,False,senior,2017
2212,Julita,Grabas,39,Łódź,IT,14285,17,True,mid,2014
2213,Lidia,Dorobek,38,Rzeszów,Marketing,10558,12,False,mid,2012
2214,Marek,Teodorowicz,49,Warszawa,HR,7962,0,False,mid,2017
2215,Radosław,Drozdowicz,44,Gdańsk,Operations,12837,21,False,senior,2023
2216,Ewa,Choina,28,Łódź,Operations,6018,1,False,junior,2011
2217,Filip,Szmaj,38,Warszawa,HR,7589,10,False,mid,2015
2218,Anita,Czylok,45,Poznań,HR,13256,8,False,senior,2020
2219,Eliza,Nitkiewicz,63,Łódź,HR,13205,2,False,senior,2022
2220,Anita,Kuban,26,Poznań,Support,13812,3,False,senior,2014
2221,Tymon,Tułacz,38,Rzeszów,Marketing,10091,1,False,mid,2014
2222,Adrianna,Wilusz,28,Kraków,Sales,6727,2,False,junior,2020
2223,Leon,Leszkiewicz,61,Gdańsk,Support,17905,11,False,lead,2017
2224,Eryk,Chruszcz,59,Poznań,HR,9823,25,False,mid,2019
2225,Maciej,Sypek,27,Kraków,HR,7953,2,False,mid,2013
2226,Maksymilian,Olszowa,61,Łódź,IT,15456,8,False,senior,2021
2227,Justyna,Bazydło,37,Warszawa,IT,15230,12,False,senior,2011
2228,Tymon,Fraszczyk,36,Katowice,Sales,10525,13,False,mid,2020
2229,Gaja,Ryczko,37,Łódź,IT,18842,13,False,lead,2021
2230,Alex,Białasik,60,Warszawa,IT,11844,3,False,mid,2019
2231,Krzysztof,Rej,30,Gdańsk,IT,11041,4,False,mid,2022
2232,Tobiasz,Roch,65,Katowice,Sales,14837,17,False,senior,2023
2233,Ewa,Skałka,25,Kraków,IT,14772,2,False,senior,2020
2234,Arkadiusz,Cłapa,49,Katowice,HR,9839,27,False,mid,2024
2235,Jacek,Rosołek,41,Warszawa,Sales,18541,10,False,lead,2014
2236,Róża,Fiutak,37,Wrocław,Finance,6254,11,False,junior,2023
2237,Bartek,Bryczek,43,Wrocław,HR,5437,9,False,junior,2011
2238,Julianna,Damek,22,Warszawa,IT,8351,0,False,junior,2023
2239,Sandra,Tomaszkiewicz,52,Kraków,IT,9775,22,False,mid,2022
2240,Urszula,Halama,23,Kraków,Support,9761,0,True,junior,2018
2241,Tymon,Mały,56,Rzeszów,IT,11698,33,False,mid,2010
2242,Julianna,Sypuła,28,Rzeszów,Sales,11088,3,False,mid,2014
2243,Oskar,Pindor,34,Gdańsk,Support,4755,1,False,junior,2018
2244,Sylwia,Bas,50,Wrocław,HR,17240,4,False,lead,2012
2245,Oskar,Martyn,31,Warszawa,Sales,18760,1,False,lead,2020
2246,Stefan,Heba,36,Gdańsk,Finance,8696,6,False,mid,2024
2247,Julita,Bobik,57,Gdańsk,Finance,18605,22,False,lead,2015
2248,Mieszko,Nazarko,41,Gdańsk,Marketing,6237,4,False,junior,2021
2249,Klara,Czerwionka,39,Rzeszów,HR,5668,1,False,junior,2024
2250,Ernest,Rompa,43,Lublin,IT,14292,4,False,senior,2014
2251,Ada,Kukawka,50,Gdańsk,Marketing,12547,9,False,senior,2024
2252,Lidia,Grądziel,50,Katowice,IT,14181,28,False,senior,2025
2253,Tymoteusz,Kucharz,32,Lublin,Sales,6098,0,False,junior,2025
2254,Olga,Stanaszek,44,Poznań,Operations,9585,22,True,junior,2017
2255,Blanka,Bernatowicz,24,Gdańsk,IT,10440,1,False,mid,2020
2256,Ewa,Soczówka,56,Kraków,Operations,12940,32,False,senior,2019
2257,Kornel,Maciejewicz,22,Lublin,Operations,14108,0,False,senior,2012
2258,Marek,Janiszek,47,Kraków,Support,9114,14,False,mid,2015
2259,Lidia,Rembisz,39,Łódź,Finance,5719,8,False,junior,2016
2260,Mariusz,Ważny,56,Poznań,Sales,11062,23,False,mid,2013
2261,Natan,Karol,22,Gdańsk,IT,8557,0,False,junior,2018
2262,Emil,Biegała,56,Gdańsk,Finance,14607,24,False,senior,2014
2263,Konstanty,Jakóbiak,60,Rzeszów,Sales,10763,3,False,mid,2013
2264,Marika,Szarzec,39,Kraków,IT,11950,14,False,mid,2022
2265,Oskar,Ścieszka,38,Białystok,Operations,7426,5,False,junior,2024
2266,Olaf,Hulbój,32,Gdańsk,IT,8751,8,False,junior,2025
2267,Radosław,Bałdys,23,Warszawa,Operations,16706,1,False,lead,2011
2268,Sara,Kudłacz,58,Warszawa,IT,17561,35,False,lead,2015
2269,Kazimierz,Kusio,36,Warszawa,Marketing,13977,2,False,senior,2022
2270,Urszula,Węgrzynek,29,Poznań,Sales,19086,0,False,lead,2025
2271,Dawid,Mrózek,46,Warszawa,HR,4880,3,False,junior,2019
2272,Sara,Mzyk,25,Kraków,HR,11848,1,False,senior,2011
2273,Kalina,Bejger,52,Katowice,Operations,8798,8,False,mid,2020
2274,Ada,Banek,41,Gdańsk,Operations,12142,13,False,senior,2010
2275,Eliza,Lewicz,34,Warszawa,Operations,12747,11,False,senior,2010
2276,Mariusz,Dub,45,Rzeszów,Sales,17105,8,False,lead,2020
2277,Adam,Parkitny,23,Rzeszów,Marketing,8576,0,False,mid,2012
2278,Damian,Szelest,22,Kraków,IT,21420,0,True,lead,2019
2279,Fabian,Sromek,22,Warszawa,Sales,11222,0,False,mid,2018
2280,Dorota,Dydo,61,Gdańsk,Finance,6297,30,False,junior,2023
2281,Łukasz,Tarach,48,Poznań,Finance,7812,17,False,junior,2022
2282,Anna Maria,Doliwa,32,Katowice,Sales,11085,6,False,mid,2013
2283,Nicole,Kozaczuk,52,Łódź,Sales,18291,16,False,lead,2010
2284,Tymoteusz,Handzel,45,Wrocław,Operations,9544,18,False,mid,2010
2285,Ksawery,Grotek,60,Białystok,IT,7968,15,False,junior,2024
2286,Adam,Chodak,62,Lublin,IT,12822,33,True,mid,2010
2287,Filip,Spadło,58,Białystok,Operations,18090,23,False,lead,2020
2288,Franciszek,Kanik,29,Kraków,IT,11499,7,False,mid,2019
2289,Konrad,Buszka,46,Warszawa,Sales,8058,19,False,junior,2014
2290,Leonard,Startek,39,Gdańsk,Support,8425,2,False,mid,2015
2291,Marcelina,Wiertel,31,Kraków,Sales,17882,9,False,lead,2021
2292,Ewa,Kasiak,39,Poznań,Marketing,5385,4,False,junior,2020
2293,Marcel,Dzikiewicz,49,Warszawa,Sales,10303,24,False,mid,2025
2294,Antoni,Dybiec,22,Warszawa,Sales,18201,0,False,lead,2023
2295,Mariusz,Szatanik,39,Warszawa,IT,11425,1,False,mid,2015
2296,Gaja,Hubert,54,Gdańsk,Operations,17146,10,False,lead,2010
2297,Kajetan,Budzich,25,Łódź,Support,8359,0,False,mid,2018
2298,Lidia,Musiała,50,Rzeszów,IT,8721,7,False,junior,2021
2299,Bianka,Łepek,22,Katowice,Support,4941,0,False,junior,2012
2300,Mieszko,Gierak,29,Gdańsk,Operations,16447,5,False,lead,2012
2301,Robert,Galuba,42,Katowice,IT,11304,5,False,mid,2011
2302,Tomasz,Szyda,58,Warszawa,IT,7785,8,False,junior,2010
2303,Antoni,Bartkowicz,22,Łódź,Support,9765,0,True,junior,2019
2304,Franciszek,Parada,57,Kraków,Sales,10937,20,False,mid,2024
2305,Anita,Żabierek,48,Warszawa,Operations,10437,18,False,mid,2018
2306,Bruno,Berdzik,39,Wrocław,Marketing,14308,15,False,senior,2014
2307,Borys,Chachaj,52,Katowice,IT,13789,6,False,senior,2011
2308,Artur,Kuban,38,Kraków,Sales,6708,10,False,junior,2015
2309,Gabriel,Maksym,26,Warszawa,Operations,13474,3,False,senior,2024
2310,Kalina,Korab,38,Lublin,HR,13223,16,False,senior,2011
2311,Michał,Kurda,47,Wrocław,Marketing,18609,8,False,lead,2017
2312,Mateusz,Kubanek,38,Poznań,Sales,18102,9,False,lead,2017
2313,Adrian,Chachaj,46,Kraków,Support,17055,20,False,lead,2020
2314,Tymoteusz,Boksa,25,Białystok,Marketing,14039,3,False,senior,2020
2315,Mateusz,Szyja,44,Wrocław,IT,9539,2,False,mid,2011
2316,Iwo,Kurcz,56,Kraków,IT,18767,21,False,lead,2010
2317,Norbert,Jachimczyk,64,Kraków,Support,6595,38,False,junior,2022
2318,Jacek,Sojda,28,Warszawa,HR,17323,4,False,lead,2022
2319,Albert,Jargiło,25,Warszawa,Marketing,6157,1,False,junior,2020
2320,Nataniel,Dziuda,39,Rzeszów,Operations,8746,2,False,mid,2024
2321,Iwo,Walkusz,42,Rzeszów,IT,9707,18,False,mid,2012
2322,Roksana,Pacyga,42,Lublin,Support,9121,3,False,mid,2018
2323,Angelika,Pal,50,Kraków,Finance,17516,20,True,senior,2013
2324,Ewa,Prokopiak,50,Warszawa,Sales,10249,22,True,junior,2021
2325,Paweł,Piszcz,63,Łódź,Operations,20608,1,True,lead,2019
2326,Apolonia,Kinal,65,Kraków,Marketing,7571,39,False,junior,2013
2327,Mariusz,Wyrwał,22,Białystok,Operations,10074,0,False,mid,2019
2328,Gaja,Ziarek,26,Gdańsk,Support,9079,0,False,mid,2015
2329,Ryszard,Pilarek,56,Katowice,Support,9094,22,False,mid,2014
2330,Dominik,Sommer,24,Warszawa,Finance,10865,1,False,mid,2010
2331,Wiktor,Droździk,63,Wrocław,Support,7940,1,False,mid,2012
2332,Jacek,Działa,56,Poznań,IT,14489,24,False,senior,2025
2333,Arkadiusz,Kuźnia,54,Warszawa,Operations,8793,17,False,mid,2019
2334,Jacek,Kasica,41,Rzeszów,Operations,12608,18,True,mid,2025
2335,Radosław,Kulisz,51,Lublin,HR,15158,12,True,senior,2021
2336,Krystian,Bluszcz,22,Rzeszów,HR,9102,0,False,mid,2015
2337,Tadeusz,Kleinschmidt,40,Kraków,Sales,11145,3,False,mid,2014
2338,Adam,Łacina,36,Kraków,IT,9630,12,True,junior,2011
2339,Olga,Andryszczyk,63,Warszawa,IT,15715,26,False,senior,2023
2340,Alex,Hanusiak,54,Warszawa,Support,9308,16,True,junior,2024
2341,Sebastian,Głowiak,36,Białystok,HR,6369,12,False,junior,2020
2342,Szymon,Kołpak,58,Poznań,HR,12262,35,False,senior,2012
2343,Sonia,Kapera,32,Katowice,HR,12445,9,False,senior,2017
2344,Robert,Oleksik,48,Warszawa,IT,15374,21,False,senior,2021
2345,Olga,Wódka,44,Kraków,Support,7140,16,False,junior,2014
2346,Piotr,Rasała,22,Katowice,Operations,7255,0,False,junior,2010
2347,Anita,Stoltmann,33,Rzeszów,IT,10200,3,False,mid,2012
2348,Rafał,Misiarz,44,Poznań,Support,13199,16,False,senior,2013
2349,Borys,Migda,49,Poznań,IT,15753,3,False,senior,2012
2350,Ewelina,Szumiec,59,Wrocław,Support,8085,20,False,mid,2022
2351,Lidia,Pachnik,57,Warszawa,Support,5668,33,False,junior,2025
2352,Maurycy,Krasa,56,Rzeszów,Sales,8183,13,False,junior,2025
2353,Radosław,Szczot,33,Rzeszów,HR,7893,8,True,junior,2014
2354,Alan,Fogiel,32,Warszawa,Sales,7998,7,False,junior,2014
2355,Dagmara,Troć,62,Rzeszów,IT,10641,14,True,junior,2025
2356,Gustaw,Karyś,39,Białystok,Operations,12270,6,False,senior,2023
2357,Natasza,Meler,45,Warszawa,IT,9553,18,False,mid,2014
2358,Robert,Wabik,24,Warszawa,Support,5597,2,False,junior,2014
2359,Melania,Husak,30,Lublin,IT,10498,7,False,mid,2021
2360,Grzegorz,Mądro,34,Katowice,Sales,12992,0,False,senior,2023
2361,Józef,Bielat,38,Łódź,Operations,7436,12,False,junior,2017
2362,Dawid,Olko,50,Wrocław,Sales,9718,14,False,mid,2014
2363,Maks,Kochman,26,Rzeszów,IT,9803,0,False,mid,2025
2364,Norbert,Dębosz,41,Warszawa,Support,13874,12,False,senior,2016
2365,Kornel,Dzieża,29,Lublin,Marketing,5473,0,False,junior,2022
2366,Robert,Maruszczyk,47,Warszawa,Operations,6719,5,False,junior,2025
2367,Gustaw,Roj,22,Gdańsk,Finance,10110,0,False,mid,2024
2368,Ignacy,Graj,24,Wrocław,IT,8112,1,False,junior,2021
2369,Mikołaj,Szyma,45,Kraków,Marketing,8348,1,False,mid,2024
2370,Janina,Patoka,49,Łódź,Sales,17720,12,False,lead,2023
2371,Wojciech,Łuczyk,44,Gdańsk,IT,10191,0,False,mid,2022
2372,Eryk,Męcik,30,Warszawa,HR,12386,6,False,senior,2023
2373,Ignacy,Heba,64,Katowice,Support,17013,8,False,lead,2018
2374,Fryderyk,Świt,65,Poznań,Sales,5960,9,False,junior,2025
2375,Radosław,Trzyna,60,Białystok,IT,14774,6,False,senior,2012
2376,Mikołaj,Bąbol,64,Wrocław,IT,10480,38,False,mid,2014
2377,Krystian,Pusz,40,Warszawa,Finance,21677,14,True,lead,2017
2378,Ksawery,Żołna,36,Warszawa,Operations,5986,3,False,junior,2012
2379,Kalina,Trojanek,27,Lublin,Sales,14331,5,False,senior,2018
2380,Róża,Widuch,45,Wrocław,Marketing,14245,14,False,senior,2020
2381,Jędrzej,Gwardiak,51,Białystok,Operations,9374,12,False,mid,2016
2382,Grzegorz,Ficoń,45,Gdańsk,Support,9283,7,False,mid,2022
2383,Maksymilian,Cyroń,26,Kraków,IT,8015,3,False,junior,2010
2384,Józef,Goworek,56,Białystok,Support,8954,0,False,mid,2012
2385,Kajetan,Madzia,43,Gdańsk,HR,13858,5,False,senior,2022
2386,Adam,Furgał,47,Warszawa,Operations,13856,9,False,senior,2018
2387,Aniela,Kapciak,30,Łódź,Support,9276,3,False,mid,2013
2388,Nikodem,Krenc,40,Rzeszów,Marketing,17215,1,False,lead,2015
2389,Alan,Wyskiel,48,Katowice,Operations,5228,26,False,junior,2024
2390,Damian,Misiejuk,58,Katowice,IT,6574,26,False,junior,2010
2391,Dawid,Kruszka,56,Poznań,Finance,8992,7,False,mid,2012
2392,Justyna,Dylak,45,Warszawa,Support,8340,23,False,mid,2016
2393,Marianna,Dydo,45,Białystok,Finance,7386,21,False,junior,2018
2394,Marianna,Fołta,39,Poznań,Sales,5903,15,False,junior,2023
2395,Ernest,Furgał,43,Wrocław,Finance,7139,4,False,junior,2020
2396,Piotr,Maraszek,48,Warszawa,HR,7691,6,True,junior,2021
2397,Ksawery,Józefczak,31,Warszawa,Support,17826,7,False,lead,2011
2398,Mariusz,Romańczyk,24,Poznań,Marketing,16469,0,False,lead,2019
2399,Kazimierz,Taczała,33,Lublin,IT,11974,5,False,mid,2019
2400,Liwia,Ciuła,36,Warszawa,Support,9867,9,False,mid,2012
2401,Kacper,Berendt,53,Warszawa,IT,18937,10,False,lead,2014
2402,Jan,Ciepluch,55,Łódź,Sales,7785,25,False,junior,2017
2403,Witold,Pakos,44,Rzeszów,Finance,13373,4,False,senior,2017
2404,Mieszko,Mierzwiak,31,Łódź,Operations,5778,2,False,junior,2015
2405,Adrian,Jędrusiak,22,Poznań,Marketing,9109,0,False,mid,2021
2406,Ernest,Rubin,36,Wrocław,Sales,7723,2,False,junior,2022
2407,Julianna,Kohut,27,Wrocław,Sales,10839,0,False,mid,2013
2408,Leon,Jarosiewicz,54,Warszawa,IT,17010,10,True,senior,2014
2409,Aleksander,Zacharczuk,47,Lublin,Operations,10286,3,False,mid,2015
2410,Aleks,Strzoda,27,Lublin,Finance,9573,3,False,mid,2018
2411,Angelika,Wlazły,47,Wrocław,HR,5387,15,False,junior,2014
2412,Anna Maria,Rogal,31,Poznań,Sales,17996,2,False,lead,2018
2413,Justyna,Staręga,31,Łódź,Marketing,8954,5,False,mid,2015
2414,Łukasz,Żołna,44,Warszawa,Operations,6382,12,False,junior,2016
2415,Marika,Koterba,45,Wrocław,Operations,6961,20,False,junior,2017
2416,Rafał,Świtaj,26,Kraków,Marketing,8628,0,False,mid,2017
2417,Olga,Patalas,22,Kraków,Sales,9299,0,False,mid,2020
2418,Olaf,Wojtak,31,Warszawa,Operations,12234,0,False,senior,2019
2419,Adrian,Mzyk,64,Lublin,Sales,6059,25,False,junior,2020
2420,Michał,Tondera,39,Kraków,Sales,6075,15,False,junior,2021
2421,Dorota,Łuczka,27,Kraków,IT,18901,3,False,lead,2020
2422,Marcel,Rubaj,49,Białystok,IT,8926,8,False,junior,2016
2423,Piotr,Strug,59,Poznań,Operations,11002,20,True,mid,2014
2424,Juliusz,Miros,23,Rzeszów,Marketing,10232,1,True,junior,2013
2425,Ewelina,Markiel,30,Warszawa,IT,8261,1,False,junior,2022
2426,Franciszek,Moneta,51,Wrocław,IT,11443,17,False,mid,2016
2427,Franciszek,Maligłówka,26,Białystok,IT,10259,1,False,mid,2014
2428,Dominik,Supernak,50,Katowice,Finance,10862,20,False,mid,2025
2429,Michał,Jacak,63,Kraków,Sales,11141,34,False,mid,2019
2430,Oliwier,Namysło,34,Gdańsk,Finance,8626,1,False,mid,2020
2431,Sara,Ciećko,33,Warszawa,IT,9596,3,True,junior,2021
2432,Marcel,Matyjaszek,53,Kraków,Sales,6963,24,False,junior,2025
2433,Iwo,Dudziec,22,Wrocław,Sales,7066,0,False,junior,2023
2434,Marcin,Fronczek,53,Wrocław,Finance,5864,25,False,junior,2023
2435,Mateusz,Gaudyn,34,Wrocław,Support,13054,6,False,senior,2011
2436,Sandra,Muzyk,23,Kraków,IT,8911,1,False,junior,2022
2437,Oskar,Kinal,39,Rzeszów,Finance,13816,13,True,mid,2021
2438,Angelika,Kalisiak,30,Warszawa,Marketing,5232,6,False,junior,2015
2439,Sebastian,Milej,45,Poznań,Finance,7247,11,False,junior,2019
2440,Paweł,Gumuła,37,Gdańsk,Support,13992,2,False,senior,2020
2441,Ignacy,Podpora,61,Kraków,Marketing,9553,25,False,mid,2018
2442,Oliwier,Wrochna,40,Kraków,IT,9996,7,False,mid,2022
2443,Dominik,Wochna,58,Kraków,Marketing,13329,15,False,senior,2024
2444,Konrad,Ziarek,40,Kraków,Finance,13799,7,True,mid,2015
2445,Ksawery,Częścik,31,Kraków,Finance,7453,3,False,junior,2016
2446,Błażej,Trepczyk,58,Lublin,Sales,9208,34,False,mid,2017
2447,Angelika,Danisz,32,Rzeszów,Marketing,16450,1,False,lead,2015
2448,Maurycy,Koćwin,29,Poznań,HR,12924,7,False,senior,2016
2449,Kalina,Matura,40,Poznań,Sales,9314,13,False,mid,2011
2450,Miłosz,Kotlarek,37,Kraków,Finance,5762,0,False,junior,2014
2451,Krystyna,Wąsek,61,Lublin,IT,10957,14,False,mid,2013
2452,Nikodem,Sudak,30,Lublin,HR,5959,1,False,junior,2022
2453,Karina,Pabiś,34,Gdańsk,Operations,10274,5,False,mid,2023
2454,Marek,Minkiewicz,27,Białystok,HR,8722,4,False,mid,2016
2455,Bartek,Pachnik,38,Warszawa,IT,11755,10,False,mid,2021
2456,Dawid,Suszko,25,Warszawa,Operations,5555,1,False,junior,2011
2457,Anita,Łachut,37,Kraków,HR,7941,6,False,mid,2010
2458,Anastazja,Szurek,41,Łódź,Finance,10123,7,False,mid,2010
2459,Tomasz,Bidas,24,Rzeszów,Marketing,12776,2,False,senior,2018
2460,Apolonia,Drabczyk,46,Warszawa,Operations,9995,24,False,mid,2024
2461,Oskar,Feliksiak,40,Warszawa,IT,10804,2,False,mid,2011
2462,Jerzy,Rajtar,31,Katowice,Finance,12163,3,True,mid,2018
2463,Gustaw,Czerwionka,49,Wrocław,HR,8153,12,False,mid,2016
2464,Marcelina,Filas,34,Warszawa,Operations,11066,2,True,mid,2014
2465,Oskar,Dywan,43,Warszawa,IT,12589,12,True,mid,2017
2466,Tymoteusz,Żymełka,34,Wrocław,Marketing,9952,4,False,mid,2024
2467,Maciej,Cichos,45,Wrocław,Operations,9422,0,False,mid,2020
2468,Aleks,Kuchciak,37,Gdańsk,IT,10208,1,True,junior,2017
2469,Jędrzej,Strawa,59,Lublin,IT,17609,35,True,senior,2014
2470,Oliwier,Dycha,24,Wrocław,Support,7767,0,False,mid,2012
2471,Aleksander,Rychel,51,Warszawa,Operations,6529,22,False,junior,2011
2472,Sebastian,Nastały,50,Wrocław,Operations,14238,26,False,senior,2024
2473,Alan,Cymer,28,Gdańsk,Marketing,17266,6,False,lead,2023
2474,Maurycy,Doroszuk,28,Gdańsk,Operations,12204,4,False,senior,2022
2475,Monika,Dyczko,45,Poznań,Support,9621,20,False,mid,2014
2476,Cezary,Ludwin,43,Warszawa,IT,15895,16,False,senior,2020
2477,Tomasz,Pacia,46,Kraków,HR,12103,12,False,senior,2017
2478,Cyprian,Janiuk,53,Wrocław,Marketing,11963,15,True,mid,2013
2479,Oliwier,Masłoń,30,Warszawa,Sales,5971,1,False,junior,2017
2480,Blanka,Spadło,44,Katowice,Marketing,11502,22,True,mid,2024
2481,Jeremi,Płodzień,25,Warszawa,Sales,6418,3,False,junior,2021
2482,Ernest,Petrus,28,Gdańsk,Marketing,17503,4,False,lead,2013
2483,Malwina,Potok,53,Warszawa,Sales,6842,6,False,junior,2017
2484,Sandra,Kosman,36,Warszawa,Finance,9091,8,False,mid,2013
2485,Leon,Mikusek,46,Kraków,Operations,9566,5,False,mid,2016
2486,Adrian,Szeja,34,Łódź,Operations,13187,11,False,senior,2019
2487,Stanisław,Wiercigroch,41,Lublin,HR,13544,14,False,senior,2020
2488,Damian,Hanc,22,Katowice,IT,11046,0,False,mid,2021
2489,Urszula,Sołtysek,26,Kraków,Operations,13054,4,False,senior,2015
2490,Karina,Dryka,47,Warszawa,Support,8996,13,False,mid,2023
2491,Nicole,Franaszek,36,Białystok,Sales,6455,4,False,junior,2021
2492,Monika,Swatek,58,Warszawa,Finance,6080,9,False,junior,2014
2493,Fryderyk,Citko,23,Białystok,IT,9792,1,False,mid,2020
2494,Maurycy,Dębniak,48,Gdańsk,HR,6882,6,False,junior,2022
2495,Antoni,Gotfryd,36,Łódź,Operations,5705,6,False,junior,2019
2496,Adrian,Deptuch,64,Wrocław,HR,6606,11,False,junior,2010
2497,Ada,Staniaszek,63,Warszawa,Marketing,10404,35,False,mid,2011
2498,Klara,Stępak,24,Lublin,IT,9763,1,False,mid,2012
2499,Aleksander,Burchardt,33,Lublin,Operations,6212,2,False,junior,2013
2500,Robert,Rompa,45,Wrocław,Finance,7144,17,False,junior,2019
2501,Jędrzej,Wika,22,Warszawa,HR,11739,0,False,senior,2022
2502,Anna Maria,Biesaga,41,Lublin,Marketing,16790,9,True,senior,2015
2503,Aurelia,Indyka,58,Poznań,Sales,18084,32,False,lead,2020
2504,Sylwia,Młynarz,46,Rzeszów,Finance,8986,20,False,mid,2023
2505,Natan,Kazana,30,Warszawa,Sales,7586,3,False,junior,2014
2506,Angelika,Puc,33,Warszawa,Marketing,8868,1,True,junior,2018
2507,Patryk,Poreda,56,Warszawa,Marketing,14527,13,False,senior,2013
2508,Witold,Sommer,27,Wrocław,Operations,14496,3,False,senior,2018
2509,Mieszko,Mordak,58,Warszawa,Marketing,10450,33,True,junior,2010
2510,Ernest,Dukat,25,Wrocław,IT,14188,1,False,senior,2010
2511,Dagmara,Franiak,25,Warszawa,IT,11728,0,False,mid,2022
2512,Mikołaj,Jakubaszek,34,Gdańsk,HR,5500,1,False,junior,2017
2513,Damian,Składanek,57,Poznań,IT,18200,0,False,lead,2011
2514,Natasza,Dąbal,25,Łódź,IT,11286,3,False,mid,2017
2515,Anastazja,Łabuś,36,Rzeszów,IT,15996,2,False,senior,2022
2516,Leon,Koj,65,Poznań,Support,9077,13,True,junior,2013
2517,Marika,Salawa,62,Katowice,Marketing,18063,34,False,lead,2013
2518,Tadeusz,Folta,37,Rzeszów,IT,10277,13,False,mid,2014
2519,Konstanty,Wawrzynowicz,64,Warszawa,IT,13906,32,False,senior,2017
2520,Dorota,Kutnik,44,Gdańsk,Operations,9332,5,False,mid,2010
2521,Krystyna,Apostel,47,Warszawa,IT,11016,15,False,mid,2015
2522,Albert,Gendera,22,Lublin,IT,17021,0,True,senior,2024
2523,Marek,Fiołek,60,Warszawa,Support,17143,28,False,lead,2023
2524,Róża,Kuska,59,Poznań,HR,8229,34,False,mid,2010
2525,Anita,Brząkała,31,Łódź,Operations,8699,6,False,mid,2021
2526,Dawid,Cłapa,58,Wrocław,HR,6816,6,False,junior,2015
2527,Sonia,Pielach,43,Kraków,Finance,7320,10,False,junior,2019
2528,Jędrzej,Piesik,30,Gdańsk,IT,11232,0,False,mid,2019
2529,Sonia,Skup,26,Wrocław,IT,14938,3,True,mid,2024
2530,Kacper,Jędrusiak,41,Kraków,Sales,7461,15,False,junior,2018
2531,Olga,Procek,26,Gdańsk,Sales,7483,4,False,junior,2024
2532,Piotr,Majdan,37,Poznań,Sales,15181,9,False,senior,2013
2533,Krystyna,Wandzel,46,Poznań,HR,13977,9,False,senior,2015
2534,Tomasz,Kaletka,64,Wrocław,IT,9984,40,False,mid,2011
2535,Emil,Kupaj,32,Wrocław,Finance,7965,6,False,junior,2011
2536,Apolonia,Gabrych,23,Lublin,Finance,9407,0,True,junior,2010
2537,Gabriel,Żyto,57,Warszawa,Marketing,13176,34,True,mid,2019
2538,Agnieszka,Gogola,64,Gdańsk,Marketing,8634,34,False,mid,2021
2539,Dariusz,Bejnarowicz,48,Białystok,Finance,5552,7,False,junior,2011
2540,Mikołaj,Łudzik,22,Kraków,Finance,5917,0,False,junior,2021
2541,Artur,Wiercigroch,63,Rzeszów,Finance,7785,13,False,junior,2018
2542,Agnieszka,Morek,58,Rzeszów,Marketing,13405,12,False,senior,2023
2543,Melania,Biesaga,50,Katowice,Support,5184,18,False,junior,2025
2544,Lidia,Sobieszczyk,32,Katowice,IT,14335,6,False,senior,2023
2545,Dariusz,Gral,45,Kraków,Support,5732,22,False,junior,2014
2546,Aniela,Początek,60,Wrocław,HR,17228,38,False,lead,2022
2547,Patryk,Banek,45,Warszawa,IT,9978,5,False,mid,2020
2548,Borys,Borczyk,44,Lublin,IT,10230,19,False,mid,2015
2549,Cyprian,Kreczmer,33,Kraków,IT,10707,1,False,mid,2024
2550,Aleks,Kwapień,23,Poznań,Finance,9833,1,False,mid,2021
2551,Angelika,Pyziak,60,Kraków,IT,10449,14,False,mid,2017
2552,Dominik,Szwaja,42,Warszawa,IT,10924,0,False,mid,2016
2553,Leon,Zamora,28,Lublin,Sales,16820,1,True,senior,2022
2554,Sebastian,Prokopczuk,30,Białystok,IT,19434,2,False,lead,2017
2555,Kalina,Łuczkiewicz,62,Wrocław,IT,11695,9,False,mid,2017
2556,Juliusz,Fac,61,Łódź,HR,8241,22,False,mid,2019
2557,Konrad,Sendor,32,Warszawa,Operations,15473,10,True,senior,2020
2558,Ignacy,Cichos,53,Wrocław,IT,11667,23,False,mid,2011
2559,Kamila,Maruszczak,45,Kraków,Finance,9443,9,False,mid,2021
2560,Róża,Madajczyk,62,Warszawa,Finance,9711,13,False,mid,2013
2561,Rafał,Sobieszczyk,51,Kraków,Operations,8816,3,False,mid,2018
2562,Natan,Dybaś,40,Kraków,Sales,9599,6,True,junior,2013
2563,Urszula,Kobza,55,Lublin,IT,11634,13,False,mid,2015
2564,Julianna,Baranowicz,49,Poznań,Operations,10280,1,False,mid,2012
2565,Aniela,Gronostaj,44,Poznań,IT,11280,5,False,mid,2015
2566,Julianna,Korek,42,Warszawa,Marketing,9071,2,False,mid,2020
2567,Łukasz,Grosz,36,Katowice,IT,13939,7,False,senior,2021
2568,Jan,Pyszczek,49,Kraków,Operations,9962,21,False,mid,2024
2569,Franciszek,Jędrys,46,Wrocław,Support,8619,5,False,mid,2016
2570,Kornelia,Patoła,47,Gdańsk,Operations,9761,4,False,mid,2018
2571,Janina,Deptuch,43,Gdańsk,Operations,8459,1,False,mid,2011
2572,Apolonia,Panasewicz,56,Gdańsk,Sales,10194,21,False,mid,2015
2573,Kajetan,Bednarowicz,28,Gdańsk,Marketing,6377,5,False,junior,2015
2574,Elżbieta,Romaniak,63,Katowice,Sales,10675,18,False,mid,2021
2575,Hubert,Hanc,50,Lublin,Operations,9345,5,False,mid,2021
2576,Tobiasz,Szok,55,Katowice,Operations,19587,8,True,lead,2012
2577,Kazimierz,Krępa,50,Łódź,Sales,9103,23,False,mid,2014
2578,Ernest,Oleksik,41,Gdańsk,Support,8035,16,False,mid,2024
2579,Witold,Kapciak,22,Poznań,Support,13046,0,False,senior,2013
2580,Ewa,Pytko,39,Katowice,IT,11643,6,False,mid,2013
2581,Gustaw,Pezda,27,Gdańsk,IT,15279,1,False,senior,2013
2582,Łukasz,Pazik,27,Rzeszów,Sales,6926,4,False,junior,2020
2583,Klara,Plona,58,Warszawa,Operations,14346,0,False,senior,2015
2584,Ida,Harasimiuk,28,Warszawa,HR,9241,3,False,mid,2023
2585,Krystyna,Siewert,59,Katowice,IT,7782,13,False,junior,2010
2586,Jędrzej,Lukas,51,Lublin,HR,6116,23,False,junior,2010
2587,Bianka,Mitera,29,Katowice,IT,11681,1,False,mid,2014
2588,Przemysław,Warwas,58,Łódź,HR,9247,30,False,mid,2011
2589,Nikodem,Delekta,58,Kraków,Sales,13857,3,True,mid,2013
2590,Aleks,Klebba,24,Lublin,HR,8346,1,False,mid,2022
2591,Mieszko,Keler,26,Katowice,Sales,18446,2,False,lead,2014
2592,Adrian,Plak,50,Kraków,Marketing,6204,2,False,junior,2016
2593,Kajetan,Makoś,44,Warszawa,IT,14817,7,False,senior,2023
2594,Rozalia,Praczyk,27,Kraków,Marketing,12569,2,True,mid,2022
2595,Kazimierz,Plak,46,Gdańsk,Finance,8973,7,False,mid,2013
2596,Oliwier,Majtczak,46,Rzeszów,Sales,7881,9,False,junior,2017
2597,Maks,Gabrych,52,Warszawa,IT,8049,15,False,junior,2023
2598,Malwina,Sadowy,22,Kraków,Sales,17844,0,False,lead,2018
2599,Anita,Małż,26,Białystok,Sales,7124,3,False,junior,2016
2600,Urszula,Maziarczyk,43,Gdańsk,HR,11675,17,False,senior,2021
2601,Ewelina,Koleśnik,29,Gdańsk,IT,7376,0,False,junior,2010
2602,Kaja,Putek,38,Warszawa,IT,9919,4,False,mid,2018
2603,Bartek,Zinkiewicz,62,Wrocław,Sales,11224,16,False,mid,2020
2604,Dominik,Orkisz,35,Gdańsk,IT,10565,0,False,mid,2010
2605,Fryderyk,Luks,58,Poznań,Operations,7085,11,False,junior,2024
2606,Mikołaj,Mydlak,39,Kraków,Operations,13346,10,False,senior,2024
2607,Adam,Zieniewicz,30,Kraków,IT,8240,7,False,junior,2013
2608,Cezary,Bakiera,28,Lublin,HR,7643,6,False,mid,2016
2609,Miłosz,Kasper,41,Katowice,Support,8541,6,False,mid,2025
2610,Iwo,Rurarz,50,Rzeszów,IT,15157,20,False,senior,2019
2611,Stanisław,Maciejewicz,52,Kraków,IT,9551,14,True,junior,2013
2612,Gustaw,Węgrzynowicz,44,Gdańsk,Finance,13732,6,True,mid,2014
2613,Rozalia,Feret,47,Katowice,Support,7977,4,False,mid,2015
2614,Maurycy,Obiała,36,Warszawa,Marketing,5748,14,False,junior,2010
2615,Aniela,Kazek,39,Warszawa,Marketing,6314,8,False,junior,2013
2616,Melania,Kosznik,58,Wrocław,Operations,5308,13,False,junior,2011
2617,Artur,Maras,61,Kraków,Support,12290,30,False,senior,2018
2618,Melania,Prażmo,56,Łódź,Sales,7396,29,False,junior,2018
2619,Marek,Pitura,58,Warszawa,IT,7722,26,False,junior,2014
2620,Stefan,Małyszka,33,Lublin,Marketing,5906,4,False,junior,2023
2621,Franciszek,Baumgart,28,Gdańsk,IT,11653,0,False,mid,2023
2622,Tobiasz,Skalik,28,Warszawa,IT,11337,5,False,mid,2015
2623,Jędrzej,Skałka,25,Warszawa,HR,13101,1,False,senior,2023
2624,Mikołaj,Sus,30,Warszawa,Support,7740,1,False,mid,2020
2625,Iwo,Naczk,51,Warszawa,IT,10866,15,False,mid,2010
2626,Sara,Ciechowicz,23,Wrocław,IT,8349,1,False,junior,2015
2627,Artur,Zybura,32,Poznań,Finance,10586,1,True,junior,2025
2628,Leonard,Wiekiera,26,Warszawa,IT,10795,3,False,mid,2018
2629,Julianna,Podleśna,48,Poznań,Sales,6080,25,False,junior,2025
2630,Konrad,Pyc,22,Kraków,IT,7423,0,False,junior,2019
2631,Eryk,Pałgan,40,Warszawa,Sales,10202,4,True,junior,2015
2632,Adrianna,Rok,35,Warszawa,Support,4769,9,False,junior,2018
2633,Igor,Lenda,41,Poznań,IT,14352,14,False,senior,2015
2634,Tymoteusz,Siemieńczuk,48,Kraków,IT,11175,20,False,mid,2012
2635,Ida,Murach,63,Kraków,Sales,9348,29,False,mid,2018
2636,Albert,Masny,44,Poznań,IT,12933,22,True,mid,2013
2637,Marianna,Kosidło,58,Białystok,Sales,9499,7,False,mid,2023
2638,Dagmara,Ledzion,56,Łódź,Marketing,17894,25,False,lead,2018
2639,Adrian,Linkiewicz,52,Lublin,Support,8219,17,False,mid,2016
2640,Janina,Preuss,51,Białystok,Sales,18668,12,False,lead,2018
2641,Juliusz,Masiak,23,Łódź,Support,8148,0,False,mid,2011
2642,Kornel,Kowara,53,Gdańsk,IT,9706,18,False,mid,2022
2643,Marcin,Brach,58,Katowice,Support,18190,33,False,lead,2014
2644,Marcin,Kolber,34,Kraków,Sales,9907,12,False,mid,2024
2645,Gaja,Machoń,24,Kraków,Support,5823,2,False,junior,2023
2646,Emil,Eckert,33,Warszawa,IT,15513,2,False,senior,2014
2647,Anita,Głownia,22,Warszawa,IT,17749,0,False,lead,2010
2648,Maurycy,Kupidura,23,Kraków,Marketing,6180,1,False,junior,2013
2649,Alex,Okła,61,Poznań,Marketing,5568,0,False,junior,2013
2650,Borys,Zacharek,38,Warszawa,Sales,9178,3,False,mid,2022
2651,Angelika,Gajdzik,58,Warszawa,Sales,15183,9,False,senior,2024
2652,Dorota,Sykut,61,Poznań,Marketing,8536,2,False,mid,2023
2653,Urszula,Olesiejuk,52,Warszawa,IT,11914,8,False,mid,2018
2654,Julita,Dydo,65,Warszawa,IT,8325,14,False,junior,2012
2655,Tomasz,Łyś,28,Kraków,Marketing,13712,4,False,senior,2018
2656,Borys,Garczyk,43,Gdańsk,Operations,5074,16,False,junior,2016
2657,Bruno,Nastały,62,Łódź,IT,14479,16,False,senior,2018
2658,Kornel,Bogaczyk,48,Kraków,Support,5725,13,False,junior,2019
2659,Olgierd,Raszkiewicz,59,Wrocław,IT,16739,17,True,senior,2014
2660,Przemysław,Dyrek,39,Łódź,Sales,17876,0,True,senior,2014
2661,Liwia,Ciapa,30,Gdańsk,Marketing,8811,3,False,mid,2022
2662,Melania,Startek,31,Poznań,IT,10830,0,False,mid,2014
2663,Mateusz,Koral,51,Wrocław,Support,12354,7,False,senior,2017
2664,Mieszko,Kuśnierek,44,Kraków,IT,11793,14,True,junior,2014
2665,Tadeusz,Majtyka,57,Warszawa,Finance,9223,21,True,junior,2020
2666,Andrzej,Brach,44,Łódź,Operations,8129,18,True,junior,2011
2667,Kazimierz,Baumgart,51,Warszawa,Finance,8849,19,True,junior,2014
2668,Oliwier,Durys,57,Wrocław,IT,10219,15,False,mid,2016
2669,Juliusz,Dziduch,30,Warszawa,IT,8680,6,False,junior,2021
2670,Ryszard,Langa,22,Wrocław,HR,12559,0,False,senior,2019
2671,Eliza,Michnowicz,46,Lublin,Marketing,7001,23,False,junior,2023
2672,Mariusz,Zbiciak,36,Wrocław,Support,11060,13,True,mid,2020
2673,Apolonia,Kuśnierek,37,Łódź,Operations,9266,0,False,mid,2025
2674,Ada,Szymonik,31,Gdańsk,Finance,7178,4,False,junior,2015
2675,Gustaw,Prejs,32,Katowice,IT,14250,5,False,senior,2022
2676,Eryk,Filek,50,Lublin,Marketing,9638,0,False,mid,2022
2677,Ida,Kawula,31,Warszawa,Support,6374,2,False,junior,2024
2678,Patryk,Klinkosz,54,Kraków,Finance,16153,17,True,senior,2011
2679,Julita,Osica,62,Warszawa,Support,12790,13,True,mid,2019
2680,Jan,Chojna,54,Rzeszów,IT,18613,30,False,lead,2016
2681,Wiktor,Janczarek,41,Wrocław,Marketing,8824,1,False,mid,2013
2682,Bruno,Kosznik,31,Gdańsk,Operations,9459,1,False,mid,2015
2683,Kaja,Policht,44,Warszawa,Support,8832,8,False,mid,2019
2684,Paweł,Zarzeczna,63,Warszawa,Marketing,13001,5,False,senior,2012
2685,Julita,Pawlonka,55,Warszawa,Marketing,9123,9,False,mid,2020
2686,Justyna,Koperek,65,Poznań,Operations,12265,37,False,senior,2018
2687,Wojciech,Prażuch,59,Rzeszów,Finance,8574,26,False,mid,2021
2688,Marcin,Buśko,28,Warszawa,IT,8019,6,False,junior,2019
2689,Róża,Skrobot,34,Warszawa,Marketing,12320,10,False,senior,2013
2690,Kornel,Pytlarz,47,Katowice,Sales,12781,1,True,mid,2025
2691,Dawid,Chomiuk,31,Gdańsk,Sales,16039,1,True,senior,2016
2692,Mikołaj,Kubowicz,32,Warszawa,Sales,19225,0,False,lead,2011
2693,Iwo,Jachna,27,Warszawa,IT,15444,0,False,senior,2013
2694,Wojciech,Jędraszek,37,Poznań,IT,15772,3,False,senior,2023
2695,Olaf,Bekus,24,Gdańsk,Finance,6953,2,False,junior,2011
2696,Kalina,Bąkiewicz,54,Łódź,Operations,7145,16,False,junior,2020
2697,Aniela,Rosada,45,Warszawa,Support,9083,0,False,mid,2015
2698,Olga,Orwat,29,Warszawa,Sales,10617,0,False,mid,2010
2699,Jędrzej,Zbroja,52,Gdańsk,IT,13958,4,False,senior,2023
2700,Tobiasz,Tekiela,28,Łódź,IT,7133,3,False,junior,2014
2701,Ignacy,Droździel,34,Katowice,Sales,10770,10,False,mid,2025
2702,Jan,Toma,29,Lublin,IT,11792,3,False,mid,2013
2703,Wiktor,Laszkiewicz,22,Poznań,Marketing,13700,0,False,senior,2021
2704,Janina,Bulanda,51,Warszawa,IT,18700,27,False,lead,2016
2705,Wojciech,Hallmann,30,Rzeszów,IT,15100,3,False,senior,2011
2706,Nela,Baszak,46,Wrocław,Finance,10131,19,False,mid,2025
2707,Aleks,Wołodźko,23,Łódź,Finance,12984,1,False,senior,2017
2708,Emil,Fronczyk,58,Białystok,Support,10924,23,True,mid,2013
2709,Dawid,Bujko,48,Wrocław,IT,14391,9,False,senior,2016
2710,Monika,Baumgart,45,Rzeszów,Sales,17441,1,False,lead,2019
2711,Ewa,Michnowicz,35,Warszawa,Sales,13360,11,False,senior,2019
2712,Antoni,Kubanek,56,Warszawa,IT,11241,18,False,mid,2012
2713,Damian,Oleksak,22,Warszawa,IT,15044,0,False,senior,2025
2714,Borys,Kopa,45,Wrocław,HR,8503,22,False,mid,2017
2715,Kamila,Stranc,64,Kraków,Sales,17134,39,True,senior,2010
2716,Inga,Erdmann,29,Wrocław,Marketing,18270,4,False,lead,2023
2717,Julian,Babij,29,Poznań,HR,7955,5,False,mid,2014
2718,Mariusz,Godyń,56,Białystok,HR,19459,4,True,lead,2021
2719,Bianka,Sołtan,58,Kraków,HR,7686,31,False,mid,2024
2720,Dagmara,Tylus,32,Warszawa,HR,13014,3,False,senior,2018
2721,Marcel,Kargol,49,Warszawa,Finance,8611,24,False,mid,2024
2722,Jan,Dorobek,35,Wrocław,Finance,14468,0,False,senior,2017
2723,Gaja,Nieszporek,52,Warszawa,Sales,13734,21,False,senior,2010
2724,Julita,Łasica,33,Warszawa,HR,6380,7,False,junior,2015
2725,Karol,Teterycz,46,Warszawa,HR,6663,1,False,junior,2022
2726,Nikodem,Kowala,31,Poznań,HR,9206,7,True,junior,2023
2727,Mieszko,Leszkiewicz,38,Łódź,Finance,7458,4,False,junior,2012
2728,Klara,Bandyk,35,Poznań,Support,5266,5,False,junior,2021
2729,Ida,Dorociak,60,Poznań,Marketing,7687,8,False,junior,2011
2730,Miłosz,Zacharek,48,Katowice,Sales,10411,21,False,mid,2017
2731,Borys,Gałaj,33,Katowice,Operations,9420,0,False,mid,2010
2732,Iwo,Kiryluk,65,Gdańsk,IT,19212,33,False,lead,2012
2733,Oliwier,Swatek,42,Wrocław,HR,15285,19,True,senior,2020
2734,Nicole,Cichos,48,Poznań,Sales,7188,14,False,junior,2021
2735,Mikołaj,Kielczyk,38,Warszawa,Marketing,13358,5,True,mid,2018
2736,Krystyna,Bartoszak,31,Lublin,Marketing,9044,2,False,mid,2015
2737,Krystyna,Kijas,25,Gdańsk,Sales,9107,1,True,junior,2024
2738,Aleks,Pachnik,45,Wrocław,IT,15232,20,False,senior,2015
2739,Krzysztof,Roczniak,25,Lublin,Finance,7762,2,False,junior,2022
2740,Oskar,Kopczyk,58,Wrocław,Support,7069,35,False,junior,2010
2741,Elżbieta,Fura,35,Warszawa,IT,15192,9,False,senior,2010
2742,Kornel,Maksimowicz,28,Wrocław,Sales,10529,2,True,junior,2010
2743,Hubert,Tomaszuk,26,Lublin,IT,9829,3,False,mid,2022
2744,Marek,Dmoch,34,Warszawa,HR,14634,7,True,senior,2019
2745,Ryszard,Cebulak,59,Wrocław,Finance,6645,12,False,junior,2022
2746,Krzysztof,Karczmarek,58,Lublin,Finance,14316,14,False,senior,2023
2747,Eryk,Pianka,37,Rzeszów,IT,10831,0,False,mid,2018
2748,Ada,Żelazo,25,Gdańsk,Sales,14131,1,False,senior,2013
2749,Kornel,Małas,60,Kraków,Finance,14520,14,False,senior,2015
2750,Norbert,Kuczaj,56,Gdańsk,Operations,5195,5,False,junior,2019
2751,Janina,Kolanek,58,Lublin,Marketing,6556,27,False,junior,2015
2752,Sylwia,Krüger,51,Łódź,Finance,7503,27,False,junior,2018
2753,Dariusz,Smolec,61,Wrocław,IT,11281,37,False,mid,2019
2754,Jędrzej,Skotarek,22,Rzeszów,Marketing,12288,0,False,senior,2015
2755,Alan,Furgał,24,Łódź,IT,7203,2,False,junior,2011
2756,Jędrzej,Wojak,32,Białystok,Operations,12975,2,False,senior,2011
2757,Borys,Królikiewicz,39,Białystok,Sales,9442,8,False,mid,2021
2758,Justyna,Kleina,34,Warszawa,IT,6666,3,False,junior,2014
2759,Olgierd,Hulbój,45,Kraków,Support,15626,20,True,senior,2020
2760,Kornel,Nazarko,40,Łódź,IT,15879,10,False,senior,2019
2761,Malwina,Bociek,35,Katowice,IT,7508,9,False,junior,2022
2762,Adrianna,Pałyga,32,Warszawa,Sales,11005,9,False,mid,2017
2763,Norbert,Kleban,29,Katowice,Marketing,17574,2,True,senior,2011
2764,Bianka,Pilipczuk,50,Gdańsk,HR,9962,24,False,mid,2014
2765,Tymoteusz,Bona,25,Rzeszów,Finance,10383,0,True,junior,2019
2766,Maksymilian,Skocz,59,Warszawa,IT,7598,23,False,junior,2012
2767,Konstanty,Sarota,58,Kraków,Support,19242,13,True,lead,2015
2768,Sebastian,Glica,47,Kraków,Sales,7441,14,False,junior,2014
2769,Julita,Polaszek,49,Poznań,IT,19132,27,False,lead,2018
2770,Błażej,Kopyść,46,Warszawa,IT,13993,3,False,senior,2024
2771,Igor,Woźniczko,36,Gdańsk,Marketing,6300,0,False,junior,2020
2772,Igor,Bacik,30,Warszawa,IT,7443,4,False,junior,2020
2773,Kacper,Rejmak,44,Kraków,Marketing,10583,0,False,mid,2013
2774,Dorota,Uzar,41,Warszawa,Operations,10421,7,False,mid,2024
2775,Antoni,Jamrożek,62,Gdańsk,IT,7529,8,False,junior,2014
2776,Elżbieta,Bejm,31,Kraków,Operations,9316,1,False,mid,2013
2777,Olga,Mandrysz,59,Rzeszów,HR,13517,11,False,senior,2011
2778,Tola,Piegza,49,Lublin,IT,10460,15,False,mid,2015
2779,Piotr,Zyzik,59,Wrocław,IT,17734,37,False,lead,2015
2780,Robert,Jaszczur,43,Łódź,Support,13828,14,False,senior,2020
2781,Rozalia,Macha,62,Wrocław,Sales,15017,32,False,senior,2015
2782,Krystian,Zaraś,42,Poznań,Finance,14580,13,False,senior,2018
2783,Kamila,Kochman,47,Gdańsk,IT,7387,15,False,junior,2020
2784,Julianna,Kosak,45,Wrocław,Sales,14235,2,False,senior,2010
2785,Aleks,Janke,28,Łódź,Marketing,5888,4,False,junior,2019
2786,Marcelina,Frącz,50,Warszawa,Marketing,8252,5,False,mid,2012
2787,Apolonia,Wiech,32,Kraków,HR,6933,2,False,junior,2010
2788,Ewa,Nagel,22,Lublin,Finance,10132,0,False,mid,2010
2789,Nela,Pesta,38,Warszawa,Sales,13558,10,False,senior,2012
2790,Tadeusz,Dorna,52,Warszawa,Marketing,5404,26,False,junior,2012
2791,Leon,Świć,58,Katowice,Sales,6456,14,False,junior,2019
2792,Ida,Chwedoruk,51,Gdańsk,Finance,8691,2,True,junior,2023
2793,Adrianna,Sykut,23,Łódź,HR,7954,0,False,mid,2023
2794,Kajetan,Matejuk,25,Lublin,Finance,18653,3,False,lead,2021
2795,Sylwia,Galos,22,Kraków,IT,9869,0,False,mid,2024
2796,Tymon,Łupina,49,Kraków,IT,7311,21,False,junior,2023
2797,Karina,Pałyga,29,Katowice,HR,9282,0,False,mid,2019
2798,Maciej,Simon,30,Wrocław,HR,11976,3,False,senior,2016
2799,Ada,Płócienniczak,51,Łódź,Finance,10221,5,False,mid,2011
2800,Wiktor,Ledzion,49,Katowice,Sales,8984,27,False,mid,2018
2801,Leonard,Sztaba,49,Kraków,HR,6307,25,False,junior,2010
2802,Maciej,Sprycha,27,Gdańsk,IT,9668,3,False,mid,2015
2803,Gabriel,Trybała,40,Kraków,Operations,10032,17,True,junior,2015
2804,Olgierd,Bąkiewicz,36,Katowice,Operations,9592,4,False,mid,2018
2805,Natasza,Gawliczek,50,Warszawa,Finance,14695,18,False,senior,2021
2806,Aleksander,Brach,36,Warszawa,Sales,17715,6,True,senior,2015
2807,Kazimierz,Tokarek,34,Łódź,IT,12513,8,True,mid,2020
2808,Angelika,Zybura,36,Gdańsk,HR,12597,8,False,senior,2015
2809,Jacek,Chołody,27,Kraków,Operations,12133,3,False,senior,2017
2810,Błażej,Ciesielka,52,Łódź,IT,8181,17,False,junior,2013
2811,Inga,Behrendt,40,Rzeszów,Sales,10672,7,False,mid,2011
2812,Tymoteusz,Miękina,47,Poznań,Finance,9939,23,False,mid,2023
2813,Albert,Tasarz,38,Warszawa,Operations,13655,13,False,senior,2012
2814,Julianna,Wosiek,45,Łódź,Sales,8294,21,False,junior,2011
2815,Igor,Kocurek,25,Białystok,IT,9545,1,False,mid,2019
2816,Iwo,Zacharewicz,43,Łódź,Operations,9188,1,False,mid,2017
2817,Artur,Kusik,45,Wrocław,HR,15515,13,True,senior,2024
2818,Olga,Bulak,39,Kraków,IT,11302,13,False,mid,2016
2819,Mieszko,Kleban,23,Katowice,Support,8255,1,False,mid,2015
2820,Karina,Zdonek,33,Lublin,Support,8032,6,False,mid,2010
2821,Jan,Tarasek,54,Poznań,HR,8849,28,False,mid,2011
2822,Sebastian,Żach,46,Gdańsk,IT,14192,15,False,senior,2025
2823,Leon,Bastek,47,Kraków,Support,11789,0,False,senior,2019
2824,Igor,Wasążnik,58,Warszawa,Finance,7797,8,False,junior,2023
2825,Konstanty,Kostera,26,Łódź,Finance,13343,4,False,senior,2015
2826,Krystian,Lenda,25,Warszawa,Support,7760,0,False,mid,2025
2827,Damian,Kucab,34,Warszawa,Operations,8328,12,False,mid,2015
2828,Ignacy,Węgrzyk,53,Wrocław,HR,8335,7,False,mid,2017
2829,Olaf,Fidos,51,Białystok,IT,10761,2,False,mid,2018
2830,Kornel,Majczyna,32,Warszawa,IT,11693,6,False,mid,2017
2831,Oliwier,Szymańczak,27,Rzeszów,HR,13963,5,False,senior,2010
2832,Malwina,Wenda,29,Gdańsk,Support,9258,4,False,mid,2015
2833,Nikodem,Sołtysek,26,Poznań,IT,11987,4,False,mid,2015
2834,Miłosz,Chachaj,39,Poznań,Operations,9004,7,False,mid,2011
2835,Klara,Dulewicz,31,Poznań,Finance,8522,1,False,mid,2022
2836,Andrzej,Hołubowicz,62,Kraków,IT,22661,24,True,lead,2011
2837,Hubert,Sasak,28,Kraków,Operations,8581,3,False,mid,2012
2838,Tola,Linkiewicz,43,Wrocław,IT,8953,0,False,junior,2014
2839,Łukasz,Broszkiewicz,48,Wrocław,IT,11709,20,True,junior,2011
2840,Ida,Rejniak,55,Wrocław,Sales,10498,4,False,mid,2015
2841,Anita,Lenarcik,63,Lublin,HR,11578,18,False,senior,2024
2842,Adam,Szóstak,31,Gdańsk,HR,9412,8,False,mid,2018
2843,Robert,Cader,27,Warszawa,Support,10156,0,False,mid,2022
2844,Eliza,Plebanek,29,Wrocław,IT,15672,2,False,senior,2014
2845,Sylwia,Czajor,23,Wrocław,Sales,10525,0,False,mid,2016
2846,Kacper,Ludwin,65,Warszawa,Operations,5753,16,False,junior,2018
2847,Ryszard,Szczudło,43,Lublin,Operations,11044,16,True,mid,2019
2848,Przemysław,Szkopek,64,Warszawa,Operations,7443,42,False,junior,2010
2849,Natasza,Lewicz,59,Warszawa,IT,17536,5,False,lead,2015
2850,Karina,Forma,57,Wrocław,Operations,9023,17,False,mid,2022
2851,Borys,Borzych,63,Białystok,HR,5044,28,False,junior,2019
2852,Klara,Czuj,24,Łódź,Finance,8824,1,False,mid,2024
2853,Julian,Kolka,45,Rzeszów,Operations,9114,8,False,mid,2014
2854,Janina,Kajstura,29,Gdańsk,Support,13213,5,False,senior,2018
2855,Grzegorz,Markiel,47,Warszawa,IT,8061,13,False,junior,2022
2856,Apolonia,Dykas,51,Rzeszów,Finance,13029,19,False,senior,2021
2857,Leon,Gadzina,59,Poznań,Support,8413,19,False,mid,2014
2858,Cyprian,Fal,25,Poznań,IT,8808,2,False,junior,2014
2859,Gaja,Sołtysek,22,Warszawa,Finance,10889,0,False,mid,2023
2860,Krzysztof,Morcinek,33,Wrocław,Support,14160,3,False,senior,2014
2861,Albert,Łosiak,59,Kraków,Sales,7437,35,False,junior,2024
2862,Adrian,Siekierka,53,Wrocław,Operations,11497,28,True,mid,2017
2863,Kacper,Garncarek,38,Poznań,Operations,7490,16,False,junior,2017
2864,Angelika,Malecha,28,Poznań,IT,6846,2,False,junior,2014
2865,Dorota,Frymus,30,Warszawa,IT,8410,6,False,junior,2022
2866,Sandra,Rajczak,31,Białystok,Support,12629,9,False,senior,2011
2867,Krystian,Szkatuła,40,Kraków,IT,8854,18,False,junior,2025
2868,Patryk,Rok,42,Lublin,Sales,22012,4,True,lead,2023
2869,Lidia,Jantos,63,Wrocław,IT,14054,20,False,senior,2019
2870,Piotr,Nazarko,22,Łódź,IT,10456,0,False,mid,2020
2871,Ewelina,Rubin,36,Poznań,Finance,8919,0,False,mid,2018
2872,Ignacy,Gruszczyk,57,Białystok,Support,6933,25,False,junior,2011
2873,Karina,Galos,63,Warszawa,IT,10992,23,False,mid,2017
2874,Adrian,Klos,62,Wrocław,IT,11842,0,False,mid,2020
2875,Rozalia,Broniarek,52,Łódź,Marketing,13389,4,False,senior,2010
2876,Jakub,Kubieniec,41,Kraków,HR,12802,7,False,senior,2017
2877,Kornelia,Koźlak,26,Gdańsk,Operations,11212,1,True,mid,2025
2878,Sandra,Kościołek,53,Warszawa,Sales,6054,31,False,junior,2017
2879,Aleksander,Wieja,48,Katowice,IT,17866,2,True,senior,2012
2880,Liwia,Połetek,59,Warszawa,Finance,9253,12,False,mid,2019
2881,Olaf,Dryka,41,Kraków,Sales,14820,8,False,senior,2023
2882,Karina,Garbacik,23,Poznań,Operations,13291,1,False,senior,2012
2883,Fryderyk,Gorol,22,Warszawa,Marketing,13130,0,True,mid,2011
2884,Julianna,Ślipek,57,Łódź,Support,6904,22,False,junior,2021
2885,Aurelia,Rodzeń,27,Warszawa,HR,7800,2,False,mid,2021
2886,Kaja,Janke,54,Poznań,IT,9890,0,False,mid,2020
2887,Juliusz,Hajdas,50,Katowice,Finance,7966,8,False,junior,2013
2888,Jerzy,Palica,47,Lublin,IT,11907,1,False,mid,2017
2889,Karol,Latacz,22,Kraków,Sales,9818,0,False,mid,2014
2890,Inga,Stasica,33,Warszawa,IT,14156,1,False,senior,2011
2891,Juliusz,Mikoda,37,Poznań,Finance,16586,11,False,lead,2024
2892,Jan,Tabisz,56,Wrocław,IT,6870,34,False,junior,2022
2893,Jan,Mijas,40,Warszawa,IT,15210,13,False,senior,2014
2894,Angelika,Piaścik,34,Gdańsk,Finance,16584,0,False,lead,2011
2895,Angelika,Pych,49,Łódź,Sales,5974,15,False,junior,2015
2896,Albert,Żyto,24,Gdańsk,Sales,13955,2,False,senior,2017
2897,Gabriel,Wesoła,27,Lublin,IT,6910,0,False,junior,2013
2898,Jędrzej,Semik,43,Kraków,IT,8135,17,False,junior,2017
2899,Olgierd,Łój,33,Gdańsk,Finance,7362,10,False,junior,2015
2900,Marcin,Sereda,31,Gdańsk,Sales,13755,0,True,mid,2018
2901,Janina,Suchta,45,Poznań,Marketing,7378,22,False,junior,2014
2902,Robert,Pyzel,62,Katowice,HR,6844,12,False,junior,2020
2903,Julita,Sypek,37,Katowice,Operations,8541,8,False,mid,2023
2904,Sylwia,Zielke,33,Katowice,Finance,12450,3,True,mid,2010
2905,Jacek,Kornek,30,Poznań,IT,8775,6,False,junior,2024
2906,Ewa,Wiekiera,22,Poznań,IT,17712,0,False,lead,2022
2907,Gabriel,Trzyna,37,Kraków,Operations,8529,1,False,mid,2012
2908,Bianka,Gosik,63,Lublin,Sales,8844,40,False,mid,2016
2909,Dagmara,Mroczko,59,Rzeszów,IT,9618,2,False,mid,2014
2910,Kajetan,Kycia,45,Kraków,IT,8384,4,False,junior,2021
2911,Melania,Porzucek,58,Wrocław,Operations,8764,29,False,mid,2022
2912,Karina,Pokrzywa,24,Poznań,IT,11398,0,False,mid,2021
2913,Norbert,Ochota,53,Kraków,HR,8061,18,False,mid,2011
2914,Mieszko,Dziwak,42,Rzeszów,HR,12849,9,False,senior,2017
2915,Ewa,Miętka,54,Warszawa,Sales,8238,5,False,junior,2022
2916,Sebastian,Niewola,44,Warszawa,Operations,9352,20,False,mid,2022
2917,Ignacy,Nitek,47,Gdańsk,Marketing,14220,5,False,senior,2025
2918,Olaf,Fras,25,Wrocław,IT,9920,2,False,mid,2023
2919,Miłosz,Śleziak,30,Warszawa,IT,10131,4,False,mid,2023
2920,Bruno,Doruch,47,Kraków,Support,6195,0,False,junior,2010
2921,Blanka,Drgas,26,Łódź,IT,17869,2,False,lead,2023
2922,Natan,Krata,53,Warszawa,Sales,10329,6,False,mid,2014
2923,Krystyna,Starek,33,Warszawa,Sales,11123,4,False,mid,2018
2924,Mikołaj,Patrzałek,25,Łódź,Finance,20810,3,True,lead,2024
2925,Tobiasz,Wołoszczuk,59,Wrocław,Sales,10949,3,False,mid,2022
2926,Jan,Bochnia,49,Lublin,Finance,17852,23,False,lead,2022
2927,Tomasz,Wizner,29,Kraków,Sales,8091,3,False,junior,2024
2928,Tymon,Szumny,47,Wrocław,Finance,17494,17,False,lead,2025
2929,Justyna,Kaczan,52,Poznań,IT,16910,25,True,senior,2015
2930,Wiktor,Szabla,32,Wrocław,IT,10088,0,False,mid,2025
2931,Borys,Korda,35,Warszawa,Support,8761,12,False,mid,2011
2932,Maksymilian,Ziarek,33,Kraków,Marketing,18084,8,False,lead,2022
2933,Piotr,Cyba,61,Kraków,Finance,9153,37,False,mid,2017
2934,Ernest,Masłoń,56,Warszawa,IT,11856,21,False,mid,2013
2935,Angelika,Kasper,38,Gdańsk,IT,8614,0,False,junior,2018
2936,Gaja,Misztela,40,Kraków,Marketing,7351,4,False,junior,2014
2937,Tymoteusz,Fedyk,60,Poznań,Operations,13344,0,False,senior,2018
2938,Anastazja,Świerkot,43,Warszawa,Support,14028,4,False,senior,2012
2939,Mateusz,Danisz,34,Warszawa,IT,18664,8,False,lead,2017
2940,Eliza,Koleśnik,35,Katowice,Finance,6116,10,False,junior,2014
2941,Eryk,Kielan,53,Warszawa,Support,9773,28,False,mid,2011
2942,Apolonia,Wisz,47,Łódź,IT,17514,12,False,lead,2016
2943,Jerzy,Grzelec,57,Wrocław,IT,7194,23,False,junior,2019
2944,Alan,Ochab,30,Lublin,Sales,7018,4,False,junior,2011
2945,Piotr,Gamoń,30,Łódź,Operations,6502,7,False,junior,2015
2946,Tadeusz,Rompa,49,Wrocław,Support,9460,14,False,mid,2015
2947,Jakub,Snoch,22,Wrocław,Operations,6461,0,False,junior,2022
2948,Dawid,Wajdzik,38,Kraków,Finance,14489,13,False,senior,2016
2949,Blanka,Wojtasiewicz,28,Rzeszów,Marketing,18184,4,False,lead,2018
2950,Ewa,Plebanek,60,Białystok,Sales,10090,4,True,junior,2020
2951,Julianna,Gortat,22,Katowice,IT,11287,0,False,mid,2019
2952,Eliza,Bondyra,35,Kraków,Sales,6215,2,False,junior,2014
2953,Krzysztof,Woszczyna,28,Gdańsk,Support,12005,1,False,senior,2013
2954,Krystyna,Bienia,43,Białystok,IT,9799,19,True,junior,2015
2955,Melania,Sadowy,65,Łódź,Support,8490,28,False,mid,2019
2956,Nataniel,Milczarczyk,53,Białystok,Sales,7688,19,False,junior,2025
2957,Jacek,Pakos,26,Poznań,Support,13544,4,False,senior,2025
2958,Eryk,Gawliczek,25,Rzeszów,HR,7702,2,False,mid,2022
2959,Olga,Kuboń,26,Kraków,Sales,10715,1,False,mid,2018
2960,Jan,Kasica,47,Kraków,Finance,13603,0,False,senior,2022
2961,Tymoteusz,Kubrak,34,Rzeszów,Operations,9821,10,False,mid,2014
2962,Dorota,Łój,34,Warszawa,Sales,13376,6,False,senior,2023
2963,Melania,Szmajda,27,Warszawa,Finance,9805,3,False,mid,2024
2964,Nela,Kozar,65,Kraków,Sales,10432,32,False,mid,2020
2965,Cyprian,Strzępek,42,Kraków,Support,13626,11,False,senior,2023
2966,Ida,Cibor,39,Wrocław,Finance,7199,0,False,junior,2014
2967,Julita,Dywan,40,Wrocław,Finance,9130,1,False,mid,2015
2968,Aurelia,Supeł,38,Katowice,Sales,7012,9,False,junior,2010
2969,Sara,Glegoła,31,Wrocław,Sales,7899,3,False,junior,2017
2970,Sylwia,Szczepaniec,42,Łódź,Finance,14172,15,False,senior,2016
2971,Andrzej,Siciarz,24,Białystok,IT,8184,2,False,junior,2011
2972,Natan,Wykręt,33,Kraków,IT,15690,0,False,senior,2017
2973,Róża,Duży,23,Warszawa,Marketing,16974,1,True,senior,2012
2974,Róża,Mikłaszewicz,60,Lublin,Support,9694,30,False,mid,2014
2975,Julianna,Kurzac,39,Poznań,IT,19996,10,False,lead,2018
2976,Antoni,Saczuk,55,Białystok,Finance,7046,0,False,junior,2025
2977,Oliwier,Ryczko,41,Warszawa,HR,16412,16,False,lead,2018
2978,Krzysztof,Ostafin,65,Gdańsk,Sales,13374,1,False,senior,2023
2979,Borys,Tabak,22,Kraków,IT,13681,0,False,senior,2017
2980,Olaf,Olewniczak,27,Gdańsk,Marketing,17348,2,False,lead,2010
2981,Jędrzej,Makosz,51,Warszawa,IT,15302,6,False,senior,2024
2982,Maks,Kusik,52,Wrocław,Sales,9265,9,False,mid,2019
2983,Julita,Rychel,26,Katowice,Support,12351,4,False,senior,2016
2984,Błażej,Krekora,22,Kraków,Sales,14906,0,False,senior,2018
2985,Stefan,Jamroży,28,Kraków,Marketing,9958,4,False,mid,2010
2986,Blanka,Piekacz,63,Wrocław,Sales,14681,23,False,senior,2023
2987,Cyprian,Karpiel,52,Warszawa,Operations,16010,9,False,lead,2022
2988,Bianka,Ciemięga,47,Warszawa,Support,12054,5,False,senior,2021
2989,Lidia,Górkiewicz,27,Katowice,IT,18112,4,False,lead,2019
2990,Maks,Kowaluk,31,Lublin,Sales,15047,6,False,senior,2010
2991,Anita,Maksym,48,Wrocław,IT,6987,4,False,junior,2024
2992,Grzegorz,Hak,61,Warszawa,IT,19431,32,False,lead,2011
2993,Rafał,Grosz,24,Katowice,Finance,14720,2,False,senior,2024
2994,Ksawery,Kiljan,25,Rzeszów,Sales,13089,2,False,senior,2024
2995,Tadeusz,Kasznia,48,Warszawa,Sales,11030,15,False,mid,2011
2996,Błażej,Tereszkiewicz,50,Poznań,Finance,10523,23,True,junior,2011
2997,Olaf,Szeszko,57,Rzeszów,Marketing,8886,19,False,mid,2022
2998,Witold,Osipiuk,57,Poznań,Finance,8593,13,False,mid,2014
2999,Maurycy,Matulka,23,Warszawa,Sales,9538,1,False,mid,2013
3000,Dominik,Engler,62,Lublin,Marketing,7439,38,False,junior,2013
3001,Maksymilian,Kocaj,31,Poznań,Sales,9202,9,False,mid,2014
3002,Anastazja,Szkaradek,23,Wrocław,Marketing,7641,1,False,junior,2011
3003,Jan,Melcer,29,Warszawa,Sales,11072,0,False,mid,2014
3004,Rozalia,Pietrusiak,46,Kraków,HR,9288,17,False,mid,2019
3005,Karina,Wiese,60,Kraków,HR,16843,29,False,lead,2024
3006,Jędrzej,Zamora,54,Katowice,Operations,12782,26,False,senior,2020
3007,Aurelia,Tywoniuk,44,Katowice,Finance,9199,22,False,mid,2016
3008,Jacek,Dziadowicz,28,Gdańsk,Marketing,10002,2,False,mid,2011
3009,Grzegorz,Melcer,44,Poznań,Sales,9711,4,False,mid,2018
3010,Apolonia,Beśka,39,Wrocław,Sales,6112,8,False,junior,2019
3011,Ewa,Powierża,26,Rzeszów,Marketing,12824,2,False,senior,2017
3012,Aurelia,Kuran,63,Warszawa,Sales,14128,20,False,senior,2022
3013,Mikołaj,Matacz,56,Gdańsk,Finance,14328,4,False,senior,2011
3014,Kaja,Siembab,31,Kraków,Operations,9746,3,False,mid,2019
3015,Rozalia,Witas,38,Gdańsk,HR,16449,13,False,lead,2023
3016,Nela,Stawowczyk,49,Warszawa,IT,14807,9,False,senior,2025
3017,Kamila,Stoltman,35,Łódź,Operations,10040,12,False,mid,2021
3018,Tymoteusz,Holc,50,Gdańsk,Marketing,17998,22,False,lead,2017
3019,Ignacy,Nawój,28,Gdańsk,Marketing,8759,4,False,mid,2012
3020,Eliza,Tryka,43,Łódź,HR,8428,17,False,mid,2017
3021,Jędrzej,Błażejewicz,33,Lublin,Marketing,9621,4,True,junior,2018
3022,Mateusz,Bałazy,56,Katowice,IT,10349,15,False,mid,2019
3023,Nikodem,Kubasiak,40,Łódź,Finance,13914,12,False,senior,2021
3024,Elżbieta,Martyka,56,Białystok,Sales,11297,18,False,mid,2013
3025,Arkadiusz,Nalazek,49,Kraków,Support,8015,2,False,mid,2013
3026,Robert,Wolff,47,Łódź,Support,8105,18,False,mid,2017
3027,Krystyna,Bobryk,41,Wrocław,Operations,9045,8,False,mid,2016
3028,Marek,Kusio,53,Katowice,IT,7013,28,False,junior,2022
3029,Natasza,Niebudek,40,Katowice,IT,18924,7,False,lead,2010
3030,Cyprian,Zaraś,58,Warszawa,Sales,14344,24,False,senior,2024
3031,Daniel,Kawiak,51,Wrocław,Finance,8819,3,False,mid,2010
3032,Kaja,Karpik,30,Białystok,HR,11631,5,False,senior,2014
3033,Sandra,Wichary,30,Rzeszów,HR,7662,2,False,mid,2012
3034,Mariusz,Brejnak,35,Wrocław,IT,10966,11,False,mid,2010
3035,Blanka,Marchlewicz,28,Gdańsk,HR,12630,3,False,senior,2022
3036,Aniela,Skotarczak,29,Gdańsk,IT,7935,4,False,junior,2012
3037,Anita,Opioła,51,Białystok,Finance,14043,9,False,senior,2011
3038,Aurelia,Przystupa,29,Katowice,Finance,10894,6,True,junior,2021
3039,Olaf,Obiała,63,Gdańsk,Finance,13248,24,False,senior,2025
3040,Oskar,Jakubiuk,65,Lublin,Operations,8184,28,False,mid,2010
3041,Jeremi,Gęca,35,Białystok,Sales,20532,13,True,lead,2020
3042,Marek,Dziób,43,Rzeszów,Operations,13110,2,False,senior,2019
3043,Kornelia,Demiańczuk,65,Wrocław,IT,15695,16,False,senior,2017
3044,Fryderyk,Hyjek,58,Katowice,Support,12179,0,True,mid,2018
3045,Tymon,Potok,46,Warszawa,Marketing,13010,23,False,senior,2014
3046,Krystian,Borzym,44,Łódź,Sales,7711,2,False,junior,2020
3047,Mateusz,Janczura,35,Łódź,HR,5669,1,False,junior,2017
3048,Sandra,Zadka,50,Wrocław,Sales,13964,15,True,mid,2021
3049,Łukasz,Odrzywołek,54,Łódź,Sales,6151,3,False,junior,2019
3050,Eliza,Kręgiel,35,Warszawa,IT,8471,9,False,junior,2023
3051,Jędrzej,Opalach,32,Katowice,Sales,8047,10,False,junior,2024
3052,Ada,Szyndler,28,Wrocław,Sales,9327,0,False,mid,2020
3053,Iwo,Gozdur,51,Gdańsk,Marketing,9952,26,True,junior,2016
3054,Nicole,Witaszek,37,Kraków,Marketing,9855,2,False,mid,2011
3055,Ewa,Berg,25,Warszawa,Sales,7172,1,False,junior,2010
3056,Miłosz,Jędruch,65,Warszawa,HR,19684,20,True,lead,2014
3057,Przemysław,Ciaś,23,Warszawa,HR,9911,1,False,mid,2014
3058,Juliusz,Szkoła,23,Wrocław,Operations,18127,0,False,lead,2014
3059,Patryk,Mirończuk,30,Kraków,IT,15904,2,False,senior,2014
3060,Józef,Kolanko,33,Wrocław,IT,9689,10,True,junior,2012
3061,Olgierd,Kuchciak,29,Kraków,IT,10433,3,True,junior,2015
3062,Melania,Kozdrój,45,Rzeszów,IT,10496,5,False,mid,2018
3063,Juliusz,Basista,43,Kraków,IT,11137,13,False,mid,2019
3064,Michał,Giersz,41,Katowice,IT,11261,19,False,mid,2023
3065,Marcel,Zmarzły,34,Warszawa,Operations,6013,4,False,junior,2023
3066,Konrad,Wiertelak,51,Gdańsk,Operations,10346,20,False,mid,2021
3067,Aurelia,Foremniak,33,Kraków,Finance,9870,9,False,mid,2015
3068,Julita,Zachwieja,46,Kraków,Operations,9597,12,False,mid,2015
3069,Ryszard,Kreczmer,45,Poznań,Sales,14029,7,False,senior,2013
3070,Arkadiusz,Tekiela,39,Wrocław,IT,15019,15,False,senior,2015
3071,Apolonia,Fudalej,40,Rzeszów,Support,13001,14,False,senior,2017
3072,Adrianna,Soczówka,43,Łódź,Marketing,10561,6,False,mid,2020
3073,Maksymilian,Kasak,37,Lublin,Marketing,7222,4,False,junior,2014
3074,Stefan,Roj,41,Warszawa,Sales,10513,3,False,mid,2016
3075,Tymon,Borak,62,Kraków,IT,19182,35,False,lead,2020
3076,Leon,Działa,54,Gdańsk,Finance,10705,27,True,junior,2014
3077,Natan,Niećko,40,Gdańsk,Sales,11037,18,False,mid,2012
3078,Anita,Przekwas,48,Kraków,Support,12312,3,True,mid,2016
3079,Wojciech,Stypa,51,Warszawa,Operations,6554,2,False,junior,2011
3080,Miłosz,Kaszkowiak,52,Lublin,IT,11696,22,True,junior,2023
3081,Olaf,Grabara,52,Łódź,Sales,9926,30,False,mid,2016
3082,Alex,Bisaga,29,Rzeszów,Finance,17719,2,False,lead,2024
3083,Aleks,Plak,47,Kraków,IT,10173,5,False,mid,2022
3084,Cezary,Świerad,40,Warszawa,Operations,13884,11,False,senior,2014
3085,Ewa,Gmur,59,Kraków,IT,10574,37,False,mid,2012
3086,Sara,Reichel,64,Wrocław,Support,7023,7,False,junior,2024
3087,Olgierd,Nitek,27,Rzeszów,IT,11755,4,False,mid,2017
3088,Julianna,Horbacz,35,Warszawa,IT,7195,5,False,junior,2021
3089,Aniela,Pyza,58,Katowice,IT,8896,1,False,junior,2011
3090,Leon,Zacharek,27,Kraków,HR,6217,1,False,junior,2025
3091,Michał,Szymanik,64,Kraków,Operations,18307,13,False,lead,2018
3092,Marek,Maligłówka,27,Warszawa,Finance,5654,5,False,junior,2012
3093,Iwo,Bałdys,38,Warszawa,HR,6917,2,False,junior,2012
3094,Maksymilian,Karpik,23,Łódź,Support,11858,0,False,senior,2014
3095,Leon,Malon,55,Białystok,Finance,12635,26,False,senior,2012
3096,Paweł,Armata,61,Kraków,IT,7321,38,False,junior,2018
3097,Wiktor,Kubaczyk,54,Kraków,IT,13807,21,True,mid,2016
3098,Lidia,Elert,26,Poznań,Support,10123,3,True,junior,2013
3099,Mikołaj,Kwasek,35,Warszawa,Operations,11353,8,True,mid,2025
3100,Ewa,Koziarz,29,Katowice,IT,13566,3,False,senior,2014
3101,Karol,Uliasz,41,Warszawa,Support,8061,14,False,mid,2019
3102,Błażej,Prygiel,27,Poznań,Operations,5559,0,False,junior,2025
3103,Marcin,Łyskawa,26,Wrocław,Operations,6558,4,False,junior,2019
3104,Tobiasz,Ostapczuk,49,Kraków,Operations,13045,6,True,mid,2019
3105,Olaf,Wylegała,61,Wrocław,Operations,8693,7,False,mid,2017
3106,Ryszard,Potoczna,63,Kraków,IT,6837,9,False,junior,2020
3107,Hubert,Opioła,35,Gdańsk,Finance,7091,5,False,junior,2012
3108,Anna Maria,Paździora,48,Kraków,IT,8535,17,False,junior,2019
3109,Alan,Mirga,26,Wrocław,Sales,7710,0,False,junior,2018
3110,Filip,Nastały,55,Wrocław,Finance,18835,33,False,lead,2017
3111,Maurycy,Stoltman,25,Gdańsk,Sales,10572,0,False,mid,2024
3112,Arkadiusz,Rajman,44,Warszawa,Finance,17096,21,False,lead,2015
3113,Lidia,Pancerz,50,Wrocław,Finance,13981,20,False,senior,2022
3114,Rozalia,Adamaszek,45,Lublin,Sales,6139,0,False,junior,2019
3115,Krystyna,Barczuk,63,Kraków,Support,6424,17,False,junior,2015
3116,Łukasz,Wieja,38,Poznań,Operations,15021,1,True,senior,2010
3117,Rozalia,Wojtalik,62,Gdańsk,Marketing,8610,26,False,mid,2025
3118,Tola,Doktór,30,Poznań,IT,6955,8,False,junior,2013
3119,Agnieszka,Goworek,44,Kraków,Sales,8077,21,False,junior,2014
3120,Sylwia,Roszko,40,Poznań,Operations,9466,0,False,mid,2019
3121,Anna Maria,Foit,24,Warszawa,Marketing,7679,0,False,junior,2013
3122,Ewelina,Laszczyk,36,Warszawa,IT,13621,5,False,senior,2020
3123,Mieszko,Szymańczak,34,Białystok,Support,17873,5,False,lead,2014
3124,Rozalia,Franc,22,Gdańsk,Support,6704,0,False,junior,2011
3125,Dawid,Gogol,60,Warszawa,Support,10998,29,True,mid,2010
3126,Norbert,Zaraś,41,Białystok,Marketing,9434,3,False,mid,2012
3127,Klara,Kolanko,61,Warszawa,Marketing,12591,21,False,senior,2018
3128,Marcin,Kiepura,40,Katowice,HR,8027,15,False,mid,2011
3129,Mateusz,Wandzel,33,Łódź,Support,9279,1,False,mid,2017
3130,Angelika,Dulik,44,Gdańsk,Marketing,20131,15,True,lead,2024
3131,Łukasz,Jonak,57,Warszawa,Operations,9821,7,False,mid,2018
3132,Stefan,Gradek,37,Warszawa,Operations,9410,12,False,mid,2025
3133,Ewelina,Wicha,45,Łódź,IT,10264,18,False,mid,2010
3134,Marika,Rudyk,48,Gdańsk,IT,18127,19,False,lead,2023
3135,Malwina,Wijata,22,Warszawa,HR,5456,0,False,junior,2024
3136,Mateusz,Petryk,39,Warszawa,Finance,10197,11,False,mid,2012
3137,Kornelia,Pajdak,36,Warszawa,Sales,9373,6,False,mid,2021
3138,Aleks,Habdas,36,Kraków,Sales,6458,10,False,junior,2022
3139,Jerzy,Stranc,40,Katowice,Sales,10123,8,False,mid,2010
3140,Jan,Hołota,56,Kraków,IT,10370,18,False,mid,2019
3141,Mariusz,Kolarz,54,Kraków,Finance,12953,0,False,senior,2020
3142,Klara,Oleśkiewicz,43,Wrocław,IT,18791,7,False,lead,2024
3143,Melania,Pawliczak,40,Wrocław,Operations,17551,18,False,lead,2010
3144,Ewa,Synak,32,Wrocław,IT,7407,4,False,junior,2014
3145,Miłosz,Smoczyk,61,Kraków,IT,9838,21,False,mid,2020
3146,Tobiasz,Pikula,62,Warszawa,Finance,19582,34,True,lead,2014
3147,Albert,Warmuz,60,Białystok,Marketing,10012,27,False,mid,2015
3148,Błażej,Stypa,28,Warszawa,IT,7737,3,False,junior,2012
3149,Kaja,Mętel,48,Katowice,Support,8686,14,False,mid,2015
3150,Tadeusz,Kocurek,47,Poznań,Support,11606,12,True,mid,2014
3151,Jeremi,Wendt,44,Warszawa,IT,17684,1,False,lead,2019
3152,Ewelina,Lepka,56,Warszawa,Finance,5699,22,False,junior,2013
3153,Cezary,Ziółko,58,Warszawa,Sales,10795,15,False,mid,2012
3154,Rafał,Henke,60,Łódź,IT,7899,3,False,junior,2023
3155,Krzysztof,Mydlarz,28,Lublin,Finance,6650,3,False,junior,2025
3156,Łukasz,Wojciech,26,Kraków,Sales,17641,4,True,senior,2014
3157,Kamil,Pochroń,36,Katowice,Marketing,5759,0,False,junior,2017
3158,Agnieszka,Senger,27,Poznań,Support,8009,3,False,mid,2019
3159,Aniela,Białk,43,Katowice,Operations,5484,12,False,junior,2019
3160,Marika,Mrózek,44,Łódź,IT,14348,6,True,mid,2025
3161,Kazimierz,Kwoka,49,Kraków,HR,13212,13,False,senior,2012
3162,Krystian,Zieja,30,Warszawa,IT,14815,0,False,senior,2025
3163,Ewelina,Galik,57,Warszawa,Marketing,11740,3,True,mid,2017
3164,Daniel,Noszczyk,26,Gdańsk,Marketing,9782,0,False,mid,2025
3165,Ryszard,Maksym,62,Kraków,IT,7004,27,False,junior,2021
3166,Hubert,Klorek,59,Warszawa,Operations,6165,9,False,junior,2021
3167,Monika,Białasik,48,Warszawa,HR,16776,7,False,lead,2016
3168,Mateusz,Warchał,23,Katowice,Finance,6506,0,False,junior,2014
3169,Tomasz,Dawidczyk,37,Kraków,HR,6557,2,False,junior,2022
3170,Bartek,Kołtuniak,46,Rzeszów,Marketing,6256,19,False,junior,2013
3171,Przemysław,Kalka,53,Poznań,HR,15896,12,True,senior,2016
3172,Sandra,Padło,55,Warszawa,HR,6088,8,False,junior,2021
3173,Sonia,Olkowicz,32,Warszawa,Finance,9402,6,False,mid,2021
3174,Marcelina,Molek,26,Rzeszów,HR,8519,1,False,mid,2025
3175,Filip,Skierka,45,Białystok,Finance,10182,21,False,mid,2018
3176,Maksymilian,Dudzicz,55,Gdańsk,IT,11866,28,False,mid,2019
3177,Tymon,Wołczyk,45,Wrocław,IT,11192,3,True,junior,2014
3178,Cezary,Sztuba,58,Poznań,HR,10722,26,True,mid,2023
3179,Kamila,Cabała,30,Łódź,IT,14808,7,False,senior,2010
3180,Inga,Kapcia,61,Warszawa,Marketing,8767,28,False,mid,2012
3181,Grzegorz,Mędrala,30,Lublin,Marketing,8962,1,False,mid,2014
3182,Iwo,Krzyk,34,Wrocław,Support,11725,4,False,senior,2019
3183,Fryderyk,Sugier,44,Wrocław,Operations,14128,15,False,senior,2019
3184,Bartek,Smutek,63,Warszawa,Sales,9183,3,False,mid,2019
3185,Witold,Siwczak,50,Rzeszów,Support,8695,17,False,mid,2016
3186,Sara,Kalarus,50,Warszawa,IT,14604,20,False,senior,2020
3187,Filip,Sajewicz,26,Katowice,Finance,10167,3,False,mid,2017
3188,Róża,Reiter,64,Katowice,Operations,12017,8,False,senior,2013
3189,Patryk,Zastawny,26,Lublin,IT,13700,1,False,senior,2019
3190,Nikodem,Czak,54,Lublin,Operations,5833,17,False,junior,2016
3191,Tobiasz,Duży,35,Łódź,Finance,14586,6,False,senior,2015
3192,Fabian,Wężyk,56,Katowice,IT,9535,25,False,mid,2020
3193,Damian,Gill,62,Kraków,Finance,9045,16,False,mid,2010
3194,Maciej,Szymała,57,Kraków,Marketing,19969,23,True,lead,2014
3195,Krystyna,Horbacz,38,Warszawa,Sales,13004,11,False,senior,2010
3196,Marcel,Żołądź,26,Kraków,IT,15673,0,False,senior,2011
3197,Karina,Nehring,56,Poznań,Sales,5946,3,False,junior,2019
3198,Radosław,Augustynek,38,Warszawa,IT,8076,2,False,junior,2020
3199,Olgierd,Wielgo,26,Warszawa,Sales,17909,1,True,senior,2016
3200,Mikołaj,Tałaj,52,Kraków,IT,12549,9,True,mid,2013
3201,Przemysław,Staniaszek,47,Wrocław,Finance,18346,16,False,lead,2018
3202,Marek,Grygorcewicz,24,Gdańsk,IT,17920,0,False,lead,2022
3203,Justyna,Zajko,60,Łódź,IT,11285,33,False,mid,2012
3204,Bartek,Klinkosz,28,Wrocław,Support,9430,2,False,mid,2013
3205,Jacek,Prokopiak,27,Lublin,Finance,10635,4,False,mid,2016
3206,Ignacy,Tylman,64,Warszawa,Operations,5115,12,False,junior,2020
3207,Andrzej,Kus,56,Kraków,Sales,13224,13,True,mid,2023
3208,Maciej,Galon,42,Poznań,IT,14513,14,False,senior,2015
3209,Lidia,Puc,40,Łódź,IT,11474,5,False,mid,2020
3210,Gaja,Kowalak,57,Kraków,Operations,6752,2,False,junior,2025
3211,Mariusz,Stypka,60,Lublin,IT,8611,13,False,junior,2020
3212,Dawid,Pyszka,35,Wrocław,Sales,19226,2,False,lead,2017
3213,Damian,Wietecha,38,Wrocław,Marketing,9510,10,True,junior,2014
3214,Tomasz,Przystupa,55,Wrocław,Support,20929,23,True,lead,2024
3215,Natan,Andziak,34,Gdańsk,Sales,8832,0,False,mid,2024
3216,Stanisław,Kanarek,36,Lublin,Support,13621,8,False,senior,2024
3217,Maurycy,Jarka,29,Poznań,IT,15469,1,False,senior,2022
3218,Marcin,Solich,34,Warszawa,Finance,15799,0,True,senior,2011
3219,Julita,Lenc,31,Kraków,HR,4712,4,False,junior,2021
3220,Dominik,Dylong,64,Łódź,Finance,14249,30,False,senior,2013
3221,Ada,Warchał,65,Poznań,Finance,10279,37,False,mid,2021
3222,Alex,Dułak,47,Wrocław,IT,15046,12,False,senior,2017
3223,Mieszko,Łacina,34,Warszawa,Sales,13461,4,False,senior,2019
3224,Monika,Kosak,30,Wrocław,Operations,8746,6,False,mid,2014
3225,Eryk,Szkoda,27,Kraków,Support,6578,4,False,junior,2010
3226,Albert,Budzyń,45,Łódź,Finance,6870,22,False,junior,2025
3227,Łukasz,Roczniak,62,Białystok,HR,4893,37,False,junior,2011
3228,Maciej,Hewelt,26,Białystok,Finance,15633,3,True,senior,2014
3229,Monika,Waloch,47,Łódź,Marketing,9577,11,False,mid,2024
3230,Gustaw,Sporek,57,Kraków,Sales,7815,13,False,junior,2012
3231,Marika,Warczak,60,Gdańsk,Sales,9832,11,True,junior,2022
3232,Nicole,Matela,37,Wrocław,HR,16138,13,False,lead,2010
3233,Inga,Malisz,35,Rzeszów,Marketing,17869,1,False,lead,2023
3234,Kazimierz,Słoboda,45,Warszawa,Finance,14925,4,False,senior,2015
3235,Roksana,Kurzydło,53,Warszawa,IT,7078,8,False,junior,2010
3236,Bianka,Abramczuk,56,Warszawa,Marketing,8271,25,False,mid,2020
3237,Krzysztof,Materka,27,Katowice,HR,6529,4,False,junior,2013
3238,Marcin,Raźny,47,Warszawa,Sales,6760,20,False,junior,2020
3239,Gustaw,Pachowicz,48,Wrocław,Marketing,17022,20,False,lead,2010
3240,Błażej,Dusik,27,Warszawa,IT,8911,0,False,junior,2017
3241,Dariusz,Karnas,26,Warszawa,IT,11677,4,False,mid,2011
3242,Jakub,Smykała,33,Rzeszów,HR,7764,8,False,mid,2020
3243,Dorota,Bartłomiejczyk,56,Warszawa,Marketing,12275,11,True,mid,2017
3244,Daniel,Krokosz,62,Warszawa,Operations,10186,28,False,mid,2010
3245,Kacper,Boryczko,54,Warszawa,Sales,7228,5,False,junior,2019
3246,Dariusz,Smykała,51,Kraków,Finance,12923,28,True,mid,2017
3247,Tadeusz,Salawa,26,Kraków,Sales,6801,0,False,junior,2010
3248,Wiktor,Parus,61,Warszawa,Finance,9071,27,False,mid,2013
3249,Julita,Tatarczyk,57,Warszawa,Finance,14171,7,False,senior,2021
3250,Tobiasz,Warczak,63,Warszawa,Operations,12402,1,False,senior,2025
3251,Anna Maria,Olszowa,52,Warszawa,Sales,13687,12,False,senior,2023
3252,Sonia,Szajner,37,Białystok,Marketing,12824,13,True,mid,2015
3253,Bianka,Golda,51,Gdańsk,IT,11318,29,False,mid,2010
3254,Ryszard,Kolber,58,Wrocław,Support,9030,12,False,mid,2015
3255,Kalina,Zdancewicz,33,Gdańsk,Operations,18495,8,False,lead,2010
3256,Kazimierz,Suszko,51,Kraków,HR,8055,9,False,mid,2020
3257,Patryk,Sapała,43,Wrocław,Finance,10531,19,False,mid,2022
3258,Krzysztof,Szymonik,40,Warszawa,Sales,10979,0,False,mid,2010
3259,Adrian,Ciemięga,42,Białystok,Support,17505,0,False,lead,2013
3260,Filip,Bazydło,46,Gdańsk,Sales,9369,10,False,mid,2021
3261,Dominik,Stachów,47,Poznań,Finance,13763,11,False,senior,2023
3262,Eryk,Hajda,24,Wrocław,IT,14252,0,False,senior,2018
3263,Filip,Zasępa,39,Wrocław,Operations,9896,5,False,mid,2011
3264,Tobiasz,Suchenek,62,Katowice,Sales,12216,14,True,mid,2014
3265,Marika,Matacz,43,Gdańsk,Finance,7520,20,False,junior,2018
3266,Tola,Feliksiak,32,Warszawa,Marketing,12811,9,False,senior,2015
3267,Franciszek,Waleczek,32,Wrocław,IT,18797,3,True,senior,2010
3268,Borys,Sajnóg,46,Warszawa,Support,11781,5,False,senior,2014
3269,Wojciech,Sus,38,Łódź,Finance,18851,5,False,lead,2024
3270,Nikodem,Gołas,45,Katowice,Sales,10137,7,False,mid,2025
3271,Marika,Nickel,27,Kraków,Support,13205,5,False,senior,2023
3272,Maksymilian,Graboś,65,Łódź,Sales,6653,31,False,junior,2021
3273,Stanisław,Zegar,63,Wrocław,HR,5649,19,False,junior,2022
3274,Dagmara,Bender,63,Rzeszów,Marketing,14305,27,False,senior,2016
3275,Urszula,Michnowicz,64,Katowice,Sales,10246,17,False,mid,2023
3276,Leonard,Koloch,62,Lublin,IT,14727,10,False,senior,2020
3277,Adam,Startek,37,Łódź,Finance,7429,4,False,junior,2010
3278,Cezary,Czopik,54,Katowice,Marketing,7698,18,False,junior,2016
3279,Maciej,Blank,64,Kraków,Support,7145,41,False,junior,2020
3280,Wojciech,Drożdżal,56,Katowice,Operations,8244,2,False,mid,2021
3281,Emil,Rajchel,24,Kraków,Finance,5533,2,False,junior,2011
3282,Przemysław,Szulczyk,51,Białystok,Marketing,7523,6,False,junior,2011
3283,Patryk,Smętek,51,Katowice,Support,7117,14,False,junior,2020
3284,Jerzy,Kniaź,39,Rzeszów,IT,9617,11,False,mid,2012
3285,Ernest,Darul,48,Rzeszów,IT,13043,4,True,mid,2010
3286,Eryk,Front,41,Warszawa,Sales,7206,10,False,junior,2017
3287,Witold,Nieradko,26,Gdańsk,Operations,16952,1,False,lead,2017
3288,Kajetan,Dułak,53,Katowice,Marketing,8782,21,True,junior,2017
3289,Dagmara,Gordon,64,Kraków,Operations,8756,22,False,mid,2024
3290,Dominik,Peda,38,Lublin,Finance,9908,4,False,mid,2013
3291,Aurelia,Gabara,25,Poznań,Sales,10227,2,False,mid,2019
3292,Róża,Pawliszyn,43,Katowice,Support,5031,2,False,junior,2017
3293,Marianna,Krokosz,42,Łódź,Support,6164,3,False,junior,2020
3294,Paweł,Kumorek,65,Łódź,Support,9641,14,False,mid,2015
3295,Grzegorz,Leśna,56,Warszawa,Finance,9075,6,False,mid,2012
3296,Blanka,Andrejczuk,64,Wrocław,Finance,13183,20,False,senior,2023
3297,Natan,Szok,38,Wrocław,Sales,7893,3,False,junior,2024
3298,Damian,Maraszek,47,Gdańsk,IT,6843,5,False,junior,2023
3299,Sara,Nicewicz,37,Kraków,Sales,13102,0,False,senior,2023
3300,Jędrzej,Głownia,53,Warszawa,HR,9917,3,False,mid,2014
3301,Arkadiusz,Tryc,30,Łódź,IT,10381,6,False,mid,2018
3302,Mariusz,Procek,36,Białystok,Sales,17856,13,True,senior,2021
3303,Kornelia,Sobolak,27,Warszawa,IT,7492,5,False,junior,2022
3304,Kazimierz,Jasionek,41,Łódź,Sales,6772,11,False,junior,2013
3305,Tadeusz,Wojtoń,37,Wrocław,Finance,6256,8,False,junior,2012
3306,Inga,Połom,29,Warszawa,HR,4848,5,False,junior,2016
3307,Albert,Szajner,63,Lublin,Finance,5846,19,False,junior,2011
3308,Krystyna,Tadych,65,Łódź,Sales,13239,41,False,senior,2020
3309,Juliusz,Pasierbek,23,Gdańsk,Support,7177,1,False,junior,2014
3310,Aniela,Klin,46,Białystok,IT,13956,10,False,senior,2023
3311,Ewa,Wandzel,31,Warszawa,Sales,6437,9,False,junior,2015
3312,Filip,Bienia,28,Wrocław,Operations,9813,4,False,mid,2016
3313,Gaja,Marcol,65,Poznań,Operations,10313,29,False,mid,2024
3314,Eliza,Szpila,53,Kraków,Operations,8331,0,False,mid,2021
3315,Emil,Anders,34,Kraków,IT,6524,0,False,junior,2014
3316,Radosław,Świech,63,Poznań,Sales,12940,24,False,senior,2016
3317,Bruno,Kiepas,41,Warszawa,HR,13124,11,False,senior,2011
3318,Jędrzej,Przerwa,37,Gdańsk,Marketing,6871,1,False,junior,2024
3319,Jacek,Guzdek,65,Warszawa,Marketing,6936,22,False,junior,2013
3320,Apolonia,Roch,24,Lublin,Marketing,12493,0,False,senior,2011
3321,Anita,Sot,42,Kraków,IT,7154,3,False,junior,2014
3322,Marcin,Kroczak,22,Łódź,IT,7211,0,False,junior,2011
3323,Piotr,Nalewajek,57,Warszawa,Marketing,8697,12,False,mid,2023
3324,Maurycy,Herbut,36,Kraków,Sales,13152,6,False,senior,2025
3325,Sebastian,Listwan,37,Wrocław,Sales,10791,12,False,mid,2023
3326,Dariusz,Soczówka,52,Warszawa,IT,6908,5,False,junior,2011
3327,Janina,Synak,52,Warszawa,IT,6612,29,False,junior,2020
3328,Jerzy,Cybul,28,Warszawa,Finance,7892,1,False,junior,2012
3329,Radosław,Mainka,61,Kraków,HR,13980,16,False,senior,2025
3330,Anita,Fierek,31,Kraków,Operations,9857,9,False,mid,2023
3331,Nicole,Smalec,53,Wrocław,Marketing,10252,5,True,junior,2023
3332,Igor,Korniak,31,Kraków,IT,8063,6,False,junior,2024
3333,Arkadiusz,Suchojad,56,Wrocław,Sales,17601,14,False,lead,2025
3334,Karina,Wilusz,40,Warszawa,Marketing,6382,1,False,junior,2022
3335,Ada,Windak,26,Wrocław,Finance,6338,2,False,junior,2016
3336,Aurelia,Pachowicz,22,Warszawa,Operations,16396,0,False,lead,2019
3337,Patryk,Gwizdek,33,Wrocław,HR,9961,10,False,mid,2022
3338,Radosław,Grądziel,56,Białystok,HR,8525,26,True,junior,2022
3339,Aurelia,Baumgart,42,Gdańsk,Sales,8889,12,False,mid,2016
3340,Maksymilian,Wyciszkiewicz,46,Rzeszów,IT,10400,17,False,mid,2025
3341,Adam,Stypka,65,Kraków,Marketing,16522,38,False,lead,2021
3342,Józef,Andrearczyk,58,Warszawa,Support,14132,11,False,senior,2013
3343,Justyna,Skalik,64,Białystok,Finance,6647,41,False,junior,2012
3344,Ignacy,Kominiak,24,Katowice,Marketing,5535,1,False,junior,2024
3345,Olaf,Pajek,32,Kraków,IT,9858,2,False,mid,2013
3346,Mateusz,Wojtaszak,50,Rzeszów,Finance,13467,22,True,mid,2020
3347,Fryderyk,Piórek,65,Łódź,Operations,9032,28,False,mid,2025
3348,Norbert,Korta,40,Gdańsk,IT,10052,18,False,mid,2013
3349,Maciej,Lorens,53,Poznań,Finance,7210,7,False,junior,2021
3350,Rozalia,Sobiło,55,Poznań,IT,9538,6,False,mid,2023
3351,Krystian,Słyk,26,Katowice,Operations,6283,3,False,junior,2023
3352,Nela,Waloszek,37,Warszawa,IT,19001,3,False,lead,2021
3353,Borys,Faruga,50,Lublin,Finance,6749,26,False,junior,2023
3354,Franciszek,Piekacz,35,Poznań,IT,18365,7,False,lead,2011
3355,Kamila,Kuśnierek,47,Warszawa,IT,17553,16,False,lead,2025
3356,Gaja,Dylik,26,Kraków,Operations,16470,3,False,lead,2022
3357,Dorota,Kasperczak,36,Warszawa,Support,16691,12,False,lead,2012
3358,Borys,Baster,52,Kraków,Sales,12985,19,False,senior,2019
3359,Aleks,Ceran,60,Łódź,Sales,7321,3,False,junior,2020
3360,Kamila,Kramer,54,Wrocław,Support,10148,14,False,mid,2013
3361,Adrian,Fechner,31,Rzeszów,IT,14095,7,False,senior,2020
3362,Karol,Wawrzkiewicz,43,Kraków,Operations,8754,3,False,mid,2020
3363,Anita,Skup,57,Lublin,Support,9721,4,False,mid,2023
3364,Franciszek,Hołota,33,Rzeszów,Marketing,12352,1,False,senior,2013
3365,Blanka,Kutera,56,Gdańsk,Finance,9351,25,True,junior,2018
3366,Karol,Frelich,42,Wrocław,Operations,5035,7,False,junior,2025
3367,Nela,Sapeta,60,Katowice,Operations,10404,25,False,mid,2023
3368,Adrian,Roda,64,Katowice,Sales,9936,19,False,mid,2011
3369,Łukasz,Mikiciuk,57,Wrocław,Sales,14146,11,False,senior,2012
3370,Melania,Kaczka,48,Warszawa,IT,11427,12,False,mid,2016
3371,Ada,Ciołczyk,49,Łódź,IT,7703,14,False,junior,2010
3372,Anita,Hyjek,33,Warszawa,IT,7607,4,False,junior,2013
3373,Melania,Pompa,61,Lublin,IT,15186,33,False,senior,2017
3374,Anna Maria,Wojak,33,Kraków,Support,9929,11,True,junior,2013
3375,Andrzej,Ośka,63,Warszawa,Marketing,6308,19,False,junior,2014
3376,Cezary,Parzonka,64,Łódź,IT,8006,42,False,junior,2010
3377,Kornelia,Szaj,60,Kraków,Operations,13108,19,True,mid,2023
3378,Aurelia,Siemieniec,64,Wrocław,HR,17859,4,False,lead,2019
3379,Kamil,Pachnik,28,Warszawa,Sales,9588,2,False,mid,2024
3380,Klara,Sypek,24,Gdańsk,HR,7882,1,False,mid,2011
3381,Dariusz,Żynda,54,Warszawa,Support,7811,11,False,mid,2016
3382,Rafał,Salawa,42,Kraków,Marketing,8918,12,False,mid,2011
3383,Mieszko,Moneta,62,Wrocław,Finance,7234,11,False,junior,2015
3384,Szymon,Duras,32,Kraków,Finance,8880,9,False,mid,2012
3385,Norbert,Dziewit,62,Warszawa,Marketing,13144,34,False,senior,2019
3386,Nataniel,Małas,30,Lublin,HR,8227,4,False,mid,2016
3387,Sara,Markiel,39,Katowice,Marketing,6142,13,False,junior,2017
3388,Tymon,Sulich,38,Warszawa,Support,9486,6,False,mid,2018
3389,Aleksander,Czermak,24,Katowice,Operations,9020,2,False,mid,2015
3390,Jerzy,Bzymek,46,Poznań,HR,16336,19,False,lead,2020
3391,Mariusz,Matulka,23,Katowice,Sales,7942,1,False,junior,2021
3392,Karol,Tomaszkiewicz,60,Białystok,Operations,13018,17,False,senior,2023
3393,Mikołaj,Macias,60,Warszawa,Sales,7726,27,False,junior,2022
3394,Tymon,Tywoniuk,43,Warszawa,Sales,5954,1,False,junior,2020
3395,Stefan,Kusyk,39,Rzeszów,IT,10666,4,False,mid,2022
3396,Cyprian,Doktor,64,Wrocław,Finance,10873,24,False,mid,2018
3397,Kamil,Ścibisz,51,Warszawa,Marketing,8291,0,False,mid,2023
3398,Aniela,Żółtek,59,Kraków,Finance,8607,3,True,junior,2016
3399,Michał,Morek,55,Rzeszów,Support,13079,16,False,senior,2022
3400,Nikodem,Janic,52,Wrocław,HR,7813,26,False,mid,2023
3401,Julita,Leszkiewicz,23,Łódź,HR,8240,0,False,mid,2016
3402,Gabriel,Podleśna,40,Wrocław,Operations,18357,6,False,lead,2020
3403,Angelika,Rembacz,23,Białystok,Sales,10473,1,False,mid,2017
3404,Robert,Czochara,53,Warszawa,Marketing,8928,21,False,mid,2023
3405,Karina,Misiuk,26,Poznań,IT,15325,3,False,senior,2013
3406,Julian,Kryszczuk,41,Kraków,Support,12685,1,False,senior,2020
3407,Kacper,Miękina,53,Katowice,Operations,12292,27,False,senior,2023
3408,Janina,Nastały,37,Katowice,Finance,8712,9,False,mid,2022
3409,Anna Maria,Zdziech,34,Warszawa,Marketing,11525,5,True,mid,2014
3410,Juliusz,Gonsior,50,Gdańsk,IT,10353,17,False,mid,2010
3411,Stanisław,Gogół,40,Warszawa,Operations,13882,16,False,senior,2021
3412,Ksawery,Imiela,55,Warszawa,IT,14100,24,False,senior,2011
3413,Jeremi,Lizoń,34,Kraków,Marketing,10637,11,False,mid,2018
3414,Roksana,Żyto,47,Wrocław,Marketing,12629,16,False,senior,2012
3415,Mateusz,Bryja,65,Wrocław,Marketing,8395,9,True,junior,2024
3416,Tobiasz,Bujas,36,Wrocław,HR,6390,13,False,junior,2023
3417,Jeremi,Waraksa,33,Warszawa,IT,11704,10,False,mid,2020
3418,Olgierd,Perlik,24,Białystok,Support,9731,2,False,mid,2018
3419,Dominik,Patalas,53,Łódź,Marketing,10257,23,False,mid,2020
3420,Aleks,Lewicz,30,Wrocław,Finance,12612,5,False,senior,2017
3421,Ernest,Janoszka,52,Gdańsk,HR,8115,12,False,mid,2010
3422,Fryderyk,Doruch,52,Warszawa,Sales,10020,13,False,mid,2012
3423,Oskar,Piotrowiak,26,Katowice,Marketing,14609,2,False,senior,2011
3424,Ada,Paszkowiak,24,Gdańsk,HR,16175,2,True,senior,2021
3425,Gaja,Kniaź,47,Warszawa,Marketing,13606,11,False,senior,2017
3426,Dawid,Dadej,55,Wrocław,IT,10320,21,False,mid,2014
3427,Konrad,Gustaw,48,Gdańsk,Support,15755,13,False,lead,2011
3428,Róża,Domka,38,Rzeszów,Marketing,9205,14,True,junior,2019
3429,Michał,Gajownik,59,Warszawa,Sales,14855,23,False,senior,2022
3430,Witold,Wośko,42,Warszawa,Operations,6834,2,False,junior,2018
3431,Norbert,Araszkiewicz,47,Łódź,Sales,6180,13,False,junior,2023
3432,Marika,Dubik,54,Kraków,Finance,10137,31,False,mid,2022
3433,Damian,Buława,57,Warszawa,Finance,14155,9,False,senior,2020
3434,Mieszko,Jasica,60,Poznań,Sales,9472,37,False,mid,2017
3435,Maks,Idec,36,Gdańsk,IT,14670,0,False,senior,2010
3436,Emil,Księżak,42,Łódź,Sales,13437,8,False,senior,2012
3437,Nela,Giec,38,Warszawa,IT,9632,1,False,mid,2019
3438,Stanisław,Karwan,53,Kraków,Sales,9837,19,False,mid,2024
3439,Juliusz,Kubaczyk,54,Wrocław,Operations,5010,21,False,junior,2016
3440,Tobiasz,Kieca,42,Warszawa,Support,5381,19,False,junior,2017
3441,Antoni,Hawro,54,Lublin,Support,9364,30,False,mid,2023
3442,Konstanty,Koss,41,Warszawa,IT,11001,15,False,mid,2012
3443,Krystian,Larysz,54,Kraków,Finance,7213,12,False,junior,2020
3444,Kamila,Moczko,56,Rzeszów,Support,9193,5,False,mid,2015
3445,Sebastian,Malcher,29,Kraków,Operations,8237,7,False,mid,2019
3446,Fryderyk,Koniecko,65,Rzeszów,Sales,18278,4,False,lead,2013
3447,Olaf,Krzysztofek,46,Gdańsk,IT,9897,14,False,mid,2017
3448,Tadeusz,Burchard,41,Gdańsk,Sales,12968,17,False,senior,2011
3449,Marcin,Rejmer,34,Kraków,Finance,7985,8,False,junior,2015
3450,Fabian,Świerad,41,Gdańsk,Finance,6491,5,False,junior,2011
3451,Kornel,Szkopek,59,Poznań,IT,7709,6,False,junior,2012
3452,Rozalia,Dyś,27,Warszawa,IT,14959,2,False,senior,2021
3453,Gabriel,Jancewicz,34,Kraków,IT,21758,0,True,lead,2019
3454,Sebastian,Krzyśko,22,Warszawa,Marketing,9868,0,False,mid,2021
3455,Rozalia,Maron,61,Katowice,HR,9270,35,False,mid,2017
3456,Ksawery,Gotfryd,41,Kraków,Operations,16752,10,False,lead,2013
3457,Sebastian,Fiołka,31,Lublin,Sales,17025,6,False,lead,2023
3458,Anna Maria,Szpila,41,Białystok,Operations,19428,2,True,lead,2022
3459,Kornelia,Borejko,63,Warszawa,IT,11656,24,False,mid,2014
3460,Tymon,Bacia,32,Katowice,IT,8209,10,False,junior,2014
3461,Sylwia,Tylka,31,Poznań,Support,9260,1,False,mid,2022
3462,Alex,Miszkiewicz,31,Gdańsk,Sales,9153,0,False,mid,2010
3463,Dagmara,Słupik,22,Warszawa,Operations,9440,0,False,mid,2025
3464,Ignacy,Wiencek,30,Wrocław,Marketing,8324,2,False,mid,2011
3465,Alex,Nastaj,63,Kraków,HR,16027,29,False,lead,2018
3466,Tymon,Białasik,34,Warszawa,Sales,13170,8,True,mid,2015
3467,Antoni,Truchel,24,Poznań,Support,8303,1,False,mid,2022
3468,Alex,Bobik,23,Poznań,IT,7245,1,False,junior,2018
3469,Klara,Małys,22,Lublin,Operations,13634,0,False,senior,2020
3470,Emil,Ryfa,24,Kraków,IT,11893,2,False,mid,2020
3471,Jacek,Madera,49,Kraków,IT,18848,12,False,lead,2021
3472,Rafał,Szczypek,49,Poznań,Sales,7890,25,False,junior,2024
3473,Adrian,Kurach,46,Rzeszów,Support,8673,11,False,mid,2012
3474,Szymon,Maciejczuk,35,Warszawa,Sales,9365,6,False,mid,2010
3475,Cezary,Szkatuła,27,Lublin,Sales,16944,0,True,senior,2025
3476,Nicole,Block,59,Wrocław,Operations,8063,17,False,mid,2016
3477,Jerzy,Wlazły,54,Warszawa,Marketing,7334,1,False,junior,2020
3478,Jerzy,Mitek,37,Gdańsk,HR,15999,5,False,lead,2018
3479,Szymon,Koterba,51,Warszawa,Finance,9024,25,False,mid,2017
3480,Maksymilian,Sudak,59,Rzeszów,Finance,12730,22,False,senior,2020
3481,Malwina,Dąbrowicz,36,Wrocław,IT,11591,2,False,mid,2022
3482,Nela,Preuss,62,Wrocław,Operations,12611,33,False,senior,2015
3483,Natasza,Lisoń,45,Poznań,IT,19652,21,False,lead,2015
3484,Mariusz,Zacharek,56,Warszawa,IT,14358,0,False,senior,2011
3485,Tobiasz,Szyba,49,Wrocław,Marketing,9930,16,False,mid,2025
3486,Lidia,Matla,48,Warszawa,Support,9959,20,False,mid,2017
3487,Miłosz,Śmieja,52,Gdańsk,Operations,12600,8,False,senior,2012
3488,Artur,Feret,36,Warszawa,Sales,10150,5,False,mid,2015
3489,Kalina,Kempny,54,Łódź,Support,7963,31,True,junior,2019
3490,Bartek,Kalisiak,55,Rzeszów,IT,9992,24,False,mid,2013
3491,Klara,Miękus,61,Kraków,IT,10956,39,False,mid,2020
3492,Ksawery,Ropiak,26,Wrocław,Operations,13804,2,False,senior,2023
3493,Gabriel,Perka,37,Warszawa,Support,17765,0,False,lead,2015
3494,Kajetan,Sabała,25,Warszawa,IT,10840,0,False,mid,2025
3495,Marika,Wesoła,63,Białystok,IT,8717,40,False,junior,2016
3496,Arkadiusz,Paszkowiak,41,Wrocław,Sales,7929,19,False,junior,2018
3497,Róża,Wielgo,49,Rzeszów,Operations,8137,20,False,mid,2018
3498,Witold,Ciepła,22,Kraków,IT,7866,0,False,junior,2017
3499,Olga,Pyc,50,Katowice,Sales,7790,23,False,junior,2013
3500,Maciej,Nędzi,44,Wrocław,IT,7131,10,False,junior,2022
3501,Fryderyk,Prasek,24,Poznań,HR,13150,2,False,senior,2014
3502,Jędrzej,Nieszporek,53,Kraków,IT,7724,8,False,junior,2012
3503,Anita,Moneta,28,Łódź,Operations,9820,4,False,mid,2014
3504,Julita,Deszcz,54,Warszawa,IT,14963,23,False,senior,2020
3505,Piotr,Koniecko,63,Lublin,Marketing,9510,13,False,mid,2014
3506,Dominik,Dulas,27,Wrocław,IT,11128,1,False,mid,2025
3507,Agnieszka,Michalkiewicz,63,Katowice,IT,6591,32,False,junior,2025
3508,Maciej,Nazarko,43,Białystok,Marketing,10686,2,False,mid,2012
3509,Andrzej,Nojek,51,Warszawa,Sales,10024,15,False,mid,2013
3510,Julita,Wołkowicz,41,Kraków,Marketing,13328,19,False,senior,2015
3511,Maciej,Kozdroń,55,Gdańsk,Marketing,10002,15,False,mid,2024
3512,Tobiasz,Palonek,49,Kraków,Operations,9481,11,False,mid,2020
3513,Franciszek,Warczak,41,Katowice,IT,7411,19,False,junior,2023
3514,Aleks,Kluj,56,Warszawa,Operations,8715,30,False,mid,2014
3515,Ewa,Stanclik,22,Lublin,IT,14487,0,False,senior,2019
3516,Emil,Mszyca,29,Gdańsk,Finance,5695,5,False,junior,2013
3517,Stefan,Bartoszak,29,Wrocław,Operations,9076,5,False,mid,2017
3518,Leon,Gregorek,64,Łódź,Marketing,12908,4,False,senior,2021
3519,Gustaw,Niebudek,45,Kraków,HR,16607,14,False,lead,2025
3520,Mikołaj,Pawlaczek,41,Kraków,Sales,10086,3,False,mid,2014
3521,Eliza,Garczarek,37,Rzeszów,HR,12884,4,True,mid,2021
3522,Marcelina,Ciechowicz,53,Wrocław,Sales,14448,19,False,senior,2011
3523,Aniela,Wiech,31,Kraków,Sales,14481,8,False,senior,2015
3524,Nela,Mikusek,37,Łódź,Support,11707,6,False,senior,2019
3525,Grzegorz,Komisarek,23,Wrocław,Sales,6193,1,False,junior,2018
3526,Janina,Doroszuk,53,Katowice,Marketing,12709,31,False,senior,2021
3527,Inga,Samiec,42,Warszawa,Marketing,9360,18,False,mid,2021
3528,Kamila,Stroka,47,Warszawa,Sales,5879,1,False,junior,2012
3529,Kazimierz,Kunka,51,Warszawa,Operations,9795,11,False,mid,2011
3530,Szymon,Soliwoda,46,Łódź,Sales,10571,14,False,mid,2015
3531,Agnieszka,Szczap,55,Warszawa,Support,9195,20,False,mid,2017
3532,Ksawery,Morawiak,64,Białystok,Finance,13523,35,False,senior,2021
3533,Agnieszka,Woszczyna,34,Rzeszów,Finance,9958,12,False,mid,2023
3534,Iwo,Karsznia,24,Warszawa,Sales,6149,1,False,junior,2016
3535,Miłosz,Czenczek,36,Warszawa,IT,13614,12,True,mid,2016
3536,Marcel,Łodyga,25,Kraków,Sales,17728,3,False,lead,2023
3537,Oliwier,Wiewiórka,47,Kraków,Marketing,17895,21,False,lead,2024
3538,Aniela,Wisła,26,Warszawa,Marketing,8245,2,False,mid,2011
3539,Olgierd,Konsek,51,Katowice,Operations,13494,21,False,senior,2014
3540,Anna Maria,Leoniak,46,Rzeszów,HR,9200,0,False,mid,2017
3541,Ernest,Fugiel,52,Kraków,Operations,13074,25,True,mid,2022
3542,Apolonia,Bogusiewicz,49,Katowice,Marketing,5880,18,False,junior,2012
3543,Damian,Błaziak,38,Warszawa,Finance,10898,5,False,mid,2025
3544,Krystyna,Zapadka,63,Rzeszów,Operations,9253,34,False,mid,2022
3545,Aleksander,Ulrych,42,Gdańsk,HR,16379,14,False,lead,2015
3546,Alan,Grzenia,45,Kraków,Support,15099,21,True,senior,2020
3547,Sylwia,Sładek,27,Wrocław,Sales,13184,1,True,mid,2014
3548,Krystian,Budkiewicz,25,Łódź,Sales,9686,1,False,mid,2024
3549,Tymon,Soliwoda,49,Warszawa,Operations,10034,16,False,mid,2012
3550,Mikołaj,Giedrojć,38,Warszawa,Support,9839,12,False,mid,2017
3551,Norbert,Ostapczuk,34,Rzeszów,Operations,12814,3,True,mid,2015
3552,Adrianna,Kunert,56,Warszawa,IT,19117,13,False,lead,2019
3553,Grzegorz,Pyć,51,Łódź,IT,11479,29,False,mid,2023
3554,Adrian,Szeszko,28,Wrocław,IT,6510,4,False,junior,2025
3555,Jakub,Rochowiak,48,Lublin,Sales,9184,20,False,mid,2025
3556,Iwo,Wika,31,Poznań,Sales,7027,0,False,junior,2013
3557,Róża,Wochna,54,Kraków,IT,14162,24,False,senior,2022
3558,Sonia,Jaszczur,41,Kraków,Finance,14911,10,False,senior,2012
3559,Jan,Nędzi,47,Białystok,Marketing,8283,1,False,mid,2022
3560,Anastazja,Fleszar,38,Łódź,Marketing,17139,1,False,lead,2019
3561,Przemysław,Myk,30,Rzeszów,Marketing,12417,5,False,senior,2013
3562,Lidia,Chalimoniuk,57,Wrocław,Sales,15031,4,False,senior,2014
3563,Kalina,Gogol,59,Warszawa,HR,11860,25,True,mid,2017
3564,Maksymilian,Boksa,26,Białystok,Marketing,6596,4,False,junior,2015
3565,Jan,Pronobis,47,Warszawa,Finance,5602,25,False,junior,2024
3566,Krystyna,Batóg,45,Warszawa,Operations,8815,8,False,mid,2021
3567,Dagmara,Kornet,56,Lublin,IT,13838,14,False,senior,2010
3568,Nikodem,Jaroch,48,Lublin,HR,11775,11,True,mid,2020
3569,Daniel,Kochel,38,Katowice,Marketing,8867,12,False,mid,2012
3570,Adam,Złotnik,41,Katowice,IT,18275,1,False,lead,2012
3571,Nataniel,Pyda,58,Rzeszów,Sales,11168,21,False,mid,2010
3572,Tymon,Choina,36,Lublin,Finance,14519,5,False,senior,2012
3573,Filip,Małż,53,Kraków,Sales,8147,1,False,junior,2019
3574,Aurelia,Wosiak,26,Białystok,Finance,7106,1,False,junior,2018
3575,Radosław,Bogaczyk,56,Gdańsk,Sales,14635,14,False,senior,2022
3576,Dawid,Jaroch,57,Gdańsk,Marketing,7103,16,False,junior,2023
3577,Dominik,Namysło,25,Kraków,HR,9904,0,False,mid,2024
3578,Kajetan,Jereczek,65,Kraków,IT,10468,40,False,mid,2011
3579,Ryszard,Domowicz,36,Gdańsk,Finance,7348,3,False,junior,2020
3580,Gaja,Kaczmarkiewicz,53,Kraków,Operations,17150,16,False,lead,2011
3581,Melania,Rok,59,Rzeszów,Marketing,12679,19,False,senior,2012
3582,Agnieszka,Breś,44,Kraków,HR,6363,12,False,junior,2021
3583,Elżbieta,Kuchciak,59,Wrocław,IT,18482,19,True,senior,2025
3584,Piotr,Gruszczyk,47,Wrocław,Marketing,13598,9,False,senior,2024
3585,Radosław,Jędrasiak,31,Wrocław,IT,10360,8,False,mid,2019
3586,Leonard,Wons,54,Rzeszów,IT,6542,21,False,junior,2018
3587,Fryderyk,Kornet,65,Kraków,Finance,10052,24,False,mid,2015
3588,Krzysztof,Krauza,63,Poznań,Support,6651,26,False,junior,2011
3589,Marianna,Flisek,61,Białystok,Finance,12667,28,False,senior,2016
3590,Krystyna,Bobak,58,Wrocław,Finance,14913,36,False,senior,2015
3591,Aleks,Gilewicz,50,Warszawa,Support,9164,2,False,mid,2013
3592,Łukasz,Smutek,30,Warszawa,Marketing,13410,8,True,mid,2015
3593,Jacek,Chudoba,40,Warszawa,Support,5286,6,False,junior,2016
3594,Anna Maria,Rzeszut,61,Kraków,Finance,16612,37,False,lead,2022
3595,Anna Maria,Szela,58,Łódź,IT,14034,16,False,senior,2016
3596,Nikodem,Chaberek,43,Wrocław,Operations,8370,14,False,mid,2014
3597,Adam,Gieroń,54,Łódź,IT,7585,21,False,junior,2018
3598,Anita,Lelonek,55,Poznań,Support,5176,21,False,junior,2010
3599,Liwia,Malcher,38,Rzeszów,Support,7726,5,False,mid,2020
3600,Karina,Gałach,37,Rzeszów,Support,7822,14,False,mid,2025
3601,Stefan,Klekot,57,Gdańsk,Finance,9239,27,False,mid,2011
3602,Alex,Kuliberda,36,Warszawa,IT,11468,11,False,mid,2011
3603,Anna Maria,Jędraszek,27,Białystok,Sales,17655,4,False,lead,2014
3604,Maks,Fijoł,56,Katowice,IT,11535,30,False,mid,2016
3605,Sylwia,Wąsek,26,Katowice,Sales,13511,2,False,senior,2013
3606,Angelika,Sadoch,52,Wrocław,HR,8460,29,False,mid,2016
3607,Sonia,Tabiś,33,Warszawa,IT,9669,8,False,mid,2015
3608,Grzegorz,Burdach,55,Łódź,IT,13152,31,True,mid,2010
3609,Jerzy,Chadaj,27,Wrocław,Finance,14131,5,False,senior,2018
3610,Aleks,Solarczyk,55,Łódź,Marketing,12302,31,True,mid,2022
3611,Jakub,Wita,48,Kraków,Marketing,13656,4,False,senior,2015
3612,Szymon,Bobko,47,Wrocław,HR,8441,21,False,mid,2022
3613,Ignacy,Wojniak,25,Katowice,HR,8272,3,False,mid,2016
3614,Nikodem,Skiepko,22,Poznań,Support,8585,0,False,mid,2022
3615,Urszula,Pyza,56,Katowice,Operations,10434,0,False,mid,2014
3616,Aleksander,Miotke,36,Warszawa,Marketing,10248,2,False,mid,2013
3617,Nataniel,Frydrychowicz,61,Wrocław,Marketing,7233,29,False,junior,2025
3618,Bruno,Chmara,64,Warszawa,IT,6988,8,False,junior,2014
3619,Ksawery,Pawlaczek,57,Kraków,IT,6515,22,False,junior,2018
3620,Ryszard,Kik,58,Gdańsk,Sales,13222,12,False,senior,2020
3621,Krzysztof,Stryjek,56,Katowice,IT,19975,23,False,lead,2024
3622,Radosław,Lelito,27,Rzeszów,Support,9582,2,False,mid,2019
3623,Krystyna,Kłoczko,29,Kraków,Operations,18387,4,False,lead,2023
3624,Jan,Brzykcy,32,Gdańsk,Sales,6087,6,False,junior,2015
3625,Józef,Lica,41,Rzeszów,Support,16665,18,False,lead,2023
3626,Ewa,Cyba,51,Katowice,HR,5309,15,False,junior,2020
3627,Nicole,Pompa,41,Poznań,IT,15041,19,False,senior,2021
3628,Antoni,Olbrych,52,Wrocław,Marketing,10323,3,False,mid,2011
3629,Tymoteusz,Lemieszek,32,Warszawa,Operations,18187,9,False,lead,2010
3630,Kornel,Goska,63,Poznań,Operations,5125,18,False,junior,2011
3631,Natan,Keler,58,Warszawa,Marketing,7157,18,False,junior,2023
3632,Malwina,Dudziec,30,Wrocław,Marketing,12766,4,False,senior,2014
3633,Piotr,Bona,45,Białystok,IT,10445,8,False,mid,2011
3634,Łukasz,Szymańczak,60,Kraków,Operations,12410,5,False,senior,2020
3635,Marcin,Strama,31,Białystok,IT,7246,7,False,junior,2022
3636,Róża,Franiak,41,Rzeszów,HR,4552,2,False,junior,2010
3637,Julita,Szumna,62,Warszawa,Sales,10151,4,False,mid,2018
3638,Józef,Gryska,50,Warszawa,Sales,10123,25,False,mid,2023
3639,Klara,Klepka,65,Poznań,Sales,18245,26,False,lead,2017
3640,Adam,Wawrzyk,60,Warszawa,Marketing,13433,1,False,senior,2024
3641,Angelika,Długajczyk,37,Warszawa,IT,9565,12,False,mid,2011
3642,Sylwia,Bazela,62,Lublin,Finance,9776,3,False,mid,2019
3643,Jędrzej,Dziób,31,Kraków,Marketing,9264,7,False,mid,2011
3644,Julita,Wiatrak,40,Warszawa,Sales,9050,5,False,mid,2023
3645,Nikodem,Orzeszek,50,Kraków,Sales,14052,11,False,senior,2017
3646,Kornel,Tyczka,65,Warszawa,HR,9916,36,False,mid,2015
3647,Maks,Ciepłuch,44,Gdańsk,IT,10516,5,False,mid,2013
3648,Krystian,Bak,36,Poznań,HR,5352,3,False,junior,2011
3649,Antoni,Kózka,33,Warszawa,IT,11448,3,False,mid,2018
3650,Albert,Ciepluch,23,Lublin,IT,7920,1,False,junior,2011
3651,Ewelina,Miecznik,42,Warszawa,Operations,8116,2,False,mid,2025
3652,Leon,Zasępa,27,Kraków,Operations,21407,2,True,lead,2018
3653,Tobiasz,Wojnicz,62,Warszawa,Sales,7025,3,False,junior,2020
3654,Gaja,Forysiak,47,Gdańsk,IT,6858,9,False,junior,2014
3655,Norbert,Kuciak,42,Lublin,Support,8008,7,False,mid,2012
3656,Jędrzej,Rysz,37,Kraków,Marketing,17470,11,False,lead,2018
3657,Filip,Glazer,26,Poznań,HR,12786,4,False,senior,2021
3658,Klara,Śmieszek,53,Wrocław,Operations,14109,7,False,senior,2014
3659,Sonia,Sałuda,39,Lublin,Finance,6049,13,False,junior,2012
3660,Marek,Dzieża,64,Łódź,Operations,12972,42,False,senior,2020
3661,Aniela,Grymuza,30,Warszawa,Finance,15670,0,True,senior,2019
3662,Emil,Kuncewicz,31,Gdańsk,Finance,10220,0,False,mid,2024
3663,Anna Maria,Miętus,51,Warszawa,IT,6598,28,False,junior,2011
3664,Tymoteusz,Cecot,59,Warszawa,HR,4893,2,False,junior,2011
3665,Mariusz,Protasiuk,35,Lublin,Sales,8003,9,False,junior,2016
3666,Piotr,Gabryszak,24,Białystok,Marketing,13195,1,False,senior,2013
3667,Ksawery,Samol,48,Poznań,Finance,9946,16,False,mid,2023
3668,Sara,Małocha,60,Gdańsk,Marketing,17839,2,False,lead,2015
3669,Szymon,Fitrzyk,46,Warszawa,Sales,7799,15,False,junior,2015
3670,Karina,Sass,22,Białystok,HR,8291,0,False,mid,2024
3671,Marcin,Kidoń,35,Warszawa,Sales,8917,5,False,mid,2017
3672,Cyprian,Szczepaniec,25,Rzeszów,Sales,11133,3,False,mid,2021
3673,Anna Maria,Kędziorek,28,Rzeszów,Sales,7690,5,False,junior,2012
3674,Arkadiusz,Widuch,38,Gdańsk,Support,9809,12,False,mid,2023
3675,Oskar,Michnowicz,50,Gdańsk,Marketing,5544,11,False,junior,2023
3676,Eliza,Berendt,41,Kraków,Sales,10447,11,False,mid,2016
3677,Adrian,Hendzel,41,Warszawa,IT,19297,7,False,lead,2016
3678,Piotr,Klupś,59,Warszawa,HR,5917,9,False,junior,2023
3679,Tobiasz,Dzienisz,43,Poznań,Sales,5875,6,False,junior,2016
3680,Angelika,Lindner,28,Gdańsk,IT,11202,3,False,mid,2013
3681,Jan,Biegała,45,Łódź,IT,13575,9,True,mid,2011
3682,Aleksander,Grabas,30,Kraków,HR,16901,5,False,lead,2019
3683,Gaja,Miąsik,59,Katowice,IT,11755,2,False,mid,2016
3684,Dawid,Borkiewicz,58,Wrocław,Sales,10069,31,False,mid,2022
3685,Roksana,Stark,28,Warszawa,Operations,7155,3,False,junior,2017
3686,Aleksander,Tokarek,64,Gdańsk,HR,5758,3,False,junior,2017
3687,Angelika,Peda,23,Łódź,IT,11819,1,False,mid,2023
3688,Fabian,Drozda,42,Wrocław,Sales,9597,8,False,mid,2021
3689,Aurelia,Krauza,28,Wrocław,IT,10840,4,False,mid,2022
3690,Fabian,Naumiuk,25,Kraków,IT,7675,0,False,junior,2011
3691,Nikodem,Piekarek,45,Wrocław,Operations,12755,12,False,senior,2021
3692,Ksawery,Hennig,27,Gdańsk,IT,11615,5,False,mid,2015
3693,Stefan,Kleina,54,Wrocław,Finance,8970,0,False,mid,2015
3694,Ewelina,Lorens,35,Poznań,HR,4637,9,False,junior,2022
3695,Monika,Uliczka,34,Warszawa,Finance,7759,6,False,junior,2019
3696,Ignacy,Wiesiołek,41,Warszawa,Operations,7274,9,False,junior,2014
3697,Krystian,Budniak,38,Warszawa,Operations,5314,12,False,junior,2019
3698,Jacek,Ochal,45,Warszawa,Operations,10183,1,True,junior,2011
3699,Bartek,Misiuk,31,Gdańsk,Operations,8497,6,False,mid,2017
3700,Melania,Chylak,64,Wrocław,IT,9878,36,False,mid,2013
3701,Paweł,Tereszkiewicz,28,Katowice,IT,11049,6,False,mid,2014
3702,Rozalia,Janisz,41,Poznań,Operations,8185,15,False,mid,2017
3703,Krystyna,Sobisz,38,Warszawa,IT,11803,2,True,junior,2013
3704,Jeremi,Tylus,41,Kraków,IT,18141,0,False,lead,2020
3705,Ryszard,Panasiewicz,62,Gdańsk,IT,9657,7,False,mid,2021
3706,Andrzej,Siwa,48,Kraków,IT,11082,0,False,mid,2024
3707,Wojciech,Szpara,28,Poznań,Sales,12610,2,True,mid,2013
3708,Natan,Czerner,38,Wrocław,HR,12124,11,False,senior,2024
3709,Sara,Szałas,42,Katowice,Finance,9411,15,False,mid,2016
3710,Adrian,Kozaczuk,50,Gdańsk,Sales,7642,8,False,junior,2010
3711,Natasza,Owsiany,60,Warszawa,IT,7683,14,False,junior,2012
3712,Franciszek,Łuc,33,Kraków,IT,10418,10,False,mid,2015
3713,Ernest,Serwa,49,Kraków,Support,13979,24,False,senior,2011
3714,Dawid,Rejmer,44,Wrocław,IT,17832,15,False,lead,2010
3715,Kamila,Komsta,56,Kraków,Operations,8925,25,False,mid,2022
3716,Gaja,Glica,24,Warszawa,HR,17634,1,False,lead,2022
3717,Tola,Broszkiewicz,51,Gdańsk,Operations,10125,19,False,mid,2018
3718,Adrianna,Małas,54,Poznań,Operations,8436,16,False,mid,2010
3719,Maurycy,Kordus,25,Warszawa,IT,14408,3,False,senior,2025
3720,Józef,Karol,42,Gdańsk,Operations,16151,18,False,lead,2024
3721,Konrad,Grzywnowicz,55,Lublin,Finance,7233,6,False,junior,2011
3722,Ewelina,Gąbka,24,Warszawa,IT,9852,1,False,mid,2021
3723,Roksana,Adamiuk,43,Kraków,IT,11625,18,False,mid,2019
3724,Adrian,Jamroży,64,Rzeszów,Support,12362,36,False,senior,2017
3725,Roksana,Kręcisz,58,Łódź,Operations,9475,6,False,mid,2017
3726,Agnieszka,Kędziorek,22,Łódź,Sales,10455,0,False,mid,2021
3727,Roksana,Graj,35,Warszawa,Marketing,10069,11,False,mid,2017
3728,Jerzy,Szyja,28,Gdańsk,HR,5133,3,False,junior,2018
3729,Julian,Schwarz,54,Warszawa,Support,13994,31,False,senior,2021
3730,Robert,Penkala,55,Rzeszów,IT,15462,24,False,senior,2022
3731,Kamila,Frycz,57,Kraków,IT,10488,29,False,mid,2018
3732,Kornel,Małysiak,58,Białystok,Sales,14603,12,False,senior,2011
3733,Arkadiusz,Groń,49,Gdańsk,IT,10808,0,False,mid,2024
3734,Ada,Dziadkowiec,60,Łódź,Finance,7110,8,False,junior,2016
3735,Wiktor,Buchalik,45,Wrocław,Operations,10441,8,False,mid,2024
3736,Kamil,Wojtaszczyk,22,Łódź,Sales,18790,0,False,lead,2010
3737,Malwina,Bartoszak,36,Kraków,IT,13905,9,False,senior,2022
3738,Alan,Sochaj,47,Warszawa,HR,7724,23,False,mid,2020
3739,Nataniel,Damian,23,Warszawa,IT,12955,0,True,mid,2011
3740,Aurelia,Jonczyk,27,Wrocław,Operations,10301,2,False,mid,2018
3741,Apolonia,Cebo,38,Rzeszów,Operations,10277,16,True,junior,2014
3742,Olga,Karol,63,Kraków,Support,7909,12,False,mid,2022
3743,Dominik,Kopyto,52,Białystok,IT,7574,4,False,junior,2013
3744,Dagmara,Gramza,53,Kraków,Support,17186,29,False,lead,2020
3745,Wojciech,Honkisz,48,Warszawa,IT,11740,2,False,mid,2014
3746,Emil,Chlebda,30,Katowice,Sales,9977,0,False,mid,2013
3747,Marcelina,Masłoń,52,Gdańsk,Support,4819,12,False,junior,2014
3748,Tola,Stroka,34,Warszawa,Sales,7534,6,False,junior,2016
3749,Tadeusz,Namysł,42,Warszawa,Operations,8061,20,False,mid,2017
3750,Andrzej,Koronkiewicz,31,Łódź,Marketing,12935,3,False,senior,2020
3751,Damian,Pastuszek,30,Lublin,Operations,5416,8,False,junior,2015
3752,Ernest,Perka,46,Gdańsk,Sales,7114,19,False,junior,2015
3753,Cyprian,Majorek,33,Gdańsk,Marketing,7330,5,False,junior,2018
3754,Tola,Graś,37,Łódź,Finance,15975,13,True,senior,2012
3755,Justyna,Basak,41,Wrocław,IT,6600,7,False,junior,2020
3756,Cyprian,Staniczek,57,Lublin,HR,7728,31,False,mid,2022
3757,Marek,Wilusz,32,Białystok,IT,11863,7,False,mid,2013
3758,Igor,Ceynowa,31,Kraków,Finance,13189,0,False,senior,2013
3759,Anita,Kiciak,48,Rzeszów,Finance,16097,5,True,senior,2016
3760,Ada,Ochal,42,Poznań,IT,7911,16,False,junior,2025
3761,Tola,Zbrzeźniak,51,Wrocław,Support,7164,24,False,junior,2021
3762,Marcelina,Niklewicz,53,Warszawa,Support,12743,20,False,senior,2024
3763,Dagmara,Karyś,39,Poznań,IT,8367,2,False,junior,2010
3764,Sara,Latuszek,35,Warszawa,Finance,10396,11,False,mid,2023
3765,Norbert,Kacperek,28,Rzeszów,HR,5340,0,False,junior,2016
3766,Krzysztof,Ciarka,23,Wrocław,Support,12781,0,True,mid,2014
3767,Dominik,Trawka,58,Rzeszów,Sales,9714,10,False,mid,2015
3768,Gaja,Miros,29,Łódź,Sales,13503,0,False,senior,2024
3769,Fryderyk,Dziadura,36,Kraków,Support,8311,11,False,mid,2015
3770,Anastazja,Glazik,22,Warszawa,Finance,9708,0,True,junior,2014
3771,Stanisław,Wiech,56,Łódź,Finance,7507,30,False,junior,2023
3772,Przemysław,Leoniuk,35,Warszawa,Sales,10247,10,False,mid,2020
3773,Sebastian,Więcławek,27,Warszawa,Finance,17602,5,True,senior,2013
3774,Elżbieta,Wiekiera,61,Katowice,Marketing,8908,19,False,mid,2016
3775,Jakub,Taczała,25,Warszawa,Finance,6819,0,False,junior,2011
3776,Tymon,Zuziak,31,Łódź,IT,7083,8,False,junior,2018
3777,Krystian,Hadam,34,Warszawa,IT,11847,7,False,mid,2014
3778,Ewelina,Góraj,57,Warszawa,Finance,13007,1,False,senior,2023
3779,Tobiasz,Wnuczek,49,Gdańsk,Marketing,9218,19,False,mid,2016
3780,Aurelia,Pielach,22,Białystok,IT,12907,0,True,mid,2023
3781,Konrad,Zarzeczna,47,Warszawa,Marketing,9556,8,False,mid,2010
3782,Alex,Wijata,28,Warszawa,Finance,14191,2,False,senior,2015
3783,Nicole,Koloch,55,Kraków,IT,12574,0,True,mid,2023
3784,Emil,Sadownik,61,Wrocław,Marketing,16700,36,False,lead,2020
3785,Mieszko,Strzyż,32,Łódź,Marketing,10463,5,False,mid,2011
3786,Janina,Grochowina,42,Warszawa,Finance,13745,16,False,senior,2017
3787,Apolonia,Wujec,44,Rzeszów,Operations,13657,8,False,senior,2015
3788,Hubert,Sorbian,43,Wrocław,Operations,9350,21,True,junior,2015
3789,Gustaw,Witos,42,Wrocław,IT,11725,10,False,mid,2015
3790,Leonard,Toczko,47,Rzeszów,HR,5474,1,False,junior,2010
3791,Mikołaj,Borysewicz,38,Poznań,Operations,17428,11,True,senior,2025
3792,Melania,Grześków,29,Lublin,Operations,5537,6,False,junior,2015
3793,Maurycy,Chwała,60,Łódź,Support,9192,14,False,mid,2015
3794,Ryszard,Hanas,24,Kraków,Finance,14531,1,False,senior,2012
3795,Antoni,Brodowicz,28,Wrocław,Sales,5875,5,False,junior,2019
3796,Kornelia,Budrewicz,43,Warszawa,Operations,8426,14,False,mid,2012
3797,Tola,Nieszporek,46,Rzeszów,Operations,10336,0,False,mid,2024
3798,Alex,Lukas,24,Łódź,Support,12540,0,False,senior,2016
3799,Fryderyk,Gołofit,46,Katowice,IT,10301,22,False,mid,2018
3800,Fryderyk,Nazarewicz,51,Warszawa,Marketing,10314,13,False,mid,2017
3801,Inga,Mzyk,22,Białystok,Marketing,7543,0,False,junior,2025
3802,Tymoteusz,Ciapa,58,Gdańsk,Support,7899,8,False,mid,2017
3803,Sebastian,Łągiewka,35,Katowice,Operations,8596,8,False,mid,2021
3804,Dagmara,Szajek,63,Poznań,Sales,16857,35,True,senior,2017
3805,Olgierd,Merda,58,Kraków,Marketing,8235,29,False,mid,2010
3806,Urszula,Golda,52,Kraków,Sales,10017,7,False,mid,2018
3807,Stefan,Kasznia,42,Gdańsk,HR,8635,14,False,mid,2013
3808,Hubert,Hulbój,24,Białystok,IT,11079,1,False,mid,2020
3809,Mateusz,Ośka,40,Wrocław,Finance,7101,7,False,junior,2010
3810,Kacper,Stanaszek,38,Łódź,Sales,10912,7,False,mid,2020
3811,Ada,Suchenek,62,Gdańsk,IT,15844,40,False,senior,2023
3812,Justyna,Nabiałek,45,Wrocław,Marketing,14235,16,False,senior,2020
3813,Karol,Pusz,48,Poznań,Finance,17393,21,False,lead,2019
3814,Urszula,Kuster,65,Rzeszów,IT,9900,2,False,mid,2024
3815,Agnieszka,Kozubal,51,Białystok,Sales,5904,12,False,junior,2010
3816,Kaja,Markiel,53,Warszawa,IT,11552,13,False,mid,2020
3817,Grzegorz,Grochola,40,Warszawa,Sales,6332,0,False,junior,2020
3818,Apolonia,Mosiołek,65,Kraków,Marketing,13808,2,False,senior,2020
3819,Bianka,Kornet,34,Kraków,Marketing,8686,2,False,mid,2019
3820,Aniela,Szajek,61,Gdańsk,IT,7024,28,False,junior,2017
3821,Maks,Walenciak,39,Kraków,Operations,8136,15,False,mid,2017
3822,Daniel,Golak,44,Łódź,Support,11309,10,True,mid,2011
3823,Jan,Mijas,24,Kraków,IT,7587,1,False,junior,2021
3824,Sonia,Kurzaj,58,Katowice,IT,15756,17,False,senior,2017
3825,Marek,Lisoń,64,Gdańsk,Sales,5858,38,False,junior,2023
3826,Nela,Maksym,42,Wrocław,Support,8312,0,False,mid,2017
3827,Klara,Styrna,63,Wrocław,HR,5944,40,False,junior,2017
3828,Aurelia,Banyś,64,Wrocław,HR,17878,0,False,lead,2020
3829,Filip,Pytlarz,25,Warszawa,HR,20541,1,True,lead,2025
3830,Nicole,Wawak,56,Warszawa,Sales,17585,19,False,lead,2011
3831,Leonard,Mikusek,38,Poznań,Marketing,6839,13,False,junior,2022
3832,Elżbieta,Szymańczak,64,Wrocław,Support,19452,9,True,lead,2014
3833,Maksymilian,Iwanow,25,Kraków,IT,14980,3,True,mid,2011
3834,Anna Maria,Matula,49,Wrocław,Support,20095,20,True,lead,2013
3835,Konstanty,Bobko,33,Gdańsk,IT,6635,0,False,junior,2024
3836,Eliza,Kiedrowicz,49,Warszawa,IT,9802,19,False,mid,2016
3837,Angelika,Kupaj,65,Lublin,Sales,13097,15,False,senior,2015
3838,Dawid,Bryzek,58,Gdańsk,IT,14418,24,False,senior,2010
3839,Natasza,Kornak,52,Białystok,IT,11790,2,True,junior,2014
3840,Igor,Maron,31,Wrocław,Marketing,5421,8,False,junior,2020
3841,Rozalia,Mostek,40,Katowice,Sales,9482,17,False,mid,2014
3842,Elżbieta,Kordus,25,Warszawa,Marketing,5305,3,False,junior,2012
3843,Mikołaj,Kaszkowiak,32,Poznań,Support,17416,6,False,lead,2021
3844,Ewelina,Zmyślony,54,Lublin,Sales,11125,20,True,junior,2023
3845,Mateusz,Bracha,23,Rzeszów,Finance,13552,1,False,senior,2020
3846,Agnieszka,Rut,33,Wrocław,Finance,10526,5,False,mid,2018
3847,Natasza,Pasiak,22,Łódź,Sales,7760,0,False,junior,2024
3848,Kornel,Sąsiadek,51,Rzeszów,IT,15605,24,False,senior,2024
3849,Maks,Mostek,31,Wrocław,IT,11599,8,False,mid,2014
3850,Gustaw,Capała,47,Łódź,Marketing,13992,21,False,senior,2010
3851,Leon,Myszak,22,Poznań,Sales,5936,0,False,junior,2020
3852,Gaja,Breś,46,Poznań,IT,15144,23,False,senior,2022
3853,Emil,Fugiel,41,Gdańsk,Finance,21409,15,True,lead,2016
3854,Sylwia,Skowyra,29,Rzeszów,IT,14475,2,False,senior,2021
3855,Stanisław,Gill,65,Lublin,Operations,10473,43,True,junior,2012
3856,Lidia,Maculewicz,61,Gdańsk,Sales,12285,35,True,mid,2025
3857,Alan,Burchard,22,Białystok,Finance,13414,0,True,mid,2013
3858,Mikołaj,Wincenciak,25,Warszawa,IT,15744,3,False,senior,2021
3859,Aleks,Krzeszowiec,50,Łódź,Sales,9140,19,False,mid,2011
3860,Szymon,Jaszczyszyn,42,Białystok,Sales,10720,2,True,junior,2011
3861,Ada,Kawula,28,Wrocław,Marketing,11396,3,True,mid,2014
3862,Hubert,Składanek,44,Poznań,Marketing,6140,21,False,junior,2015
3863,Igor,Kielczyk,24,Łódź,Sales,7292,0,False,junior,2025
3864,Konstanty,Świętoń,39,Łódź,Operations,8942,14,False,mid,2023
3865,Adrian,Wąsala,42,Rzeszów,Marketing,12884,19,False,senior,2021
3866,Konstanty,Kurzydło,31,Łódź,Marketing,8878,6,False,mid,2011
3867,Juliusz,Makieła,40,Warszawa,Operations,9194,2,False,mid,2011
3868,Kamil,Dzika,65,Białystok,IT,7441,23,False,junior,2024
3869,Tymoteusz,Kolendo,49,Katowice,Operations,13832,25,False,senior,2022
3870,Krystian,Krzyśków,56,Białystok,Marketing,17371,7,True,senior,2020
3871,Adrianna,Milcarz,43,Katowice,Finance,12690,15,False,senior,2021
3872,Tymoteusz,Jakiel,55,Wrocław,Sales,11209,19,False,mid,2011
3873,Marek,Jany,54,Lublin,HR,5660,3,False,junior,2011
3874,Grzegorz,Tyczka,65,Kraków,IT,11784,22,False,mid,2023
3875,Liwia,Kurzac,35,Katowice,HR,6921,2,False,junior,2013
3876,Filip,Pytko,28,Rzeszów,Support,4990,0,False,junior,2018
3877,Karol,Skwira,48,Poznań,Sales,10116,21,False,mid,2017
3878,Gaja,Swacha,32,Lublin,Finance,6358,1,False,junior,2011
3879,Marcin,Żal,64,Warszawa,HR,13678,29,False,senior,2010
3880,Anastazja,Żołądkiewicz,24,Lublin,HR,6528,0,False,junior,2014
3881,Klara,Wyłupek,22,Kraków,Operations,14117,0,False,senior,2025
3882,Ernest,Fleszar,57,Warszawa,IT,14654,6,False,senior,2025
3883,Monika,Mizia,65,Poznań,Finance,9707,16,False,mid,2015
3884,Leon,Janczarek,59,Rzeszów,Sales,17832,15,False,lead,2025
3885,Aurelia,Blank,33,Warszawa,IT,6694,1,False,junior,2018
3886,Mieszko,Majdak,44,Białystok,Finance,10252,4,False,mid,2024
3887,Błażej,Rudyk,59,Białystok,HR,9600,34,False,mid,2018
3888,Oliwier,Myszk,50,Warszawa,HR,10000,24,True,junior,2014
3889,Leon,Musiolik,59,Białystok,IT,11966,13,False,mid,2023
3890,Blanka,Teodorowicz,33,Łódź,IT,10355,11,False,mid,2018
3891,Emil,Teodorowicz,46,Warszawa,IT,11662,7,False,mid,2019
3892,Ewelina,Duszkiewicz,40,Wrocław,Operations,8486,15,False,mid,2012
3893,Fryderyk,Ograbek,45,Wrocław,Marketing,9183,13,False,mid,2011
3894,Tobiasz,Dudziec,51,Kraków,HR,11794,0,True,mid,2017
3895,Błażej,Skwira,28,Łódź,Finance,6488,3,False,junior,2017
3896,Liwia,Cąkała,25,Rzeszów,IT,15515,1,False,senior,2012
3897,Justyna,Bałazy,56,Warszawa,HR,8942,26,False,mid,2023
3898,Stefan,Skomra,34,Warszawa,Sales,12858,1,False,senior,2025
3899,Adrianna,Nogieć,56,Poznań,Marketing,12818,11,True,mid,2023
3900,Jędrzej,Sanetra,26,Kraków,Sales,10903,2,False,mid,2022
3901,Maciej,Kręcisz,46,Kraków,Operations,11117,7,True,mid,2015
3902,Ewelina,Jajko,62,Warszawa,IT,11643,35,False,mid,2022
3903,Maks,Wiercigroch,49,Białystok,Operations,6597,18,False,junior,2019
3904,Kornelia,Kuder,33,Warszawa,Marketing,9373,8,False,mid,2024
3905,Jeremi,Grzenia,24,Kraków,Marketing,5886,1,False,junior,2024
3906,Jeremi,Łyjak,27,Warszawa,Marketing,13051,5,False,senior,2023
3907,Oskar,Micał,46,Kraków,Operations,9968,16,False,mid,2022
3908,Janina,Ziemann,30,Łódź,Operations,16589,6,False,lead,2024
3909,Marcelina,Pindral,46,Warszawa,Sales,14638,0,False,senior,2017
3910,Tadeusz,Blank,39,Rzeszów,IT,19699,14,False,lead,2017
3911,Julianna,Wyłupek,36,Kraków,Operations,9508,4,False,mid,2025
3912,Eryk,Roskosz,37,Warszawa,Support,13555,10,False,senior,2025
3913,Natan,Kuban,63,Kraków,HR,6892,2,False,junior,2025
3914,Grzegorz,Madzia,35,Katowice,IT,18018,0,False,lead,2015
3915,Krystyna,Pesta,57,Katowice,Support,15368,22,True,senior,2018
3916,Mateusz,Stwora,24,Kraków,HR,17634,2,False,lead,2017
3917,Krzysztof,Bałazy,59,Rzeszów,Sales,13225,28,False,senior,2023
3918,Klara,Rodzeń,52,Rzeszów,Finance,9669,17,False,mid,2022
3919,Anna Maria,Uliasz,63,Wrocław,Operations,6556,29,False,junior,2010
3920,Adrianna,Wojtaszczyk,41,Białystok,HR,9545,8,False,mid,2017
3921,Borys,Wabik,35,Gdańsk,IT,14660,2,False,senior,2020
3922,Ryszard,Wiszowata,44,Łódź,IT,11233,17,False,mid,2015
3923,Eryk,Tecław,37,Gdańsk,Sales,17453,8,False,lead,2023
3924,Szymon,Cebulak,39,Warszawa,Sales,9042,1,False,mid,2012
3925,Tomasz,Oszust,30,Rzeszów,Sales,9280,0,True,junior,2017
3926,Gaja,Styn,54,Katowice,IT,7957,31,False,junior,2023
3927,Przemysław,Pierzak,57,Lublin,Operations,13215,3,True,mid,2010
3928,Marcel,Cięciwa,29,Warszawa,HR,12835,5,False,senior,2022
3929,Ignacy,Palus,51,Łódź,Sales,7687,0,False,junior,2012
3930,Adrian,Kulczak,42,Wrocław,Sales,11181,12,False,mid,2019
3931,Sylwia,Młocek,44,Kraków,Sales,8904,15,False,mid,2020
3932,Daniel,Rosłoń,42,Gdańsk,IT,6839,20,False,junior,2024
3933,Kamil,Durczok,29,Lublin,Support,8004,4,False,mid,2017
3934,Daniel,Żołądź,61,Łódź,IT,19003,22,False,lead,2014
3935,Gustaw,Tekieli,25,Katowice,Sales,13104,3,False,senior,2022
3936,Igor,Naumiuk,63,Warszawa,Sales,7026,20,False,junior,2021
3937,Agnieszka,Klimko,53,Kraków,IT,14055,18,False,senior,2025
3938,Marianna,Rakus,62,Lublin,Finance,17740,24,True,senior,2014
3939,Kazimierz,Fabiszak,41,Łódź,Marketing,5575,1,False,junior,2015
3940,Miłosz,Staniewicz,40,Łódź,Sales,7587,9,False,junior,2017
3941,Wojciech,Perczak,40,Warszawa,Operations,13259,0,True,mid,2011
3942,Stanisław,Ostafin,45,Warszawa,Sales,15127,22,False,senior,2011
3943,Tobiasz,Gzyl,23,Poznań,Support,19669,1,True,lead,2014
3944,Stanisław,Rudolf,42,Warszawa,Support,11166,9,True,mid,2016
3945,Błażej,Latoszek,41,Poznań,Finance,9377,7,True,junior,2023
3946,Monika,Thiel,33,Wrocław,IT,10026,7,False,mid,2013
3947,Marika,Bubak,29,Warszawa,IT,7334,2,False,junior,2012
3948,Kamila,Domian,36,Gdańsk,HR,9653,0,True,junior,2011
3949,Marika,Siekierka,57,Łódź,Sales,10037,34,False,mid,2021
3950,Julian,Czerner,32,Gdańsk,Marketing,5347,3,False,junior,2014
3951,Kornelia,Owsiak,26,Wrocław,Sales,6647,1,False,junior,2013
3952,Dominik,Kiełbik,50,Wrocław,Operations,5220,4,False,junior,2019
3953,Robert,Małota,26,Lublin,IT,8806,3,False,junior,2012
3954,Filip,Kupidura,61,Katowice,Sales,15923,7,True,senior,2013
3955,Wojciech,Szałata,37,Warszawa,Operations,13079,6,False,senior,2021
3956,Iwo,Klemczak,49,Warszawa,Operations,17600,0,False,lead,2021
3957,Adrianna,Wiatrak,25,Katowice,IT,11381,3,False,mid,2014
3958,Sonia,Naglik,36,Katowice,IT,14302,1,False,senior,2025
3959,Jakub,Wdowczyk,63,Warszawa,Support,11924,32,False,senior,2020
3960,Tobiasz,Wojsa,50,Rzeszów,Marketing,17752,27,False,lead,2016
3961,Krystian,Hasiak,25,Wrocław,IT,10650,3,False,mid,2022
3962,Kornel,Ziemann,60,Gdańsk,Operations,9015,25,False,mid,2016
3963,Aurelia,Smoter,51,Warszawa,Marketing,5236,1,False,junior,2010
3964,Ida,Karwala,59,Warszawa,Marketing,13010,31,False,senior,2017
3965,Marika,Wajer,33,Lublin,Operations,7189,3,False,junior,2025
3966,Justyna,Bodek,40,Poznań,Sales,13500,9,False,senior,2017
3967,Krzysztof,Dziduch,51,Warszawa,Sales,10948,10,False,mid,2020
3968,Artur,Goral,56,Poznań,HR,8795,9,False,mid,2013
3969,Ernest,Błażejewicz,35,Białystok,Support,12579,9,False,senior,2019
3970,Karina,Hajduga,55,Kraków,Sales,13644,10,False,senior,2025
3971,Nicole,Szkup,34,Lublin,IT,15678,6,False,senior,2010
3972,Maurycy,Borkiewicz,24,Wrocław,Finance,10192,1,False,mid,2023
3973,Emil,Trzop,39,Poznań,Marketing,12145,16,True,mid,2025
3974,Adam,Rorat,27,Kraków,Finance,6190,1,False,junior,2024
3975,Tomasz,Tasarz,52,Kraków,Sales,9223,12,True,junior,2013
3976,Ewelina,Henke,39,Wrocław,IT,17776,8,True,senior,2016
3977,Cyprian,Hyży,46,Poznań,IT,6627,2,False,junior,2016
3978,Róża,Parkitna,46,Gdańsk,Finance,6863,2,False,junior,2020
3979,Aleks,Słomiany,43,Rzeszów,Support,6331,20,False,junior,2017
3980,Ksawery,Janczura,46,Białystok,Support,12648,16,False,senior,2025
3981,Bianka,Kotlarek,50,Katowice,IT,18616,2,False,lead,2020
3982,Ernest,Zuziak,39,Kraków,Finance,12536,10,False,senior,2017
3983,Rafał,Harasimiuk,22,Rzeszów,Sales,7833,0,False,junior,2014
3984,Tobiasz,Ogłaza,36,Gdańsk,Support,8105,8,False,mid,2024
3985,Dominik,Kornak,35,Kraków,Finance,12726,6,False,senior,2020
3986,Maurycy,Młodzik,65,Rzeszów,Sales,11276,40,False,mid,2012
3987,Karol,Machowicz,48,Wrocław,Sales,21486,21,True,lead,2018
3988,Monika,Reiter,23,Poznań,HR,6440,0,False,junior,2024
3989,Rafał,Gągała,24,Warszawa,Sales,11160,0,False,mid,2020
3990,Piotr,Twardzik,29,Gdańsk,Finance,14085,4,False,senior,2023
3991,Szymon,Słonka,58,Lublin,Support,6649,21,False,junior,2021
3992,Tola,Kurc,49,Warszawa,IT,14199,4,True,mid,2012
3993,Marika,Prażmo,63,Kraków,Sales,7106,28,False,junior,2015
3994,Wiktor,Suchojad,36,Lublin,Marketing,8864,5,False,mid,2023
3995,Rozalia,Apostel,39,Łódź,Marketing,8389,16,False,mid,2011
3996,Norbert,Zadka,27,Gdańsk,Support,5862,3,False,junior,2020
3997,Ewelina,Drożdżal,50,Katowice,IT,19819,12,False,lead,2019
3998,Aniela,Szybiak,57,Białystok,HR,5504,18,False,junior,2020
3999,Piotr,Kózka,44,Lublin,Operations,12873,4,False,senior,2025
4000,Adam,Rogal,32,Poznań,Finance,10514,10,False,mid,2013
4001,Maciej,Plebanek,64,Warszawa,Operations,6869,13,False,junior,2025
4002,Ignacy,Leszkiewicz,28,Poznań,IT,6765,6,False,junior,2024
4003,Angelika,Łapot,24,Katowice,HR,11508,2,False,senior,2025
4004,Julita,Szurek,58,Wrocław,IT,7555,7,False,junior,2018
4005,Elżbieta,Starzak,46,Rzeszów,Support,8687,22,False,mid,2011
4006,Wojciech,Janowiak,58,Kraków,Marketing,10204,29,False,mid,2016
4007,Julian,Szatanik,64,Lublin,Marketing,16956,33,False,lead,2017
4008,Kacper,Wojtalewicz,53,Gdańsk,Operations,17877,30,False,lead,2010
4009,Aleksander,Pelka,25,Lublin,Sales,9506,3,False,mid,2020
4010,Adrian,Makieła,28,Łódź,Operations,7255,1,False,junior,2015
4011,Tymoteusz,Mitera,32,Rzeszów,IT,11162,6,False,mid,2023
4012,Franciszek,Ośko,23,Wrocław,Marketing,9080,0,False,mid,2021
4013,Patryk,Sterna,51,Wrocław,Operations,8444,2,False,mid,2010
4014,Alan,Prokurat,22,Katowice,IT,11931,0,False,mid,2010
4015,Tola,Morys,50,Poznań,Operations,14097,1,False,senior,2023
4016,Dominik,Początek,49,Gdańsk,IT,13643,24,False,senior,2017
4017,Sonia,Kastelik,39,Warszawa,Marketing,6447,16,False,junior,2024
4018,Borys,Pakosz,48,Wrocław,IT,7673,21,False,junior,2018
4019,Ksawery,Sereda,43,Warszawa,Sales,9931,12,False,mid,2012
4020,Natan,Mudlaff,60,Warszawa,Support,6652,32,False,junior,2021
4021,Blanka,Golenia,22,Kraków,IT,7261,0,False,junior,2023
4022,Ignacy,Jasica,33,Rzeszów,IT,11093,6,False,mid,2018
4023,Aurelia,Cydzik,44,Wrocław,Finance,16635,5,False,lead,2024
4024,Sebastian,Butrym,38,Kraków,IT,14100,1,False,senior,2014
4025,Bruno,Melcer,39,Poznań,IT,11785,14,False,mid,2016
4026,Aleksander,Apanowicz,52,Gdańsk,IT,10967,24,False,mid,2016
4027,Tymoteusz,Gajowiak,47,Wrocław,Support,17717,23,False,lead,2023
4028,Wiktor,Pizoń,36,Warszawa,Sales,18439,3,False,lead,2015
4029,Jacek,Walentynowicz,55,Białystok,Operations,10036,14,False,mid,2015
4030,Urszula,Rozum,33,Warszawa,IT,15431,5,False,senior,2011
4031,Leonard,Jędrys,22,Warszawa,Support,9525,0,True,junior,2010
4032,Leon,Jaźwiec,39,Lublin,IT,8701,6,False,junior,2016
4033,Andrzej,Uroda,56,Gdańsk,Support,9694,17,False,mid,2010
4034,Maciej,Leks,39,Warszawa,Sales,7322,14,False,junior,2013
4035,Oskar,Miąsko,52,Łódź,Sales,10381,30,False,mid,2019
4036,Albert,Gabryszak,45,Kraków,Operations,9505,22,False,mid,2025
4037,Damian,Paśnik,64,Wrocław,Marketing,12323,34,False,senior,2020
4038,Ada,Grzejszczak,35,Lublin,IT,8967,11,False,junior,2023
4039,Jan,Pych,55,Warszawa,Marketing,10477,33,False,mid,2016
4040,Kajetan,Strzyż,62,Gdańsk,Sales,7921,36,False,junior,2016
4041,Tola,Bartoszczyk,65,Wrocław,IT,11588,13,True,junior,2021
4042,Ryszard,Żołnierczyk,59,Katowice,Operations,16122,26,False,lead,2014
4043,Lidia,Rakus,43,Wrocław,Support,9358,0,False,mid,2011
4044,Hubert,Wałęsa,47,Rzeszów,Sales,10019,20,False,mid,2023
4045,Julian,Foit,37,Wrocław,Sales,8803,4,False,mid,2017
4046,Jeremi,Sznura,55,Warszawa,Finance,5922,21,False,junior,2020
4047,Aniela,Zugaj,44,Kraków,Marketing,14546,18,False,senior,2023
4048,Tadeusz,Zachwieja,36,Gdańsk,Support,8523,9,False,mid,2021
4049,Piotr,Wlazły,42,Wrocław,Marketing,8505,9,False,mid,2025
4050,Grzegorz,Ochał,25,Warszawa,Marketing,8799,3,True,junior,2024
4051,Sonia,Chaberek,35,Warszawa,Marketing,9799,6,False,mid,2024
4052,Dawid,Surmiak,35,Warszawa,Support,13768,11,False,senior,2024
4053,Emil,Malisz,39,Warszawa,Marketing,11593,6,True,mid,2013
4054,Sandra,Kondej,24,Poznań,Finance,5593,2,False,junior,2024
4055,Dagmara,Pik,35,Wrocław,HR,13784,13,False,senior,2016
4056,Eryk,Pyć,64,Gdańsk,Sales,10783,30,False,mid,2023
4057,Liwia,Armata,25,Poznań,Support,9198,0,False,mid,2013
4058,Olgierd,Gotfryd,22,Poznań,IT,11283,0,False,mid,2019
4059,Rozalia,Kierat,38,Łódź,Support,13949,15,False,senior,2011
4060,Borys,Franas,42,Gdańsk,Marketing,9612,4,False,mid,2012
4061,Nikodem,Klimko,57,Katowice,HR,7870,12,False,mid,2017
4062,Mikołaj,Mendak,50,Kraków,IT,8581,8,False,junior,2020
4063,Kamil,Woda,61,Wrocław,Marketing,12181,13,True,mid,2011
4064,Krystian,Woronko,54,Katowice,Support,5610,24,False,junior,2019
4065,Lidia,Klęczar,36,Wrocław,HR,5264,5,False,junior,2013
4066,Kajetan,Golus,65,Lublin,Sales,13934,22,True,mid,2011
4067,Aleksander,Piórek,35,Wrocław,HR,12727,5,False,senior,2011
4068,Dariusz,Szyda,35,Wrocław,Finance,10887,7,False,mid,2013
4069,Nikodem,Sadownik,64,Warszawa,IT,10473,5,False,mid,2022
4070,Iwo,Potyrała,42,Wrocław,Sales,9087,11,False,mid,2011
4071,Agnieszka,Andrzejuk,24,Poznań,IT,7036,1,False,junior,2023
4072,Paweł,Gal,64,Lublin,Sales,5801,25,False,junior,2010
4073,Mikołaj,Zaczyk,32,Lublin,IT,9933,9,False,mid,2010
4074,Kajetan,Tylka,26,Katowice,Operations,17219,1,True,senior,2012
4075,Antoni,Jany,45,Katowice,Marketing,9409,17,True,junior,2013
4076,Ida,Fulara,34,Łódź,IT,9994,6,False,mid,2013
4077,Wojciech,Baś,64,Białystok,Finance,7554,37,False,junior,2023
4078,Marek,Głowiak,64,Warszawa,IT,7104,31,False,junior,2016
4079,Sara,Dyja,32,Rzeszów,Operations,16070,8,False,lead,2025
4080,Elżbieta,Grygorowicz,28,Warszawa,Sales,9375,4,False,mid,2012
4081,Sandra,Straszak,34,Warszawa,IT,10586,4,False,mid,2011
4082,Arkadiusz,Bastek,64,Lublin,Sales,18729,3,False,lead,2025
4083,Kamil,Grygorowicz,45,Wrocław,Marketing,8228,16,False,mid,2022
4084,Olaf,Karalus,47,Białystok,Support,6397,3,False,junior,2014
4085,Marek,Piechura,24,Warszawa,Finance,7017,2,False,junior,2012
4086,Klara,Dietrich,49,Warszawa,IT,9696,10,False,mid,2012
4087,Ksawery,Łasak,56,Łódź,IT,14442,5,False,senior,2017
4088,Borys,Gowin,34,Wrocław,Operations,7028,0,False,junior,2014
4089,Natasza,Polakiewicz,25,Warszawa,Operations,13396,3,False,senior,2023
4090,Ada,Majdak,57,Rzeszów,Operations,14386,32,False,senior,2022
4091,Justyna,Walasik,62,Wrocław,Sales,10271,6,False,mid,2010
4092,Przemysław,Sarniak,44,Warszawa,IT,8229,5,False,junior,2010
4093,Agnieszka,Kubowicz,55,Kraków,IT,11780,7,False,mid,2010
4094,Tobiasz,Ścibior,38,Katowice,Operations,12308,8,False,senior,2025
4095,Łukasz,Barej,28,Katowice,Operations,7309,2,False,junior,2020
4096,Eryk,Siedlarz,38,Kraków,Operations,12361,8,True,mid,2011
4097,Maurycy,Kostek,48,Rzeszów,HR,6933,26,False,junior,2017
4098,Ksawery,Filak,65,Białystok,HR,9495,39,False,mid,2018
4099,Hubert,Płaneta,31,Warszawa,IT,17565,9,False,lead,2019
4100,Nicole,Kanarek,61,Lublin,Marketing,8933,22,False,mid,2020
4101,Konstanty,Engel,34,Poznań,Finance,14977,10,False,senior,2012
4102,Kamil,Jargiło,60,Warszawa,Support,6729,22,False,junior,2014
4103,Roksana,Lepak,55,Rzeszów,Marketing,7324,25,False,junior,2020
4104,Sandra,Siwa,59,Katowice,Marketing,7026,0,False,junior,2022
4105,Cyprian,Kucharzyk,27,Wrocław,Marketing,13983,0,False,senior,2010
4106,Gustaw,Halik,34,Warszawa,Operations,10246,4,False,mid,2023
4107,Damian,Graboń,52,Wrocław,Finance,7511,20,False,junior,2019
4108,Alan,Mijas,24,Wrocław,Support,5544,0,False,junior,2012
4109,Bianka,Niewola,31,Warszawa,IT,8098,5,False,junior,2011
4110,Olaf,Bodziony,22,Poznań,Sales,13056,0,False,senior,2024
4111,Klara,Berdzik,33,Lublin,HR,8974,1,False,mid,2017
4112,Angelika,Sajda,43,Warszawa,IT,15194,6,False,senior,2010
4113,Przemysław,Kolendo,43,Gdańsk,HR,16112,19,False,lead,2014
4114,Lidia,Grotek,29,Lublin,Support,8757,0,False,mid,2017
4115,Marcelina,Kosidło,28,Białystok,Sales,15926,6,True,senior,2025
4116,Bartek,Jarmużek,54,Białystok,Operations,6907,14,False,junior,2025
4117,Marianna,Lipok,59,Lublin,IT,6970,34,False,junior,2023
4118,Witold,Młot,55,Warszawa,Sales,7917,9,False,junior,2012
4119,Arkadiusz,Ślimak,54,Rzeszów,Operations,8616,6,False,mid,2019
4120,Elżbieta,Olko,32,Wrocław,Operations,9782,6,False,mid,2016
4121,Tola,Szurek,65,Poznań,Support,9120,21,False,mid,2014
4122,Anita,Prejs,48,Kraków,Sales,13600,6,False,senior,2025
4123,Jan,Feluś,62,Kraków,IT,10329,9,False,mid,2020
4124,Aleksander,Tatarek,29,Rzeszów,Marketing,14467,1,False,senior,2010
4125,Natasza,Kopyść,43,Kraków,Finance,18659,1,False,lead,2015
4126,Dorota,Kielan,54,Rzeszów,Finance,7055,30,False,junior,2022
4127,Kaja,Materka,24,Poznań,Sales,7850,2,False,junior,2024
4128,Kamila,Majos,27,Warszawa,Sales,9681,5,False,mid,2022
4129,Oskar,Pikor,57,Warszawa,Operations,9622,23,False,mid,2014
4130,Anastazja,Kopyt,28,Poznań,HR,7836,5,False,mid,2018
4131,Karol,Dułak,38,Lublin,IT,7636,7,False,junior,2019
4132,Bartek,Kurz,44,Lublin,Finance,10389,4,False,mid,2019
4133,Kalina,Lisak,39,Gdańsk,Sales,6301,6,False,junior,2021
4134,Adrian,Andruszko,36,Lublin,Operations,12674,3,False,senior,2023
4135,Gustaw,Jaremko,61,Warszawa,IT,7739,29,False,junior,2017
4136,Tomasz,Oleszko,40,Poznań,Marketing,9657,9,False,mid,2023
4137,Malwina,Łachut,62,Poznań,IT,15596,4,False,senior,2022
4138,Norbert,Flasza,25,Gdańsk,IT,7390,1,False,junior,2024
4139,Róża,Szwaj,49,Poznań,HR,8362,7,False,mid,2016
4140,Anita,Politowicz,29,Kraków,Sales,5967,2,False,junior,2024
4141,Janina,Drywa,22,Łódź,Support,9851,0,False,mid,2016
4142,Agnieszka,Roj,47,Wrocław,Marketing,8226,17,False,mid,2024
4143,Sebastian,Żymełka,23,Wrocław,Support,9347,0,False,mid,2010
4144,Olga,Bareja,22,Łódź,IT,10133,0,False,mid,2013
4145,Leonard,Chojna,33,Warszawa,Sales,10862,10,False,mid,2023
4146,Marcelina,Dyda,56,Katowice,Marketing,9270,10,False,mid,2016
4147,Jakub,Stoltman,60,Warszawa,HR,6901,13,False,junior,2023
4148,Wojciech,Siwczak,58,Warszawa,Finance,10126,10,False,mid,2011
4149,Józef,Osman,39,Kraków,IT,10583,17,False,mid,2016
4150,Filip,Półchłopek,43,Kraków,Operations,12460,16,False,senior,2019
4151,Marianna,Żołądkiewicz,49,Rzeszów,IT,11092,11,True,junior,2017
4152,Jeremi,Nawrotek,51,Poznań,Marketing,9123,17,False,mid,2022
4153,Rozalia,Dylik,38,Łódź,Marketing,6680,16,False,junior,2021
4154,Nikodem,Szlachcic,58,Gdańsk,Sales,6227,16,False,junior,2016
4155,Maksymilian,Arendarczyk,48,Wrocław,Sales,18437,6,False,lead,2024
4156,Józef,Miętka,49,Poznań,Sales,11089,16,False,mid,2023
4157,Adam,Tłuczek,26,Kraków,Sales,13098,1,False,senior,2021
4158,Dariusz,Staręga,36,Poznań,Support,12919,12,False,senior,2015
4159,Mikołaj,Bereda,49,Warszawa,IT,11507,25,False,mid,2022
4160,Ernest,Zielke,29,Warszawa,IT,13935,5,False,senior,2020
4161,Roksana,Graban,41,Kraków,IT,18528,16,False,lead,2025
4162,Maciej,Zielke,61,Kraków,Sales,15810,10,True,senior,2022
4163,Dariusz,Przewoźna,28,Katowice,Support,17585,6,False,lead,2010
4164,Melania,Mysior,41,Warszawa,Support,9872,19,False,mid,2010
4165,Krzysztof,Domka,46,Gdańsk,Finance,10351,14,False,mid,2015
4166,Gabriel,Nazimek,24,Warszawa,Operations,9876,2,False,mid,2015
4167,Józef,Kamieniarz,49,Warszawa,Finance,7824,9,False,junior,2024
4168,Rozalia,Herda,32,Gdańsk,Finance,17991,4,False,lead,2021
4169,Malwina,Wojniak,65,Warszawa,Operations,8485,28,False,mid,2013
4170,Elżbieta,Sładek,65,Gdańsk,Operations,10044,21,False,mid,2016
4171,Nikodem,Szumacher,62,Lublin,IT,15236,11,False,senior,2020
4172,Artur,Filek,48,Poznań,Sales,9057,16,False,mid,2011
4173,Maks,Władyka,55,Poznań,Support,9661,21,False,mid,2019
4174,Cezary,Pich,35,Rzeszów,Finance,18532,11,False,lead,2011
4175,Kaja,Perczak,32,Poznań,Operations,6436,6,False,junior,2022
4176,Mikołaj,Burchardt,38,Łódź,Finance,10889,10,False,mid,2018
4177,Mariusz,Łapaj,50,Kraków,Sales,6926,23,False,junior,2024
4178,Aniela,Niemira,38,Łódź,IT,13993,10,True,mid,2017
4179,Nela,Czura,50,Łódź,Sales,7947,15,False,junior,2022
4180,Marcel,Kapcia,42,Kraków,Operations,9431,7,False,mid,2018
4181,Ewelina,Franaszek,57,Poznań,IT,14384,2,False,senior,2016
4182,Ewelina,Kopik,56,Gdańsk,IT,18514,23,False,lead,2023
4183,Aleks,Terka,60,Katowice,IT,9619,24,False,mid,2025
4184,Leonard,Potok,36,Rzeszów,Operations,8005,7,True,junior,2022
4185,Wiktor,Kulisz,35,Łódź,Operations,12187,2,False,senior,2014
4186,Róża,Pietryga,48,Lublin,Finance,9343,11,False,mid,2016
4187,Maksymilian,Suszka,40,Łódź,HR,9114,12,False,mid,2023
4188,Kajetan,Majorczyk,24,Lublin,IT,8836,0,False,junior,2025
4189,Igor,Gieroń,38,Warszawa,IT,11857,3,False,mid,2019
4190,Leon,Wajdzik,26,Warszawa,Sales,14778,0,False,senior,2013
4191,Kamil,Duchnik,65,Wrocław,Support,9590,38,False,mid,2025
4192,Tymon,Chowaniak,58,Warszawa,IT,8249,30,False,junior,2012
4193,Krystian,Sołtan,38,Kraków,Operations,6937,8,False,junior,2016
4194,Gabriel,Koniecko,43,Białystok,Marketing,16951,0,False,lead,2023
4195,Michał,Zioła,24,Warszawa,Finance,13868,0,False,senior,2023
4196,Urszula,Pyrz,52,Gdańsk,Support,8190,1,False,mid,2015
4197,Rozalia,Broś,60,Łódź,Support,7034,11,False,junior,2013
4198,Lidia,Wysota,30,Kraków,Sales,10018,3,False,mid,2013
4199,Sandra,Lada,35,Białystok,Finance,10568,3,False,mid,2010
4200,Michał,Fyda,53,Gdańsk,Marketing,13688,4,False,senior,2013
4201,Rafał,Siedlaczek,23,Poznań,Support,6903,1,False,junior,2019
4202,Michał,Misiurek,50,Poznań,IT,17541,16,True,senior,2021
4203,Jerzy,Chołody,51,Lublin,Marketing,8229,6,False,mid,2019
4204,Angelika,Jarka,38,Poznań,Sales,10650,4,False,mid,2017
4205,Józef,Giersz,64,Kraków,Marketing,17217,24,True,senior,2020
4206,Elżbieta,Pytko,61,Rzeszów,Support,13956,32,False,senior,2020
4207,Arkadiusz,Niemira,59,Rzeszów,Support,9222,13,True,junior,2023
4208,Tola,Szara,22,Gdańsk,Operations,6481,0,False,junior,2015
4209,Liwia,Potoczek,35,Warszawa,IT,19147,13,False,lead,2022
4210,Krystyna,Ślebioda,34,Gdańsk,Operations,6467,3,False,junior,2022
4211,Róża,Ciuba,44,Rzeszów,IT,19929,8,False,lead,2013
4212,Nicole,Broś,44,Lublin,Operations,12853,8,False,senior,2015
4213,Norbert,Nazar,23,Rzeszów,Sales,8087,0,False,junior,2020
4214,Robert,Burzawa,22,Warszawa,Marketing,5359,0,False,junior,2022
4215,Karina,Doroszkiewicz,55,Warszawa,Sales,12933,8,False,senior,2017
4216,Stefan,Duras,25,Kraków,Finance,6970,2,False,junior,2024
4217,Franciszek,Kochel,53,Gdańsk,Sales,13909,28,False,senior,2020
4218,Maks,Fit,62,Lublin,Finance,9142,20,True,junior,2025
4219,Agnieszka,Szóstak,31,Lublin,Finance,13038,3,False,senior,2021
4220,Miłosz,Lukas,28,Lublin,Finance,10215,4,False,mid,2012
4221,Julita,Suchoń,43,Kraków,Support,9433,10,False,mid,2020
4222,Grzegorz,Nikel,41,Wrocław,IT,13561,8,False,senior,2019
4223,Marcin,Jereczek,54,Warszawa,Marketing,8324,18,False,mid,2014
4224,Marek,Forysiak,63,Łódź,IT,6609,16,False,junior,2024
4225,Maciej,Januchta,48,Kraków,Finance,17361,19,False,lead,2021
4226,Aurelia,Friedrich,43,Lublin,Sales,9424,16,False,mid,2024
4227,Monika,Skowyra,50,Wrocław,Operations,10019,24,False,mid,2018
4228,Leonard,Szłapka,45,Wrocław,Operations,15888,18,True,senior,2024
4229,Gabriel,Gabrych,31,Lublin,IT,13657,4,False,senior,2010
4230,Filip,Wałaszek,53,Lublin,Operations,13164,3,False,senior,2019
4231,Alex,Jonak,58,Kraków,Marketing,9987,26,False,mid,2023
4232,Tymon,Kempka,30,Kraków,Finance,8980,3,False,mid,2014
4233,Adrianna,Kieloch,43,Kraków,IT,11344,11,False,mid,2023
4234,Miłosz,Oleksak,50,Katowice,Finance,9134,8,False,mid,2014
4235,Emil,Bulczak,53,Wrocław,IT,13659,9,True,mid,2021
4236,Szymon,Przekwas,29,Poznań,Support,4928,3,False,junior,2020
4237,Sonia,Szymków,40,Kraków,HR,8877,11,False,mid,2021
4238,Tymon,Podgórny,49,Warszawa,Support,5579,25,False,junior,2016
4239,Alex,Herbut,45,Rzeszów,Marketing,8421,21,False,mid,2021
4240,Jan,Klęk,22,Katowice,IT,17708,0,False,lead,2019
4241,Inga,Kierat,34,Wrocław,HR,8815,1,False,mid,2015
4242,Kornel,Chachaj,27,Wrocław,IT,15071,5,False,senior,2011
4243,Gustaw,Kubanek,61,Łódź,Finance,14620,15,False,senior,2021
4244,Aleks,Jakimiak,63,Warszawa,Finance,17306,1,False,lead,2012
4245,Anita,Pokusa,27,Warszawa,IT,9698,0,False,mid,2011
4246,Tymon,Skiepko,61,Katowice,Marketing,9975,12,False,mid,2017
4247,Sylwia,Klus,53,Warszawa,Marketing,7495,2,False,junior,2024
4248,Sara,Stempniak,55,Rzeszów,IT,18365,10,False,lead,2019
4249,Kamil,Domińczak,40,Katowice,Finance,10155,14,False,mid,2017
4250,Malwina,Gładka,39,Poznań,HR,12260,4,False,senior,2019
4251,Maciej,Lalak,33,Wrocław,Sales,14491,11,False,senior,2019
4252,Bianka,Forysiak,39,Łódź,IT,7181,0,False,junior,2025
4253,Norbert,Langa,60,Wrocław,Operations,8380,27,False,mid,2025
4254,Blanka,Szpyt,50,Kraków,Sales,14956,26,False,senior,2024
4255,Borys,Krzan,64,Rzeszów,Finance,10830,5,False,mid,2020
4256,Maurycy,Trybuś,37,Kraków,Finance,13090,2,False,senior,2016
4257,Arkadiusz,Subocz,61,Warszawa,Finance,5545,17,False,junior,2022
4258,Eryk,Kazubek,39,Łódź,Operations,11498,12,True,mid,2015
4259,Anna Maria,Powierża,30,Katowice,Sales,6358,2,False,junior,2018
4260,Konstanty,Mysiak,46,Warszawa,IT,10443,17,False,mid,2025
4261,Michał,Damps,57,Wrocław,Marketing,6894,17,False,junior,2025
4262,Julita,Rejmak,41,Poznań,IT,18850,16,False,lead,2020
4263,Adrianna,Przewłoka,59,Białystok,HR,9135,24,False,mid,2021
4264,Dawid,Darłak,51,Łódź,IT,9774,16,False,mid,2014
4265,Kamila,Wrześniak,47,Łódź,HR,13964,20,False,senior,2018
4266,Marika,Pianka,35,Warszawa,IT,18545,6,False,lead,2023
4267,Apolonia,Wołczyk,44,Katowice,IT,17118,6,True,senior,2012
4268,Olgierd,Kaliciak,65,Kraków,Marketing,8762,32,False,mid,2011
4269,Tymon,Gral,37,Gdańsk,Sales,5888,10,False,junior,2020
4270,Marianna,Milcarz,48,Kraków,HR,8808,11,False,mid,2011
4271,Ernest,Kempka,56,Rzeszów,Support,10004,5,False,mid,2025
4272,Bartek,Bienia,49,Warszawa,Operations,12195,13,False,senior,2018
4273,Mieszko,Wojtaszczyk,30,Warszawa,Finance,7570,3,False,junior,2012
4274,Norbert,Kuśnierek,53,Warszawa,Sales,7231,2,False,junior,2024
4275,Melania,Mieszała,63,Katowice,Finance,9867,18,False,mid,2014
4276,Przemysław,Rode,52,Kraków,Sales,16263,0,True,senior,2019
4277,Sara,Plewnia,35,Poznań,IT,17525,5,False,lead,2025
4278,Urszula,Haponiuk,52,Łódź,IT,16814,23,True,senior,2010
4279,Sara,Kunert,60,Rzeszów,IT,15366,9,False,senior,2019
4280,Miłosz,Ludwisiak,43,Warszawa,Support,12334,6,False,senior,2011
4281,Kaja,Klus,40,Warszawa,HR,5235,7,False,junior,2023
4282,Urszula,Lalak,49,Lublin,IT,9854,13,False,mid,2023
4283,Julianna,Cieplucha,44,Wrocław,IT,10858,10,False,mid,2020
4284,Dawid,Szymajda,31,Warszawa,IT,11437,6,False,mid,2011
4285,Nikodem,Kojder,31,Warszawa,IT,15288,7,False,senior,2025
4286,Lidia,Heba,24,Kraków,Support,8428,1,False,mid,2012
4287,Anna Maria,Giezek,55,Wrocław,Marketing,12938,5,False,senior,2017
4288,Wiktor,Sołtysek,45,Kraków,Marketing,9717,6,False,mid,2018
4289,Albert,Janasik,55,Łódź,Support,13414,18,False,senior,2020
4290,Jan,Marat,52,Wrocław,HR,4943,26,False,junior,2017
4291,Jeremi,Kazior,24,Wrocław,HR,5869,0,False,junior,2020
4292,Tymoteusz,Wiraszka,29,Warszawa,IT,6765,0,False,junior,2020
4293,Marcelina,Plak,41,Katowice,IT,10279,17,False,mid,2019
4294,Nicole,Tatarczuk,47,Kraków,Support,8675,24,False,mid,2010
4295,Sebastian,Glanc,42,Wrocław,HR,11716,15,False,senior,2010
4296,Daniel,Ogrodowicz,58,Warszawa,Operations,13846,34,False,senior,2024
4297,Fryderyk,Bartoś,24,Warszawa,Finance,9604,2,False,mid,2024
4298,Bianka,Eckert,25,Kraków,Marketing,14460,0,False,senior,2017
4299,Maciej,Capiga,35,Katowice,IT,15708,10,False,senior,2021
4300,Emil,Cofała,46,Wrocław,Finance,10975,16,True,junior,2013
4301,Janina,Godzisz,53,Katowice,IT,17783,15,False,lead,2011
4302,Anastazja,Ubysz,65,Białystok,Sales,15284,22,False,senior,2016
4303,Marcelina,Dzierwa,37,Warszawa,Operations,10046,2,False,mid,2010
4304,Szymon,Miąsko,55,Warszawa,Finance,13712,16,False,senior,2021
4305,Jakub,Herok,31,Białystok,Finance,13537,5,True,mid,2022
4306,Błażej,Morka,45,Wrocław,Operations,9312,0,False,mid,2023
4307,Natasza,Lato,31,Gdańsk,Operations,8527,2,False,mid,2022
4308,Stefan,Litewka,26,Poznań,Operations,8108,0,False,mid,2017
4309,Kajetan,Kloch,49,Łódź,Sales,5814,26,False,junior,2012
4310,Andrzej,Utrata,63,Lublin,Support,6363,29,False,junior,2015
4311,Ignacy,Dulemba,55,Lublin,Marketing,10091,1,False,mid,2024
4312,Jacek,Pupek,53,Warszawa,Marketing,13779,31,False,senior,2014
4313,Krzysztof,Stąpór,28,Wrocław,Marketing,9843,0,False,mid,2019
4314,Olgierd,Galon,49,Wrocław,Sales,18282,0,False,lead,2022
4315,Karina,Pera,58,Lublin,IT,17992,7,False,lead,2016
4316,Justyna,Borak,45,Białystok,Operations,6882,12,False,junior,2019
4317,Robert,Robaszkiewicz,55,Warszawa,Finance,9588,11,False,mid,2023
4318,Lidia,Praczyk,62,Poznań,Sales,7807,30,False,junior,2025
4319,Ignacy,Dydak,38,Rzeszów,Sales,10331,16,False,mid,2020
4320,Ida,Kostorz,63,Poznań,Finance,10917,35,False,mid,2025
4321,Aurelia,Gruchot,29,Katowice,Operations,8252,2,False,mid,2022
4322,Robert,Parada,38,Warszawa,Finance,10864,13,False,mid,2012
4323,Elżbieta,Franczuk,58,Gdańsk,IT,17653,26,False,lead,2016
4324,Tymon,Wochnik,62,Poznań,Sales,10411,4,True,junior,2014
4325,Marcelina,Majzner,54,Kraków,Operations,8703,30,False,mid,2011
4326,Łukasz,Komisarczyk,30,Rzeszów,HR,11965,4,False,senior,2015
4327,Miłosz,Moryc,57,Lublin,Sales,10308,10,False,mid,2013
4328,Jeremi,Sadlik,50,Warszawa,IT,9838,7,False,mid,2024
4329,Sandra,Smorąg,63,Kraków,Support,10025,29,False,mid,2018
4330,Maurycy,Wejman,65,Katowice,Sales,10775,28,False,mid,2025
4331,Aleks,Fyda,52,Warszawa,HR,15014,24,True,senior,2019
4332,Liwia,Luberda,35,Warszawa,IT,9813,4,False,mid,2012
4333,Igor,Jagiełka,43,Lublin,IT,10146,15,False,mid,2011
4334,Eryk,Obarzanek,61,Łódź,IT,11028,17,False,mid,2024
4335,Grzegorz,Dulemba,63,Warszawa,Sales,19161,22,False,lead,2013
4336,Patryk,Wardzała,48,Lublin,Finance,13633,17,True,mid,2020
4337,Leon,Jarmuż,42,Katowice,IT,10616,0,False,mid,2018
4338,Kazimierz,Kretowicz,28,Warszawa,HR,13928,0,False,senior,2025
4339,Jędrzej,Pudełek,38,Lublin,IT,9505,6,False,mid,2013
4340,Emil,Gmur,55,Lublin,Sales,9265,4,False,mid,2016
4341,Olgierd,Wawrzyczek,31,Wrocław,Support,5956,9,False,junior,2012
4342,Ewelina,Ryznar,28,Poznań,Operations,9513,0,False,mid,2022
4343,Maks,Wizner,25,Lublin,HR,12160,0,False,senior,2022
4344,Julian,Fikus,33,Kraków,HR,12166,4,False,senior,2010
4345,Sebastian,Sito,33,Kraków,HR,12194,1,False,senior,2014
4346,Ryszard,Kempka,64,Warszawa,Operations,12821,15,True,mid,2017
4347,Ada,Zugaj,64,Wrocław,Support,6094,18,False,junior,2018
4348,Cyprian,Parada,52,Łódź,Finance,6523,21,False,junior,2012
4349,Paweł,Lisak,25,Katowice,IT,10046,3,False,mid,2012
4350,Marcin,Rubin,38,Warszawa,IT,13937,2,False,senior,2025
4351,Borys,Stwora,43,Poznań,Support,5736,12,False,junior,2012
4352,Rafał,Jezior,55,Warszawa,Marketing,6673,21,False,junior,2010
4353,Melania,Jeszka,30,Białystok,Operations,12765,8,True,mid,2020
4354,Anna Maria,Preuss,57,Gdańsk,Marketing,10447,7,False,mid,2015
4355,Ewelina,Kamieniak,58,Warszawa,Operations,12697,3,False,senior,2012
4356,Bianka,Budrewicz,59,Warszawa,HR,9988,7,False,mid,2018
4357,Oliwier,Krzysztofek,54,Kraków,Marketing,7302,7,False,junior,2021
4358,Róża,Jarczyk,47,Gdańsk,HR,8816,18,False,mid,2014
4359,Oliwier,Żółkiewicz,22,Lublin,IT,13675,0,False,senior,2014
4360,Adrian,Gruchot,25,Wrocław,Support,13832,2,False,senior,2022
4361,Malwina,Żynda,47,Poznań,Marketing,8964,11,False,mid,2013
4362,Fabian,Frania,37,Łódź,Support,9405,12,False,mid,2019
4363,Olgierd,Gajzler,39,Rzeszów,IT,17965,3,False,lead,2010
4364,Sara,Nickel,28,Poznań,Operations,6471,0,False,junior,2022
4365,Gaja,Sznura,56,Kraków,IT,13550,10,False,senior,2014
4366,Cyprian,Jarczak,31,Białystok,Sales,12794,4,True,mid,2015
4367,Emil,Mirga,22,Białystok,Support,8350,0,False,mid,2017
4368,Ignacy,Olko,56,Warszawa,Finance,9773,27,False,mid,2014
4369,Hubert,Błasik,61,Gdańsk,Marketing,10392,12,False,mid,2025
4370,Julian,Sudak,62,Białystok,HR,13544,27,False,senior,2025
4371,Olaf,Gospodarek,30,Łódź,IT,6712,1,False,junior,2010
4372,Hubert,Szela,37,Lublin,Finance,13950,6,True,mid,2025
4373,Adrian,Gąbka,31,Katowice,IT,15270,4,False,senior,2021
4374,Kaja,Jakóbik,40,Katowice,Support,8549,2,False,mid,2015
4375,Kamil,Brańka,53,Rzeszów,Marketing,14456,27,False,senior,2020
4376,Kacper,Borkowicz,33,Warszawa,Sales,10894,3,False,mid,2016
4377,Karina,Siciarz,46,Łódź,IT,8749,20,False,junior,2023
4378,Kornelia,Kolbusz,55,Rzeszów,Support,8651,1,False,mid,2021
4379,Konrad,Dybaś,51,Warszawa,Sales,9763,24,False,mid,2012
4380,Filip,Ratka,27,Gdańsk,IT,13283,5,True,mid,2020
4381,Ida,Apanowicz,37,Łódź,HR,11513,9,False,senior,2025
4382,Stanisław,Gradek,52,Gdańsk,Support,7019,11,False,junior,2019
4383,Ignacy,Matejczuk,64,Katowice,Finance,10368,36,False,mid,2022
4384,Aleksander,Ciepłuch,54,Wrocław,Marketing,12247,26,False,senior,2020
4385,Emil,Hawrylak,59,Katowice,HR,5970,22,False,junior,2018
4386,Mateusz,Dynak,32,Gdańsk,HR,16273,2,False,lead,2011
4387,Patryk,Derek,42,Kraków,Sales,7251,19,False,junior,2013
4388,Marcel,Stuglik,28,Poznań,HR,9256,0,False,mid,2017
4389,Gabriel,Kulon,47,Gdańsk,Support,7824,24,False,mid,2018
4390,Ksawery,Kurach,26,Lublin,Support,5768,3,False,junior,2014
4391,Nataniel,Wojtyna,48,Poznań,Operations,8161,22,False,mid,2016
4392,Tomasz,Kujawiak,65,Lublin,IT,8307,11,False,junior,2012
4393,Konstanty,Siarkiewicz,55,Lublin,Marketing,9511,14,False,mid,2014
4394,Nataniel,Rząd,29,Wrocław,HR,16500,1,False,lead,2025
4395,Miłosz,Niewola,35,Gdańsk,Support,5130,1,False,junior,2010
4396,Nela,Reichel,56,Rzeszów,IT,10869,32,False,mid,2018
4397,Tadeusz,Wiertel,65,Lublin,Sales,5876,1,False,junior,2017
4398,Nicole,Gajdzik,48,Wrocław,IT,12682,9,True,mid,2014
4399,Oskar,Niesporek,26,Warszawa,HR,6333,4,False,junior,2011
4400,Elżbieta,Fabiańczyk,30,Wrocław,Finance,7682,8,False,junior,2024
4401,Bartek,Czopik,63,Katowice,HR,6458,40,False,junior,2010
4402,Przemysław,Kajak,35,Warszawa,IT,8529,10,False,junior,2018
4403,Eryk,Ziętal,35,Kraków,IT,6771,11,False,junior,2011
4404,Alan,Kuszyk,23,Warszawa,IT,14316,1,False,senior,2013
4405,Julita,Bitner,37,Rzeszów,Finance,8693,10,False,mid,2025
4406,Oskar,Połom,31,Gdańsk,Finance,10401,2,False,mid,2014
4407,Dorota,Kozień,64,Katowice,IT,11957,5,False,mid,2025
4408,Lidia,Rubaj,57,Poznań,Finance,8760,29,False,mid,2016
4409,Julianna,Pawlukiewicz,54,Warszawa,Operations,8344,30,False,mid,2017
4410,Monika,Plizga,61,Katowice,IT,10420,29,False,mid,2011
4411,Dominik,Wawszczyk,39,Kraków,HR,6588,11,False,junior,2012
4412,Maks,Kubasiak,63,Kraków,IT,13625,29,False,senior,2025
4413,Kaja,Okraska,59,Łódź,IT,13938,25,False,senior,2021
4414,Ida,Mądrzak,53,Gdańsk,Support,12909,20,True,mid,2020
4415,Kalina,Staniaszek,37,Warszawa,Support,14161,12,False,senior,2016
4416,Jędrzej,Topa,37,Łódź,HR,12181,5,True,mid,2017
4417,Roksana,Fiedler,55,Białystok,IT,15417,20,False,senior,2012
4418,Angelika,Nabiałek,44,Łódź,IT,10918,6,False,mid,2021
4419,Anastazja,Maciejczuk,65,Kraków,IT,10656,41,False,mid,2011
4420,Olgierd,Osojca,50,Poznań,Sales,18716,24,False,lead,2015
4421,Stefan,Majdan,63,Katowice,Marketing,19358,8,True,lead,2024
4422,Maciej,Malarczyk,30,Warszawa,Marketing,16478,0,False,lead,2013
4423,Arkadiusz,Galek,33,Łódź,Finance,8563,4,False,mid,2018
4424,Oliwier,Siwczak,28,Rzeszów,Sales,17135,0,False,lead,2023
4425,Ryszard,Krzykała,38,Wrocław,Marketing,7238,8,False,junior,2011
4426,Fabian,Grabas,38,Warszawa,IT,14397,13,True,mid,2024
4427,Sara,Twardosz,22,Kraków,Operations,6203,0,False,junior,2017
4428,Bianka,Ernst,23,Kraków,Finance,7671,1,False,junior,2025
4429,Aleks,Nesterowicz,64,Katowice,IT,9733,16,False,mid,2018
4430,Marianna,Walus,36,Katowice,Finance,18548,8,False,lead,2014
4431,Krzysztof,Cogiel,38,Warszawa,Finance,14660,12,False,senior,2013
4432,Lidia,Stachewicz,28,Warszawa,Finance,6503,5,False,junior,2014
4433,Leonard,Filus,37,Białystok,Marketing,12596,2,False,senior,2013
4434,Bartek,Maziarczyk,32,Warszawa,Operations,12006,7,True,mid,2018
4435,Marika,Kudra,37,Łódź,IT,8421,14,False,junior,2019
4436,Paweł,Pioch,23,Warszawa,IT,7134,1,False,junior,2016
4437,Monika,Damek,29,Kraków,Sales,15910,1,True,senior,2014
4438,Karol,Murach,23,Warszawa,Marketing,6035,1,False,junior,2011
4439,Julian,Gryszkiewicz,24,Warszawa,Support,12371,1,False,senior,2023
4440,Blanka,Kryza,50,Kraków,Marketing,18495,20,False,lead,2018
4441,Tola,Grab,64,Wrocław,IT,10780,8,False,mid,2019
4442,Alan,Bobak,39,Łódź,Sales,10149,4,False,mid,2020
4443,Dariusz,Sajewicz,35,Rzeszów,HR,13144,7,False,senior,2014
4444,Natan,Gortat,63,Poznań,HR,8773,39,False,mid,2011
4445,Gaja,Broniek,33,Kraków,Finance,6924,3,False,junior,2011
4446,Olga,Fraś,35,Gdańsk,Operations,14121,10,False,senior,2010
4447,Jerzy,Wosiak,43,Poznań,IT,19582,0,False,lead,2012
4448,Kaja,Wabik,59,Wrocław,Operations,12538,28,False,senior,2021
4449,Sonia,Widłak,33,Poznań,Sales,13920,4,False,senior,2022
4450,Elżbieta,Siebert,38,Wrocław,Operations,8035,7,True,junior,2022
4451,Jeremi,Gołota,58,Białystok,Finance,13015,34,False,senior,2024
4452,Blanka,Flieger,45,Poznań,Sales,15103,11,False,senior,2021
4453,Lidia,Węgier,63,Wrocław,Sales,8890,18,False,mid,2018
4454,Olga,Nowotka,23,Wrocław,Operations,5811,1,False,junior,2023
4455,Apolonia,Kość,24,Warszawa,Operations,12911,0,False,senior,2014
4456,Tymon,Wojtiuk,62,Wrocław,IT,10976,16,False,mid,2013
4457,Agnieszka,Budner,52,Łódź,Operations,6522,9,False,junior,2011
4458,Marcel,Roczniak,63,Rzeszów,Operations,14447,14,False,senior,2018
4459,Marika,Klinger,39,Gdańsk,IT,11250,4,False,mid,2012
4460,Jerzy,Piksa,53,Łódź,HR,9976,16,False,mid,2021
4461,Łukasz,Madejczyk,61,Łódź,Operations,12790,22,False,senior,2013
4462,Oskar,Meissner,53,Lublin,Operations,8436,18,False,mid,2017
4463,Mikołaj,Brodawka,30,Kraków,IT,18354,2,False,lead,2022
4464,Krzysztof,Krakowczyk,64,Warszawa,Finance,8624,8,False,mid,2018
4465,Szymon,Komsta,24,Wrocław,Marketing,15869,1,True,senior,2022
4466,Fryderyk,Adrian,36,Warszawa,IT,10056,8,True,junior,2014
4467,Arkadiusz,Fijak,56,Katowice,HR,6907,10,False,junior,2021
4468,Emil,Dankiewicz,32,Rzeszów,Finance,18220,8,False,lead,2025
4469,Patryk,Trojanowicz,52,Warszawa,IT,7388,25,False,junior,2017
4470,Igor,Węgrzyk,62,Katowice,Marketing,6084,29,False,junior,2023
4471,Angelika,Biesaga,59,Rzeszów,IT,11053,11,True,junior,2010
4472,Anastazja,Suchojad,53,Warszawa,IT,14529,28,False,senior,2022
4473,Roksana,Bazydło,58,Białystok,HR,15779,24,False,lead,2021
4474,Gustaw,Maligłówka,44,Rzeszów,Finance,10825,15,True,junior,2016
4475,Sonia,Glenc,26,Warszawa,Operations,8211,4,False,mid,2025
4476,Dorota,Piejko,61,Poznań,Operations,12431,13,False,senior,2014
4477,Rozalia,Kaszkowiak,61,Białystok,HR,19775,30,True,lead,2020
4478,Rozalia,Podleśna,25,Wrocław,Support,7809,1,False,mid,2014
4479,Kacper,Szoka,48,Warszawa,IT,13612,17,False,senior,2025
4480,Filip,Jarkiewicz,27,Warszawa,Sales,17943,1,False,lead,2021
4481,Ignacy,Duczek,33,Gdańsk,HR,7654,3,False,mid,2014
4482,Aniela,Sura,37,Kraków,Sales,7913,6,False,junior,2024
4483,Albert,Bartuś,44,Wrocław,Sales,9605,3,False,mid,2010
4484,Róża,Kochanowicz,57,Katowice,Operations,9159,33,False,mid,2012
4485,Filip,Aleksandrzak,51,Rzeszów,Marketing,6105,10,False,junior,2010
4486,Dagmara,Galos,25,Poznań,Sales,10784,3,False,mid,2020
4487,Emil,Piekart,43,Rzeszów,IT,9897,21,False,mid,2019
4488,Leon,Steckiewicz,43,Lublin,Finance,7100,1,False,junior,2023
4489,Kornelia,Hulbój,61,Warszawa,IT,10889,18,False,mid,2013
4490,Fabian,Kajak,56,Łódź,IT,7425,7,False,junior,2018
4491,Tobiasz,Fudalej,64,Łódź,Marketing,16798,20,False,lead,2013
4492,Kamil,Iskierka,53,Warszawa,HR,6851,24,False,junior,2019
4493,Marika,Czerkies,28,Białystok,Marketing,14039,3,False,senior,2018
4494,Bianka,Trawka,24,Łódź,Marketing,10508,1,False,mid,2021
4495,Rozalia,Kukawka,56,Gdańsk,Support,12319,20,True,mid,2023
4496,Natasza,Wawrzkiewicz,51,Wrocław,Support,5667,20,False,junior,2024
4497,Melania,Warzybok,56,Poznań,IT,8855,20,False,junior,2016
4498,Damian,Lelito,29,Wrocław,Marketing,12803,6,False,senior,2018
4499,Adam,Maćczak,37,Kraków,IT,14913,14,True,mid,2016
4500,Błażej,Kuza,46,Poznań,Finance,7875,11,False,junior,2015
4501,Tola,Malcherek,49,Warszawa,IT,18403,22,False,lead,2015
4502,Maks,Obarzanek,52,Kraków,Sales,7394,30,False,junior,2025
4503,Ryszard,Filek,33,Kraków,IT,8375,1,False,junior,2021
4504,Stanisław,Zimoń,59,Warszawa,HR,9090,7,False,mid,2022
4505,Tola,Hermanowicz,23,Katowice,Operations,9366,0,False,mid,2025
4506,Hubert,Grotek,56,Gdańsk,Marketing,9028,13,False,mid,2018
4507,Dariusz,Ryndak,26,Wrocław,Marketing,14311,1,False,senior,2020
4508,Janina,Łuszczak,49,Kraków,Operations,17817,23,False,lead,2024
4509,Cyprian,Zapadka,23,Wrocław,IT,15045,1,False,senior,2013
4510,Patryk,Welc,39,Wrocław,Support,7121,7,False,junior,2012
4511,Mieszko,Komisarczyk,64,Białystok,HR,17292,31,False,lead,2012
4512,Klara,Zmarzły,64,Białystok,IT,15377,40,False,senior,2023
4513,Adam,Stąpor,33,Białystok,Marketing,16225,1,False,lead,2020
4514,Andrzej,Powązka,38,Wrocław,IT,15708,11,False,senior,2025
4515,Marek,Skolik,41,Poznań,Finance,5760,2,False,junior,2018
4516,Fabian,Dyja,28,Poznań,Sales,13857,5,False,senior,2015
4517,Karol,Sudak,27,Warszawa,IT,8646,5,False,junior,2015
4518,Wiktor,Ścieszka,29,Warszawa,Finance,9366,5,False,mid,2014
4519,Norbert,Ochal,64,Kraków,Sales,7238,0,False,junior,2023
4520,Natan,Kapral,51,Warszawa,Operations,12452,29,False,senior,2024
4521,Michał,Lamch,63,Kraków,Finance,9444,24,False,mid,2012
4522,Arkadiusz,Grądziel,28,Katowice,Finance,10513,3,False,mid,2024
4523,Róża,Suchenek,47,Łódź,Finance,14468,11,False,senior,2022
4524,Kaja,Sykała,24,Warszawa,Marketing,8772,2,False,mid,2023
4525,Ida,Picheta,41,Białystok,IT,14677,10,False,senior,2025
4526,Cezary,Sidorczuk,55,Poznań,Support,8925,8,False,mid,2018
4527,Natasza,Drynda,31,Warszawa,Marketing,5366,2,False,junior,2023
4528,Michał,Januchta,60,Poznań,Operations,10155,10,False,mid,2023
4529,Albert,Wojewodzic,65,Wrocław,Sales,7568,17,False,junior,2016
4530,Tobiasz,Konstanty,59,Katowice,IT,7294,2,False,junior,2012
4531,Anita,Rodzeń,56,Lublin,IT,17823,12,False,lead,2013
4532,Marika,Dmoch,29,Wrocław,HR,8905,4,False,mid,2025
4533,Gabriel,Fechner,42,Kraków,IT,7907,11,False,junior,2012
4534,Sonia,Dudczak,39,Wrocław,HR,9643,6,False,mid,2016
4535,Natan,Płoskonka,42,Rzeszów,Operations,18054,2,False,lead,2024
4536,Radosław,Penkala,27,Kraków,Finance,7269,5,False,junior,2017
4537,Justyna,Danisz,64,Poznań,Operations,14200,13,False,senior,2023
4538,Sonia,Kasiak,64,Łódź,Support,6285,16,False,junior,2011
4539,Igor,Łokietek,29,Białystok,Finance,14239,1,False,senior,2019
4540,Julita,Połom,62,Rzeszów,Sales,10998,30,False,mid,2019
4541,Stefan,Bobrowicz,30,Wrocław,IT,11374,6,False,mid,2016
4542,Franciszek,Pielka,49,Lublin,Operations,11016,15,True,mid,2014
4543,Anita,Rezmer,63,Gdańsk,IT,14781,31,False,senior,2014
4544,Artur,Siatka,22,Łódź,IT,10008,0,False,mid,2021
4545,Tomasz,Krywult,62,Gdańsk,Operations,9567,4,False,mid,2015
4546,Elżbieta,Grzelczyk,41,Warszawa,IT,11240,8,False,mid,2023
4547,Tola,Wieczerzak,35,Gdańsk,Support,13837,10,False,senior,2014
4548,Jeremi,Rohde,40,Wrocław,HR,11874,6,False,senior,2018
4549,Nicole,Kara,22,Poznań,HR,6658,0,False,junior,2019
4550,Liwia,Buchalik,26,Warszawa,Operations,12776,2,False,senior,2021
4551,Marianna,Szela,25,Warszawa,Support,5710,3,False,junior,2015
4552,Mieszko,Dyjach,54,Gdańsk,Operations,13907,3,False,senior,2010
4553,Igor,Narożna,30,Kraków,Operations,8049,4,True,junior,2024
4554,Emil,Andrejczuk,52,Warszawa,Marketing,9189,3,False,mid,2014
4555,Radosław,Orwat,53,Warszawa,Finance,10305,30,False,mid,2022
4556,Rozalia,Madzia,26,Wrocław,Support,5969,3,False,junior,2013
4557,Ksawery,Kazior,40,Warszawa,Finance,17890,14,False,lead,2017
4558,Blanka,Gubernat,59,Gdańsk,Operations,12734,13,False,senior,2024
4559,Ida,Groń,25,Kraków,Support,19743,1,True,lead,2017
4560,Krystyna,Jagieło,62,Wrocław,Sales,11010,15,False,mid,2020
4561,Kacper,Siewiera,54,Lublin,Sales,15114,11,False,senior,2012
4562,Eliza,Gotfryd,30,Białystok,Marketing,10008,0,True,junior,2021
4563,Daniel,Wiertelak,60,Katowice,HR,7858,15,False,mid,2019
4564,Sonia,Matusewicz,33,Warszawa,Support,12426,1,False,senior,2011
4565,Roksana,Kryszkiewicz,47,Kraków,IT,17630,20,True,senior,2018
4566,Ewelina,Krzeszowiec,34,Warszawa,HR,5156,6,False,junior,2023
4567,Justyna,Matwiejczyk,59,Warszawa,Marketing,5230,5,False,junior,2011
4568,Stanisław,Dzidek,51,Białystok,Support,6748,20,False,junior,2017
4569,Ksawery,Kukuczka,42,Warszawa,Sales,10626,5,False,mid,2020
4570,Marcelina,Radzewicz,64,Gdańsk,IT,8024,30,False,junior,2016
4571,Tadeusz,Krysik,24,Warszawa,IT,7075,0,False,junior,2020
4572,Radosław,Broniek,54,Poznań,Finance,10148,27,False,mid,2021
4573,Justyna,Siudek,57,Warszawa,Marketing,5313,26,False,junior,2017
4574,Alex,Kuster,40,Gdańsk,IT,15050,8,False,senior,2021
4575,Wiktor,Wojtaszak,63,Poznań,Support,13068,26,False,senior,2019
4576,Gabriel,Preuss,48,Warszawa,HR,4778,23,False,junior,2021
4577,Klara,Łyjak,28,Rzeszów,Finance,13970,6,False,senior,2021
4578,Stefan,Zięciak,59,Wrocław,IT,10436,26,False,mid,2017
4579,Miłosz,Wiaderek,50,Warszawa,Operations,10112,23,False,mid,2018
4580,Marek,Kacperek,62,Gdańsk,IT,7835,8,False,junior,2012
4581,Tadeusz,Herda,38,Białystok,Sales,9610,10,False,mid,2024
4582,Krystian,Wojtyś,63,Wrocław,IT,10089,8,True,junior,2023
4583,Antoni,Ambrożewicz,41,Gdańsk,Sales,6703,6,False,junior,2025
4584,Fabian,Franas,31,Warszawa,IT,10981,2,False,mid,2014
4585,Ada,Kmak,41,Warszawa,Sales,13051,6,True,mid,2022
4586,Justyna,Midura,30,Wrocław,Finance,7923,8,False,junior,2020
4587,Piotr,Bazydło,34,Poznań,Sales,7004,9,False,junior,2025
4588,Damian,Wakuła,47,Warszawa,Support,8338,14,False,mid,2019
4589,Łukasz,Wojtyna,41,Wrocław,Sales,9709,12,False,mid,2023
4590,Robert,Garbacik,65,Gdańsk,HR,9570,0,False,mid,2015
4591,Konstanty,Machul,65,Warszawa,HR,16868,22,False,lead,2023
4592,Krystyna,Balas,32,Warszawa,Finance,9099,9,False,mid,2016
4593,Maciej,Piechna,31,Lublin,Sales,10045,5,False,mid,2023
4594,Ada,Derek,56,Warszawa,Marketing,8988,10,False,mid,2017
4595,Michał,Stypuła,38,Rzeszów,Finance,16947,8,True,senior,2013
4596,Karol,Górkiewicz,41,Wrocław,Sales,14902,19,False,senior,2022
4597,Radosław,Maślach,32,Wrocław,Marketing,14337,8,False,senior,2025
4598,Wiktor,Czylok,61,Kraków,Operations,5077,10,False,junior,2017
4599,Kalina,Kubieniec,65,Gdańsk,IT,10827,41,False,mid,2023
4600,Dariusz,Pachnik,27,Kraków,Operations,8933,1,False,mid,2017
4601,Tomasz,Marach,28,Warszawa,Finance,6597,4,False,junior,2025
4602,Sebastian,Pastucha,48,Warszawa,Operations,7023,18,False,junior,2025
4603,Kamil,Zasępa,60,Gdańsk,Operations,11646,15,True,mid,2015
4604,Nela,Pizoń,23,Warszawa,Marketing,8224,0,False,mid,2014
4605,Angelika,Leszczak,37,Warszawa,Support,9317,3,False,mid,2016
4606,Elżbieta,Berek,65,Warszawa,Sales,10786,4,True,junior,2011
4607,Anna Maria,Wiszowata,33,Gdańsk,Finance,5960,3,False,junior,2015
4608,Sonia,Piekart,61,Białystok,Support,12569,22,True,mid,2025
4609,Tomasz,Lemke,62,Gdańsk,Marketing,11223,20,True,mid,2013
4610,Marcel,Pindral,63,Katowice,IT,10903,37,False,mid,2016
4611,Jędrzej,Chudoba,33,Poznań,HR,13590,4,False,senior,2025
4612,Janina,Wojtarowicz,29,Kraków,Marketing,16672,5,False,lead,2013
4613,Tobiasz,Ludwisiak,51,Łódź,Sales,10776,20,True,junior,2014
4614,Marek,Twardy,56,Lublin,IT,19628,11,False,lead,2010
4615,Przemysław,Klama,56,Łódź,Sales,6639,12,False,junior,2015
4616,Dominik,Przewoźna,29,Warszawa,Finance,9379,6,False,mid,2015
4617,Bruno,Parda,38,Warszawa,Marketing,10046,2,False,mid,2022
4618,Monika,Ziarnik,32,Lublin,Operations,8457,5,True,junior,2013
4619,Juliusz,Deneka,49,Łódź,IT,10381,14,False,mid,2015
4620,Julianna,Wołczyk,46,Warszawa,Marketing,10270,15,False,mid,2013
4621,Marika,Oleksak,29,Poznań,Operations,16555,6,False,lead,2010
4622,Mariusz,Kidawa,33,Warszawa,Finance,6193,5,False,junior,2023
4623,Kamil,Januchta,50,Warszawa,IT,13842,7,False,senior,2025
4624,Inga,Sojda,65,Lublin,HR,5978,21,False,junior,2016
4625,Lidia,Pietrusiewicz,26,Katowice,IT,11332,4,False,mid,2020
4626,Witold,Grunt,42,Poznań,IT,11504,0,False,mid,2024
4627,Tymon,Sip,25,Poznań,Finance,12702,1,False,senior,2010
4628,Lidia,Kajak,57,Łódź,Finance,16665,14,False,lead,2020
4629,Leonard,Urynowicz,54,Łódź,IT,10169,14,False,mid,2024
4630,Norbert,Tylek,32,Rzeszów,IT,11746,7,False,mid,2015
4631,Filip,Stempel,58,Łódź,Support,6178,1,False,junior,2013
4632,Mikołaj,Jakóbik,27,Warszawa,IT,8070,1,False,junior,2010
4633,Tadeusz,Matejczuk,26,Wrocław,IT,13789,4,True,mid,2012
4634,Bianka,Szajek,26,Lublin,Operations,8318,3,False,mid,2012
4635,Fabian,Luberda,51,Kraków,Finance,10301,1,False,mid,2023
4636,Olgierd,Kadela,54,Gdańsk,IT,18542,25,False,lead,2011
4637,Marcel,Droździel,50,Warszawa,Sales,9128,23,False,mid,2017
4638,Marek,Złotek,56,Warszawa,IT,7623,33,False,junior,2020
4639,Sara,Wota,48,Wrocław,Finance,14893,15,False,senior,2020
4640,Mateusz,Gros,30,Katowice,IT,13127,4,True,mid,2013
4641,Juliusz,Kij,50,Warszawa,Operations,9911,13,False,mid,2011
4642,Tomasz,Labocha,30,Poznań,HR,8442,2,False,mid,2019
4643,Marek,Macioł,50,Wrocław,Marketing,12976,16,False,senior,2014
4644,Nikodem,Malecha,25,Gdańsk,IT,11810,2,False,mid,2025
4645,Miłosz,Groborz,37,Poznań,Support,14189,11,False,senior,2016
4646,Alex,Dej,35,Łódź,Operations,12669,10,False,senior,2018
4647,Kalina,Graboń,23,Wrocław,Finance,10664,0,False,mid,2019
4648,Filip,Buszka,46,Kraków,Marketing,10482,9,False,mid,2017
4649,Maksymilian,Zawalich,42,Kraków,Marketing,14465,12,False,senior,2023
4650,Marika,Żółtek,64,Katowice,IT,10424,29,False,mid,2017
4651,Klara,Świergiel,41,Gdańsk,IT,22237,0,True,lead,2016
4652,Józef,Leżoń,37,Warszawa,Marketing,13733,8,False,senior,2022
4653,Kaja,Wacławiak,34,Rzeszów,IT,14367,4,False,senior,2022
4654,Oskar,Pal,32,Warszawa,IT,9631,8,False,mid,2019
4655,Miłosz,Nawój,39,Katowice,IT,10755,8,False,mid,2016
4656,Robert,Majsterek,39,Warszawa,IT,19858,9,False,lead,2018
4657,Wiktor,Szalast,40,Gdańsk,IT,11770,18,False,mid,2019
4658,Sandra,Smela,33,Wrocław,Sales,13105,10,False,senior,2015
4659,Krystyna,Piechura,61,Białystok,HR,7000,7,False,junior,2015
4660,Arkadiusz,Groń,38,Gdańsk,Operations,5710,12,False,junior,2018
4661,Antoni,Roda,50,Warszawa,Support,6730,23,False,junior,2021
4662,Mikołaj,Toma,63,Wrocław,Operations,16294,36,True,senior,2013
4663,Daniel,Rosada,38,Łódź,Operations,17138,11,False,lead,2025
4664,Sara,Miąsko,58,Białystok,IT,19784,11,False,lead,2015
4665,Łukasz,Hojka,38,Rzeszów,IT,14074,10,False,senior,2018
4666,Blanka,Pagacz,47,Kraków,Sales,18372,9,False,lead,2015
4667,Norbert,Górkiewicz,41,Rzeszów,Sales,14502,6,False,senior,2010
4668,Aurelia,Malarczyk,49,Gdańsk,IT,18936,13,True,senior,2023
4669,Kamil,Boruc,37,Gdańsk,Operations,16261,14,False,lead,2025
4670,Witold,Kusik,60,Warszawa,IT,11293,2,False,mid,2012
4671,Adrian,Kopiczko,44,Warszawa,IT,10282,18,True,junior,2012
4672,Gaja,Rychcik,48,Kraków,IT,8468,1,False,junior,2015
4673,Klara,Droś,57,Rzeszów,Operations,8547,34,False,mid,2013
4674,Alex,Dulas,33,Lublin,HR,9744,0,False,mid,2019
4675,Malwina,Fiutak,31,Wrocław,Finance,7976,5,False,junior,2024
4676,Łukasz,Porwoł,54,Białystok,Sales,6939,16,False,junior,2018
4677,Tymoteusz,Bugno,30,Gdańsk,IT,10510,4,False,mid,2023
4678,Tola,Pudełek,26,Warszawa,Marketing,10653,2,False,mid,2018
4679,Arkadiusz,Tyczka,51,Łódź,IT,11506,10,False,mid,2015
4680,Ryszard,Augustynek,59,Kraków,Sales,8260,14,False,junior,2016
4681,Karol,Kazior,46,Poznań,Marketing,12711,14,True,mid,2016
4682,Leonard,Tutka,60,Poznań,HR,12441,17,False,senior,2011
4683,Kamila,Westfal,37,Wrocław,IT,18956,10,False,lead,2023
4684,Albert,Cofała,61,Warszawa,Sales,10058,24,False,mid,2024
4685,Anita,Dzierwa,47,Kraków,IT,17733,0,False,lead,2012
4686,Michał,Matulewicz,54,Warszawa,IT,7670,18,False,junior,2013
4687,Dagmara,Dziewior,55,Warszawa,HR,11749,1,False,senior,2021
4688,Olaf,Stojak,60,Wrocław,HR,8500,14,False,mid,2025
4689,Marcelina,Bicz,51,Gdańsk,IT,15209,24,False,senior,2021
4690,Błażej,Solich,42,Poznań,Operations,13444,14,False,senior,2014
4691,Alan,Zieja,43,Białystok,Support,5889,2,False,junior,2023
4692,Blanka,Prygiel,51,Gdańsk,IT,10829,25,False,mid,2015
4693,Marianna,Kapałka,32,Gdańsk,IT,11253,7,False,mid,2020
4694,Robert,Litwiniuk,32,Wrocław,HR,13809,3,False,senior,2011
4695,Dawid,Łabno,31,Łódź,HR,14503,0,True,senior,2011
4696,Alan,Basak,57,Kraków,Marketing,13358,16,False,senior,2014
4697,Ignacy,Romańczyk,48,Poznań,HR,13725,18,False,senior,2020
4698,Anna Maria,Nazarewicz,26,Gdańsk,Sales,10166,1,False,mid,2015
4699,Agnieszka,Fularczyk,61,Kraków,Marketing,8289,18,False,mid,2018
4700,Anastazja,Szynkiewicz,25,Wrocław,IT,8169,2,False,junior,2012
4701,Artur,Feliniak,26,Poznań,IT,10235,4,False,mid,2022
4702,Gabriel,Ciuła,44,Warszawa,IT,14674,19,False,senior,2013
4703,Cezary,Nowrot,61,Katowice,Operations,12004,4,True,mid,2016
4704,Anastazja,Nogieć,65,Lublin,HR,8734,14,True,junior,2017
4705,Adrian,Raźniak,48,Wrocław,Marketing,14677,20,False,senior,2016
4706,Gabriel,Kożuszek,27,Poznań,IT,9773,1,False,mid,2011
4707,Przemysław,Rozynek,59,Poznań,Support,17742,15,False,lead,2024
4708,Ryszard,Hajdasz,51,Wrocław,Marketing,6474,14,False,junior,2021
4709,Rafał,Szram,44,Lublin,IT,11565,9,False,mid,2013
4710,Grzegorz,Stasica,61,Łódź,IT,13954,21,False,senior,2013
4711,Tymon,Mirga,25,Warszawa,HR,7701,1,False,mid,2014
4712,Aleks,Owczarczak,34,Łódź,Operations,5286,11,False,junior,2019
4713,Marek,Senger,63,Katowice,IT,14042,33,True,mid,2018
4714,Aniela,Bilewicz,23,Katowice,IT,6934,1,False,junior,2020
4715,Leonard,Sadowy,62,Kraków,Operations,12643,7,False,senior,2013
4716,Róża,Szczudło,48,Kraków,Support,9556,9,False,mid,2024
4717,Mateusz,Bracha,37,Kraków,Finance,7457,1,False,junior,2015
4718,Łukasz,Sierżant,44,Warszawa,Marketing,9679,5,False,mid,2016
4719,Kazimierz,Małyszka,51,Warszawa,Sales,14973,14,False,senior,2012
4720,Ewa,Jaje,59,Kraków,Sales,18373,37,False,lead,2020
4721,Bruno,Frukacz,61,Łódź,Sales,7412,37,False,junior,2019
4722,Ernest,Ciastek,41,Kraków,IT,6623,13,False,junior,2018
4723,Kaja,Lipok,26,Lublin,Support,6855,2,False,junior,2022
4724,Gaja,Cybul,53,Poznań,IT,14908,23,True,mid,2025
4725,Wojciech,Ciesielczyk,53,Warszawa,Marketing,12378,22,False,senior,2017
4726,Dagmara,Rycerz,49,Gdańsk,HR,8025,15,True,junior,2010
4727,Mikołaj,Gołoś,25,Wrocław,Support,12728,2,True,mid,2017
4728,Marek,Gilewicz,39,Kraków,Finance,6720,13,False,junior,2010
4729,Maks,Golczyk,53,Katowice,Finance,14471,8,False,senior,2020
4730,Aleksander,Kusa,33,Łódź,Marketing,9024,7,False,mid,2014
4731,Iwo,Jonik,57,Białystok,HR,11954,25,True,mid,2011
4732,Fryderyk,Ficner,49,Poznań,HR,7949,12,False,mid,2020
4733,Ewa,Tomaszuk,45,Warszawa,Finance,10884,13,False,mid,2019
4734,Leonard,Tyka,24,Białystok,IT,6557,2,False,junior,2020
4735,Melania,Saternus,58,Łódź,IT,10397,23,False,mid,2016
4736,Elżbieta,Filus,59,Warszawa,IT,9805,21,False,mid,2014
4737,Robert,Kapral,45,Warszawa,IT,11259,12,False,mid,2024
4738,Nela,Sobków,41,Łódź,Finance,13745,17,False,senior,2025
4739,Natan,Nazarko,58,Rzeszów,Marketing,12940,32,True,mid,2017
4740,Roksana,Broś,25,Gdańsk,HR,6837,2,False,junior,2015
4741,Dawid,Sularz,33,Łódź,Finance,12517,5,False,senior,2013
4742,Liwia,Orwat,30,Gdańsk,Marketing,10198,7,True,junior,2022
4743,Julian,Skowyra,35,Warszawa,Operations,12998,1,False,senior,2024
4744,Oliwier,Madzia,65,Poznań,Marketing,6790,41,False,junior,2010
4745,Aleksander,Radko,48,Warszawa,Finance,7426,25,False,junior,2016
4746,Sonia,Misiurek,63,Wrocław,Sales,11290,22,False,mid,2019
4747,Konstanty,Nitek,26,Lublin,Operations,12889,0,False,senior,2015
4748,Olgierd,Jas,52,Katowice,HR,6320,6,False,junior,2019
4749,Ryszard,Wacławiak,46,Kraków,Marketing,13598,6,False,senior,2023
4750,Błażej,Prawdzik,27,Łódź,IT,11712,0,False,mid,2010
4751,Błażej,Kacperczyk,65,Łódź,Marketing,13891,27,False,senior,2014
4752,Jędrzej,Gnyp,64,Warszawa,Sales,9062,4,False,mid,2013
4753,Leon,Piotrowiak,28,Poznań,IT,19969,5,False,lead,2010
4754,Marika,Zackiewicz,35,Wrocław,IT,10744,10,False,mid,2025
4755,Krystian,Wiraszka,33,Kraków,Finance,7881,8,False,junior,2018
4756,Monika,Lizoń,43,Rzeszów,Sales,9508,0,True,junior,2018
4757,Rafał,Dukat,23,Warszawa,Sales,9240,0,False,mid,2016
4758,Mikołaj,Morcinek,31,Warszawa,Marketing,13551,4,False,senior,2023
4759,Grzegorz,Michalczak,50,Gdańsk,IT,7522,26,False,junior,2011
4760,Natasza,Szykuła,45,Poznań,Finance,13130,12,True,mid,2020
4761,Miłosz,Zegadło,31,Gdańsk,Operations,14050,4,False,senior,2021
4762,Roksana,Walusiak,32,Kraków,Sales,16816,9,False,lead,2012
4763,Oliwier,Baś,42,Poznań,Sales,6165,3,False,junior,2017
4764,Anastazja,Drop,47,Lublin,Finance,6063,23,False,junior,2015
4765,Sara,Dyszy,30,Gdańsk,HR,6808,6,False,junior,2010
4766,Melania,Hewelt,30,Kraków,Operations,9048,4,False,mid,2020
4767,Róża,Pupek,51,Rzeszów,Operations,15973,15,True,senior,2023
4768,Kamil,Prystupa,43,Katowice,Support,10086,20,False,mid,2012
4769,Tymon,Topa,45,Wrocław,Finance,9353,19,False,mid,2021
4770,Nataniel,Trzos,59,Warszawa,IT,9856,12,False,mid,2014
4771,Gabriel,Borak,62,Wrocław,Sales,6741,29,False,junior,2023
4772,Ryszard,Jagieło,24,Poznań,Support,7702,2,False,mid,2014
4773,Alan,Bittner,23,Łódź,Sales,17073,0,False,lead,2015
4774,Apolonia,Labocha,22,Poznań,Support,7771,0,False,mid,2016
4775,Jeremi,Tórz,63,Katowice,Sales,7337,28,False,junior,2021
4776,Janina,Glaza,48,Gdańsk,Sales,7223,15,False,junior,2022
4777,Janina,Bosek,64,Kraków,Operations,9671,20,False,mid,2025
4778,Anna Maria,Łabaj,52,Wrocław,Finance,8810,1,False,mid,2022
4779,Anita,Jagieło,38,Katowice,HR,9751,0,False,mid,2025
4780,Urszula,Fiedorczuk,37,Poznań,Sales,13038,1,False,senior,2015
4781,Witold,Ulrych,43,Warszawa,Sales,18518,6,False,lead,2014
4782,Sonia,Tabak,42,Katowice,Operations,18308,8,False,lead,2020
4783,Patryk,Więcławek,55,Lublin,Operations,9292,3,False,mid,2024
4784,Kornel,Para,22,Białystok,Marketing,5343,0,False,junior,2024
4785,Ryszard,Dzikiewicz,35,Kraków,Finance,9449,8,False,mid,2019
4786,Marcel,Nieszporek,53,Wrocław,Sales,5932,18,False,junior,2018
4787,Mariusz,Sypień,28,Poznań,Support,4977,1,False,junior,2017
4788,Dominik,Grotek,31,Warszawa,HR,6718,1,False,junior,2018
4789,Kazimierz,Kusek,63,Warszawa,IT,9671,11,False,mid,2016
4790,Antoni,Sacharczuk,44,Katowice,Sales,11165,19,False,mid,2019
4791,Róża,Bela,26,Wrocław,Sales,8948,1,False,mid,2017
4792,Malwina,Karnas,30,Łódź,Marketing,9794,3,False,mid,2023
4793,Cezary,Ziajka,24,Warszawa,Marketing,9511,2,False,mid,2012
4794,Jan,Achtelik,34,Kraków,Sales,18726,12,False,lead,2016
4795,Aleksander,Bacia,56,Łódź,Marketing,8609,29,True,junior,2016
4796,Aniela,Wudarczyk,48,Katowice,Marketing,7033,7,False,junior,2010
4797,Nicole,Babiuch,33,Kraków,IT,17001,6,True,senior,2021
4798,Bruno,Ciuruś,41,Kraków,IT,6931,17,False,junior,2012
4799,Franciszek,Hałka,52,Kraków,Operations,9852,16,False,mid,2025
4800,Ryszard,Wężyk,26,Łódź,Operations,7263,4,False,junior,2014
4801,Adam,Bałdys,24,Warszawa,Support,6009,0,False,junior,2024
4802,Wojciech,Matyjaszek,39,Gdańsk,Support,7752,1,False,mid,2016
4803,Fryderyk,Samol,48,Poznań,Sales,9495,0,False,mid,2018
4804,Blanka,Micał,60,Warszawa,HR,9406,30,False,mid,2012
4805,Kajetan,Szłapa,34,Lublin,Sales,7288,6,False,junior,2013
4806,Blanka,Strzyż,41,Wrocław,IT,7730,10,False,junior,2019
4807,Michał,Sorbian,65,Rzeszów,HR,9972,33,False,mid,2011
4808,Nikodem,Parada,29,Katowice,IT,22272,5,True,lead,2025
4809,Tobiasz,Bidas,37,Kraków,HR,9222,7,False,mid,2025
4810,Olga,Szyda,24,Łódź,Marketing,10379,2,False,mid,2010
4811,Marcin,Przewoźny,60,Katowice,Support,5614,34,False,junior,2018
4812,Radosław,Dziadowicz,49,Warszawa,Sales,14554,10,False,senior,2011
4813,Kornelia,Łupina,37,Białystok,Finance,13346,9,False,senior,2014
4814,Fabian,Woszczak,37,Lublin,IT,11351,9,False,mid,2011
4815,Adrian,Moj,43,Lublin,HR,9672,2,False,mid,2014
4816,Patryk,Olbrych,47,Warszawa,Sales,9903,6,False,mid,2014
4817,Leonard,Rut,51,Łódź,Marketing,8858,2,False,mid,2022
4818,Ksawery,Misiejuk,59,Kraków,Finance,17383,29,False,lead,2025
4819,Adrianna,Kozieja,23,Kraków,Support,9518,0,False,mid,2015
4820,Tobiasz,Szkoła,48,Rzeszów,IT,7134,16,False,junior,2015
4821,Cezary,Wojtoń,58,Katowice,Support,5613,17,False,junior,2014
4822,Kaja,Woszczyna,54,Katowice,Operations,12985,0,False,senior,2018
4823,Kaja,Surdel,28,Kraków,HR,8172,4,False,mid,2020
4824,Leonard,Szkaradek,56,Białystok,IT,13709,33,False,senior,2017
4825,Daniel,Ślimak,44,Warszawa,Support,6465,12,False,junior,2025
4826,Marianna,Jamroży,34,Lublin,IT,11873,5,False,mid,2022
4827,Maciej,Korab,45,Lublin,Sales,6370,14,False,junior,2012
4828,Cyprian,Spychaj,34,Katowice,IT,15711,2,False,senior,2023
4829,Artur,Sołoducha,56,Rzeszów,IT,9707,20,False,mid,2015
4830,Marcin,Judek,35,Lublin,Sales,11249,0,False,mid,2019
4831,Anna Maria,Broszkiewicz,47,Łódź,Finance,20328,14,True,lead,2017
4832,Anna Maria,Tlałka,23,Warszawa,IT,10123,1,False,mid,2010
4833,Aleks,Graboś,37,Wrocław,Sales,13963,6,False,senior,2025
4834,Justyna,Stypa,40,Warszawa,Operations,5911,18,False,junior,2011
4835,Malwina,Mendyka,36,Rzeszów,IT,8037,1,False,junior,2023
4836,Krystian,Radko,33,Wrocław,HR,10510,2,True,mid,2020
4837,Radosław,Stempel,51,Lublin,Finance,18854,19,False,lead,2021
4838,Witold,Sznura,26,Poznań,Sales,13367,0,True,mid,2023
4839,Marianna,Kapera,24,Warszawa,Operations,9213,2,False,mid,2023
4840,Nicole,Witaszek,59,Wrocław,Sales,10893,1,False,mid,2013
4841,Bianka,Flaga,46,Kraków,Support,17713,4,False,lead,2019
4842,Aleksander,Korab,42,Warszawa,Operations,13763,15,False,senior,2021
4843,Dominik,Uss,25,Kraków,Operations,18343,1,False,lead,2016
4844,Kaja,Ziółko,44,Lublin,IT,16777,8,True,senior,2010
4845,Patryk,Cholewka,65,Gdańsk,Finance,12604,29,False,senior,2021
4846,Nicole,Goliasz,62,Wrocław,IT,14458,1,False,senior,2017
4847,Iwo,Idec,64,Poznań,IT,14797,12,False,senior,2021
4848,Juliusz,Maruszczyk,38,Białystok,Operations,6198,2,False,junior,2015
4849,Maksymilian,Sporysz,32,Warszawa,Support,11995,0,False,senior,2021
4850,Nela,Marcol,63,Gdańsk,Support,5153,11,False,junior,2024
4851,Oliwier,Cyrulik,47,Rzeszów,IT,7180,17,False,junior,2020
4852,Marcelina,Wierzchoń,24,Poznań,IT,14640,1,False,senior,2012
4853,Grzegorz,Jakóbiak,36,Kraków,IT,10191,14,False,mid,2021
4854,Kamila,Denkiewicz,24,Poznań,Sales,13781,2,False,senior,2017
4855,Karol,Żołnierczyk,54,Katowice,Support,5650,18,False,junior,2025
4856,Radosław,Górkiewicz,63,Warszawa,Sales,11102,25,False,mid,2021
4857,Julianna,Gałach,55,Rzeszów,Sales,6193,1,False,junior,2019
4858,Agnieszka,Siciarz,57,Lublin,Sales,13107,26,True,mid,2010
4859,Aniela,Elwart,43,Kraków,Marketing,12633,1,False,senior,2020
4860,Błażej,Lica,59,Warszawa,IT,15499,1,False,senior,2015
4861,Daniel,Hajdukiewicz,28,Poznań,HR,8448,0,False,mid,2013
4862,Daniel,Kiedrowicz,26,Białystok,Operations,8820,3,True,junior,2018
4863,Robert,Misiurek,44,Białystok,Marketing,10370,12,False,mid,2022
4864,Dominik,Bajak,43,Katowice,Sales,19252,21,False,lead,2022
4865,Ewelina,Wożniak,47,Wrocław,IT,17737,12,False,lead,2019
4866,Jan,Gryszkiewicz,52,Warszawa,IT,11287,8,True,junior,2016
4867,Oliwier,Kunc,54,Lublin,Operations,10398,9,False,mid,2019
4868,Alan,Długozima,22,Kraków,Finance,6060,0,False,junior,2022
4869,Malwina,Tryka,60,Wrocław,IT,11215,21,False,mid,2019
4870,Olga,Tywoniuk,57,Katowice,Finance,7643,3,False,junior,2012
4871,Ada,Świerkosz,51,Lublin,Sales,6799,10,False,junior,2025
4872,Olgierd,Maciejewicz,46,Lublin,Support,5601,8,False,junior,2010
4873,Ewa,Ślipek,35,Wrocław,Sales,14426,9,False,senior,2011
4874,Emil,Mieszała,55,Gdańsk,Sales,6769,22,False,junior,2019
4875,Hubert,Szpila,23,Gdańsk,Sales,7047,0,False,junior,2024
4876,Bartek,Chomiak,43,Warszawa,Operations,13897,8,False,senior,2011
4877,Kamil,Stoltmann,39,Wrocław,Sales,10293,1,False,mid,2022
4878,Kacper,Boduch,43,Wrocław,Sales,11928,18,True,mid,2016
4879,Rafał,Palica,65,Poznań,Support,7077,16,False,junior,2013
4880,Szymon,Oślizło,25,Warszawa,Marketing,6485,0,False,junior,2023
4881,Karina,Mularz,61,Warszawa,Operations,12426,17,False,senior,2024
4882,Tymon,Foremniak,64,Łódź,Finance,14909,29,False,senior,2013
4883,Tadeusz,Gnyp,46,Warszawa,Finance,8787,10,False,mid,2013
4884,Julita,Chomiak,24,Kraków,Support,9418,1,False,mid,2024
4885,Dawid,Kij,29,Katowice,Marketing,8473,2,False,mid,2014
4886,Marcelina,Kramer,59,Poznań,Sales,7987,7,False,junior,2021
4887,Lidia,Midura,63,Rzeszów,Sales,7456,10,False,junior,2010
4888,Michał,Hermann,62,Łódź,HR,5871,33,False,junior,2021
4889,Leon,Kolanek,34,Warszawa,Operations,13705,7,False,senior,2016
4890,Sara,Jany,29,Wrocław,Sales,9304,5,False,mid,2023
4891,Natasza,Krzempek,61,Łódź,Operations,6251,16,False,junior,2010
4892,Aniela,Olas,22,Kraków,Operations,12184,0,False,senior,2014
4893,Andrzej,Nestorowicz,37,Wrocław,Support,10187,3,True,junior,2025
4894,Gustaw,Trojanek,32,Katowice,IT,10852,9,False,mid,2019
4895,Kamila,Machoń,31,Katowice,HR,17488,7,False,lead,2014
4896,Józef,Lorenz,45,Gdańsk,Sales,14483,3,False,senior,2023
4897,Paweł,Mieloch,62,Wrocław,Support,17590,20,False,lead,2017
4898,Kornelia,Ciochoń,64,Białystok,Operations,18404,30,False,lead,2014
4899,Anastazja,Wojtarowicz,44,Warszawa,Finance,14382,20,False,senior,2013
4900,Elżbieta,Andrys,57,Wrocław,Marketing,9385,20,True,junior,2017
4901,Bianka,Kulma,23,Białystok,Finance,5741,1,False,junior,2011
4902,Piotr,Fudalej,40,Warszawa,Marketing,7104,3,False,junior,2021
4903,Blanka,Niemira,31,Warszawa,IT,15334,7,False,senior,2024
4904,Ida,Mosur,28,Katowice,HR,8710,3,False,mid,2015
4905,Ada,Płócienniczak,51,Gdańsk,IT,11596,5,False,mid,2013
4906,Stanisław,Starościak,53,Warszawa,Operations,9795,26,False,mid,2011
4907,Kacper,Midura,31,Rzeszów,Finance,9450,5,False,mid,2012
4908,Aurelia,Mazan,42,Wrocław,Operations,9714,16,False,mid,2011
4909,Bianka,Nurek,40,Rzeszów,Sales,12983,12,False,senior,2016
4910,Cezary,Siwka,49,Łódź,IT,7937,19,False,junior,2011
4911,Urszula,Golonko,64,Warszawa,HR,9430,11,False,mid,2017
4912,Lidia,Forysiak,27,Katowice,IT,8269,1,False,junior,2022
4913,Anastazja,Rochowiak,50,Kraków,Marketing,8932,13,False,mid,2018
4914,Mieszko,Borysiak,32,Warszawa,Operations,17136,10,False,lead,2017
4915,Justyna,Kobos,43,Rzeszów,Sales,13100,7,False,senior,2024
4916,Miłosz,Nowrot,57,Białystok,IT,9631,0,False,mid,2020
4917,Eryk,Noras,50,Kraków,Operations,7285,7,False,junior,2022
4918,Mieszko,Liedtke,40,Wrocław,Finance,8623,11,False,mid,2024
4919,Jerzy,Jędraszczyk,22,Rzeszów,IT,10140,0,False,mid,2021
4920,Borys,Koczara,24,Poznań,Operations,8518,2,False,mid,2016
4921,Natan,Smela,43,Lublin,Support,9477,21,False,mid,2015
4922,Roksana,Opioła,42,Warszawa,Finance,8602,17,False,mid,2011
4923,Gustaw,Maślankiewicz,46,Łódź,IT,11905,20,True,junior,2024
4924,Tobiasz,Namysło,45,Warszawa,Operations,13370,2,False,senior,2016
4925,Olgierd,Cop,26,Warszawa,Marketing,9569,1,False,mid,2010
4926,Natasza,Skiepko,64,Poznań,Marketing,12301,4,True,mid,2023
4927,Miłosz,Dankiewicz,27,Wrocław,HR,6267,3,False,junior,2020
4928,Nikodem,Sochaj,37,Warszawa,Marketing,14041,4,False,senior,2011
4929,Dawid,Małż,65,Rzeszów,IT,6942,32,False,junior,2015
4930,Karina,Banachowicz,59,Gdańsk,HR,6775,28,False,junior,2018
4931,Tymoteusz,Bzymek,37,Rzeszów,Sales,13289,14,False,senior,2014
4932,Damian,Sajnóg,47,Katowice,Sales,8858,16,True,junior,2010
4933,Marika,Wołk,42,Gdańsk,Operations,10080,16,False,mid,2011
4934,Urszula,Galek,56,Warszawa,HR,5892,7,False,junior,2011
4935,Emil,Kiljan,57,Białystok,HR,8406,7,False,mid,2020
4936,Nikodem,Ogonek,63,Łódź,Operations,12155,33,False,senior,2015
4937,Franciszek,Gniewek,28,Warszawa,Finance,6742,6,False,junior,2023
4938,Maurycy,Tyma,23,Warszawa,Support,17461,0,False,lead,2024
4939,Robert,Maksimowicz,49,Poznań,IT,7920,24,False,junior,2016
4940,Damian,Szmurło,47,Wrocław,Operations,7293,24,False,junior,2018
4941,Nela,Tworzydło,59,Lublin,Finance,9108,20,False,mid,2010
4942,Wiktor,Rogal,37,Lublin,Marketing,6649,7,False,junior,2025
4943,Kornelia,Brzykcy,29,Poznań,Operations,8395,6,False,mid,2016
4944,Olaf,Pizoń,23,Gdańsk,Operations,18053,1,False,lead,2022
4945,Melania,Młynarz,40,Kraków,Sales,11108,3,False,mid,2020
4946,Ada,Ryczko,34,Katowice,Operations,15605,12,True,senior,2018
4947,Cyprian,Wrochna,57,Warszawa,IT,13391,31,True,mid,2021
4948,Maks,Kulus,45,Poznań,IT,7822,15,False,junior,2016
4949,Aleksander,Borejko,58,Rzeszów,Sales,9943,15,False,mid,2014
4950,Dagmara,Gałat,65,Poznań,Sales,9311,40,False,mid,2015
4951,Krystian,Henke,22,Wrocław,Sales,11249,0,False,mid,2023
4952,Ida,Damian,31,Warszawa,IT,9839,7,False,mid,2015
4953,Paweł,Stochaj,52,Kraków,Sales,8287,10,False,junior,2021
4954,Franciszek,Mila,43,Lublin,Operations,16134,20,False,lead,2015
4955,Róża,Skocz,30,Lublin,Sales,5909,8,False,junior,2023
4956,Kamil,Łuc,30,Białystok,IT,11840,4,False,mid,2019
4957,Paweł,Startek,39,Wrocław,IT,10654,14,True,junior,2017
4958,Melania,Kargol,61,Warszawa,Support,5206,4,False,junior,2023
4959,Dorota,Szlęk,64,Lublin,Sales,18528,27,False,lead,2025
4960,Leon,Stiller,38,Gdańsk,Marketing,8599,15,False,mid,2012
4961,Ignacy,Zgoła,64,Poznań,Sales,7718,3,False,junior,2015
4962,Gabriel,Nalazek,47,Gdańsk,Finance,13916,0,False,senior,2017
4963,Damian,Komander,34,Warszawa,HR,16031,11,False,lead,2014
4964,Aleks,Cięciwa,38,Katowice,Sales,10667,4,False,mid,2024
4965,Sara,Roda,38,Kraków,IT,14634,11,True,mid,2021
4966,Dorota,Kobak,33,Białystok,Sales,5942,1,False,junior,2017
4967,Oskar,Golda,46,Gdańsk,Finance,10503,6,False,mid,2019
4968,Dariusz,Pacholak,33,Katowice,HR,13907,0,False,senior,2017
4969,Sebastian,Becker,45,Gdańsk,Finance,10070,21,False,mid,2017
4970,Ksawery,Świerkot,65,Kraków,IT,7115,37,False,junior,2020
4971,Urszula,Mandrysz,41,Wrocław,Marketing,7625,13,False,junior,2019
4972,Jan,Bryzek,48,Łódź,Sales,18929,23,False,lead,2023
4973,Lidia,Lica,35,Białystok,Operations,9333,11,False,mid,2019
4974,Stefan,Wiertel,62,Gdańsk,Marketing,21494,20,True,lead,2020
4975,Alan,Konsek,50,Gdańsk,Support,8850,5,True,junior,2024
4976,Cezary,Pazdan,35,Wrocław,Finance,10889,7,False,mid,2022
4977,Urszula,Cis,44,Gdańsk,Sales,14703,9,False,senior,2012
4978,Andrzej,Warych,52,Warszawa,Operations,8180,17,False,mid,2013
4979,Liwia,Niećko,23,Kraków,Sales,7504,0,False,junior,2011
4980,Olaf,Pazik,47,Kraków,HR,8537,5,False,mid,2011
4981,Marianna,Stroka,58,Gdańsk,Operations,8057,25,False,mid,2010
4982,Kalina,Rolak,22,Kraków,Marketing,9317,0,False,mid,2015
4983,Róża,Sorbian,64,Łódź,Sales,11213,11,False,mid,2022
4984,Eliza,Kolka,49,Warszawa,HR,11683,11,False,senior,2021
4985,Olgierd,Madejczyk,29,Wrocław,Marketing,9089,7,True,junior,2018
4986,Sara,Kujawiak,35,Kraków,Support,17532,12,False,lead,2025
4987,Mateusz,Krywult,53,Białystok,Operations,6371,28,False,junior,2025
4988,Eliza,Osiadacz,42,Warszawa,HR,6292,1,False,junior,2012
4989,Karol,Kurpisz,38,Poznań,Sales,9546,0,False,mid,2010
4990,Jędrzej,Draus,48,Rzeszów,Sales,17882,2,False,lead,2022
4991,Leon,Witko,47,Gdańsk,Sales,18743,22,False,lead,2014
4992,Stanisław,Gendek,27,Białystok,HR,6097,3,False,junior,2023
4993,Piotr,Bujas,54,Katowice,IT,14307,15,False,senior,2022
4994,Krystian,Lizurej,58,Lublin,HR,13055,23,False,senior,2025
4995,Adam,Uzar,35,Poznań,Sales,16026,5,True,senior,2025
4996,Angelika,Golan,33,Łódź,HR,9081,8,False,mid,2018
4997,Sandra,Rezmer,48,Białystok,IT,10566,23,False,mid,2016
4998,Bianka,Czerniakiewicz,64,Kraków,Operations,9807,25,False,mid,2020
4999,Emil,Calik,47,Kraków,Operations,9304,22,True,junior,2012
5000,Jędrzej,Basista,62,Wrocław,Support,11767,38,False,senior,2011
