id,first_name,last_name,age,city,department,salary,years_experience,is_manager,skill_level,join_year
1,Kamil,Kluczek,62,Kraków,IT,8733,7,False,junior,2012
2,Jacek,Dreszer,59,Warszawa,IT,8798,27,False,junior,2016
3,Artur,Lalak,63,Wrocław,HR,8153,34,False,mid,2023
4,Paweł,Berendt,43,Rzeszów,HR,7896,8,True,junior,2021
5,Inga,Rej,44,Warszawa,Finance,7050,19,False,junior,2012
6,Tola,Midura,57,Gdańsk,Operations,12284,18,False,senior,2011
7,Filip,Glapiak,64,Rzeszów,Operations,13556,14,False,senior,2018
8,Tomasz,Kowaluk,51,Warszawa,Finance,12792,20,False,senior,2015
9,Jerzy,Soroko,56,Wrocław,Support,6981,15,False,junior,2017
10,Szymon,Zubowicz,65,Katowice,IT,17792,20,True,senior,2022
11,Konrad,Gral,39,Białystok,Operations,7044,2,False,junior,2022
12,Inga,Giedrojć,63,Warszawa,Marketing,7594,29,False,junior,2023
13,Borys,Szkopek,59,Rzeszów,IT,9692,25,False,mid,2013
14,Julianna,Batóg,31,Wrocław,IT,15417,2,False,senior,2018
15,Jan,Gemza,57,Warszawa,Operations,9393,0,False,mid,2013
16,Damian,Nawrotek,40,Warszawa,Marketing,7250,13,False,junior,2015
17,Kaja,Kiliszek,54,Kraków,Sales,13426,6,False,senior,2021
18,Konstanty,Trzcionka,32,Białystok,Support,17701,8,False,lead,2010
19,Przemysław,Bryda,29,Lublin,HR,16823,5,True,senior,2012
20,Natan,Noszczyk,27,Warszawa,Marketing,8725,5,False,mid,2025
21,Tomasz,Cukier,57,Lublin,Finance,7708,10,False,junior,2016
22,Patryk,Moj,41,Łódź,Finance,16995,12,False,lead,2017
23,Mieszko,Halik,36,Gdańsk,IT,9790,1,False,mid,2011
24,Błażej,Zemanek,36,Lublin,IT,19488,1,False,lead,2016
25,Aleksander,Lelonek,56,Lublin,Sales,14737,8,False,senior,2023
26,Róża,Jałowiec,34,Wrocław,Finance,5721,1,False,junior,2013
27,Marcel,Bodzak,25,Katowice,IT,15696,3,False,senior,2024
28,Maksymilian,Skałka,30,Wrocław,Operations,10254,6,True,junior,2013
29,Gustaw,Grymuza,25,Białystok,Operations,17989,0,False,lead,2025
30,Olgierd,Roś,35,Warszawa,Finance,9586,13,False,mid,2024
31,Eryk,Stochel,40,Łódź,Operations,9993,13,False,mid,2014
32,Krzysztof,Szwaja,34,Warszawa,Marketing,9484,4,True,junior,2011
33,Olaf,Pindral,25,Lublin,IT,9828,3,False,mid,2015
34,Aleks,Mazanek,26,Lublin,Finance,7833,4,False,junior,2017
35,Jerzy,Różewicz,59,Wrocław,Sales,9868,2,False,mid,2016
36,Oskar,Cukier,64,Wrocław,Marketing,6495,20,False,junior,2012
37,Konstanty,Fal,22,Gdańsk,IT,11572,0,False,mid,2018
38,Dariusz,Przewoźnik,30,Lublin,Finance,14725,5,False,senior,2019
39,Leonard,Idec,61,Lublin,HR,5050,33,False,junior,2018
40,Nikodem,Mydlak,29,Warszawa,HR,12904,1,False,senior,2016
41,Cezary,Jasnoch,65,Poznań,HR,11708,40,False,senior,2012
42,Wojciech,Zera,62,Warszawa,HR,12572,27,False,senior,2015
43,Alan,Kręgiel,50,Gdańsk,IT,14110,17,False,senior,2011
44,Andrzej,Gierak,45,Wrocław,IT,9663,18,False,mid,2021
45,Marcelina,Kubasiak,35,Warszawa,Operations,6664,10,False,junior,2014
46,Jeremi,Fita,37,Katowice,Operations,20360,5,True,lead,2023
47,Dagmara,Muskała,64,Katowice,IT,8427,15,False,junior,2017
48,Arkadiusz,Jakóbiak,34,Lublin,Operations,8791,7,False,mid,2022
49,Adam,Guźniczak,43,Rzeszów,HR,13137,8,False,senior,2020
50,Filip,Pierz,23,Kraków,Sales,12956,0,False,senior,2013
51,Jędrzej,Kurp,60,Katowice,Finance,8973,27,False,mid,2022
52,Cezary,Ciepłuch,58,Łódź,IT,8705,12,False,junior,2016
53,Bruno,Basak,45,Łódź,HR,5010,13,False,junior,2019
54,Jędrzej,Fydrych,54,Kraków,Marketing,8985,19,False,mid,2023
55,Sonia,Wołkowicz,64,Białystok,Sales,11044,24,False,mid,2010
56,Róża,Betka,41,Katowice,Sales,7609,9,False,junior,2024
57,Błażej,Lalak,65,Katowice,Support,8047,13,False,mid,2019
58,Witold,Stebel,54,Rzeszów,IT,7315,21,False,junior,2014
59,Melania,Cudzich,23,Poznań,Operations,9697,0,True,junior,2016
60,Błażej,Prażuch,46,Warszawa,Marketing,8636,15,False,mid,2023
61,Janina,Skotarek,36,Łódź,Finance,12997,2,False,senior,2024
62,Janina,Nóżka,30,Rzeszów,Sales,10612,7,False,mid,2023
63,Olgierd,Neubauer,57,Katowice,Sales,13812,28,False,senior,2018
64,Sebastian,Karmelita,55,Kraków,IT,10612,31,False,mid,2020
65,Anastazja,Miara,42,Warszawa,Finance,6376,17,False,junior,2012
66,Franciszek,Schwarz,48,Wrocław,IT,11095,13,False,mid,2010
67,Kamil,Furgała,58,Białystok,HR,9216,24,False,mid,2017
68,Damian,Jenek,53,Poznań,Finance,7156,14,False,junior,2015
69,Kaja,Wlazły,51,Gdańsk,IT,8811,29,False,junior,2010
70,Wiktor,Siwczak,27,Lublin,IT,10840,5,False,mid,2016
71,Fryderyk,Andrys,51,Lublin,HR,9226,10,False,mid,2018
72,Roksana,Bytner,27,Poznań,Support,4981,3,False,junior,2011
73,Iwo,Jędrys,23,Warszawa,IT,6968,0,False,junior,2016
74,Mateusz,Łukasz,51,Wrocław,Sales,6269,22,False,junior,2015
75,Oliwier,Delikat,41,Białystok,Sales,10337,3,False,mid,2022
76,Julita,Myrcik,34,Lublin,IT,10735,1,False,mid,2013
77,Cezary,Sporysz,58,Wrocław,Finance,9897,2,False,mid,2010
78,Cyprian,Duczmal,48,Wrocław,Finance,10383,26,False,mid,2014
79,Gustaw,Sadownik,49,Rzeszów,HR,13704,5,False,senior,2025
80,Damian,Chalimoniuk,51,Gdańsk,HR,11854,13,False,senior,2018
81,Jakub,Stefankiewicz,50,Gdańsk,Marketing,14224,7,False,senior,2020
82,Błażej,Gustaw,33,Katowice,HR,5631,7,False,junior,2010
83,Kajetan,Jędraszczyk,55,Łódź,Sales,7750,12,False,junior,2025
84,Dominik,Budzich,50,Kraków,Finance,7882,25,False,junior,2021
85,Radosław,Skocz,52,Wrocław,Marketing,10058,17,False,mid,2018
86,Dorota,Ziarek,41,Łódź,HR,5258,8,False,junior,2016
87,Konrad,Furgała,35,Łódź,Support,8859,11,False,mid,2013
88,Mariusz,Irla,34,Warszawa,IT,7623,4,False,junior,2011
89,Miłosz,Ziemak,25,Warszawa,Operations,8050,2,False,mid,2019
90,Liwia,Dzienis,52,Warszawa,IT,11456,15,False,mid,2013
91,Kazimierz,Wołoszyk,26,Gdańsk,Marketing,10505,3,False,mid,2019
92,Kacper,Pietrasz,27,Katowice,Sales,6724,1,False,junior,2022
93,Olgierd,Kubaczyk,50,Gdańsk,Finance,5746,14,False,junior,2013
94,Norbert,Gogacz,35,Łódź,IT,6807,10,False,junior,2015
95,Adam,Karłowicz,22,Gdańsk,HR,8658,0,False,mid,2024
96,Nicole,Fiołek,26,Katowice,Sales,17610,1,False,lead,2023
97,Karol,Wypiór,29,Białystok,Operations,11679,3,True,mid,2019
98,Ada,Stoltmann,60,Wrocław,Finance,18148,36,False,lead,2018
99,Krzysztof,Pacholik,54,Gdańsk,Operations,10472,31,False,mid,2018
100,Ewelina,Szajner,23,Łódź,Operations,5084,0,False,junior,2018
101,Hubert,Kuran,58,Warszawa,Sales,13939,2,False,senior,2015
102,Lidia,Salach,59,Poznań,IT,10865,27,False,mid,2020
103,Leon,Listwan,64,Kraków,Marketing,13840,6,False,senior,2011
104,Liwia,Kretowicz,51,Kraków,Support,9807,2,False,mid,2010
105,Kaja,Leszkiewicz,64,Warszawa,Sales,10841,34,False,mid,2024
106,Rozalia,Tatarczuk,25,Warszawa,HR,6485,1,False,junior,2013
107,Ksawery,Grzywnowicz,23,Kraków,IT,14420,0,False,senior,2013
108,Fabian,Bakalarczyk,51,Warszawa,Support,8819,3,False,mid,2023
109,Mariusz,Liedtke,52,Poznań,Finance,7581,15,False,junior,2014
110,Eliza,Dulas,26,Lublin,HR,12594,2,False,senior,2010
111,Ignacy,Młot,40,Gdańsk,Marketing,14029,9,False,senior,2025
112,Artur,Korbel,44,Poznań,Finance,9272,10,False,mid,2017
113,Natan,Tylek,58,Katowice,IT,8061,24,False,junior,2022
114,Julianna,Dumała,64,Poznań,IT,19917,41,False,lead,2020
115,Olaf,Pawełkiewicz,28,Warszawa,Support,15290,6,True,senior,2023
116,Borys,Pych,63,Katowice,HR,6128,9,False,junior,2012
117,Wojciech,Jasina,43,Wrocław,HR,13498,21,False,senior,2011
118,Stanisław,Kosela,61,Łódź,HR,4870,4,False,junior,2023
119,Krzysztof,Mirocha,28,Lublin,Finance,8618,6,False,mid,2011
120,Kornel,Matyka,42,Wrocław,IT,8818,1,False,junior,2015
121,Ida,Fleszar,32,Lublin,Sales,8188,2,False,junior,2014
122,Konstanty,Łachut,36,Wrocław,Marketing,10105,7,False,mid,2019
123,Ada,Okraska,65,Wrocław,HR,6237,34,False,junior,2018
124,Rozalia,Tyka,51,Rzeszów,Operations,12562,27,True,mid,2021
125,Anita,Wyskiel,58,Kraków,Support,16824,18,False,lead,2010
126,Lidia,Macias,58,Katowice,Operations,16942,3,False,lead,2021
127,Lidia,Smyl,36,Kraków,Marketing,5760,10,False,junior,2013
128,Kalina,Kidoń,62,Wrocław,Sales,9169,2,False,mid,2019
129,Patryk,Rawa,42,Warszawa,Sales,7974,13,False,junior,2018
130,Kornelia,Świstek,32,Białystok,Support,17087,4,False,lead,2013
131,Kaja,Podsiedlik,51,Rzeszów,Operations,6627,2,False,junior,2021
132,Roksana,Sobuś,27,Poznań,Finance,6573,3,False,junior,2022
133,Mikołaj,Plizga,62,Kraków,IT,8799,23,False,junior,2020
134,Oskar,Juśkiewicz,61,Gdańsk,Finance,10172,14,False,mid,2013
135,Olga,Preś,30,Kraków,Sales,22001,0,True,lead,2014
136,Natan,Myrcha,46,Rzeszów,Marketing,10605,14,False,mid,2014
137,Dominik,Pyszka,48,Poznań,Finance,5634,20,False,junior,2021
138,Eryk,Kidoń,35,Kraków,Finance,10004,7,False,mid,2021
139,Julita,Zagozda,25,Rzeszów,Support,5075,3,False,junior,2016
140,Sebastian,Midura,63,Warszawa,Operations,8515,40,False,mid,2016
141,Grzegorz,Widłak,26,Warszawa,Operations,5604,4,False,junior,2010
142,Marcelina,Synak,39,Poznań,Operations,19105,4,True,lead,2014
143,Igor,Potoczna,22,Kraków,HR,11714,0,False,senior,2014
144,Krystyna,Karalus,48,Warszawa,Finance,7931,16,False,junior,2013
145,Franciszek,Klemens,50,Gdańsk,Marketing,7335,16,False,junior,2019
146,Rozalia,Pasztaleniec,51,Warszawa,Sales,17242,20,False,lead,2025
147,Bartek,Deluga,50,Kraków,IT,15897,2,False,senior,2020
148,Marek,Szóstak,46,Wrocław,Sales,12268,19,True,mid,2016
149,Kalina,Smykla,49,Wrocław,Operations,12389,14,False,senior,2020
150,Karina,Drobnik,49,Wrocław,IT,9774,10,False,mid,2012
151,Blanka,Rycerz,27,Katowice,Finance,8745,0,False,mid,2020
152,Leon,Bartłomiejczyk,64,Lublin,Support,7910,7,False,mid,2019
153,Jakub,Szwiec,60,Gdańsk,IT,10418,19,False,mid,2013
154,Błażej,Gierasimiuk,44,Katowice,Sales,11097,17,False,mid,2010
155,Agnieszka,Suchoń,60,Kraków,Marketing,6637,17,False,junior,2010
156,Kaja,Pitala,33,Wrocław,IT,9625,2,False,mid,2012
157,Dagmara,Maligłówka,55,Wrocław,IT,10828,13,False,mid,2012
158,Ada,Kowalak,25,Gdańsk,Marketing,6936,1,False,junior,2025
159,Rafał,Łuszczyk,60,Warszawa,Sales,9254,28,False,mid,2019
160,Przemysław,Franczuk,65,Poznań,HR,9954,43,False,mid,2011
161,Elżbieta,Miętka,22,Warszawa,IT,10843,0,False,mid,2013
162,Rozalia,Surdyk,22,Warszawa,Finance,14549,0,False,senior,2021
163,Jędrzej,Żbik,26,Warszawa,IT,14782,3,False,senior,2023
164,Franciszek,Stempin,58,Wrocław,IT,17830,25,True,senior,2015
165,Malwina,Dudczak,61,Białystok,IT,14496,29,False,senior,2023
166,Liwia,Snoch,59,Wrocław,HR,8864,25,False,mid,2015
167,Adam,Handke,26,Poznań,IT,10938,4,False,mid,2014
168,Maksymilian,Kielczyk,37,Warszawa,Sales,6108,3,False,junior,2015
169,Daniel,Mućka,62,Gdańsk,Sales,11112,31,False,mid,2020
170,Gaja,Kuropatwa,62,Warszawa,Finance,6625,20,False,junior,2011
171,Marek,Bondaruk,44,Wrocław,IT,7675,16,False,junior,2012
172,Ignacy,Kolman,63,Poznań,Finance,8668,5,False,mid,2024
173,Nicole,Wojak,58,Poznań,IT,12923,12,True,mid,2020
174,Elżbieta,Paluszak,27,Warszawa,Marketing,10346,4,False,mid,2015
175,Maciej,Fogt,45,Wrocław,Operations,16214,11,False,lead,2020
176,Maksymilian,Klaja,26,Łódź,HR,6968,2,False,junior,2014
177,Janina,Salwin,43,Warszawa,HR,9105,2,False,mid,2014
178,Angelika,Klatka,60,Wrocław,Operations,10156,5,False,mid,2012
179,Robert,Walencik,63,Warszawa,HR,8899,27,False,mid,2025
180,Jędrzej,Kamieniarz,34,Warszawa,HR,17579,3,False,lead,2011
181,Błażej,Tylman,64,Gdańsk,Sales,13540,21,False,senior,2015
182,Adrian,Pachnik,50,Łódź,IT,10667,1,False,mid,2024
183,Radosław,Holc,36,Rzeszów,Operations,5794,8,False,junior,2021
184,Jędrzej,Gregorczuk,65,Wrocław,HR,17660,36,False,lead,2023
185,Wojciech,Sroga,32,Warszawa,HR,13020,3,False,senior,2013
186,Róża,Milewczyk,55,Katowice,HR,5103,7,False,junior,2023
187,Sylwia,Dmoch,27,Lublin,Support,13323,1,False,senior,2021
188,Wojciech,Rapa,37,Wrocław,IT,18873,12,False,lead,2014
189,Bruno,Małocha,30,Lublin,Marketing,7121,0,False,junior,2024
190,Błażej,Syroka,61,Warszawa,IT,19993,0,False,lead,2023
191,Nataniel,Tyma,29,Warszawa,IT,8372,4,False,junior,2012
192,Krzysztof,Doliwa,29,Warszawa,Sales,9388,7,False,mid,2019
193,Andrzej,Nyk,49,Kraków,Finance,8850,0,False,mid,2021
194,Ryszard,Boruc,26,Katowice,Sales,13725,4,True,mid,2011
195,Monika,Goska,62,Kraków,IT,18912,24,False,lead,2017
196,Inga,Koćwin,64,Gdańsk,Marketing,6643,40,False,junior,2020
197,Emil,Cieciora,63,Łódź,Support,12446,11,False,senior,2014
198,Liwia,Lorenz,26,Warszawa,Operations,6292,3,False,junior,2019
199,Bianka,Długajczyk,54,Poznań,HR,16282,25,False,lead,2019
200,Paweł,Murat,44,Kraków,IT,15138,1,False,senior,2024
201,Łukasz,Dykas,46,Poznań,Sales,18926,10,False,lead,2018
202,Oliwier,Nickel,27,Wrocław,Support,8903,5,False,mid,2020
203,Dominik,Maras,28,Kraków,Finance,9182,0,False,mid,2024
204,Bianka,Trzcionka,44,Lublin,Finance,6624,14,False,junior,2011
205,Jeremi,Ziętal,26,Katowice,Marketing,8784,3,False,mid,2024
206,Nikodem,Krywult,24,Katowice,Finance,7823,0,False,junior,2011
207,Cyprian,Kopciuch,60,Rzeszów,Finance,10850,9,False,mid,2014
208,Błażej,Składanek,55,Łódź,IT,13262,23,True,mid,2025
209,Marika,Helak,55,Warszawa,Operations,16878,24,False,lead,2019
210,Mikołaj,Trybuś,53,Lublin,Finance,7323,12,False,junior,2012
211,Kaja,Grymuza,65,Łódź,Sales,10028,20,False,mid,2015
212,Jacek,Sych,62,Poznań,IT,14068,11,False,senior,2017
213,Jakub,Araszkiewicz,53,Gdańsk,Finance,9031,1,False,mid,2012
214,Adrian,Melaniuk,26,Łódź,Sales,10477,2,False,mid,2012
215,Błażej,Jarema,30,Wrocław,Marketing,10458,5,False,mid,2015
216,Sara,Zyzik,30,Lublin,Operations,9245,6,False,mid,2015
217,Marianna,Żugaj,32,Kraków,Support,16863,5,False,lead,2012
218,Mateusz,Pietrasz,38,Poznań,IT,11685,6,False,mid,2012
219,Igor,Hajder,54,Gdańsk,IT,11978,10,False,mid,2020
220,Krystian,Hnat,58,Warszawa,IT,15862,2,False,senior,2018
221,Piotr,Cofała,63,Wrocław,Sales,15034,13,False,senior,2019
222,Leonard,Tolak,63,Katowice,Marketing,8498,19,False,mid,2011
223,Bianka,Kramer,32,Wrocław,HR,8807,7,False,mid,2021
224,Kornelia,Szymańczyk,47,Poznań,IT,14001,4,False,senior,2018
225,Maciej,Kosiec,50,Warszawa,Support,6412,7,False,junior,2017
226,Dariusz,Łęgowik,32,Łódź,IT,19608,5,False,lead,2024
227,Maciej,Ostręga,53,Warszawa,Finance,9486,19,False,mid,2016
228,Maurycy,Mol,59,Kraków,Sales,7727,22,False,junior,2019
229,Witold,Pokusa,56,Wrocław,Operations,13651,0,False,senior,2021
230,Paweł,Materek,24,Gdańsk,Finance,7082,1,False,junior,2024
231,Melania,Wojczuk,57,Gdańsk,Sales,13196,17,False,senior,2022
232,Kalina,Schubert,45,Wrocław,IT,11144,10,False,mid,2011
233,Marcin,Ufnal,24,Kraków,Sales,8283,0,False,junior,2014
234,Miłosz,Potok,42,Wrocław,Sales,11231,19,False,mid,2020
235,Kajetan,Strządała,54,Łódź,HR,9008,32,False,mid,2020
236,Klara,Langa,65,Gdańsk,Operations,16109,7,False,lead,2025
237,Kajetan,Knych,38,Gdańsk,IT,15057,7,False,senior,2014
238,Józef,Derek,65,Rzeszów,IT,10784,15,True,junior,2023
239,Klara,Dziurdzia,31,Wrocław,Operations,8255,6,False,mid,2014
240,Witold,Sadura,55,Rzeszów,Sales,9509,13,False,mid,2024
241,Damian,Szpala,56,Łódź,Operations,9082,21,False,mid,2025
242,Dominik,Pietraś,34,Kraków,Support,5883,3,False,junior,2016
243,Piotr,Suchora,53,Gdańsk,Support,8878,20,False,mid,2013
244,Natasza,Miękus,58,Rzeszów,Operations,8599,34,False,mid,2019
245,Ksawery,Łudzik,24,Warszawa,Support,17662,1,False,lead,2016
246,Róża,Łepek,34,Gdańsk,HR,9903,8,True,junior,2017
247,Norbert,Kajstura,37,Poznań,Sales,13492,1,True,mid,2020
248,Olaf,Kustosz,52,Warszawa,Support,8346,3,False,mid,2023
249,Szymon,Czerkies,63,Warszawa,Support,7942,30,False,mid,2012
250,Eryk,Frelich,63,Katowice,Operations,8717,36,True,junior,2023
251,Kornel,Miszta,33,Wrocław,Sales,17985,0,False,lead,2011
252,Krzysztof,Nijak,22,Warszawa,Support,9925,0,False,mid,2025
253,Konstanty,Zmarzły,30,Warszawa,IT,11379,8,False,mid,2018
254,Apolonia,Fierek,33,Katowice,Sales,13518,0,False,senior,2022
255,Julita,Bogaczyk,49,Wrocław,IT,11455,16,False,mid,2020
256,Antoni,Sycz,37,Kraków,Marketing,6436,0,False,junior,2010
257,Robert,Ciemięga,38,Warszawa,IT,11160,11,False,mid,2019
258,Elżbieta,Żurawik,29,Warszawa,Support,9563,4,False,mid,2021
259,Piotr,Siekierka,48,Poznań,Sales,9694,22,False,mid,2017
260,Gaja,Sapeta,65,Warszawa,Finance,12819,38,False,senior,2013
261,Mieszko,Klus,25,Warszawa,HR,7976,1,False,mid,2016
262,Jędrzej,Walusiak,59,Poznań,Operations,7102,31,False,junior,2023
263,Apolonia,Reich,51,Wrocław,Operations,6621,18,False,junior,2018
264,Ernest,Kopik,22,Warszawa,HR,10746,0,True,mid,2012
265,Aurelia,Kunysz,52,Warszawa,IT,8221,1,False,junior,2021
266,Juliusz,Strojna,46,Białystok,Finance,14708,14,False,senior,2014
267,Justyna,Iwańczyk,63,Rzeszów,Finance,6412,22,False,junior,2010
268,Angelika,Dziugieł,23,Łódź,Finance,9440,1,False,mid,2017
269,Julita,Jaje,51,Warszawa,Operations,5131,11,False,junior,2023
270,Konrad,Litwinowicz,61,Warszawa,Sales,5999,1,False,junior,2017
271,Kornelia,Miśko,24,Poznań,Marketing,8773,1,False,mid,2019
272,Kornel,Markiel,36,Gdańsk,Sales,18113,13,False,lead,2017
273,Jędrzej,Nastały,41,Poznań,Finance,18780,4,False,lead,2015
274,Marcel,Słonka,62,Warszawa,HR,9061,27,False,mid,2020
275,Radosław,Krasa,48,Wrocław,Marketing,6123,13,False,junior,2019
276,Fabian,Pokusa,31,Gdańsk,Support,16249,7,False,lead,2022
277,Kalina,Szajda,37,Łódź,Support,5078,8,False,junior,2016
278,Olga,Duchnik,25,Gdańsk,IT,14906,2,True,mid,2016
279,Gustaw,Rębiś,52,Kraków,Support,15478,6,True,senior,2013
280,Hubert,Zimoląg,52,Gdańsk,IT,8761,29,False,junior,2020
281,Sandra,Byzdra,40,Łódź,HR,9536,12,False,mid,2024
282,Fryderyk,Nytko,28,Poznań,Operations,17518,6,False,lead,2020
283,Tymoteusz,Wnuczek,48,Warszawa,IT,11892,1,False,mid,2023
284,Nicole,Kij,40,Kraków,Sales,8055,4,False,junior,2020
285,Olga,Koronkiewicz,38,Gdańsk,Sales,18242,15,False,lead,2015
286,Jakub,Godzisz,30,Białystok,Sales,9040,8,False,mid,2011
287,Stefan,Mol,26,Wrocław,Operations,12618,0,False,senior,2010
288,Kornelia,Martyn,35,Warszawa,Sales,10779,8,False,mid,2025
289,Elżbieta,Fronczyk,23,Wrocław,IT,11694,0,False,mid,2019
290,Kazimierz,Bobko,23,Białystok,IT,17109,1,True,senior,2017
291,Sara,Basaj,34,Lublin,HR,9028,9,False,mid,2022
292,Bruno,Łusiak,51,Łódź,HR,4830,18,False,junior,2011
293,Lidia,Komperda,27,Poznań,IT,13201,3,True,mid,2012
294,Alan,Latko,53,Kraków,Support,9863,27,False,mid,2011
295,Karol,Kosno,36,Łódź,Sales,17104,3,False,lead,2018
296,Ida,Ligenza,56,Lublin,IT,7090,2,False,junior,2022
297,Józef,Deluga,26,Kraków,Operations,7214,2,False,junior,2020
298,Marek,Heczko,46,Katowice,Marketing,16616,24,True,senior,2011
299,Fabian,Zyguła,28,Warszawa,Sales,8239,3,False,junior,2022
300,Konrad,Chaber,42,Katowice,Finance,10765,0,False,mid,2022
301,Szymon,Pochopień,49,Łódź,IT,10509,5,False,mid,2012
302,Andrzej,Buchalik,27,Łódź,Sales,7097,2,False,junior,2021
303,Wojciech,Wacław,28,Kraków,Finance,6042,0,False,junior,2012
304,Urszula,Garbaciak,33,Poznań,Finance,12949,6,True,mid,2012
305,Aurelia,Wrześniak,60,Lublin,IT,13846,38,False,senior,2017
306,Ernest,Rajda,58,Wrocław,IT,8519,33,False,junior,2014
307,Blanka,Ćwierz,26,Wrocław,Sales,12830,1,True,mid,2017
308,Tymon,Bacia,62,Warszawa,IT,11120,31,False,mid,2020
309,Jan,Troka,61,Kraków,HR,13934,24,False,senior,2014
310,Dominik,Zmyślony,41,Łódź,Sales,10431,10,False,mid,2020
311,Kaja,Simon,40,Katowice,HR,17109,15,False,lead,2021
312,Kajetan,Gęca,29,Poznań,Marketing,10090,3,False,mid,2016
313,Eliza,Dłubak,50,Łódź,Operations,6675,25,False,junior,2025
314,Franciszek,Kozdrój,30,Łódź,Marketing,5502,4,False,junior,2024
315,Witold,Bystroń,60,Poznań,Support,9413,30,False,mid,2011
316,Marcel,Spadło,45,Poznań,Sales,16816,22,True,senior,2021
317,Łukasz,Hołysz,32,Gdańsk,Sales,10158,10,False,mid,2023
318,Marcelina,Hawrylak,28,Warszawa,Marketing,7556,0,False,junior,2017
319,Liwia,Waloch,50,Katowice,Sales,10212,11,False,mid,2010
320,Gaja,Sularz,52,Białystok,IT,7080,3,False,junior,2021
321,Sara,Wardziak,41,Warszawa,Sales,10594,10,False,mid,2024
322,Dorota,Prostak,42,Katowice,IT,9947,2,False,mid,2015
323,Krystyna,Krzan,37,Kraków,Finance,10159,5,False,mid,2015
324,Damian,Bałdys,33,Wrocław,Marketing,10041,10,False,mid,2023
325,Lidia,Chyb,46,Warszawa,Marketing,12456,0,False,senior,2013
326,Robert,Gregorczuk,56,Warszawa,IT,11504,11,False,mid,2020
327,Witold,Merda,60,Gdańsk,HR,8206,24,False,mid,2019
328,Jacek,Szajner,61,Warszawa,IT,7249,37,False,junior,2021
329,Angelika,Nowotka,31,Gdańsk,Sales,10793,8,False,mid,2015
330,Tadeusz,Parda,57,Warszawa,HR,7719,10,False,mid,2021
331,Monika,Choroś,22,Lublin,Support,6727,0,False,junior,2023
332,Stefan,Nowotnik,65,Lublin,Sales,11926,31,True,mid,2017
333,Jeremi,Filak,40,Poznań,IT,8528,1,False,junior,2013
334,Alex,Siwka,58,Poznań,Support,4870,7,False,junior,2024
335,Rozalia,Grzejszczak,56,Warszawa,Operations,17219,13,False,lead,2011
336,Sebastian,Dawidczyk,50,Lublin,Finance,9470,8,False,mid,2016
337,Jerzy,Noculak,59,Gdańsk,Finance,13346,22,False,senior,2016
338,Marcin,Stochaj,25,Gdańsk,IT,10698,2,False,mid,2019
339,Bruno,Kokosza,58,Poznań,Support,16255,17,False,lead,2023
340,Urszula,Wielgos,25,Warszawa,Operations,13319,2,False,senior,2017
341,Kornel,Swiątek,65,Gdańsk,HR,9351,25,False,mid,2012
342,Roksana,Bieszke,62,Katowice,Marketing,10062,5,False,mid,2025
343,Stanisław,Szczubełek,42,Katowice,Marketing,7077,18,False,junior,2021
344,Sandra,Rubacha,26,Rzeszów,Operations,9322,4,False,mid,2019
345,Janina,Juraszczyk,43,Gdańsk,Sales,8998,17,False,mid,2011
346,Michał,Błasik,28,Wrocław,IT,15307,5,False,senior,2024
347,Aurelia,Zapadka,22,Łódź,IT,7151,0,False,junior,2018
348,Malwina,Kucz,27,Warszawa,Marketing,8412,5,False,mid,2022
349,Maks,Owsianka,62,Katowice,Finance,15889,19,True,senior,2010
350,Tobiasz,Henke,35,Gdańsk,Sales,5833,7,False,junior,2020
351,Sandra,Lempart,29,Poznań,IT,12919,6,True,mid,2013
352,Inga,Potok,42,Warszawa,Operations,12545,11,False,senior,2014
353,Borys,Kenig,26,Gdańsk,IT,10372,4,False,mid,2014
354,Borys,Wakuła,48,Lublin,IT,13004,19,True,mid,2022
355,Justyna,Smykla,44,Warszawa,HR,12766,13,True,mid,2019
356,Antoni,Prażmo,23,Gdańsk,IT,6723,1,False,junior,2017
357,Natan,Pryszcz,53,Poznań,Sales,5849,24,False,junior,2021
358,Olga,Gadzina,42,Lublin,Finance,9207,4,False,mid,2025
359,Leon,Łokietek,26,Warszawa,IT,11130,0,False,mid,2019
360,Roksana,Szymańczyk,62,Wrocław,Finance,14702,32,False,senior,2014
361,Ewelina,Łuszczak,39,Poznań,IT,11697,2,False,mid,2020
362,Kamila,Huber,47,Lublin,Marketing,12991,18,True,mid,2017
363,Sylwia,Waraksa,25,Wrocław,Finance,6766,1,False,junior,2015
364,Szymon,Tlałka,29,Łódź,IT,15642,0,False,senior,2018
365,Marianna,Rduch,32,Katowice,HR,4620,5,False,junior,2020
366,Marcelina,Ulewicz,49,Kraków,Support,9732,8,False,mid,2024
367,Franciszek,Szykuła,54,Lublin,IT,6921,23,False,junior,2013
368,Fryderyk,Job,36,Warszawa,Operations,9932,11,False,mid,2021
369,Bruno,Gawliczek,46,Rzeszów,IT,8217,4,False,junior,2017
370,Arkadiusz,Ruchała,42,Łódź,HR,12027,7,True,mid,2013
371,Fryderyk,Batóg,54,Katowice,Support,4982,3,False,junior,2024
372,Sandra,Deryło,40,Poznań,IT,11809,9,False,mid,2019
373,Maksymilian,Gumienna,61,Gdańsk,Sales,9600,15,False,mid,2017
374,Kacper,Buk,31,Warszawa,Sales,16839,0,False,lead,2020
375,Rozalia,Solarek,22,Łódź,IT,14475,0,False,senior,2023
376,Nataniel,Wojtak,53,Warszawa,HR,19448,3,True,lead,2023
377,Krzysztof,Panasewicz,45,Warszawa,IT,19115,14,False,lead,2012
378,Maciej,Jakimiak,59,Łódź,IT,7790,36,False,junior,2022
379,Antoni,Kalarus,42,Kraków,Support,10094,10,False,mid,2013
380,Ksawery,Orawiec,31,Wrocław,Finance,6350,1,False,junior,2024
381,Michał,Milewczyk,41,Warszawa,IT,8971,14,False,junior,2011
382,Marcin,Kamieniarz,35,Warszawa,Marketing,13823,13,False,senior,2011
383,Hubert,Winnik,65,Rzeszów,IT,8352,19,False,junior,2017
384,Oliwier,Lampart,28,Katowice,IT,10410,3,True,junior,2014
385,Przemysław,Bobko,34,Gdańsk,Sales,9860,6,False,mid,2012
386,Juliusz,Łabaj,23,Łódź,Operations,9358,0,True,junior,2013
387,Leonard,Szczechowicz,24,Białystok,Finance,7532,1,False,junior,2010
388,Oliwier,Gabryszak,46,Kraków,Support,9526,21,False,mid,2014
389,Miłosz,Witoń,24,Kraków,HR,9755,2,False,mid,2025
390,Dominik,Ciesielka,25,Warszawa,IT,8653,0,False,junior,2017
391,Szymon,Otremba,62,Rzeszów,Operations,14230,34,False,senior,2025
392,Aurelia,Nytko,44,Wrocław,IT,10397,18,False,mid,2010
393,Albert,Pilich,39,Poznań,Finance,13453,1,False,senior,2015
394,Konrad,Karpiel,28,Kraków,Operations,8229,1,False,mid,2017
395,Tola,Maciejewicz,58,Lublin,Operations,10426,24,False,mid,2020
396,Andrzej,Dziedzina,44,Łódź,Support,7006,18,False,junior,2016
397,Emil,Nieradzik,53,Warszawa,IT,6581,19,False,junior,2025
398,Ignacy,Wyroślak,22,Warszawa,IT,18825,0,False,lead,2011
399,Sylwia,Bruś,23,Białystok,Operations,9494,0,False,mid,2012
400,Maciej,Stawowczyk,45,Wrocław,IT,18058,22,False,lead,2015
401,Ewelina,Skotarek,49,Poznań,HR,9801,25,False,mid,2021
402,Leonard,Fornalik,36,Warszawa,HR,8021,10,False,mid,2015
403,Dorota,Sołoducha,22,Katowice,Sales,14103,0,False,senior,2017
404,Cyprian,Kotala,62,Poznań,HR,8920,36,True,junior,2020
405,Sandra,Malka,32,Warszawa,Marketing,13575,10,False,senior,2024
406,Marika,Pindor,22,Łódź,Finance,5505,0,False,junior,2011
407,Kornelia,Kucab,46,Rzeszów,Operations,13551,14,False,senior,2021
408,Róża,Leoniak,56,Poznań,Operations,5923,24,False,junior,2015
409,Marcin,Mrotek,50,Warszawa,IT,13928,2,False,senior,2012
410,Kajetan,Jarmuła,43,Warszawa,IT,13881,5,False,senior,2020
411,Angelika,Polnik,60,Wrocław,Marketing,13978,30,False,senior,2015
412,Jeremi,Wąsala,25,Rzeszów,Finance,10712,0,False,mid,2018
413,Julita,Chaba,64,Warszawa,Finance,7510,18,False,junior,2014
414,Karina,Bobko,25,Warszawa,Operations,6967,2,False,junior,2016
415,Justyna,Windak,28,Gdańsk,Support,5173,0,False,junior,2019
416,Tola,Wałek,47,Łódź,IT,10257,15,False,mid,2021
417,Kazimierz,Jargiło,46,Warszawa,Finance,6600,11,False,junior,2011
418,Andrzej,Bela,31,Kraków,Sales,8215,1,False,junior,2017
419,Dawid,Kość,57,Lublin,Finance,14444,3,False,senior,2017
420,Aniela,Krefta,52,Białystok,Marketing,7316,9,False,junior,2014
421,Marcelina,Nieradko,29,Rzeszów,Support,5216,7,False,junior,2011
422,Fryderyk,Droździk,49,Wrocław,Support,18137,2,False,lead,2018
423,Antoni,Rajda,42,Gdańsk,Sales,7928,2,False,junior,2024
424,Arkadiusz,Ulewicz,22,Warszawa,Sales,6210,0,False,junior,2013
425,Ada,Hutnik,58,Lublin,Operations,13081,6,False,senior,2022
426,Maks,Rzeźniczek,63,Poznań,IT,11993,31,False,mid,2022
427,Robert,Jessa,24,Kraków,IT,14600,1,False,senior,2021
428,Konstanty,Bobik,23,Kraków,HR,11902,1,False,senior,2017
429,Gaja,Solich,30,Wrocław,Operations,17707,4,False,lead,2012
430,Jacek,Wiraszka,34,Lublin,Marketing,6731,7,False,junior,2011
431,Mateusz,Kocurek,54,Łódź,Finance,7647,10,False,junior,2010
432,Rafał,Juszczuk,33,Warszawa,IT,16707,3,True,senior,2021
433,Tadeusz,Prasek,34,Wrocław,Finance,8625,4,False,mid,2017
434,Kalina,Wołoszyk,45,Warszawa,Operations,9432,15,False,mid,2021
435,Dagmara,Makulec,32,Łódź,HR,12167,4,False,senior,2016
436,Tadeusz,Maciejewicz,36,Warszawa,Marketing,5236,10,False,junior,2025
437,Lidia,Bandyk,30,Warszawa,HR,8751,2,False,mid,2018
438,Marika,Brząkała,49,Wrocław,IT,15632,12,False,senior,2022
439,Kacper,Gruszczyk,59,Rzeszów,Support,6999,6,False,junior,2019
440,Gustaw,Wójcikiewicz,41,Kraków,HR,8634,3,False,mid,2018
441,Olga,Bednarowicz,63,Warszawa,Marketing,7657,41,False,junior,2022
442,Andrzej,Gonet,64,Łódź,Marketing,9262,20,False,mid,2023
443,Elżbieta,Żero,47,Gdańsk,Support,13105,12,False,senior,2017
444,Lidia,Guzdek,65,Poznań,Support,8929,34,False,mid,2015
445,Liwia,Jonak,64,Warszawa,IT,8789,35,False,junior,2015
446,Kaja,Karkocha,65,Kraków,IT,11222,21,False,mid,2020
447,Krystyna,Pabiś,45,Wrocław,IT,14890,8,True,mid,2012
448,Maks,Kułach,52,Warszawa,Marketing,6892,28,False,junior,2011
449,Agnieszka,Pielech,31,Kraków,Support,17574,2,False,lead,2014
450,Norbert,Gubernat,42,Poznań,Sales,13037,5,False,senior,2010
451,Jerzy,Pizoń,50,Katowice,Sales,6160,8,False,junior,2014
452,Eryk,Piotrowiak,61,Wrocław,Support,7854,27,False,mid,2016
453,Ignacy,Kawulok,45,Katowice,Sales,15816,0,True,senior,2017
454,Julita,Roda,36,Kraków,IT,14753,11,False,senior,2015
455,Daniel,Chomik,26,Kraków,Marketing,6583,0,False,junior,2023
456,Przemysław,Jargieło,65,Białystok,Finance,10152,8,False,mid,2010
457,Karina,Klimko,36,Warszawa,Marketing,12892,3,False,senior,2013
458,Julianna,Trojanowicz,45,Warszawa,Operations,10190,22,False,mid,2011
459,Anna Maria,Niksa,60,Łódź,IT,11207,3,False,mid,2024
460,Ryszard,Pietrek,46,Poznań,IT,9538,3,False,mid,2019
461,Eryk,Szambelan,48,Poznań,Sales,7515,21,False,junior,2013
462,Olaf,Zegar,54,Katowice,Sales,6877,7,False,junior,2016
463,Kajetan,Miętus,44,Warszawa,Sales,10768,22,False,mid,2020
464,Bartek,Cięciwa,37,Warszawa,IT,8523,0,False,junior,2014
465,Ewelina,Friedrich,27,Łódź,Support,6570,4,False,junior,2019
466,Jacek,Bulanda,38,Lublin,Operations,6475,14,False,junior,2020
467,Mikołaj,Jędrys,49,Lublin,Operations,8566,23,True,junior,2015
468,Aleks,Brachaczek,43,Rzeszów,HR,13026,11,False,senior,2020
469,Hubert,Bajko,33,Rzeszów,HR,9458,1,False,mid,2023
470,Marika,Jędrusiak,63,Łódź,IT,7152,10,False,junior,2013
471,Bartek,Panasiewicz,48,Gdańsk,Finance,9968,18,False,mid,2010
472,Ryszard,Noras,65,Poznań,Operations,8259,8,False,mid,2018
473,Malwina,Sulich,63,Lublin,Sales,8114,20,False,junior,2017
474,Cyprian,Szłapka,64,Łódź,Sales,9818,21,False,mid,2025
475,Mikołaj,Szałaj,44,Wrocław,Operations,8223,21,False,mid,2010
476,Malwina,Początek,63,Poznań,Sales,10813,10,False,mid,2020
477,Wiktor,Masłoń,37,Warszawa,IT,19151,10,False,lead,2017
478,Marika,Bródka,27,Gdańsk,IT,10794,3,False,mid,2013
479,Aurelia,Broszkiewicz,53,Wrocław,Sales,9172,1,True,junior,2019
480,Mikołaj,Miodek,54,Wrocław,HR,8413,13,False,mid,2024
481,Krystian,Pieczyrak,43,Gdańsk,Marketing,14053,17,False,senior,2013
482,Sylwia,Godzisz,28,Warszawa,Finance,9695,6,False,mid,2021
483,Karol,Krekora,28,Poznań,Operations,13676,0,False,senior,2013
484,Ignacy,Jachna,38,Białystok,Finance,6280,6,False,junior,2020
485,Urszula,Golczyk,28,Białystok,Operations,9845,6,False,mid,2024
486,Gaja,Bancerz,64,Warszawa,Sales,16998,37,False,lead,2023
487,Artur,Sztuba,59,Katowice,Support,16411,30,False,lead,2014
488,Angelika,Zapadka,28,Gdańsk,HR,9214,3,False,mid,2017
489,Aniela,Samulak,39,Rzeszów,Finance,18190,12,False,lead,2019
490,Radosław,Kuster,57,Białystok,Sales,13990,20,False,senior,2021
491,Julianna,Roszkiewicz,65,Łódź,Support,17020,8,False,lead,2013
492,Norbert,Nojman,44,Gdańsk,Marketing,10386,17,False,mid,2019
493,Stanisław,Różak,49,Warszawa,Finance,8731,25,True,junior,2016
494,Oskar,Husak,39,Łódź,IT,21708,5,True,lead,2016
495,Nikodem,Korgul,56,Wrocław,Sales,11101,2,False,mid,2017
496,Bruno,Dykas,63,Poznań,Operations,8192,35,False,mid,2022
497,Maksymilian,Szczerbiak,46,Rzeszów,HR,15553,13,False,lead,2018
498,Tadeusz,Romaniak,34,Lublin,Finance,14006,9,False,senior,2016
499,Bianka,Drabczyk,34,Rzeszów,IT,11604,4,False,mid,2013
500,Damian,Pietrasiak,46,Gdańsk,IT,10544,1,False,mid,2010
501,Kalina,Żelazo,43,Warszawa,IT,13708,14,False,senior,2019
502,Gaja,Moniuszko,53,Łódź,Sales,7932,22,False,junior,2012
503,Aleks,Witas,54,Poznań,IT,10373,10,False,mid,2020
504,Jerzy,Nowotny,43,Rzeszów,Sales,8099,11,False,junior,2010
505,Ryszard,Kuffel,29,Białystok,Sales,8963,5,False,mid,2020
506,Agnieszka,Łyczak,46,Poznań,HR,9035,3,False,mid,2024
507,Jerzy,Dykas,53,Łódź,HR,7893,2,True,junior,2015
508,Julianna,Stąpor,56,Warszawa,Marketing,6937,34,False,junior,2013
509,Konrad,Drewicz,35,Lublin,Marketing,12495,8,False,senior,2014
510,Oliwier,Staniczek,23,Warszawa,IT,14531,1,False,senior,2012
511,Artur,Sołoducha,58,Wrocław,Finance,17795,14,False,lead,2010
512,Krystian,Migała,46,Warszawa,Marketing,10598,21,True,junior,2011
513,Julian,Cabała,26,Warszawa,Operations,16354,2,False,lead,2019
514,Stanisław,Krzywonos,50,Łódź,Sales,9358,12,False,mid,2022
515,Norbert,Kastelik,56,Warszawa,Marketing,17728,18,False,lead,2010
516,Nicole,Kunert,57,Warszawa,Sales,8042,35,False,junior,2012
517,Monika,Kołton,41,Białystok,HR,13599,6,False,senior,2014
518,Roksana,Przeklasa,32,Lublin,IT,8823,2,False,junior,2011
519,Emil,Jaremek,57,Warszawa,Marketing,9008,29,False,mid,2025
520,Olga,Adamaszek,43,Łódź,IT,7292,11,False,junior,2020
521,Nela,Kieloch,53,Łódź,Marketing,10521,28,False,mid,2021
522,Anastazja,Mila,42,Kraków,Operations,6786,13,False,junior,2018
523,Maksymilian,Cieplucha,45,Kraków,Sales,10051,4,False,mid,2025
524,Maciej,Soczówka,57,Gdańsk,Operations,5573,6,False,junior,2016
525,Kornelia,Balcewicz,38,Białystok,Operations,14383,2,False,senior,2022
526,Kazimierz,Halik,59,Poznań,Sales,18733,13,False,lead,2014
527,Iwo,Siara,45,Katowice,Marketing,7103,12,False,junior,2012
528,Tomasz,Kosela,47,Łódź,Operations,8679,11,False,mid,2014
529,Aurelia,Miksza,50,Rzeszów,Marketing,7180,5,False,junior,2021
530,Michał,Dulemba,24,Kraków,HR,12346,0,False,senior,2021
531,Cezary,Wyskiel,46,Lublin,IT,17922,15,False,lead,2018
532,Maciej,Fuławka,38,Wrocław,Sales,9118,5,False,mid,2018
533,Tymoteusz,Graj,46,Kraków,Operations,9974,7,False,mid,2010
534,Eliza,Narożna,54,Kraków,Sales,9415,8,False,mid,2015
535,Sara,Batóg,32,Lublin,Marketing,9552,5,False,mid,2013
536,Grzegorz,Olas,52,Warszawa,IT,9591,21,False,mid,2017
537,Justyna,Krzysztoszek,24,Warszawa,Sales,14144,0,True,mid,2014
538,Marika,Łodyga,25,Warszawa,Support,7008,1,False,junior,2010
539,Natasza,Andrearczyk,64,Warszawa,Sales,18772,18,False,lead,2015
540,Kalina,Borkiewicz,36,Warszawa,Sales,10892,13,False,mid,2018
541,Kazimierz,Posłuszna,32,Wrocław,Sales,10378,10,False,mid,2014
542,Paweł,Tonder,28,Lublin,Sales,6412,0,False,junior,2013
543,Miłosz,Tytko,33,Gdańsk,Operations,16481,7,False,lead,2012
544,Klara,Doktor,52,Gdańsk,Operations,6767,21,False,junior,2023
545,Anastazja,Nowotny,45,Wrocław,Support,9261,1,False,mid,2021
546,Blanka,Dąbroś,59,Warszawa,Sales,6143,36,False,junior,2019
547,Krystyna,Pyda,60,Warszawa,Marketing,10567,34,False,mid,2013
548,Agnieszka,Kopij,55,Warszawa,Operations,8436,0,False,mid,2014
549,Jędrzej,Deryło,49,Kraków,Sales,9928,20,False,mid,2022
550,Kazimierz,Lindner,35,Gdańsk,IT,11481,6,False,mid,2018
551,Olga,Kosznik,41,Łódź,Marketing,8687,18,False,mid,2017
552,Ida,Ławniczek,50,Warszawa,IT,10886,25,False,mid,2011
553,Jakub,Szok,32,Warszawa,IT,19958,6,False,lead,2023
554,Rozalia,Szaruga,27,Wrocław,Sales,7441,0,False,junior,2019
555,Klara,Majdak,60,Lublin,Sales,17626,3,False,lead,2019
556,Rafał,Pietraszkiewicz,34,Poznań,Marketing,12347,0,False,senior,2021
557,Olgierd,Rochowiak,37,Warszawa,HR,17118,0,False,lead,2022
558,Sonia,Mętel,59,Katowice,IT,13665,12,True,mid,2021
559,Sara,Wiza,44,Rzeszów,Finance,5519,8,False,junior,2018
560,Mikołaj,Kopciuch,33,Gdańsk,Sales,9279,6,False,mid,2018
561,Cezary,Święs,56,Rzeszów,Sales,10191,16,False,mid,2024
562,Adrian,Nowrot,65,Lublin,Sales,14367,29,False,senior,2017
563,Monika,Wójs,65,Wrocław,Finance,13578,14,False,senior,2017
564,Ada,Bulczak,40,Katowice,HR,8231,2,False,mid,2025
565,Antoni,Stiller,42,Gdańsk,IT,7278,11,False,junior,2025
566,Tadeusz,Rysz,34,Lublin,IT,14522,3,False,senior,2021
567,Damian,Dziuban,31,Warszawa,Support,4727,1,False,junior,2011
568,Bianka,Kusyk,52,Poznań,Support,8825,11,False,mid,2025
569,Bianka,Drela,33,Warszawa,Sales,10533,8,True,junior,2025
570,Tomasz,Zyguła,56,Wrocław,Marketing,8693,2,False,mid,2024
571,Oliwier,Zbylut,42,Warszawa,Sales,6863,0,False,junior,2015
572,Ignacy,Słomiany,57,Poznań,Sales,7842,16,False,junior,2023
573,Marcin,Kobak,35,Wrocław,Operations,12736,6,False,senior,2014
574,Aleks,Peszko,58,Łódź,Operations,13560,14,False,senior,2016
575,Jeremi,Dubis,31,Warszawa,Finance,10617,2,False,mid,2020
576,Karina,Łuczyk,53,Lublin,IT,10169,19,True,junior,2011
577,Andrzej,Rajtar,35,Lublin,IT,7564,13,False,junior,2021
578,Bianka,Dzierżak,45,Katowice,HR,8938,17,False,mid,2016
579,Ernest,Ciuła,58,Poznań,Support,9031,36,False,mid,2025
580,Apolonia,Hak,50,Gdańsk,Finance,6186,28,False,junior,2020
581,Łukasz,Rajman,48,Wrocław,Support,12107,20,True,mid,2017
582,Krzysztof,Mazik,42,Łódź,Sales,10622,10,False,mid,2021
583,Urszula,Barłóg,59,Wrocław,IT,21461,33,True,lead,2018
584,Dorota,Giers,27,Warszawa,IT,8746,1,False,junior,2011
585,Jakub,Małyszek,23,Rzeszów,IT,9845,1,False,mid,2022
586,Radosław,Żal,41,Kraków,Sales,6498,7,False,junior,2010
587,Julianna,Ryznar,24,Białystok,Operations,10214,2,False,mid,2018
588,Marika,Jaracz,57,Rzeszów,Sales,7670,28,False,junior,2023
589,Krystian,Fras,55,Poznań,IT,21761,19,True,lead,2021
590,Julita,Poczta,48,Warszawa,Sales,6358,8,False,junior,2021
591,Mieszko,Kapustka,40,Łódź,Sales,10027,15,False,mid,2010
592,Bianka,Husak,49,Kraków,IT,8186,25,False,junior,2023
593,Inga,Wyderka,47,Katowice,Finance,6577,7,False,junior,2012
594,Agnieszka,Przewoźniak,49,Katowice,Support,5813,20,False,junior,2019
595,Rafał,Brachaczek,63,Wrocław,Operations,13186,34,False,senior,2013
596,Tadeusz,Mleczek,62,Kraków,Sales,8879,29,False,mid,2014
597,Ernest,Molak,25,Warszawa,HR,4533,0,False,junior,2017
598,Klara,Zdziech,27,Warszawa,Finance,7541,1,False,junior,2021
599,Alex,Szymała,51,Kraków,Operations,12229,22,False,senior,2018
600,Lidia,Kuciak,47,Warszawa,Operations,9562,2,False,mid,2010
601,Fryderyk,Chwalisz,29,Rzeszów,IT,10315,3,False,mid,2024
602,Krystian,Judek,28,Warszawa,Finance,9823,4,False,mid,2015
603,Piotr,Byra,62,Poznań,IT,14723,2,False,senior,2016
604,Nela,Szczap,45,Warszawa,IT,14829,1,False,senior,2010
605,Kornel,Kominiak,32,Wrocław,IT,11880,4,False,mid,2025
606,Oskar,Żymełka,60,Warszawa,IT,13886,9,True,mid,2011
607,Monika,Dziechciarz,25,Łódź,Operations,8953,2,False,mid,2020
608,Anna Maria,Krzykała,57,Wrocław,IT,14967,22,False,senior,2014
609,Bartek,Piechna,38,Wrocław,HR,8277,1,False,mid,2015
610,Julian,Wyroba,56,Poznań,Operations,10271,22,False,mid,2015
611,Marcin,Koj,26,Kraków,HR,4502,4,False,junior,2022
612,Natasza,Kilar,33,Wrocław,Sales,9059,0,False,mid,2022
613,Błażej,Gryga,34,Katowice,IT,11178,8,False,mid,2020
614,Ewa,Foremniak,29,Warszawa,Operations,8128,1,False,mid,2016
615,Maksymilian,Jargiło,28,Warszawa,Sales,7806,3,False,junior,2018
616,Kornel,Sorbian,25,Łódź,IT,8512,2,False,junior,2012
617,Ewelina,Cukier,51,Wrocław,Marketing,9711,25,False,mid,2011
618,Alex,Chojna,61,Katowice,Operations,11884,17,True,mid,2013
619,Ada,Kretowicz,28,Wrocław,IT,8834,5,False,junior,2015
620,Rozalia,Kochanowicz,57,Warszawa,Sales,10678,35,False,mid,2023
621,Krzysztof,Kiljan,28,Poznań,Sales,14986,1,False,senior,2024
622,Stefan,Sadza,44,Rzeszów,Operations,9763,10,False,mid,2020
623,Tomasz,Witko,60,Warszawa,Marketing,9240,15,False,mid,2021
624,Oskar,Parkitna,50,Warszawa,IT,17566,14,False,lead,2014
625,Oskar,Leśny,41,Warszawa,Operations,12130,0,True,mid,2014
626,Leon,Tadla,28,Warszawa,HR,8523,0,False,mid,2017
627,Radosław,Kozaczuk,38,Wrocław,Support,6029,9,False,junior,2025
628,Aleksander,Golenia,33,Łódź,Sales,15238,7,False,senior,2019
629,Adam,Zapaśnik,24,Wrocław,Operations,13369,2,False,senior,2021
630,Maurycy,Zadora,49,Warszawa,Operations,18467,13,False,lead,2010
631,Kornelia,Kujawiak,62,Kraków,IT,10112,40,False,mid,2020
632,Andrzej,Materka,54,Łódź,Support,7137,14,False,junior,2012
633,Klara,Matwiejczyk,36,Wrocław,IT,11840,6,True,junior,2011
634,Grzegorz,Hrynkiewicz,57,Wrocław,Finance,6052,25,False,junior,2025
635,Tymoteusz,Drozdowicz,57,Łódź,IT,11647,12,False,mid,2017
636,Fryderyk,Boryczko,37,Wrocław,Marketing,5660,2,False,junior,2023
637,Tadeusz,Wochna,49,Kraków,Sales,13048,11,True,mid,2015
638,Janina,Widuch,44,Katowice,Sales,13756,19,False,senior,2016
639,Jerzy,Bazyluk,65,Łódź,IT,7495,23,False,junior,2014
640,Juliusz,Brzeźniak,40,Katowice,HR,8859,0,False,mid,2016
641,Juliusz,Pokusa,56,Poznań,HR,5078,13,False,junior,2010
642,Mateusz,Ostręga,46,Poznań,HR,19322,18,True,lead,2018
643,Roksana,Puła,25,Warszawa,Finance,9975,3,False,mid,2013
644,Inga,Tylka,23,Łódź,IT,13907,1,False,senior,2020
645,Wojciech,Gogol,53,Poznań,Finance,5588,5,False,junior,2011
646,Mieszko,Kulon,37,Wrocław,IT,10941,9,False,mid,2021
647,Radosław,Luberda,62,Rzeszów,Sales,6855,19,False,junior,2022
648,Kaja,Pacholczak,23,Kraków,Finance,7065,1,False,junior,2017
649,Iwo,Krzykała,48,Wrocław,HR,9339,7,False,mid,2014
650,Emil,Sajewicz,35,Poznań,Operations,6265,10,False,junior,2014
651,Ernest,Henke,49,Białystok,Support,6982,24,False,junior,2013
652,Karina,Łój,33,Warszawa,IT,15195,5,False,senior,2023
653,Marek,Baumgart,41,Lublin,Sales,13422,14,False,senior,2016
654,Anita,Moj,28,Katowice,Sales,8122,1,False,junior,2017
655,Aurelia,Golan,60,Warszawa,IT,7049,14,False,junior,2025
656,Gustaw,Linek,63,Wrocław,Sales,6726,23,False,junior,2011
657,Ewa,Parda,48,Białystok,Support,16530,24,False,lead,2016
658,Mateusz,Matwiejczyk,26,Rzeszów,Operations,17330,1,False,lead,2024
659,Franciszek,Golczyk,37,Warszawa,Marketing,9481,13,False,mid,2022
660,Sonia,Mazepa,61,Poznań,Operations,10132,36,False,mid,2013
661,Stefan,Sztuba,50,Warszawa,Support,13320,14,False,senior,2011
662,Olaf,Błażejak,57,Gdańsk,IT,11130,24,False,mid,2019
663,Maks,Rup,40,Kraków,Support,5282,14,False,junior,2024
664,Rafał,Namysł,63,Poznań,IT,8738,28,False,junior,2014
665,Iwo,Gebauer,47,Warszawa,Finance,9327,13,False,mid,2024
666,Sebastian,Piksa,27,Łódź,Marketing,8706,2,False,mid,2012
667,Patryk,Stein,29,Warszawa,Marketing,10295,7,False,mid,2015
668,Maciej,Fiołka,46,Katowice,Support,8314,17,False,mid,2015
669,Monika,Kuciel,31,Warszawa,HR,13327,2,False,senior,2019
670,Elżbieta,Fojt,62,Warszawa,IT,7536,11,False,junior,2010
671,Adrian,Woszczyna,51,Poznań,IT,14474,15,False,senior,2016
672,Gustaw,Słyk,59,Wrocław,Sales,14041,30,True,mid,2018
673,Urszula,Chlebek,61,Warszawa,IT,17929,35,True,senior,2011
674,Ksawery,Tyka,31,Lublin,HR,7700,0,False,mid,2013
675,Rozalia,Westfal,48,Kraków,Marketing,7544,5,False,junior,2015
676,Dariusz,Osman,51,Białystok,IT,11009,23,False,mid,2022
677,Nela,Wiesiołek,26,Warszawa,Sales,13924,3,False,senior,2020
678,Leon,Linka,55,Łódź,Sales,13966,26,True,mid,2012
679,Karina,Dziugieł,52,Białystok,Support,10193,23,False,mid,2020
680,Gustaw,Gąszczak,38,Gdańsk,Support,9733,16,False,mid,2025
681,Natan,Bochnia,53,Kraków,HR,11984,11,False,senior,2010
682,Oliwier,Fidura,51,Katowice,IT,15198,20,False,senior,2023
683,Igor,Pachołek,24,Katowice,IT,10653,1,False,mid,2018
684,Artur,Kuster,26,Poznań,Marketing,12565,2,True,mid,2020
685,Ewa,Prystupa,47,Rzeszów,Operations,9384,23,False,mid,2025
686,Dagmara,Zaraś,52,Warszawa,IT,8699,25,False,junior,2020
687,Tomasz,Bancerz,51,Białystok,IT,15814,25,False,senior,2020
688,Ewa,Romańczyk,57,Gdańsk,HR,5948,34,False,junior,2012
689,Błażej,Heinrich,31,Kraków,Finance,13179,4,False,senior,2022
690,Marcel,Gawliczek,33,Katowice,HR,4629,9,False,junior,2018
691,Leonard,Heczko,48,Kraków,Finance,9385,2,False,mid,2019
692,Błażej,Prokopiak,33,Warszawa,IT,14572,1,True,mid,2010
693,Fryderyk,Malka,52,Warszawa,Support,9844,28,False,mid,2019
694,Mariusz,Ostasz,42,Warszawa,Support,12243,4,False,senior,2016
695,Jerzy,Szumny,24,Lublin,IT,9680,1,False,mid,2012
696,Szymon,Cebulak,43,Warszawa,Marketing,12292,14,False,senior,2019
697,Melania,Skubis,62,Warszawa,HR,9306,13,False,mid,2013
698,Borys,Sołoducha,39,Warszawa,Support,5119,4,False,junior,2016
699,Wiktor,Kasiak,56,Kraków,Support,10051,22,False,mid,2017
700,Marcelina,Sornat,32,Białystok,Sales,11918,1,True,mid,2025
701,Emil,Januszewicz,65,Warszawa,Finance,7941,3,False,junior,2024
702,Kalina,Hermann,61,Lublin,Marketing,10385,22,False,mid,2012
703,Sebastian,Denkiewicz,51,Lublin,Support,6566,18,False,junior,2019
704,Piotr,Bukowiec,65,Wrocław,IT,14556,41,False,senior,2021
705,Anastazja,Fulara,47,Łódź,Operations,9856,5,False,mid,2025
706,Patryk,Kiljan,23,Kraków,Finance,9927,0,False,mid,2014
707,Julita,Rduch,54,Łódź,IT,9790,6,False,mid,2019
708,Tobiasz,Chalimoniuk,56,Wrocław,Sales,10775,29,False,mid,2022
709,Leonard,Bernard,26,Łódź,Finance,7823,2,False,junior,2020
710,Rozalia,Kudela,56,Łódź,Marketing,7193,15,False,junior,2013
711,Julianna,Maras,59,Warszawa,Finance,10162,29,False,mid,2012
712,Marcin,Kozieja,60,Gdańsk,Operations,8251,6,False,mid,2012
713,Urszula,Rompa,35,Gdańsk,Marketing,5800,13,False,junior,2014
714,Oskar,Jażdżyk,50,Gdańsk,Finance,6796,17,False,junior,2019
715,Marika,Wnuczek,58,Białystok,Marketing,16565,19,False,lead,2010
716,Kalina,Marchlewicz,61,Warszawa,HR,9748,32,False,mid,2011
717,Filip,Pacholczak,22,Kraków,IT,8917,0,False,junior,2022
718,Leonard,Szarejko,62,Wrocław,Finance,13210,20,False,senior,2025
719,Sara,Folga,30,Lublin,Finance,9681,3,False,mid,2014
720,Marek,Nesterowicz,30,Warszawa,Marketing,6988,0,False,junior,2014
721,Olgierd,Teper,27,Wrocław,Finance,10975,1,False,mid,2023
722,Leonard,Staniczek,61,Wrocław,Operations,8924,11,False,mid,2015
723,Maurycy,Juśkiewicz,49,Poznań,Marketing,6302,19,False,junior,2023
724,Ewa,Wajdzik,56,Warszawa,Sales,8176,23,False,junior,2025
725,Rafał,Samoraj,27,Poznań,Operations,13144,1,False,senior,2024
726,Agnieszka,Oleksiewicz,55,Gdańsk,IT,9819,5,False,mid,2019
727,Bruno,Soczewka,61,Poznań,IT,19421,3,False,lead,2020
728,Gaja,Szkoda,48,Katowice,HR,20947,11,True,lead,2019
729,Franciszek,Ziarno,58,Poznań,IT,10695,16,True,junior,2010
730,Józef,Pabis,40,Poznań,Operations,5542,15,False,junior,2018
731,Hubert,Wołodźko,39,Warszawa,IT,7119,8,False,junior,2024
732,Sylwia,Hendzel,45,Łódź,Sales,5935,5,False,junior,2020
733,Krzysztof,Dąbkiewicz,27,Lublin,Operations,9691,1,False,mid,2022
734,Bianka,Magier,37,Warszawa,Sales,13022,14,False,senior,2018
735,Julianna,Lesner,29,Wrocław,HR,6681,0,False,junior,2017
736,Jerzy,Kazimierczyk,46,Poznań,IT,13548,21,False,senior,2019
737,Tymon,Małysiak,50,Rzeszów,Marketing,13376,12,True,mid,2021
738,Gaja,Minkiewicz,49,Lublin,HR,15902,19,False,lead,2018
739,Jacek,Suchora,63,Katowice,Marketing,10611,37,False,mid,2016
740,Tymon,Zatoń,55,Rzeszów,HR,10534,21,True,mid,2012
741,Rozalia,Roczniak,22,Warszawa,Finance,6660,0,False,junior,2018
742,Tymoteusz,Malesza,34,Warszawa,Support,5588,0,False,junior,2013
743,Szymon,Dyś,29,Warszawa,Marketing,14518,1,False,senior,2015
744,Bartek,Budzyń,29,Poznań,Support,5832,2,False,junior,2023
745,Marek,Myk,64,Katowice,HR,9091,20,True,junior,2020
746,Kazimierz,Paśnik,25,Kraków,Finance,17321,2,False,lead,2022
747,Tymoteusz,Bobrowicz,33,Warszawa,Marketing,8635,10,False,mid,2024
748,Mikołaj,Cyganik,38,Warszawa,Marketing,5276,3,False,junior,2025
749,Sandra,Hankiewicz,31,Łódź,HR,17102,0,False,lead,2010
750,Oliwier,Pasieczna,54,Wrocław,Marketing,8487,31,False,mid,2017
751,Wiktor,Teodorowicz,22,Lublin,Sales,18270,0,False,lead,2020
752,Adrianna,Częścik,65,Gdańsk,Support,12889,19,True,mid,2020
753,Olgierd,Korab,27,Kraków,IT,15073,3,False,senior,2016
754,Tola,Kandzia,41,Gdańsk,Finance,17293,12,True,senior,2016
755,Aniela,Makoś,30,Łódź,Sales,6058,0,False,junior,2019
756,Borys,Grzelec,53,Warszawa,HR,15675,28,False,lead,2022
757,Aleksander,Białasik,29,Łódź,Finance,14697,3,False,senior,2014
758,Angelika,Posłuszny,59,Warszawa,IT,19430,14,False,lead,2011
759,Róża,Apostel,37,Gdańsk,Support,5098,4,False,junior,2024
760,Antoni,Surdyk,61,Warszawa,Operations,17437,10,True,senior,2017
761,Malwina,Jachimczak,26,Lublin,Support,9028,1,False,mid,2013
762,Blanka,Rejmer,65,Kraków,Support,7886,36,False,mid,2015
763,Dominik,Glenc,43,Warszawa,Finance,7766,2,False,junior,2015
764,Sara,Gowin,50,Warszawa,IT,19040,7,False,lead,2015
765,Maksymilian,Macek,23,Warszawa,Support,7131,1,False,junior,2019
766,Tymon,Stanisławek,48,Katowice,Marketing,13309,22,False,senior,2024
767,Hubert,Latek,48,Gdańsk,IT,19547,7,False,lead,2012
768,Janina,Elert,62,Warszawa,IT,14671,19,True,mid,2013
769,Arkadiusz,Kasak,61,Rzeszów,Sales,13652,23,False,senior,2018
770,Gaja,Potaczek,25,Warszawa,Operations,7037,1,False,junior,2015
771,Gustaw,Chalimoniuk,32,Warszawa,Finance,17529,10,False,lead,2020
772,Dorota,Świerad,61,Katowice,Support,4819,29,False,junior,2025
773,Kornelia,Teper,54,Kraków,Finance,7216,7,False,junior,2016
774,Oliwier,Piotrkowicz,65,Warszawa,IT,8189,20,False,junior,2016
775,Bianka,Jakubiuk,46,Gdańsk,IT,7385,7,False,junior,2024
776,Przemysław,Jas,33,Wrocław,IT,10604,6,False,mid,2016
777,Aniela,Staręga,43,Gdańsk,HR,9406,4,True,junior,2024
778,Olaf,Rzeszut,48,Warszawa,HR,12196,5,False,senior,2017
779,Natan,Broniarek,27,Poznań,Support,13595,3,False,senior,2018
780,Agnieszka,Bełz,22,Kraków,HR,13923,0,False,senior,2014
781,Urszula,Lelonek,58,Warszawa,Support,9765,0,False,mid,2011
782,Patryk,Bojczuk,49,Katowice,Marketing,13228,16,True,mid,2017
783,Marianna,Bojczuk,27,Łódź,Finance,13968,4,False,senior,2019
784,Juliusz,Maszczyk,37,Łódź,IT,8836,2,False,junior,2010
785,Marcin,Jaje,51,Lublin,Finance,14017,14,False,senior,2024
786,Lidia,Samul,62,Warszawa,Operations,12133,0,False,senior,2019
787,Tomasz,Stwora,49,Rzeszów,Sales,6131,24,False,junior,2020
788,Karol,Gruszczyk,25,Warszawa,Finance,13997,2,False,senior,2021
789,Kornelia,Grzech,33,Warszawa,Marketing,9571,10,False,mid,2017
790,Mariusz,Kolek,56,Katowice,Marketing,9059,7,False,mid,2017
791,Adrian,Roch,42,Poznań,Finance,17027,11,True,senior,2021
792,Stanisław,Smagała,50,Lublin,Sales,10982,15,False,mid,2019
793,Melania,Mordal,50,Łódź,Marketing,8468,19,False,mid,2016
794,Kornel,Posłuszna,51,Białystok,HR,4947,2,False,junior,2015
795,Marcel,Ryszkiewicz,39,Poznań,Operations,8092,3,False,mid,2019
796,Maks,Czerniakiewicz,48,Warszawa,HR,7587,21,False,mid,2019
797,Kaja,Drej,34,Katowice,Operations,6375,1,False,junior,2023
798,Mikołaj,Puła,59,Katowice,Sales,10971,21,False,mid,2024
799,Fabian,Szyguła,51,Białystok,HR,8428,9,False,mid,2025
800,Paweł,Mijas,45,Warszawa,Finance,13181,9,False,senior,2015
801,Dorota,Piegza,56,Warszawa,Marketing,5828,18,False,junior,2015
802,Marcin,Styn,37,Kraków,IT,7255,3,False,junior,2016
803,Karina,Wojtak,57,Rzeszów,IT,10165,2,False,mid,2019
804,Dominik,Janisz,29,Poznań,IT,10811,0,False,mid,2014
805,Dagmara,Zmuda,22,Kraków,Operations,10349,0,False,mid,2014
806,Oliwier,Irla,58,Warszawa,Sales,14056,28,True,mid,2013
807,Konstanty,Panasiewicz,41,Lublin,Finance,11725,0,True,mid,2016
808,Artur,Zawartka,59,Białystok,HR,9705,33,True,junior,2024
809,Marianna,Szylar,65,Rzeszów,Finance,18970,42,False,lead,2011
810,Melania,Biesaga,64,Łódź,Finance,8549,23,False,mid,2019
811,Dagmara,Kwasek,44,Wrocław,Sales,10619,11,False,mid,2023
812,Cezary,Kozaczuk,50,Łódź,Operations,6696,9,False,junior,2014
813,Grzegorz,Leszczuk,59,Kraków,Support,6073,5,False,junior,2012
814,Fabian,Boba,59,Wrocław,Support,6976,24,False,junior,2024
815,Nataniel,Cichowlas,58,Lublin,HR,5736,8,False,junior,2019
816,Grzegorz,Kominiak,53,Katowice,IT,8435,29,False,junior,2013
817,Julian,Matejuk,63,Poznań,Marketing,8688,18,False,mid,2018
818,Blanka,Osiadacz,53,Wrocław,Sales,9856,4,False,mid,2025
819,Julian,Bawoł,29,Gdańsk,Operations,8239,5,False,mid,2014
820,Antoni,Oleksiewicz,42,Warszawa,IT,15218,14,False,senior,2021
821,Liwia,Wacławczyk,25,Gdańsk,IT,7250,2,False,junior,2013
822,Albert,Getka,60,Lublin,Operations,9233,10,False,mid,2018
823,Agnieszka,Gogola,65,Gdańsk,Operations,10122,23,True,junior,2019
824,Damian,Lipowicz,45,Białystok,IT,11561,15,False,mid,2017
825,Fabian,Calik,34,Gdańsk,Operations,14179,12,False,senior,2013
826,Arkadiusz,Parzonka,48,Warszawa,IT,21926,14,True,lead,2019
827,Nicole,Wlazły,45,Białystok,Sales,14201,4,False,senior,2015
828,Karol,Garczyk,41,Warszawa,IT,14428,0,False,senior,2019
829,Mikołaj,Sulik,30,Warszawa,Marketing,5518,3,False,junior,2010
830,Damian,Dynak,52,Warszawa,IT,11929,24,False,mid,2011
831,Franciszek,Ochab,52,Warszawa,HR,18895,3,True,lead,2013
832,Maksymilian,Białk,60,Warszawa,Marketing,11796,13,True,mid,2018
833,Sara,Maligłówka,59,Lublin,Operations,10068,22,False,mid,2012
834,Kaja,Smykla,28,Warszawa,IT,10654,6,False,mid,2015
835,Sara,Krężołek,56,Warszawa,IT,19444,0,False,lead,2021
836,Jeremi,Ochnik,59,Rzeszów,IT,11054,11,False,mid,2023
837,Ida,Brzykcy,35,Warszawa,Support,5151,8,False,junior,2014
838,Mieszko,Kałwak,53,Gdańsk,IT,13973,23,False,senior,2022
839,Kamil,Latacz,40,Kraków,Support,9968,14,False,mid,2023
840,Tola,Łyczek,40,Warszawa,Operations,6505,13,False,junior,2015
841,Anna Maria,Małż,22,Wrocław,Sales,9288,0,False,mid,2014
842,Norbert,Bulanda,47,Rzeszów,Marketing,8891,12,False,mid,2012
843,Borys,Drobik,45,Gdańsk,Support,9439,6,False,mid,2025
844,Adam,Opoka,39,Katowice,Support,14170,8,False,senior,2022
845,Gabriel,Bok,53,Wrocław,IT,7445,17,False,junior,2014
846,Bruno,Biesaga,23,Lublin,Sales,16533,0,True,senior,2022
847,Sebastian,Melcer,60,Gdańsk,IT,11629,20,True,junior,2025
848,Juliusz,Bartoś,51,Poznań,Sales,8014,6,False,junior,2010
849,Arkadiusz,Engler,24,Warszawa,Finance,14312,1,False,senior,2024
850,Jan,Klęczar,24,Łódź,Operations,5672,0,False,junior,2025
851,Kornelia,Chlebek,49,Wrocław,Marketing,10209,4,False,mid,2025
852,Adrian,Ciećko,52,Poznań,Finance,14047,17,False,senior,2021
853,Ewelina,Imiołczyk,40,Gdańsk,IT,8891,10,False,junior,2010
854,Olaf,Męcik,62,Wrocław,Support,7931,21,False,mid,2017
855,Melania,Krzystek,37,Gdańsk,Support,11948,7,True,mid,2013
856,Maks,Armatys,43,Kraków,Finance,7826,5,False,junior,2023
857,Ewa,Kuśmider,39,Gdańsk,Support,9298,0,False,mid,2020
858,Maciej,Zaniewicz,58,Warszawa,Marketing,14259,6,False,senior,2020
859,Kacper,Bojarczuk,32,Rzeszów,IT,6808,9,False,junior,2016
860,Igor,Klisz,40,Rzeszów,Finance,5876,8,False,junior,2013
861,Jędrzej,Buszko,59,Gdańsk,Sales,7222,21,False,junior,2012
862,Marianna,Witka,63,Kraków,Marketing,9897,19,False,mid,2022
863,Olga,Sromek,38,Katowice,IT,14614,16,True,mid,2015
864,Urszula,Bartoś,58,Rzeszów,Marketing,7382,31,False,junior,2023
865,Oliwier,Polasik,58,Wrocław,IT,10729,3,False,mid,2023
866,Michał,Wudarczyk,48,Białystok,Sales,13893,10,False,senior,2019
867,Alan,Hołysz,63,Gdańsk,Finance,9286,10,True,junior,2010
868,Róża,Paczos,37,Gdańsk,Finance,8651,9,False,mid,2016
869,Olgierd,Kopij,32,Kraków,Operations,5720,4,False,junior,2011
870,Justyna,Usarek,53,Białystok,HR,4760,1,False,junior,2023
871,Dominik,Ruszel,45,Warszawa,Support,8275,21,False,mid,2017
872,Justyna,Kuczak,29,Lublin,Support,8731,1,False,mid,2025
873,Blanka,Koziarz,27,Katowice,HR,9097,1,False,mid,2017
874,Maksymilian,Tylman,49,Warszawa,Support,5741,6,False,junior,2011
875,Fabian,Pasieczna,53,Warszawa,Sales,9809,23,False,mid,2018
876,Natan,Wójcikiewicz,31,Wrocław,HR,9981,5,False,mid,2011
877,Józef,Citko,64,Katowice,IT,10766,3,False,mid,2021
878,Alan,Jarczyk,65,Kraków,Finance,13109,7,True,mid,2018
879,Apolonia,Gmurczyk,41,Katowice,HR,16156,2,False,lead,2024
880,Oliwier,Potaczek,62,Katowice,Finance,15828,20,True,senior,2025
881,Apolonia,Lemieszek,52,Lublin,Marketing,8611,23,False,mid,2015
882,Nataniel,Zmarzły,38,Wrocław,Marketing,6538,16,False,junior,2024
883,Tymon,Księżak,23,Warszawa,Finance,8512,0,False,mid,2022
884,Paweł,Rurarz,34,Gdańsk,IT,10032,10,False,mid,2023
885,Juliusz,Kopczyk,42,Katowice,HR,8841,14,False,mid,2019
886,Tymoteusz,Plona,34,Warszawa,Operations,10336,1,False,mid,2017
887,Marcin,Trojanowicz,23,Łódź,Sales,18694,0,False,lead,2016
888,Igor,Wojtalik,38,Gdańsk,Sales,7307,5,False,junior,2015
889,Anastazja,Musiolik,58,Poznań,Operations,7024,7,False,junior,2013
890,Sylwia,Wiza,36,Rzeszów,Operations,7024,11,False,junior,2022
891,Elżbieta,Śliż,30,Gdańsk,Support,12475,6,False,senior,2023
892,Sylwia,Czuryło,33,Warszawa,Support,13547,6,False,senior,2017
893,Kazimierz,Rajman,45,Wrocław,IT,10824,18,False,mid,2022
894,Jędrzej,Barteczko,65,Łódź,Marketing,12590,13,False,senior,2011
895,Monika,Gajdzik,25,Poznań,Finance,18950,2,False,lead,2011
896,Natasza,Basaj,22,Wrocław,Support,8241,0,False,mid,2011
897,Emil,Wyroślak,59,Poznań,Support,5240,11,False,junior,2012
898,Jacek,Kosowicz,42,Kraków,HR,9544,16,False,mid,2018
899,Adam,Szalast,45,Lublin,Sales,6880,13,False,junior,2020
900,Dorota,Bródka,49,Rzeszów,Marketing,10002,5,False,mid,2011
901,Fabian,Tołoczko,34,Warszawa,Sales,7713,2,False,junior,2023
902,Aniela,Wdowczyk,29,Wrocław,Marketing,7219,7,False,junior,2013
903,Adam,Bany,31,Warszawa,HR,9583,1,False,mid,2018
904,Stefan,Fiedorczuk,58,Rzeszów,Sales,10505,13,False,mid,2012
905,Tomasz,Grzelec,37,Lublin,IT,9999,15,False,mid,2022
906,Gaja,Krystkowiak,45,Warszawa,HR,20385,18,True,lead,2025
907,Ernest,Bociek,51,Gdańsk,IT,19355,20,False,lead,2020
908,Elżbieta,Rębiś,58,Warszawa,Sales,6027,8,False,junior,2012
909,Maciej,Mirończuk,57,Kraków,IT,8133,24,False,junior,2012
910,Anita,Ładniak,23,Katowice,HR,5131,0,False,junior,2013
911,Rafał,Glonek,41,Katowice,Support,14171,15,False,senior,2014
912,Lidia,Dawiec,44,Wrocław,IT,8089,21,False,junior,2025
913,Krystian,Łukowicz,39,Wrocław,Finance,7244,13,False,junior,2012
914,Aniela,Małota,24,Wrocław,IT,10135,2,False,mid,2025
915,Cyprian,Żelasko,55,Poznań,IT,7730,33,False,junior,2014
916,Karol,Jonik,30,Poznań,HR,14813,4,True,senior,2011
917,Tymoteusz,Rejniak,54,Wrocław,Finance,9537,6,False,mid,2021
918,Witold,Karwala,38,Warszawa,Marketing,12946,2,False,senior,2022
919,Monika,Sabała,24,Łódź,HR,9342,0,False,mid,2018
920,Anna Maria,Zinkiewicz,43,Warszawa,Support,5135,5,False,junior,2023
921,Damian,Nagel,56,Warszawa,IT,8159,1,False,junior,2025
922,Mariusz,Małyszek,41,Gdańsk,Marketing,13817,19,False,senior,2019
923,Tobiasz,Semik,27,Warszawa,Operations,5770,1,False,junior,2010
924,Natan,Bochnak,35,Łódź,Finance,10706,7,False,mid,2016
925,Mikołaj,Imiela,27,Warszawa,Finance,16124,2,True,senior,2024
926,Józef,Stanisławek,53,Wrocław,IT,8104,30,False,junior,2011
927,Kornel,Klamka,43,Lublin,Finance,7530,0,False,junior,2019
928,Dagmara,Franaszek,24,Poznań,Marketing,10198,1,False,mid,2017
929,Ernest,Gogół,25,Kraków,IT,11208,0,False,mid,2025
930,Iwo,Indyka,29,Łódź,Finance,9160,7,False,mid,2019
931,Krystian,Borkiewicz,34,Kraków,IT,10889,7,False,mid,2024
932,Maksymilian,Sypuła,30,Wrocław,Finance,13975,4,False,senior,2025
933,Julian,Łepek,32,Łódź,IT,7209,9,False,junior,2016
934,Fabian,Bacia,32,Katowice,Support,8661,9,False,mid,2016
935,Kamila,Banachowicz,57,Wrocław,HR,16215,3,False,lead,2011
936,Gaja,Białach,26,Gdańsk,IT,10556,2,False,mid,2020
937,Karol,Laszczyk,44,Gdańsk,Operations,14111,1,False,senior,2013
938,Melania,Miękina,25,Rzeszów,Marketing,14700,3,False,senior,2013
939,Kornel,Dywan,57,Warszawa,IT,10981,2,False,mid,2015
940,Hubert,Posłuszna,40,Poznań,Operations,13489,14,False,senior,2020
941,Anna Maria,Deluga,30,Wrocław,Finance,13504,1,False,senior,2025
942,Kaja,Doruch,43,Warszawa,Finance,9977,9,False,mid,2017
943,Olgierd,Gniewek,31,Kraków,Operations,9676,8,False,mid,2024
944,Olgierd,Fiołka,55,Wrocław,Operations,18119,23,False,lead,2012
945,Grzegorz,Okraska,27,Rzeszów,IT,12651,2,True,mid,2014
946,Cyprian,Peda,58,Rzeszów,Operations,17211,3,False,lead,2023
947,Ada,Wojtyś,47,Lublin,Marketing,13609,21,False,senior,2010
948,Artur,Matla,39,Warszawa,Finance,10729,16,False,mid,2024
949,Marcin,Nałęcz,44,Warszawa,HR,11870,20,True,mid,2022
950,Gustaw,Wiercigroch,30,Kraków,IT,19635,8,False,lead,2020
951,Oskar,Jędraszczyk,62,Białystok,Sales,7044,10,False,junior,2023
952,Rozalia,Wawrzyk,54,Lublin,HR,12007,7,False,senior,2011
953,Anna Maria,Wdowczyk,63,Gdańsk,IT,10467,7,False,mid,2017
954,Natan,Westfal,44,Katowice,Marketing,6746,9,False,junior,2017
955,Adrian,Fryś,28,Warszawa,Operations,8600,2,False,mid,2023
956,Albert,Golda,48,Wrocław,IT,6819,2,False,junior,2021
957,Miłosz,Wawszczyk,65,Gdańsk,Operations,10393,33,False,mid,2025
958,Leon,Hanzel,62,Łódź,Support,17407,27,False,lead,2015
959,Monika,Zdziech,31,Łódź,IT,8667,8,False,junior,2013
960,Klara,Kukuczka,35,Katowice,Support,8186,7,False,mid,2023
961,Marek,Kuska,29,Kraków,Sales,13048,1,True,mid,2021
962,Ryszard,Dzienniak,41,Katowice,IT,9699,9,False,mid,2019
963,Adrianna,Sztaba,40,Katowice,IT,6776,6,False,junior,2011
964,Ewelina,Jaremko,48,Gdańsk,Support,9646,15,False,mid,2014
965,Fabian,Lepka,30,Katowice,Marketing,9532,8,False,mid,2012
966,Natasza,Wawrzyk,61,Kraków,Finance,10314,39,False,mid,2018
967,Eryk,Wojcik,63,Łódź,Sales,14065,5,False,senior,2013
968,Anita,Sulich,63,Rzeszów,Sales,8135,35,False,junior,2016
969,Marcelina,Kulus,52,Warszawa,Support,11777,16,False,senior,2018
970,Ryszard,Cisoń,35,Lublin,Sales,17985,3,True,senior,2020
971,Fryderyk,Dudczak,47,Lublin,IT,8199,18,False,junior,2010
972,Liwia,Oleksik,55,Warszawa,Support,8868,20,False,mid,2014
973,Miłosz,Łaś,33,Warszawa,Support,11941,4,False,senior,2020
974,Ksawery,Kara,33,Kraków,IT,14827,0,False,senior,2018
975,Sebastian,Jeżyna,46,Kraków,Sales,7883,3,False,junior,2022
976,Iwo,Solarek,29,Wrocław,Finance,7169,4,False,junior,2017
977,Karina,Żymełka,23,Gdańsk,IT,10014,1,False,mid,2019
978,Mariusz,Pośnik,58,Lublin,Sales,9383,26,False,mid,2021
979,Paweł,Mytnik,56,Poznań,Finance,14350,10,False,senior,2011
980,Eliza,Kozień,22,Gdańsk,Marketing,16446,0,False,lead,2025
981,Marcel,Szyda,39,Wrocław,Finance,14896,8,False,senior,2019
982,Karol,Fuławka,24,Gdańsk,HR,12003,0,False,senior,2014
983,Miłosz,Wakuła,57,Warszawa,Sales,14203,17,False,senior,2018
984,Aniela,Korab,50,Rzeszów,HR,6955,8,False,junior,2020
985,Tymon,Zaguła,23,Warszawa,Sales,9510,0,False,mid,2023
986,Justyna,Oleksiewicz,57,Poznań,Operations,12317,31,False,senior,2010
987,Borys,Łaś,64,Kraków,Operations,9466,28,False,mid,2022
988,Aniela,Piekart,33,Warszawa,Finance,16538,11,False,lead,2017
989,Nataniel,Hejduk,23,Łódź,IT,10741,1,False,mid,2017
990,Urszula,Lesisz,36,Warszawa,Sales,19282,7,False,lead,2016
991,Ewa,Szmaj,22,Gdańsk,IT,19549,0,False,lead,2025
992,Mariusz,Pik,32,Katowice,Marketing,5918,8,False,junior,2012
993,Ernest,Golon,59,Warszawa,Support,13842,8,False,senior,2018
994,Mariusz,Dzierwa,34,Rzeszów,Marketing,7494,10,False,junior,2024
995,Antoni,Siejak,22,Białystok,IT,11271,0,False,mid,2023
996,Oskar,Orawiec,39,Wrocław,Finance,9419,3,False,mid,2011
997,Józef,Lenc,39,Kraków,Finance,10842,13,False,mid,2010
998,Tymon,Matla,36,Warszawa,IT,10773,11,False,mid,2012
999,Piotr,Weremczuk,62,Poznań,Operations,6369,40,False,junior,2018
1000,Natasza,Szeja,37,Rzeszów,Operations,10128,3,False,mid,2017
1001,Sebastian,Gemza,26,Katowice,Sales,9150,4,False,mid,2011
1002,Natasza,Zagozda,24,Lublin,IT,11310,1,False,mid,2011
1003,Jan,Stypa,41,Warszawa,Marketing,9407,19,False,mid,2022
1004,Kacper,Feliksiak,47,Wrocław,Operations,8043,3,False,mid,2024
1005,Przemysław,Wawrzyk,46,Lublin,Sales,12906,14,False,senior,2024
1006,Krystian,Czochara,55,Warszawa,IT,11928,21,False,mid,2016
1007,Liwia,Szachniewicz,58,Kraków,Finance,10321,8,False,mid,2015
1008,Kamil,Pyc,37,Warszawa,HR,12965,4,False,senior,2019
1009,Stefan,John,59,Warszawa,HR,13010,34,False,senior,2010
1010,Emil,Smutek,55,Poznań,Operations,6728,9,False,junior,2021
1011,Franciszek,Kurc,34,Warszawa,IT,11448,3,False,mid,2024
1012,Sandra,Luberda,60,Gdańsk,HR,12846,21,False,senior,2015
1013,Róża,Siedlaczek,28,Białystok,Sales,13713,3,False,senior,2017
1014,Kamil,Kiciak,51,Poznań,Marketing,6739,19,False,junior,2016
1015,Sonia,Niksa,47,Warszawa,IT,15772,5,False,senior,2013
1016,Julita,Szybiak,31,Gdańsk,Support,7821,4,False,mid,2016
1017,Ida,Jędraszek,34,Lublin,Marketing,7471,4,False,junior,2017
1018,Tadeusz,Budzeń,33,Lublin,Support,8262,3,True,junior,2022
1019,Julian,Góraj,63,Warszawa,Finance,10025,7,False,mid,2015
1020,Marianna,Iwańczyk,55,Warszawa,IT,14276,27,False,senior,2016
1021,Maks,Kopyt,56,Kraków,Finance,8689,24,False,mid,2016
1022,Anita,Skalik,56,Kraków,IT,14017,18,False,senior,2025
1023,Daniel,Krauz,35,Poznań,Marketing,10283,11,True,junior,2022
1024,Karol,Piaseczna,63,Poznań,IT,11652,32,False,mid,2025
1025,Olgierd,Miszkiewicz,53,Wrocław,Support,4849,30,False,junior,2016
1026,Anna Maria,Gronkiewicz,36,Lublin,Finance,7044,14,False,junior,2015
1027,Dorota,Bryczek,45,Warszawa,IT,10940,8,False,mid,2017
1028,Dorota,Wszoła,59,Gdańsk,Finance,10175,2,False,mid,2021
1029,Michał,Szwiec,53,Warszawa,Finance,5810,20,False,junior,2021
1030,Natasza,Zdziech,27,Poznań,Sales,13732,2,False,senior,2013
1031,Tobiasz,Ścibior,29,Poznań,HR,8524,1,False,mid,2019
1032,Iwo,Piestrzeniewicz,65,Gdańsk,IT,8724,17,False,junior,2018
1033,Kacper,Maksimowicz,22,Kraków,Support,7075,0,False,junior,2010
1034,Krzysztof,Matyszczak,52,Katowice,IT,10429,20,False,mid,2016
1035,Tadeusz,Kostorz,52,Katowice,Marketing,10089,7,False,mid,2020
1036,Paweł,Maciuk,27,Wrocław,Support,13496,2,False,senior,2024
1037,Elżbieta,Reiter,57,Gdańsk,IT,9539,1,False,mid,2025
1038,Józef,Leks,64,Wrocław,Marketing,10402,22,False,mid,2019
1039,Aleksander,Nicewicz,42,Katowice,Support,6052,18,False,junior,2022
1040,Inga,Gryga,46,Warszawa,Finance,17846,6,False,lead,2024
1041,Tymoteusz,Borzych,62,Warszawa,Sales,11271,19,True,junior,2025
1042,Marcelina,Juraszczyk,23,Białystok,Finance,6692,0,False,junior,2012
1043,Malwina,Uzar,51,Warszawa,HR,9101,1,False,mid,2015
1044,Grzegorz,Mudlaff,29,Poznań,IT,10345,2,False,mid,2014
1045,Łukasz,Pakosz,35,Łódź,Sales,10071,4,False,mid,2016
1046,Róża,Janowiak,54,Warszawa,IT,11135,29,True,junior,2017
1047,Gustaw,Dziopa,55,Lublin,Finance,16873,21,False,lead,2019
1048,Aleksander,Miąsko,63,Lublin,Operations,8717,29,False,mid,2023
1049,Ksawery,Gaś,37,Łódź,Finance,13251,5,False,senior,2013
1050,Maciej,Piotrowiak,47,Kraków,Operations,18202,22,False,lead,2019
1051,Fabian,Juroszek,64,Łódź,IT,11764,4,False,mid,2013
1052,Ewa,Dulik,45,Poznań,Operations,12675,2,False,senior,2018
1053,Inga,Winnik,35,Warszawa,Sales,7691,8,False,junior,2022
1054,Iwo,Rychert,43,Wrocław,IT,17059,12,True,senior,2020
1055,Rafał,Koleśnik,64,Warszawa,Sales,10592,29,False,mid,2014
1056,Maurycy,Klisz,52,Warszawa,Operations,5725,26,False,junior,2019
1057,Franciszek,Dzwonnik,29,Łódź,IT,8304,6,False,junior,2021
1058,Kornel,Leszczuk,33,Białystok,Sales,12995,3,False,senior,2013
1059,Marcel,Tyczka,46,Warszawa,IT,10326,22,False,mid,2017
1060,Leonard,Szulim,45,Warszawa,IT,10287,7,True,junior,2012
1061,Blanka,Bronka,36,Lublin,Marketing,5380,14,False,junior,2023
1062,Monika,Cogiel,54,Kraków,Sales,15018,6,False,senior,2022
1063,Ernest,Matraszek,49,Warszawa,HR,8795,3,True,junior,2010
1064,Daniel,Chowaniak,46,Warszawa,Operations,9511,6,False,mid,2011
1065,Sonia,Balawender,26,Katowice,Sales,10996,1,False,mid,2015
1066,Eliza,Sadura,38,Rzeszów,Marketing,8744,3,False,mid,2020
1067,Karol,Białasik,33,Łódź,Support,11976,10,False,senior,2020
1068,Kaja,Drozdowicz,23,Gdańsk,IT,9554,1,False,mid,2017
1069,Kornelia,Plona,23,Katowice,Marketing,8445,0,False,mid,2014
1070,Grzegorz,Hnat,45,Warszawa,IT,11949,15,True,junior,2024
1071,Gustaw,Pabisiak,43,Gdańsk,Marketing,6899,4,False,junior,2019
1072,Paweł,Kwinta,23,Kraków,IT,14517,0,False,senior,2017
1073,Arkadiusz,Węgrzyk,60,Warszawa,Sales,13813,24,True,mid,2012
1074,Gustaw,Frydel,34,Warszawa,IT,14927,0,True,mid,2016
1075,Adrianna,Piwowarek,37,Poznań,IT,11236,2,False,mid,2015
1076,Marianna,Płoskonka,60,Gdańsk,Support,9670,15,False,mid,2012
1077,Sara,Wojtaszczyk,45,Poznań,Finance,10275,12,False,mid,2014
1078,Adrianna,Pietrusiak,52,Wrocław,IT,14729,0,False,senior,2014
1079,Maks,Jantos,57,Wrocław,Finance,7982,11,False,junior,2025
1080,Justyna,Parda,26,Poznań,IT,6552,2,False,junior,2021
1081,Adam,Drabczyk,53,Białystok,Support,17705,25,False,lead,2019
1082,Olga,Penkala,63,Lublin,Support,7016,37,False,junior,2015
1083,Ida,Kara,34,Kraków,Support,9787,12,False,mid,2025
1084,Damian,Bachanek,62,Łódź,Support,8692,23,False,mid,2025
1085,Julian,Tokaj,24,Łódź,Marketing,9270,1,False,mid,2024
1086,Monika,Bielas,65,Gdańsk,Support,4750,9,False,junior,2013
1087,Hubert,Rohde,27,Wrocław,Marketing,12529,5,False,senior,2016
1088,Marek,Zmyślony,49,Kraków,HR,13067,5,False,senior,2019
1089,Dariusz,Kucab,48,Łódź,IT,14910,24,False,senior,2014
1090,Ernest,Basak,39,Wrocław,HR,17514,6,False,lead,2010
1091,Filip,Tomal,28,Wrocław,Finance,14265,0,False,senior,2015
1092,Marcin,Stachewicz,33,Warszawa,Sales,6251,5,False,junior,2024
1093,Aniela,Berus,58,Warszawa,IT,7562,13,False,junior,2023
1094,Mariusz,Lada,50,Warszawa,Sales,20151,20,True,lead,2022
1095,Igor,Pasiak,29,Warszawa,IT,6912,4,False,junior,2010
1096,Sebastian,Wośko,25,Warszawa,Sales,13196,2,False,senior,2016
1097,Dariusz,Hejna,55,Poznań,Support,9690,0,False,mid,2025
1098,Jędrzej,Gramza,43,Wrocław,Operations,8981,19,False,mid,2021
1099,Konstanty,Breguła,64,Warszawa,Finance,8910,25,False,mid,2010
1100,Oliwier,Para,51,Łódź,Operations,10465,27,False,mid,2013
1101,Daniel,Czubaj,55,Katowice,IT,19446,17,False,lead,2023
1102,Eliza,Mikus,64,Gdańsk,Support,6175,12,False,junior,2011
1103,Melania,Piaścik,42,Poznań,Marketing,6626,14,False,junior,2023
1104,Błażej,Berek,52,Białystok,Marketing,12999,21,False,senior,2014
1105,Robert,Dyda,55,Poznań,IT,8747,32,False,junior,2024
1106,Adrianna,Neska,32,Poznań,Sales,17498,7,False,lead,2012
1107,Stefan,Tadla,28,Warszawa,Support,17270,3,False,lead,2018
1108,Marika,Pagacz,36,Poznań,Operations,5556,11,False,junior,2025
1109,Marcel,Rduch,27,Kraków,Sales,9064,5,False,mid,2020
1110,Wojciech,Terka,46,Łódź,Marketing,13989,22,False,senior,2017
1111,Tymoteusz,Płocharczyk,36,Warszawa,IT,7270,4,False,junior,2013
1112,Sara,Malcher,58,Kraków,Finance,6773,23,False,junior,2011
1113,Alex,Grund,59,Wrocław,Finance,6017,34,False,junior,2017
1114,Mieszko,Sromek,28,Lublin,HR,5715,3,False,junior,2017
1115,Wiktor,Leśna,53,Kraków,Marketing,5340,29,False,junior,2020
1116,Rozalia,Pietrak,41,Warszawa,Support,17659,16,False,lead,2016
1117,Radosław,Kielczyk,53,Wrocław,Support,12562,18,False,senior,2017
1118,Damian,Lukas,25,Łódź,HR,12152,1,False,senior,2010
1119,Tymoteusz,Lulek,57,Łódź,Support,9301,25,False,mid,2012
1120,Olgierd,Beker,55,Białystok,Marketing,5598,18,False,junior,2014
1121,Artur,Bulczak,42,Warszawa,Support,12370,18,False,senior,2014
1122,Ksawery,Jenek,50,Białystok,IT,10301,22,False,mid,2010
1123,Sebastian,Ufnal,45,Warszawa,Operations,13542,23,False,senior,2023
1124,Anastazja,Kwasek,65,Warszawa,Support,15914,10,False,lead,2013
1125,Olgierd,Wszoła,54,Rzeszów,Sales,8939,21,False,mid,2013
1126,Anita,Żero,37,Łódź,Support,9237,12,False,mid,2012
1127,Roksana,Haponiuk,51,Wrocław,Sales,12847,27,False,senior,2013
1128,Bianka,Fijoł,29,Gdańsk,Support,7103,1,False,junior,2025
1129,Dawid,Stanisławek,39,Warszawa,Sales,14576,3,False,senior,2019
1130,Fabian,Hejna,58,Warszawa,Support,5457,8,False,junior,2022
1131,Malwina,Matacz,23,Poznań,Operations,10125,1,False,mid,2013
1132,Klara,Mandrysz,35,Warszawa,Sales,15072,10,False,senior,2024
1133,Kalina,Wizner,42,Gdańsk,Marketing,9251,3,True,junior,2011
1134,Aurelia,Dybka,27,Wrocław,Sales,8800,0,False,mid,2017
1135,Hubert,Zaucha,41,Poznań,Operations,17822,1,False,lead,2014
1136,Wojciech,Chyb,58,Poznań,Support,9904,31,False,mid,2016
1137,Roksana,Malcharek,28,Kraków,IT,14381,5,False,senior,2014
1138,Eliza,Natanek,60,Wrocław,IT,6804,35,False,junior,2018
1139,Hubert,Murat,38,Warszawa,Finance,10242,12,False,mid,2014
1140,Bianka,Foit,56,Łódź,Support,5489,13,False,junior,2021
1141,Julianna,Tutka,58,Wrocław,IT,11276,32,False,mid,2022
1142,Adrian,Poreda,23,Warszawa,IT,6770,0,False,junior,2020
1143,Nela,Borak,62,Kraków,HR,8424,5,False,mid,2018
1144,Adam,Trepczyk,22,Rzeszów,Finance,12005,0,True,mid,2015
1145,Marcel,Sito,55,Katowice,IT,11843,19,False,mid,2019
1146,Marcin,Ciuba,57,Białystok,IT,11095,17,False,mid,2015
1147,Leon,Fiedoruk,44,Poznań,Sales,18753,21,False,lead,2014
1148,Kazimierz,Such,38,Łódź,Marketing,10524,0,False,mid,2018
1149,Artur,Futyma,25,Kraków,Sales,13549,2,False,senior,2024
1150,Eliza,Cheba,44,Kraków,Finance,9437,14,False,mid,2019
1151,Ryszard,Prystupa,62,Wrocław,HR,18825,5,True,lead,2012
1152,Maksymilian,Roczniak,37,Warszawa,Marketing,7218,2,False,junior,2010
1153,Konrad,Kościuszko,49,Łódź,Sales,10980,21,False,mid,2013
1154,Bianka,Parda,47,Białystok,Marketing,10388,0,False,mid,2021
1155,Hubert,Miozga,37,Rzeszów,Marketing,10344,1,False,mid,2017
1156,Emil,Pasich,33,Warszawa,Finance,13529,1,True,mid,2022
1157,Ewelina,Deluga,32,Kraków,Marketing,16682,5,False,lead,2019
1158,Nela,Zdancewicz,41,Warszawa,Marketing,6090,15,False,junior,2019
1159,Alan,Huber,63,Warszawa,Finance,14499,32,False,senior,2011
1160,Elżbieta,Golda,44,Kraków,Finance,12262,0,True,mid,2022
1161,Alan,Latko,44,Poznań,IT,7129,0,False,junior,2023
1162,Natan,Kwapis,29,Katowice,HR,6033,7,False,junior,2019
1163,Sylwia,Saternus,45,Poznań,HR,13299,13,False,senior,2015
1164,Antoni,Sacharczuk,30,Warszawa,Operations,12453,5,False,senior,2016
1165,Aleksander,Toma,40,Wrocław,HR,8315,1,True,junior,2025
1166,Aurelia,Zygmuntowicz,64,Poznań,Sales,6321,17,False,junior,2020
1167,Nikodem,Łabaj,47,Katowice,Operations,12441,16,False,senior,2010
1168,Anita,Skalik,30,Warszawa,Marketing,12601,2,True,mid,2023
1169,Antoni,Rejek,60,Kraków,Sales,9814,0,False,mid,2014
1170,Inga,Wojciech,54,Katowice,Operations,6013,11,False,junior,2023
1171,Emil,Deptuch,34,Katowice,Marketing,12942,7,False,senior,2016
1172,Andrzej,Sieczko,59,Warszawa,IT,7098,9,False,junior,2023
1173,Olga,Macioł,23,Warszawa,Finance,6447,0,False,junior,2017
1174,Agnieszka,Kupidura,43,Poznań,Sales,9902,13,False,mid,2021
1175,Stanisław,Tylka,39,Kraków,Operations,12002,11,False,senior,2011
1176,Monika,Ciochoń,64,Poznań,Support,8457,20,True,junior,2018
1177,Karina,Dłubak,53,Warszawa,Marketing,8733,23,False,mid,2020
1178,Gabriel,Kiliszek,45,Katowice,Sales,13775,23,False,senior,2018
1179,Julian,Bojczuk,35,Lublin,IT,9992,9,False,mid,2011
1180,Alex,Blank,59,Wrocław,IT,7904,12,False,junior,2019
1181,Mieszko,Bełz,52,Łódź,IT,8754,24,False,junior,2018
1182,Adrian,Pacholik,57,Wrocław,Marketing,12477,22,False,senior,2025
1183,Leonard,Syldatk,48,Poznań,IT,18028,16,False,lead,2019
1184,Melania,Baszak,24,Rzeszów,IT,8527,2,False,junior,2012
1185,Alex,Dybiec,32,Wrocław,Operations,13112,7,False,senior,2016
1186,Roksana,Plaskota,33,Warszawa,Marketing,7300,0,False,junior,2024
1187,Cezary,Olearczyk,54,Warszawa,Marketing,8900,16,False,mid,2017
1188,Witold,Wichłacz,24,Warszawa,IT,7044,2,False,junior,2018
1189,Patryk,Szałas,25,Warszawa,IT,19978,1,False,lead,2021
1190,Aleks,Biernacik,42,Lublin,HR,16707,2,False,lead,2020
1191,Sandra,Krekora,25,Warszawa,Support,11764,0,False,senior,2013
1192,Damian,Dąbroś,46,Gdańsk,Sales,7611,20,False,junior,2017
1193,Arkadiusz,Ochota,42,Gdańsk,Operations,6827,8,False,junior,2017
1194,Jędrzej,Warczak,49,Poznań,Sales,6521,11,False,junior,2016
1195,Damian,Krakowczyk,58,Warszawa,HR,16227,31,False,lead,2022
1196,Ida,Tekieli,65,Warszawa,Finance,7148,38,False,junior,2013
1197,Sonia,Kielich,55,Katowice,Sales,12884,8,False,senior,2013
1198,Norbert,Klęczar,22,Katowice,HR,6956,0,False,junior,2010
1199,Michał,Kasperczak,22,Lublin,Operations,11570,0,True,mid,2025
1200,Kamila,Składanek,58,Kraków,Sales,15026,28,False,senior,2018
1201,Róża,Karłowicz,62,Lublin,IT,8595,34,False,junior,2023
1202,Przemysław,Kazubek,31,Warszawa,Finance,17674,0,False,lead,2017
1203,Maks,Wejman,65,Łódź,Support,8151,24,False,mid,2017
1204,Franciszek,Hornik,28,Gdańsk,IT,9847,2,False,mid,2011
1205,Anastazja,Doktór,60,Poznań,Sales,6415,9,False,junior,2019
1206,Natasza,Lesiewicz,61,Warszawa,Support,8787,18,False,mid,2012
1207,Julita,Grochowina,22,Warszawa,IT,15459,0,False,senior,2012
1208,Dominik,Graś,29,Kraków,IT,18244,6,False,lead,2022
1209,Łukasz,Morawiak,44,Poznań,Support,9065,10,False,mid,2014
1210,Błażej,Woźniczko,63,Poznań,Sales,10996,15,False,mid,2017
1211,Dariusz,Zackiewicz,46,Wrocław,Sales,9698,2,False,mid,2012
1212,Olga,Zaraś,37,Rzeszów,IT,7047,11,False,junior,2013
1213,Aleksander,Trzop,25,Lublin,Operations,9885,2,False,mid,2014
1214,Mikołaj,Behrendt,57,Lublin,IT,7086,26,False,junior,2022
1215,Melania,Kwarciak,23,Łódź,Marketing,13632,1,True,mid,2015
1216,Olgierd,Jędrys,23,Warszawa,IT,11205,0,False,mid,2014
1217,Stefan,Gowin,33,Katowice,Marketing,13885,7,False,senior,2020
1218,Ernest,Korek,50,Warszawa,IT,12631,25,True,mid,2015
1219,Aniela,Melcer,54,Lublin,Marketing,7469,10,False,junior,2018
1220,Krystyna,Marchlewicz,58,Kraków,Support,8076,32,False,mid,2022
1221,Ignacy,Błądek,30,Warszawa,Finance,10790,3,False,mid,2012
1222,Patryk,Pierchała,51,Gdańsk,Operations,9521,15,False,mid,2023
1223,Mariusz,Joniak,34,Warszawa,Sales,5914,4,False,junior,2017
1224,Natan,Kozdroń,40,Warszawa,Sales,10066,5,False,mid,2016
1225,Dariusz,Wiekiera,57,Warszawa,HR,9813,12,False,mid,2011
1226,Julian,Sajewicz,58,Kraków,Support,9160,30,True,junior,2019
1227,Apolonia,Gryka,47,Katowice,Marketing,5598,16,False,junior,2020
1228,Nela,Tatarek,48,Poznań,Operations,12565,23,True,mid,2025
1229,Aleksander,Ostapiuk,59,Warszawa,Finance,5882,2,False,junior,2017
1230,Sebastian,Feliniak,35,Warszawa,Marketing,10254,12,False,mid,2020
1231,Józef,Gęca,50,Kraków,Sales,5963,25,False,junior,2022
1232,Lidia,Szulczyk,37,Gdańsk,Support,17737,6,False,lead,2013
1233,Agnieszka,Szurek,22,Kraków,Operations,12357,0,False,senior,2025
1234,Ida,Grabias,28,Białystok,IT,10988,3,False,mid,2021
1235,Arkadiusz,Niebudek,27,Katowice,HR,5548,0,False,junior,2024
1236,Alex,Świgoń,63,Rzeszów,Sales,17974,8,False,lead,2022
1237,Kamila,Janka,48,Warszawa,Finance,17784,19,False,lead,2021
1238,Radosław,Siebert,27,Wrocław,Operations,8174,5,False,mid,2011
1239,Natan,Krasa,37,Warszawa,Finance,5798,0,False,junior,2017
1240,Apolonia,Dunal,46,Kraków,Finance,10404,14,False,mid,2013
1241,Marika,Chadaj,27,Białystok,Support,12517,1,False,senior,2022
1242,Sylwia,Wijata,43,Rzeszów,Sales,10750,2,False,mid,2013
1243,Lidia,Wolańczyk,39,Warszawa,Finance,6811,14,False,junior,2011
1244,Kacper,Gęsiarz,60,Katowice,Operations,5874,24,False,junior,2011
1245,Kornel,Piekacz,35,Katowice,Finance,6221,13,False,junior,2012
1246,Kamil,Skalik,31,Warszawa,Operations,6719,1,False,junior,2016
1247,Janina,Stryjek,64,Warszawa,Operations,6216,16,False,junior,2015
1248,Szymon,Niksa,34,Poznań,Sales,18589,5,False,lead,2021
1249,Lidia,Żurawik,58,Gdańsk,Operations,14369,24,False,senior,2014
1250,Elżbieta,Orzeszek,42,Białystok,Support,5996,10,False,junior,2013
1251,Olaf,Głowiak,65,Łódź,Support,5214,26,False,junior,2024
1252,Mikołaj,Han,62,Warszawa,Support,6936,37,False,junior,2015
1253,Malwina,Forma,60,Warszawa,IT,6558,24,False,junior,2021
1254,Anna Maria,Gromala,45,Kraków,Operations,10044,0,False,mid,2024
1255,Fryderyk,Radzewicz,48,Lublin,Finance,9875,13,False,mid,2013
1256,Andrzej,Domżał,33,Warszawa,Sales,10362,7,False,mid,2019
1257,Anita,Gawłowicz,64,Łódź,Support,8106,27,False,mid,2012
1258,Kamil,Chomiak,28,Gdańsk,Finance,10731,0,False,mid,2013
1259,Kacper,Rutowicz,62,Katowice,Marketing,9067,28,False,mid,2017
1260,Jędrzej,Milej,51,Warszawa,Finance,10400,17,False,mid,2023
1261,Krystian,Ziółko,63,Wrocław,IT,7583,25,False,junior,2019
1262,Gabriel,Siudek,48,Białystok,Finance,9128,21,True,junior,2021
1263,Nela,Berek,55,Rzeszów,Support,9303,20,False,mid,2016
1264,Natasza,Jeżyna,61,Katowice,Sales,14399,25,False,senior,2015
1265,Stanisław,Buchholz,47,Wrocław,IT,11565,10,False,mid,2013
1266,Sebastian,Nojek,62,Lublin,Sales,15064,36,False,senior,2015
1267,Nikodem,Żugaj,42,Warszawa,IT,7126,6,False,junior,2010
1268,Arkadiusz,Łukasiuk,61,Warszawa,Finance,17034,34,False,lead,2024
1269,Malwina,Okła,62,Warszawa,Marketing,12993,40,False,senior,2017
1270,Albert,Górkiewicz,46,Warszawa,IT,6594,24,False,junior,2013
1271,Tymoteusz,Brzeźniak,29,Warszawa,IT,18239,7,False,lead,2012
1272,Ewelina,Czupryn,26,Białystok,IT,16589,3,True,senior,2023
1273,Inga,Świstek,26,Warszawa,Marketing,17484,3,False,lead,2024
1274,Błażej,Ligas,32,Białystok,Marketing,5328,2,False,junior,2013
1275,Karina,Mędrala,43,Gdańsk,Sales,9842,11,False,mid,2013
1276,Witold,Kość,34,Warszawa,Sales,7294,9,False,junior,2013
1277,Dagmara,Pilarek,35,Warszawa,Marketing,9296,0,False,mid,2018
1278,Artur,Brudny,52,Kraków,Sales,18830,6,False,lead,2023
1279,Stefan,Mysior,54,Kraków,IT,18651,25,False,lead,2022
1280,Nikodem,Pacholczak,28,Gdańsk,IT,15498,4,False,senior,2023
1281,Marika,Zaucha,50,Kraków,HR,12068,13,True,mid,2023
1282,Malwina,Ryndak,34,Białystok,Operations,8138,9,False,mid,2018
1283,Melania,Faltyn,59,Lublin,Sales,7242,26,False,junior,2022
1284,Jacek,Puła,23,Kraków,Operations,5297,0,False,junior,2016
1285,Marcel,Witka,64,Katowice,IT,9544,23,False,mid,2020
1286,Inga,Dorobisz,35,Kraków,IT,13661,7,True,mid,2016
1287,Ewa,Budych,55,Kraków,Sales,6106,13,False,junior,2023
1288,Mieszko,Pindral,65,Kraków,IT,11542,27,False,mid,2011
1289,Tymon,Pietrak,39,Wrocław,Sales,6768,13,False,junior,2010
1290,Maciej,Puła,40,Lublin,Support,8864,0,False,mid,2014
1291,Maksymilian,Duszczyk,47,Białystok,IT,13784,1,False,senior,2025
1292,Sara,Długozima,28,Łódź,HR,13139,6,False,senior,2012
1293,Juliusz,Piestrzeniewicz,57,Warszawa,HR,9520,20,False,mid,2013
1294,Malwina,Połom,45,Kraków,Operations,6322,19,False,junior,2023
1295,Ksawery,Towarek,36,Łódź,Operations,7201,2,False,junior,2010
1296,Julita,Kafel,25,Warszawa,IT,14580,2,False,senior,2020
1297,Melania,Szeja,61,Warszawa,IT,7017,24,False,junior,2020
1298,Jeremi,Pusz,31,Rzeszów,Finance,13001,9,False,senior,2017
1299,Dominik,Wnuczek,58,Rzeszów,HR,8425,30,False,mid,2012
1300,Julianna,Gogacz,38,Kraków,Operations,12843,9,False,senior,2012
1301,Andrzej,Szałas,26,Warszawa,IT,7269,3,False,junior,2025
1302,Liwia,Walenciak,28,Gdańsk,Sales,7077,2,False,junior,2024
1303,Jerzy,Myszk,63,Warszawa,IT,15079,9,False,senior,2024
1304,Oskar,Trzyna,61,Wrocław,IT,7758,32,False,junior,2013
1305,Kornel,Leżoń,31,Katowice,IT,14266,7,False,senior,2018
1306,Natasza,Pietrek,23,Wrocław,HR,7844,1,False,mid,2021
1307,Sebastian,Kusa,49,Poznań,Sales,9916,6,True,junior,2021
1308,Krystyna,Boruc,28,Łódź,Finance,10149,0,False,mid,2015
1309,Kalina,Bisaga,60,Poznań,Finance,9519,17,False,mid,2013
1310,Lidia,Fołta,36,Warszawa,HR,7913,1,True,junior,2018
1311,Ksawery,Laszkiewicz,36,Łódź,Finance,12598,14,True,mid,2025
1312,Stefan,Pabisiak,35,Kraków,HR,11512,2,False,senior,2013
1313,Stefan,Bandyk,33,Gdańsk,Marketing,17177,8,False,lead,2015
1314,Stanisław,Sporysz,42,Kraków,Finance,7443,2,False,junior,2023
1315,Dawid,Klemens,43,Kraków,IT,6539,0,False,junior,2021
1316,Anita,Gosek,52,Lublin,Sales,8871,18,True,junior,2019
1317,Ewelina,Jargieło,36,Katowice,Operations,12374,8,True,mid,2024
1318,Piotr,Przewoźna,53,Kraków,Sales,16855,22,False,lead,2021
1319,Urszula,Oleśkiewicz,41,Katowice,Operations,14440,10,False,senior,2025
1320,Kajetan,Szołtysik,29,Łódź,IT,10402,4,False,mid,2014
1321,Ewa,Rurka,44,Gdańsk,Marketing,6045,15,False,junior,2012
1322,Anastazja,Dadej,34,Rzeszów,Operations,9840,6,False,mid,2015
1323,Aleks,Wacławiak,38,Wrocław,Finance,13766,11,False,senior,2016
1324,Piotr,Zysk,24,Kraków,Sales,10663,2,False,mid,2021
1325,Radosław,Sykała,40,Poznań,Marketing,16815,3,False,lead,2019
1326,Dominik,Grzenia,61,Kraków,HR,7563,35,False,mid,2024
1327,Ryszard,Grochola,24,Gdańsk,IT,8262,0,False,junior,2021
1328,Inga,Korta,64,Warszawa,Operations,7056,0,False,junior,2014
1329,Anastazja,Stark,27,Rzeszów,IT,6830,5,False,junior,2019
1330,Łukasz,Kruś,36,Kraków,Operations,9730,0,False,mid,2022
1331,Dorota,Graboś,28,Gdańsk,IT,18820,2,False,lead,2014
1332,Jeremi,Handzel,65,Wrocław,IT,7717,12,False,junior,2024
1333,Kamil,Pabiś,56,Lublin,Finance,10310,11,False,mid,2020
1334,Miłosz,Hamerla,54,Wrocław,Finance,8613,22,False,mid,2010
1335,Róża,Pęksa,48,Gdańsk,HR,13597,2,False,senior,2021
1336,Juliusz,Budzeń,30,Lublin,IT,14015,8,False,senior,2022
1337,Daniel,Romańczyk,64,Katowice,Sales,9146,0,False,mid,2011
1338,Natan,Bancerz,39,Warszawa,HR,8857,3,False,mid,2011
1339,Gustaw,Adamiuk,29,Poznań,Sales,13358,0,False,senior,2017
1340,Eryk,Nikel,65,Kraków,HR,11526,40,False,senior,2025
1341,Olga,Michalkiewicz,61,Warszawa,Sales,6196,12,False,junior,2017
1342,Marianna,Parkitny,35,Lublin,Finance,11998,1,True,mid,2019
1343,Arkadiusz,Śmieszek,47,Lublin,Operations,17798,15,False,lead,2013
1344,Blanka,Dobrosz,49,Warszawa,Operations,8699,4,False,mid,2016
1345,Patryk,Kurach,52,Łódź,Support,5827,15,False,junior,2022
1346,Sebastian,Fołta,46,Wrocław,Operations,13160,22,False,senior,2024
1347,Kazimierz,Krekora,29,Kraków,Sales,7620,6,False,junior,2011
1348,Jan,Kosiak,44,Łódź,HR,8965,4,False,mid,2016
1349,Ernest,Tylec,44,Poznań,IT,11806,22,False,mid,2020
1350,Adrianna,Narożny,51,Warszawa,Operations,13613,22,False,senior,2012
1351,Cezary,Tytko,63,Poznań,Marketing,10276,30,False,mid,2018
1352,Emil,Tolak,30,Gdańsk,Sales,9076,5,False,mid,2011
1353,Anita,Chmara,23,Łódź,Sales,7125,0,False,junior,2017
1354,Robert,Supernak,37,Warszawa,Operations,13720,3,False,senior,2012
1355,Olgierd,Pasiut,25,Lublin,IT,8984,2,False,junior,2010
1356,Marek,Barcz,33,Wrocław,IT,8779,5,False,junior,2016
1357,Ignacy,Osial,34,Łódź,IT,11277,4,False,mid,2016
1358,Norbert,Golus,27,Rzeszów,IT,10075,4,True,junior,2010
1359,Olga,Oczko,45,Lublin,HR,9663,13,False,mid,2025
1360,Nela,Baś,34,Poznań,Finance,10788,3,False,mid,2014
1361,Fabian,Pacholczak,26,Wrocław,IT,14618,3,True,mid,2019
1362,Ignacy,Naumiuk,28,Warszawa,Sales,12987,0,True,mid,2018
1363,Gustaw,Zmuda,46,Lublin,IT,11688,22,False,mid,2017
1364,Borys,Rup,55,Gdańsk,Sales,11187,32,False,mid,2025
1365,Łukasz,Wajer,38,Wrocław,IT,6743,0,False,junior,2014
1366,Marcin,Freitag,35,Kraków,Marketing,12455,8,False,senior,2017
1367,Mariusz,Bieszke,53,Gdańsk,Sales,12944,4,False,senior,2021
1368,Krystyna,Gilewicz,26,Gdańsk,IT,10030,3,False,mid,2018
1369,Julita,Florian,24,Poznań,Marketing,6442,0,False,junior,2017
1370,Przemysław,Stupak,23,Katowice,IT,8053,0,False,junior,2010
1371,Witold,Łukasz,57,Katowice,Marketing,6948,30,False,junior,2014
1372,Gaja,Humeniuk,29,Gdańsk,Support,6105,7,False,junior,2023
1373,Maksymilian,Okła,25,Gdańsk,IT,8696,1,False,junior,2011
1374,Adrianna,Starościak,22,Warszawa,IT,13679,0,False,senior,2020
1375,Olgierd,Rajchel,44,Kraków,HR,9460,19,False,mid,2013
1376,Sylwia,Cecot,64,Białystok,IT,7962,4,False,junior,2017
1377,Stanisław,Pawlonka,50,Wrocław,Sales,9800,22,False,mid,2018
1378,Krystyna,Składanek,42,Warszawa,Support,9691,17,False,mid,2018
1379,Ksawery,Dorobek,27,Lublin,Sales,19064,1,False,lead,2016
1380,Julita,Grzela,29,Katowice,IT,15303,5,False,senior,2024
1381,Leon,Skubis,29,Warszawa,HR,7846,0,False,mid,2011
1382,Angelika,Gogol,39,Lublin,Finance,12342,12,True,mid,2022
1383,Oliwier,Łukasz,33,Warszawa,HR,8924,10,False,mid,2010
1384,Gabriel,Skrobot,60,Białystok,Operations,16112,21,False,lead,2020
1385,Janina,Szatanik,61,Katowice,Support,12147,27,False,senior,2022
1386,Tomasz,Ostręga,65,Białystok,Finance,14827,18,False,senior,2018
1387,Apolonia,Olma,32,Rzeszów,IT,10649,6,False,mid,2018
1388,Adam,Fal,27,Kraków,Sales,16923,1,True,senior,2021
1389,Adrian,Korab,39,Katowice,Sales,15128,8,False,senior,2020
1390,Urszula,Krzykała,38,Warszawa,IT,13969,5,True,mid,2025
1391,Sylwia,Kurant,62,Warszawa,Support,7199,35,False,junior,2020
1392,Melania,Obuchowicz,26,Katowice,HR,5021,3,False,junior,2017
1393,Norbert,Kuziora,62,Gdańsk,IT,9657,11,True,junior,2015
1394,Michał,Tylman,65,Gdańsk,IT,13749,32,False,senior,2018
1395,Juliusz,Łudzik,38,Lublin,Finance,10959,0,False,mid,2017
1396,Jakub,Pasieczna,44,Wrocław,Sales,7134,3,False,junior,2021
1397,Przemysław,Maculewicz,65,Wrocław,HR,9986,26,True,junior,2021
1398,Wojciech,Denkiewicz,43,Wrocław,Support,11827,13,False,senior,2015
1399,Kaja,Natanek,45,Warszawa,Sales,9666,1,True,junior,2020
1400,Wiktor,Migoń,54,Łódź,Support,14086,32,False,senior,2011
1401,Stanisław,Głowienka,64,Rzeszów,IT,13419,9,True,mid,2023
1402,Krzysztof,Macha,56,Poznań,IT,15648,7,False,senior,2024
1403,Filip,Weremczuk,42,Gdańsk,Support,6182,8,False,junior,2017
1404,Kalina,Cader,51,Warszawa,IT,15179,10,False,senior,2021
1405,Łukasz,Szajner,27,Warszawa,Finance,9443,2,False,mid,2024
1406,Sandra,Maszczyk,48,Lublin,IT,11169,7,False,mid,2014
1407,Fryderyk,Zagozda,60,Kraków,IT,15568,16,False,senior,2014
1408,Albert,Łasak,58,Katowice,Operations,8063,31,False,mid,2015
1409,Maksymilian,Pietrusiewicz,29,Poznań,Support,5217,6,False,junior,2011
1410,Rozalia,Szczepaniuk,49,Rzeszów,IT,11089,0,False,mid,2023
1411,Nataniel,Szynkiewicz,44,Gdańsk,Marketing,12578,4,True,mid,2013
1412,Kajetan,Dziadkiewicz,24,Kraków,Finance,14342,0,False,senior,2023
1413,Kamila,Czopik,40,Katowice,Marketing,14286,15,False,senior,2012
1414,Hubert,Rode,31,Wrocław,Sales,10596,0,False,mid,2015
1415,Artur,Chołody,54,Warszawa,HR,17810,17,False,lead,2023
1416,Jakub,Gołota,40,Katowice,Support,11562,10,True,mid,2023
1417,Michał,Pilarek,55,Gdańsk,IT,9985,17,False,mid,2019
1418,Marcelina,Plizga,39,Lublin,HR,9982,15,False,mid,2013
1419,Inga,Mosiołek,36,Warszawa,Sales,6491,10,False,junior,2010
1420,Ewelina,Toś,60,Poznań,Operations,19105,2,True,lead,2021
1421,Olaf,Wylegała,35,Gdańsk,Marketing,18058,4,False,lead,2019
1422,Róża,Futyma,29,Wrocław,HR,8640,1,False,mid,2013
1423,Marcin,Giec,44,Kraków,IT,14873,2,False,senior,2018
1424,Rafał,Maciuszek,51,Łódź,IT,13657,20,False,senior,2023
1425,Kamil,Płaneta,28,Kraków,Operations,12145,5,False,senior,2010
1426,Sandra,Jantos,37,Lublin,IT,11425,4,False,mid,2014
1427,Kacper,Kopyt,53,Kraków,IT,15614,11,False,senior,2016
1428,Gabriel,Rohde,22,Gdańsk,IT,8212,0,False,junior,2018
1429,Oskar,Moneta,61,Kraków,HR,8237,24,False,mid,2019
1430,Filip,Grzebyk,36,Poznań,Operations,6462,14,False,junior,2025
1431,Franciszek,Pronobis,40,Rzeszów,Operations,6718,3,False,junior,2024
1432,Aleksander,Mizak,42,Warszawa,Finance,8965,7,False,mid,2021
1433,Monika,Piwek,47,Lublin,Operations,7461,22,False,junior,2023
1434,Rozalia,Szarejko,65,Kraków,IT,8175,15,False,junior,2011
1435,Adam,Gągała,57,Kraków,Finance,7132,20,False,junior,2018
1436,Nela,Capała,25,Warszawa,Sales,13633,2,True,mid,2023
1437,Jerzy,Wolańczyk,36,Poznań,Operations,16350,9,True,senior,2014
1438,Aurelia,Rećko,60,Łódź,Operations,9365,34,True,junior,2021
1439,Aurelia,Cieplucha,57,Poznań,Finance,9143,4,False,mid,2022
1440,Kazimierz,Stawinoga,36,Białystok,HR,12518,4,False,senior,2010
1441,Emil,Westfal,24,Poznań,Sales,12973,0,False,senior,2015
1442,Julian,Bujas,40,Gdańsk,Marketing,8706,9,True,junior,2022
1443,Angelika,Michniak,63,Katowice,HR,7802,25,True,junior,2023
1444,Klara,Mendyka,23,Poznań,Support,17109,0,True,senior,2022
1445,Jacek,Surdyk,34,Katowice,Finance,13737,9,False,senior,2018
1446,Dagmara,Kolendo,51,Rzeszów,Sales,7559,6,False,junior,2012
1447,Tymoteusz,Franków,36,Poznań,Support,8701,6,False,mid,2022
1448,Marianna,Wiraszka,23,Rzeszów,Marketing,14052,1,False,senior,2017
1449,Anastazja,Kałek,58,Kraków,Finance,9772,1,False,mid,2020
1450,Mieszko,Apostel,31,Warszawa,Operations,6023,1,False,junior,2012
1451,Fryderyk,Martyn,31,Poznań,Marketing,9152,6,False,mid,2011
1452,Anna Maria,Siejak,53,Katowice,Operations,13315,16,True,mid,2023
1453,Urszula,Ziarnik,22,Katowice,Operations,9282,0,False,mid,2017
1454,Krystian,Szyndler,42,Poznań,Operations,12333,14,False,senior,2013
1455,Albert,Zacharek,49,Warszawa,IT,6997,22,False,junior,2015
1456,Julita,Winnik,34,Warszawa,Operations,14148,7,False,senior,2025
1457,Tadeusz,Solnica,30,Warszawa,IT,10610,8,False,mid,2020
1458,Artur,Kubiaczyk,61,Warszawa,HR,9020,23,False,mid,2018
1459,Julian,Ludwisiak,52,Kraków,Marketing,5754,14,False,junior,2015
1460,Marcelina,Kurant,55,Wrocław,IT,9522,30,True,junior,2019
1461,Melania,Kunda,34,Poznań,HR,12419,3,True,mid,2015
1462,Urszula,Majdan,26,Lublin,HR,11289,2,True,mid,2018
1463,Liwia,Dąbrowicz,40,Kraków,Sales,9843,13,False,mid,2016
1464,Tobiasz,Pelka,26,Łódź,HR,4919,4,False,junior,2014
1465,Juliusz,Łukowiak,55,Katowice,Sales,10739,24,False,mid,2016
1466,Kornel,Koperek,32,Rzeszów,IT,14100,0,False,senior,2014
1467,Maksymilian,Mirończuk,32,Kraków,Operations,17095,7,True,senior,2024
1468,Leonard,Trybuś,49,Kraków,Marketing,9810,21,False,mid,2022
1469,Julita,Cyba,46,Kraków,Sales,11279,22,False,mid,2016
1470,Rafał,Gomuła,32,Łódź,Operations,14007,10,False,senior,2018
1471,Cezary,Glegoła,65,Wrocław,HR,11997,7,True,mid,2024
1472,Maciej,Czerniakiewicz,64,Warszawa,Sales,13582,22,False,senior,2022
1473,Wojciech,Łągiewka,45,Rzeszów,IT,18298,5,False,lead,2010
1474,Julianna,Gadzina,59,Białystok,Support,7753,19,False,mid,2018
1475,Melania,Wałdoch,24,Poznań,IT,7536,2,False,junior,2018
1476,Malwina,Radke,62,Lublin,Operations,18488,3,False,lead,2024
1477,Józef,Krzywoń,53,Lublin,Marketing,8356,11,False,mid,2021
1478,Bartek,Leszkiewicz,23,Warszawa,Operations,15489,0,True,senior,2011
1479,Rafał,Plewnia,50,Kraków,Operations,12795,20,False,senior,2010
1480,Ignacy,Prażuch,43,Kraków,Marketing,14603,21,False,senior,2021
1481,Malwina,Boruń,55,Wrocław,Operations,16266,0,False,lead,2016
1482,Gabriel,Pilich,54,Warszawa,Finance,13313,9,False,senior,2023
1483,Tadeusz,Skałka,33,Lublin,IT,14936,10,False,senior,2013
1484,Kazimierz,Wykręt,43,Łódź,Sales,9276,14,False,mid,2012
1485,Ryszard,Kłosowicz,33,Kraków,Sales,9493,11,True,junior,2010
1486,Roksana,Oleksak,35,Warszawa,Marketing,8982,10,False,mid,2014
1487,Maurycy,Indyk,41,Kraków,HR,9195,1,False,mid,2017
1488,Robert,Gamoń,34,Warszawa,HR,12583,4,False,senior,2012
1489,Ida,Kwapisiewicz,53,Kraków,Sales,9498,22,False,mid,2011
1490,Sonia,Minta,59,Gdańsk,Support,5882,24,False,junior,2016
1491,Oskar,Rolek,43,Katowice,HR,8363,16,False,mid,2018
1492,Natasza,Wawrzeńczyk,35,Białystok,Sales,7746,7,False,junior,2014
1493,Alex,Łukowiak,51,Gdańsk,Marketing,9520,18,False,mid,2013
1494,Leonard,Szmelter,62,Warszawa,Finance,12910,22,False,senior,2015
1495,Klara,Szwaja,44,Poznań,Marketing,7069,9,False,junior,2023
1496,Sylwia,Rajman,47,Kraków,Finance,14143,15,False,senior,2019
1497,Borys,Szczepan,24,Białystok,Sales,13903,0,False,senior,2022
1498,Tymon,Marcol,59,Warszawa,HR,6646,1,False,junior,2016
1499,Robert,Jędrys,58,Kraków,Support,5966,8,False,junior,2014
1500,Janina,Szmuc,44,Wrocław,Marketing,8904,14,False,mid,2019
1501,Urszula,Matura,41,Lublin,Finance,6131,2,False,junior,2021
1502,Marcin,Hyjek,22,Warszawa,Sales,6670,0,False,junior,2025
1503,Kornel,Bastek,64,Łódź,Marketing,15726,24,True,senior,2020
1504,Fryderyk,Sadlak,30,Białystok,Operations,13739,6,False,senior,2022
1505,Andrzej,Chorążewicz,56,Łódź,Support,13192,4,True,mid,2015
1506,Krystyna,Żyto,37,Poznań,IT,11130,11,False,mid,2012
1507,Natan,Fabiszak,63,Warszawa,IT,7890,14,False,junior,2022
1508,Marika,Korniak,63,Kraków,Finance,8642,11,False,mid,2018
1509,Marika,Kubasiewicz,48,Łódź,Operations,5338,5,False,junior,2021
1510,Alan,Kupś,65,Wrocław,Operations,8527,6,False,mid,2022
1511,Maks,Dziewit,65,Łódź,Marketing,5423,29,False,junior,2019
1512,Sebastian,Majczyna,49,Warszawa,Operations,14056,8,False,senior,2021
1513,Inga,Górnisiewicz,52,Poznań,Finance,10236,22,False,mid,2022
1514,Daniel,Stark,65,Kraków,Support,5509,5,False,junior,2024
1515,Rozalia,Soczewka,49,Warszawa,Operations,8205,1,False,mid,2021
1516,Stanisław,Koziarz,38,Kraków,Operations,8732,13,False,mid,2019
1517,Filip,Pałęga,44,Kraków,Sales,7263,13,False,junior,2011
1518,Igor,Filusz,56,Warszawa,IT,8521,25,False,junior,2023
1519,Franciszek,Melcer,39,Łódź,IT,19644,11,False,lead,2024
1520,Jan,Makosz,24,Warszawa,Sales,9214,0,False,mid,2022
1521,Sebastian,Kwapis,54,Gdańsk,HR,8253,5,False,mid,2018
1522,Jerzy,Kuropatwa,63,Wrocław,IT,14568,5,False,senior,2019
1523,Krystian,Zysk,61,Katowice,Marketing,13548,32,True,mid,2025
1524,Przemysław,Mortka,35,Kraków,Marketing,18254,12,False,lead,2011
1525,Agnieszka,Dydak,60,Łódź,HR,15576,25,False,lead,2023
1526,Stanisław,Senger,64,Wrocław,Operations,5397,8,False,junior,2017
1527,Karina,Galos,36,Warszawa,Sales,15295,0,False,senior,2024
1528,Ada,Paśnik,59,Kraków,Finance,8551,26,False,mid,2020
1529,Jan,Fidor,43,Wrocław,Finance,9362,10,False,mid,2015
1530,Bianka,Małys,65,Warszawa,Operations,6992,24,False,junior,2021
1531,Bartek,Ruszczak,27,Poznań,HR,13349,1,False,senior,2024
1532,Liwia,Serzysko,23,Warszawa,Finance,8595,0,False,mid,2019
1533,Jacek,Młotek,57,Wrocław,Sales,17305,31,False,lead,2013
1534,Stefan,Stosik,47,Warszawa,HR,6142,6,False,junior,2023
1535,Nela,Dywan,44,Gdańsk,HR,7932,6,False,mid,2020
1536,Kornelia,Hutyra,54,Wrocław,Marketing,7040,25,False,junior,2015
1537,Kajetan,Łuczkiewicz,33,Poznań,HR,5205,6,False,junior,2013
1538,Patryk,Korta,46,Rzeszów,Finance,9418,18,False,mid,2014
1539,Krystian,Gębura,61,Warszawa,Sales,8893,39,False,mid,2020
1540,Eryk,Boryczko,61,Gdańsk,Marketing,5293,15,False,junior,2022
1541,Anna Maria,Deryło,57,Lublin,IT,14480,32,False,senior,2015
1542,Maks,Giers,52,Warszawa,IT,16626,29,True,senior,2016
1543,Ewa,Drozdowicz,58,Łódź,Finance,9224,29,False,mid,2024
1544,Mariusz,Gołofit,54,Lublin,Operations,13002,7,False,senior,2024
1545,Róża,Sapa,26,Łódź,Finance,14425,0,False,senior,2022
1546,Andrzej,Duchnik,26,Lublin,Sales,19286,3,False,lead,2010
1547,Artur,Szyndler,50,Warszawa,Operations,12163,15,False,senior,2021
1548,Maksymilian,Supernak,47,Gdańsk,Finance,16924,22,False,lead,2014
1549,Filip,Deluga,38,Wrocław,Marketing,13195,3,False,senior,2025
1550,Olga,Toś,35,Gdańsk,IT,8513,4,False,junior,2017
1551,Albert,Pleban,38,Wrocław,Operations,7327,10,False,junior,2018
1552,Lidia,Wołczyk,60,Warszawa,HR,13019,2,False,senior,2021
1553,Mateusz,Kułach,40,Warszawa,Sales,18601,9,False,lead,2019
1554,Alan,Bohdanowicz,31,Kraków,Finance,5614,2,False,junior,2016
1555,Sonia,Szczot,59,Warszawa,Finance,7616,19,False,junior,2022
1556,Justyna,Glazik,52,Rzeszów,Sales,18852,19,False,lead,2020
1557,Kornel,Organiściak,55,Białystok,Sales,10774,23,False,mid,2015
1558,Patryk,Cheba,52,Łódź,IT,10345,28,False,mid,2017
1559,Liwia,Kolbusz,31,Łódź,IT,11543,4,False,mid,2024
1560,Olaf,Mzyk,58,Lublin,Operations,12935,0,False,senior,2016
1561,Nicole,Zbróg,45,Gdańsk,Support,5811,21,False,junior,2012
1562,Jeremi,Kobza,25,Kraków,HR,8503,3,False,mid,2017
1563,Igor,Frymus,51,Gdańsk,Sales,9578,5,True,junior,2012
1564,Konstanty,Ludwik,30,Warszawa,IT,11454,8,False,mid,2024
1565,Inga,Torbus,28,Warszawa,Operations,16959,4,True,senior,2013
1566,Filip,Filus,50,Warszawa,Sales,10028,2,False,mid,2010
1567,Jędrzej,Paśnik,59,Warszawa,Operations,12797,27,False,senior,2024
1568,Nikodem,Miksza,22,Gdańsk,Sales,14877,0,False,senior,2025
1569,Julian,Dzienniak,54,Kraków,Operations,17127,18,False,lead,2019
1570,Ewa,Tomalak,62,Katowice,IT,11587,28,True,junior,2025
1571,Radosław,Świgoń,53,Katowice,Marketing,10015,10,True,junior,2020
1572,Sylwia,Seidel,62,Warszawa,IT,14758,34,False,senior,2019
1573,Nicole,Cofała,42,Łódź,Support,8333,16,False,mid,2020
1574,Tobiasz,Przewłoka,32,Katowice,Operations,12643,3,False,senior,2020
1575,Rozalia,Trzpil,55,Katowice,Operations,9076,30,False,mid,2025
1576,Ernest,Rudyk,41,Kraków,Finance,7342,11,False,junior,2019
1577,Sebastian,Baum,49,Wrocław,Marketing,9874,18,False,mid,2021
1578,Maksymilian,Furga,63,Katowice,IT,18354,8,False,lead,2018
1579,Mieszko,Kiełbowicz,40,Wrocław,Finance,6316,11,False,junior,2016
1580,Oskar,Pawliczak,61,Kraków,IT,11464,32,False,mid,2025
1581,Jerzy,Patoła,24,Rzeszów,Marketing,10685,2,False,mid,2022
1582,Igor,Ignatiuk,25,Kraków,Sales,6964,0,False,junior,2013
1583,Gaja,Pilich,52,Warszawa,Support,12321,4,False,senior,2014
1584,Arkadiusz,Madejczyk,59,Gdańsk,Finance,10738,19,False,mid,2018
1585,Jeremi,Kurbiel,57,Łódź,IT,14785,33,False,senior,2021
1586,Aniela,Eckert,50,Warszawa,Finance,13864,23,False,senior,2016
1587,Olaf,Goliszek,65,Katowice,IT,11182,16,True,junior,2023
1588,Bianka,Mokwa,47,Warszawa,Sales,10898,25,False,mid,2021
1589,Kornelia,Mich,23,Rzeszów,Operations,18206,1,False,lead,2025
1590,Janina,Zuziak,40,Warszawa,IT,14786,18,True,mid,2013
1591,Fryderyk,Szczudło,56,Lublin,IT,15998,10,False,senior,2016
1592,Gustaw,Pajdak,26,Wrocław,Operations,12623,3,False,senior,2020
1593,Witold,Grzywnowicz,26,Kraków,Sales,10571,1,False,mid,2010
1594,Wojciech,Malarczyk,47,Gdańsk,Finance,9820,18,True,junior,2023
1595,Cezary,Golda,31,Gdańsk,Marketing,13020,4,False,senior,2021
1596,Fryderyk,Lukas,58,Warszawa,HR,9684,9,True,junior,2011
1597,Marcin,Trochim,30,Warszawa,Operations,8855,8,False,mid,2016
1598,Tobiasz,Grubba,41,Kraków,Support,9155,5,False,mid,2010
1599,Olgierd,Łój,30,Rzeszów,IT,7354,7,False,junior,2022
1600,Tomasz,Kusa,25,Warszawa,Operations,8510,3,False,mid,2012
1601,Norbert,Folga,33,Łódź,IT,17992,8,False,lead,2025
1602,Olgierd,Koniec,60,Kraków,IT,15576,22,False,senior,2021
1603,Jeremi,Noszczyk,52,Rzeszów,IT,11220,8,False,mid,2022
1604,Adrian,Pietryga,28,Kraków,IT,10731,2,False,mid,2017
1605,Daniel,Graś,27,Wrocław,Sales,9925,5,False,mid,2020
1606,Adrianna,Makar,24,Warszawa,IT,14074,0,False,senior,2025
1607,Dagmara,Wilkos,24,Warszawa,Marketing,9899,0,False,mid,2015
1608,Kalina,Małota,48,Poznań,IT,7243,5,False,junior,2021
1609,Szymon,Kośnik,29,Warszawa,Finance,6586,2,False,junior,2020
1610,Maks,Rębiś,23,Lublin,IT,11169,0,False,mid,2011
1611,Tomasz,Habdas,56,Łódź,IT,17928,24,True,senior,2017
1612,Arkadiusz,Tałaj,27,Warszawa,Sales,18998,3,False,lead,2024
1613,Ernest,Wika,30,Poznań,Support,9911,0,False,mid,2021
1614,Aleks,Rzeszut,61,Katowice,Operations,8898,6,False,mid,2014
1615,Tobiasz,Citko,31,Katowice,Marketing,8631,3,False,mid,2017
1616,Karol,Bystrek,36,Łódź,HR,6919,4,False,junior,2018
1617,Melania,Pelka,30,Łódź,Sales,8940,5,False,mid,2022
1618,Anita,Zastawny,62,Rzeszów,IT,14474,3,False,senior,2015
1619,Alan,Trawka,47,Poznań,Operations,7364,10,False,junior,2022
1620,Fryderyk,Mueller,50,Kraków,Finance,10607,6,False,mid,2020
1621,Sebastian,Paściak,43,Katowice,Sales,6195,5,False,junior,2020
1622,Emil,Wałek,55,Wrocław,Sales,6317,16,False,junior,2013
1623,Anastazja,Dworczak,36,Warszawa,Marketing,13623,7,False,senior,2019
1624,Wiktor,Komuda,50,Białystok,Support,8447,13,False,mid,2022
1625,Justyna,Wajdzik,54,Łódź,Operations,6449,12,False,junior,2014
1626,Sandra,Wijata,58,Katowice,Finance,10674,33,False,mid,2015
1627,Karina,Bruś,45,Warszawa,Sales,6422,5,False,junior,2023
1628,Igor,Sadlik,34,Rzeszów,Finance,7637,4,False,junior,2023
1629,Iwo,Paw,52,Łódź,HR,12776,14,True,mid,2019
1630,Anastazja,Moneta,35,Rzeszów,IT,10088,11,False,mid,2025
1631,Konrad,Wasilewicz,32,Warszawa,Finance,9518,3,False,mid,2021
1632,Dominik,Samiec,26,Kraków,Operations,18399,1,False,lead,2014
1633,Emil,Wawszczak,35,Kraków,HR,6632,7,False,junior,2019
1634,Ewa,Kloska,55,Gdańsk,IT,14011,6,False,senior,2024
1635,Fryderyk,Gęca,31,Katowice,Marketing,12367,1,False,senior,2022
1636,Kornel,Szumiło,38,Wrocław,IT,11495,3,False,mid,2019
1637,Józef,Jambor,36,Rzeszów,Sales,7285,8,False,junior,2017
1638,Gaja,Margol,64,Rzeszów,Finance,13647,31,False,senior,2018
1639,Radosław,Salawa,38,Łódź,HR,7552,16,False,mid,2013
1640,Ksawery,Wenda,53,Warszawa,Finance,10498,15,False,mid,2022
1641,Jędrzej,Nagórka,60,Łódź,IT,16903,33,True,senior,2013
1642,Ewa,Lorens,29,Łódź,Support,9312,3,False,mid,2011
1643,Aleks,Siemieńczuk,44,Lublin,Sales,14433,20,False,senior,2023
1644,Marika,Buszko,64,Warszawa,Sales,6997,1,False,junior,2023
1645,Andrzej,Kopyto,23,Kraków,Operations,13018,1,False,senior,2018
1646,Albert,Bak,50,Wrocław,Support,5357,25,False,junior,2016
1647,Kamila,Brejnak,57,Katowice,Marketing,8904,35,False,mid,2025
1648,Oliwier,Letkiewicz,27,Poznań,Operations,9296,2,False,mid,2019
1649,Ksawery,Giel,28,Wrocław,Sales,7367,5,False,junior,2016
1650,Inga,Skotarczak,38,Katowice,Operations,8690,15,False,mid,2020
1651,Krystyna,Łuszczak,23,Kraków,Sales,7013,0,False,junior,2015
1652,Marcelina,Ciastek,47,Warszawa,IT,11157,19,False,mid,2018
1653,Nikodem,Korpal,31,Wrocław,Support,11903,5,True,mid,2012
1654,Aleks,Tyniec,42,Warszawa,Sales,9921,7,False,mid,2010
1655,Krzysztof,Tatarczyk,53,Rzeszów,IT,14384,14,False,senior,2014
1656,Kalina,Beck,22,Warszawa,Sales,7497,0,False,junior,2016
1657,Sonia,Sławik,48,Gdańsk,Sales,14385,5,False,senior,2018
1658,Emil,Drobny,45,Wrocław,Support,9913,8,False,mid,2021
1659,Iwo,Machul,26,Lublin,Marketing,10571,1,False,mid,2014
1660,Marcin,Klorek,28,Łódź,Sales,22274,6,True,lead,2017
1661,Kaja,Imiela,44,Rzeszów,Operations,13102,22,False,senior,2011
1662,Albert,Dybka,51,Gdańsk,IT,9590,19,False,mid,2024
1663,Adrianna,Cieplucha,57,Poznań,Marketing,16651,3,True,senior,2012
1664,Malwina,Turczyk,39,Łódź,Marketing,16746,8,False,lead,2022
1665,Blanka,Kopytko,35,Poznań,Marketing,10534,10,False,mid,2023
1666,Dorota,Kominiak,31,Gdańsk,Operations,16216,8,False,lead,2021
1667,Sandra,Jaszczur,59,Warszawa,IT,14160,7,False,senior,2016
1668,Piotr,Bancerz,37,Warszawa,Support,13059,5,False,senior,2012
1669,Olgierd,Kurczab,28,Rzeszów,Finance,10443,3,False,mid,2014
1670,Julita,Moneta,43,Kraków,Marketing,7246,5,False,junior,2012
1671,Karol,Gieroń,33,Kraków,Support,9091,4,False,mid,2024
1672,Witold,Szok,28,Lublin,IT,8028,4,False,junior,2013
1673,Maks,Szóstak,32,Poznań,IT,17613,0,False,lead,2021
1674,Aleksander,Wojtoń,26,Gdańsk,IT,7914,1,False,junior,2013
1675,Blanka,Dyrek,65,Gdańsk,Operations,8727,9,False,mid,2014
1676,Kornel,Wyroślak,50,Białystok,Operations,8492,0,False,mid,2019
1677,Kornelia,Łuc,40,Warszawa,Sales,10838,3,False,mid,2016
1678,Mateusz,Kazimierczuk,60,Białystok,Support,17944,9,False,lead,2022
1679,Robert,Powierża,50,Warszawa,IT,11510,3,False,mid,2016
1680,Apolonia,Prażuch,47,Białystok,Support,10121,1,False,mid,2013
1681,Eliza,Jachna,55,Kraków,Sales,10978,5,False,mid,2022
1682,Elżbieta,Bortkiewicz,56,Warszawa,Marketing,6946,12,False,junior,2022
1683,Aurelia,Michniak,49,Warszawa,IT,8997,12,False,junior,2022
1684,Adrianna,Pleśniak,41,Katowice,Operations,18160,15,False,lead,2011
1685,Kamila,Wowra,34,Gdańsk,Support,8984,1,False,mid,2011
1686,Julianna,Maciejewicz,56,Kraków,IT,6714,1,False,junior,2023
1687,Nela,Dawidczyk,54,Łódź,IT,11372,11,False,mid,2015
1688,Mieszko,Rybus,36,Łódź,Sales,8863,11,False,mid,2011
1689,Karina,Błaszyk,46,Warszawa,HR,16854,6,False,lead,2015
1690,Gustaw,Bieszke,46,Lublin,IT,10508,7,False,mid,2018
1691,Karol,Fulara,49,Lublin,Sales,9916,21,False,mid,2023
1692,Julian,Żynda,22,Wrocław,Operations,13999,0,False,senior,2018
1693,Fabian,Misiarz,60,Wrocław,Marketing,9113,0,False,mid,2012
1694,Agnieszka,Doroba,62,Białystok,Sales,7140,7,False,junior,2015
1695,Gabriel,Zastawny,38,Kraków,Operations,5489,12,False,junior,2022
1696,Karina,Żynda,34,Poznań,IT,11420,1,False,mid,2025
1697,Lidia,Karyś,28,Lublin,IT,6776,0,False,junior,2017
1698,Monika,Stefankiewicz,49,Katowice,Finance,10562,19,False,mid,2016
1699,Aniela,Rećko,35,Gdańsk,Support,8727,11,False,mid,2015
1700,Krzysztof,Morka,44,Gdańsk,Finance,6695,14,False,junior,2012
1701,Aleksander,Antoszczyk,36,Kraków,Marketing,13004,2,True,mid,2012
1702,Oliwier,Drozda,37,Warszawa,Support,10966,9,True,mid,2023
1703,Cyprian,Skolik,55,Warszawa,Support,8287,1,False,mid,2013
1704,Dominik,Przewłoka,65,Warszawa,IT,8822,14,False,junior,2013
1705,Leon,Cyrulik,36,Gdańsk,IT,11451,12,False,mid,2022
1706,Andrzej,Wiciak,40,Katowice,Marketing,9613,12,False,mid,2024
1707,Tymoteusz,Zaborek,52,Wrocław,Operations,13174,29,False,senior,2015
1708,Damian,Folta,46,Wrocław,IT,14089,8,False,senior,2011
1709,Melania,Rejmer,51,Poznań,IT,14945,13,False,senior,2016
1710,Marcelina,Płócienniczak,47,Wrocław,Finance,14398,13,False,senior,2021
1711,Olga,Zontek,43,Warszawa,Sales,9582,10,False,mid,2016
1712,Daniel,Dadej,64,Wrocław,Operations,9535,39,False,mid,2019
1713,Kornelia,Wołkowicz,35,Warszawa,Marketing,6888,6,False,junior,2011
1714,Antoni,Wojniak,34,Białystok,Marketing,9968,3,False,mid,2015
1715,Konrad,Olearczyk,50,Wrocław,Marketing,10507,0,False,mid,2014
1716,Tola,Kiełbus,63,Katowice,IT,10506,25,False,mid,2014
1717,Tobiasz,Kondej,53,Katowice,Sales,8944,20,False,mid,2013
1718,Bruno,Zarzeczna,26,Białystok,Operations,5368,0,False,junior,2020
1719,Konstanty,Dzienniak,44,Rzeszów,HR,15792,6,True,senior,2024
1720,Wiktor,Roś,52,Kraków,IT,14122,10,False,senior,2015
1721,Paweł,Tyczka,48,Gdańsk,IT,11423,3,False,mid,2018
1722,Julita,Lenda,37,Warszawa,Finance,9055,3,False,mid,2022
1723,Dariusz,Grygorowicz,52,Katowice,Sales,10284,12,False,mid,2024
1724,Konrad,Barej,59,Białystok,Support,7021,36,False,junior,2021
1725,Oliwier,Linke,43,Warszawa,IT,15112,2,False,senior,2014
1726,Marika,Amanowicz,29,Kraków,Marketing,16540,3,False,lead,2021
1727,Jędrzej,Habdas,60,Białystok,Finance,6535,31,False,junior,2016
1728,Tobiasz,Domowicz,54,Białystok,IT,18183,17,False,lead,2011
1729,Kamila,Miksza,63,Kraków,Support,12817,15,False,senior,2024
1730,Oliwier,Andrearczyk,64,Warszawa,Operations,8043,5,False,mid,2010
1731,Maks,Ptok,41,Poznań,Finance,6607,12,False,junior,2022
1732,Róża,Chromy,43,Lublin,Operations,13401,11,False,senior,2014
1733,Tymoteusz,Ciaś,44,Poznań,HR,7847,8,False,mid,2020
1734,Radosław,Pasich,54,Warszawa,Marketing,5925,7,False,junior,2021
1735,Tola,Więckiewicz,26,Kraków,IT,12555,1,True,mid,2020
1736,Łukasz,Rudzik,61,Gdańsk,Operations,6355,4,False,junior,2013
1737,Ignacy,Kamieniarz,61,Warszawa,Support,5460,7,False,junior,2012
1738,Norbert,Strzępek,27,Łódź,IT,11084,0,False,mid,2020
1739,Grzegorz,Ścibior,62,Lublin,Marketing,5962,33,False,junior,2025
1740,Julian,Pitura,40,Warszawa,IT,17220,18,True,senior,2016
1741,Tobiasz,Szram,38,Gdańsk,IT,13810,4,False,senior,2016
1742,Gaja,Wołoch,33,Kraków,Finance,13715,5,False,senior,2023
1743,Aurelia,Duczek,54,Kraków,HR,4528,18,False,junior,2018
1744,Kaja,Mich,40,Warszawa,HR,6261,5,False,junior,2012
1745,Ada,Wyrwich,65,Katowice,IT,7980,28,False,junior,2012
1746,Julita,Kuczaj,58,Kraków,Finance,14017,16,False,senior,2025
1747,Tymoteusz,Porzucek,41,Rzeszów,IT,9674,15,False,mid,2021
1748,Leon,Misiejuk,48,Kraków,Operations,13651,14,False,senior,2024
1749,Stefan,Chwedoruk,51,Katowice,Finance,6071,14,False,junior,2020
1750,Daniel,Sura,46,Wrocław,Finance,6207,20,False,junior,2014
1751,Aniela,Cebulak,59,Warszawa,Sales,6610,11,False,junior,2010
1752,Mikołaj,Hanas,53,Lublin,Operations,5778,25,False,junior,2025
1753,Maurycy,Rychel,60,Rzeszów,IT,9744,31,False,mid,2021
1754,Ada,Engel,28,Łódź,Sales,18924,0,False,lead,2025
1755,Eryk,Dulik,35,Rzeszów,Sales,10072,6,False,mid,2023
1756,Ernest,Mordal,61,Poznań,HR,8024,7,False,mid,2021
1757,Dorota,Bisaga,58,Wrocław,Finance,6836,30,False,junior,2017
1758,Anastazja,Mytych,42,Rzeszów,Operations,18364,20,False,lead,2020
1759,Marika,Ciochoń,34,Katowice,Sales,19228,2,False,lead,2017
1760,Sara,Wołoszyk,37,Białystok,HR,9073,15,False,mid,2014
1761,Leon,Bohdanowicz,61,Poznań,Sales,6889,20,False,junior,2012
1762,Sylwia,Malewicz,50,Katowice,HR,11741,12,False,senior,2025
1763,Borys,Rusiniak,37,Kraków,Operations,8598,7,False,mid,2018
1764,Filip,Miszkiel,42,Gdańsk,Sales,17570,15,False,lead,2013
1765,Artur,Rapa,40,Warszawa,Operations,13540,1,False,senior,2023
1766,Stefan,Rozum,22,Warszawa,IT,8226,0,False,junior,2012
1767,Róża,Pera,45,Rzeszów,Finance,13142,14,False,senior,2024
1768,Anastazja,Salach,42,Wrocław,IT,18666,3,False,lead,2015
1769,Apolonia,Mikusek,59,Warszawa,IT,11454,8,False,mid,2021
1770,Anita,Początek,31,Wrocław,IT,14826,5,False,senior,2022
1771,Cezary,Berek,33,Katowice,Sales,11128,5,False,mid,2011
1772,Inga,Wizner,54,Łódź,Sales,13373,3,False,senior,2014
1773,Dariusz,Bilik,28,Łódź,IT,7962,4,False,junior,2020
1774,Maciej,Wiza,27,Warszawa,Finance,13205,3,True,mid,2022
1775,Monika,Styrna,31,Lublin,Finance,16568,8,True,senior,2017
1776,Przemysław,Drewicz,37,Gdańsk,IT,10423,1,False,mid,2025
1777,Paweł,Łupina,24,Kraków,IT,8550,0,False,junior,2020
1778,Witold,Brudny,42,Łódź,IT,15516,12,False,senior,2010
1779,Filip,Mirończuk,64,Warszawa,Sales,11186,26,False,mid,2025
1780,Błażej,Swaczyna,22,Gdańsk,Finance,13172,0,False,senior,2022
1781,Dawid,Świerkot,35,Białystok,Marketing,10478,2,False,mid,2021
1782,Ignacy,Wykręt,54,Warszawa,Sales,7139,24,False,junior,2018
1783,Marek,Szela,47,Wrocław,Finance,10596,3,False,mid,2022
1784,Julianna,Goik,35,Wrocław,IT,7342,2,False,junior,2016
1785,Nataniel,Serwach,58,Łódź,Operations,13478,19,False,senior,2024
1786,Marianna,Krzywonos,25,Lublin,HR,8769,1,False,mid,2010
1787,Sebastian,Wrochna,35,Kraków,Sales,7140,13,False,junior,2024
1788,Gabriel,Dąbroś,47,Białystok,Sales,13817,19,False,senior,2012
1789,Gabriel,Łacina,61,Lublin,Sales,13923,6,False,senior,2010
1790,Stanisław,Behrendt,41,Gdańsk,IT,13381,14,True,mid,2016
1791,Nataniel,Dunal,49,Warszawa,Finance,15643,23,True,senior,2013
1792,Konstanty,Niksa,41,Białystok,Operations,5838,4,False,junior,2013
1793,Julita,Moroń,62,Białystok,IT,17461,1,True,senior,2024
1794,Kazimierz,Dyda,59,Warszawa,Sales,9427,35,True,junior,2016
1795,Aleks,Bartoś,26,Warszawa,Sales,10489,3,False,mid,2015
1796,Anita,Gałat,22,Rzeszów,Operations,9962,0,False,mid,2016
1797,Ida,Gładka,39,Rzeszów,IT,9507,0,False,mid,2011
1798,Patryk,Rduch,58,Łódź,Operations,8193,27,False,mid,2019
1799,Klara,Zeman,45,Wrocław,Sales,10320,2,False,mid,2014
1800,Jacek,Maślach,42,Warszawa,Finance,9923,20,False,mid,2019
1801,Hubert,Kurczab,31,Wrocław,Support,11737,7,True,mid,2014
1802,Adrian,Breguła,43,Wrocław,Sales,8975,11,False,mid,2020
1803,Tymon,Mytnik,54,Poznań,Operations,10349,9,False,mid,2014
1804,Kazimierz,Pikula,35,Warszawa,Finance,13553,13,True,mid,2011
1805,Witold,Koniec,55,Kraków,Sales,9728,6,False,mid,2020
1806,Kamila,Pyrkosz,53,Lublin,Finance,10642,7,False,mid,2022
1807,Julian,Orzeszek,36,Wrocław,Marketing,13058,9,True,mid,2014
1808,Cezary,Siewiera,34,Katowice,Sales,9391,11,True,junior,2012
1809,Urszula,Strug,41,Kraków,IT,14282,7,False,senior,2010
1810,Aniela,Sawko,23,Warszawa,Operations,5274,0,False,junior,2018
1811,Tomasz,Helman,50,Wrocław,Finance,9729,3,False,mid,2020
1812,Ida,Bittner,46,Wrocław,Sales,8230,11,False,junior,2011
1813,Konstanty,Leszcz,65,Poznań,Finance,18439,31,False,lead,2022
1814,Leonard,Gawliczek,56,Gdańsk,Operations,10008,6,False,mid,2010
1815,Ada,Job,46,Katowice,IT,17877,1,False,lead,2012
1816,Elżbieta,Pietrasiak,37,Katowice,IT,9640,3,False,mid,2020
1817,Tomasz,Jędra,41,Lublin,IT,13542,17,False,senior,2014
1818,Róża,Krzysztoszek,59,Wrocław,Sales,19114,1,False,lead,2022
1819,Maurycy,Nieradzik,56,Warszawa,Sales,7650,3,False,junior,2019
1820,Wiktor,Czulak,32,Kraków,IT,6814,0,False,junior,2016
1821,Ewelina,Joszko,52,Wrocław,Marketing,5923,15,False,junior,2022
1822,Przemysław,Kiełbus,24,Kraków,Marketing,6136,1,False,junior,2024
1823,Bruno,Kuza,29,Warszawa,Support,4796,1,False,junior,2024
1824,Cezary,Jędrasiak,53,Wrocław,Marketing,13708,23,False,senior,2013
1825,Ryszard,Rogal,48,Wrocław,Marketing,8557,15,True,junior,2018
1826,Krystyna,Mijas,64,Poznań,IT,10063,22,False,mid,2013
1827,Adrian,Matwiejczyk,23,Warszawa,IT,8736,0,False,junior,2021
1828,Ada,Oczkowicz,57,Rzeszów,Marketing,8674,16,False,mid,2011
1829,Cyprian,Głowienka,36,Warszawa,Marketing,8445,3,True,junior,2010
1830,Franciszek,Jankowicz,29,Warszawa,Operations,8998,4,False,mid,2025
1831,Oskar,Franków,35,Poznań,IT,11765,3,False,mid,2012
1832,Róża,Marcol,31,Warszawa,Marketing,12497,2,False,senior,2015
1833,Marcel,Złotek,37,Wrocław,IT,13744,13,False,senior,2023
1834,Damian,Krzyszczak,24,Warszawa,Marketing,13800,1,False,senior,2024
1835,Agnieszka,Dzienis,60,Warszawa,Sales,14465,14,False,senior,2015
1836,Marianna,Garncarek,37,Warszawa,Sales,11100,9,False,mid,2012
1837,Adrian,Oleśkiewicz,31,Wrocław,Finance,9898,0,False,mid,2019
1838,Emil,Miśkowiec,56,Lublin,Finance,18914,20,False,lead,2014
1839,Jacek,Deluga,52,Poznań,HR,4757,10,False,junior,2018
1840,Olgierd,Suda,62,Lublin,Sales,18127,17,False,lead,2017
1841,Karol,Doroszkiewicz,58,Kraków,Operations,9685,12,False,mid,2018
1842,Leon,Wesoły,38,Warszawa,Sales,10008,13,False,mid,2016
1843,Ewa,Korgul,65,Poznań,HR,9882,43,False,mid,2015
1844,Norbert,Mizia,29,Warszawa,Operations,8749,4,False,mid,2025
1845,Jerzy,Ofiara,45,Łódź,Support,9098,7,False,mid,2014
1846,Tomasz,Imiołczyk,38,Rzeszów,Operations,5013,2,False,junior,2012
1847,Patryk,Szlaga,34,Białystok,Finance,18890,12,False,lead,2018
1848,Bruno,Kapuścik,54,Warszawa,Finance,7938,26,False,junior,2013
1849,Igor,Grys,52,Warszawa,IT,9723,13,False,mid,2011
1850,Tola,Pakos,26,Poznań,IT,11233,2,True,junior,2016
1851,Eliza,Malcharek,24,Warszawa,HR,8635,2,False,mid,2019
1852,Sara,Sroga,49,Gdańsk,Sales,8063,7,False,junior,2021
1853,Mateusz,Durczok,37,Gdańsk,Marketing,6769,4,False,junior,2016
1854,Cyprian,Leoniuk,56,Warszawa,Marketing,17304,1,False,lead,2025
1855,Ignacy,Kuster,29,Wrocław,IT,7210,1,False,junior,2017
1856,Kaja,Tadla,39,Łódź,Finance,7083,3,False,junior,2024
1857,Adrian,Burkiewicz,35,Warszawa,Marketing,6774,3,False,junior,2022
1858,Wojciech,Kosela,23,Łódź,Finance,6902,1,False,junior,2020
1859,Ernest,Strzyż,23,Wrocław,Finance,9091,1,False,mid,2012
1860,Paweł,Tokarek,60,Wrocław,IT,7622,24,False,junior,2017
1861,Jędrzej,Zmuda,40,Lublin,Support,10007,7,False,mid,2017
1862,Radosław,Rosłon,63,Katowice,Finance,10060,4,False,mid,2010
1863,Fryderyk,Mszyca,53,Białystok,IT,14436,27,False,senior,2018
1864,Łukasz,Toma,45,Warszawa,Operations,10453,8,False,mid,2016
1865,Julian,Mućka,24,Katowice,IT,9878,1,False,mid,2011
1866,Liwia,Tórz,38,Kraków,IT,11285,2,False,mid,2018
1867,Mateusz,Kuzior,33,Warszawa,IT,9713,3,False,mid,2015
1868,Leon,Wawrzyńczyk,40,Wrocław,IT,13300,17,True,mid,2012
1869,Nataniel,Piechna,26,Katowice,Sales,8066,0,False,junior,2021
1870,Bruno,Robaszkiewicz,33,Warszawa,Operations,8703,2,False,mid,2018
1871,Krystian,Giersz,54,Białystok,Finance,10421,1,False,mid,2014
1872,Sara,Łuckiewicz,30,Lublin,Sales,13806,3,False,senior,2024
1873,Przemysław,Śmieszek,33,Kraków,Sales,6074,11,False,junior,2022
1874,Oskar,Gągała,30,Poznań,Sales,8054,0,False,junior,2022
1875,Marcel,Żywica,55,Białystok,Finance,18159,29,False,lead,2018
1876,Ernest,Wojtaszczyk,55,Lublin,IT,9800,26,True,junior,2021
1877,Marianna,Sura,41,Wrocław,Finance,9788,3,False,mid,2025
1878,Sebastian,Powązka,34,Wrocław,Sales,8218,12,False,junior,2014
1879,Jacek,Jarka,63,Warszawa,Support,8735,19,False,mid,2025
1880,Karol,Krekora,47,Wrocław,IT,13710,14,False,senior,2017
1881,Bianka,Czuj,31,Warszawa,Finance,7275,1,False,junior,2012
1882,Ryszard,Ficoń,60,Poznań,Sales,10763,18,False,mid,2012
1883,Szymon,Dytrych,44,Białystok,IT,7097,10,False,junior,2018
1884,Emil,Fronczek,25,Gdańsk,Finance,9868,0,False,mid,2024
1885,Eliza,Czapiga,44,Wrocław,Operations,9795,19,False,mid,2025
1886,Apolonia,Kolarz,49,Łódź,Sales,10872,24,False,mid,2012
1887,Kamila,Kapera,31,Łódź,Marketing,8789,6,False,mid,2014
1888,Mikołaj,Gosik,34,Kraków,IT,12549,1,True,mid,2014
1889,Tadeusz,Karaśkiewicz,34,Wrocław,Operations,10240,6,False,mid,2018
1890,Ernest,Rabiej,35,Warszawa,IT,17770,0,False,lead,2017
1891,Tadeusz,Zadka,51,Białystok,Sales,21682,29,True,lead,2020
1892,Gaja,Matyka,61,Rzeszów,HR,12854,23,False,senior,2020
1893,Liwia,Kobel,55,Lublin,Sales,11232,9,False,mid,2017
1894,Bartek,Sadlik,36,Poznań,HR,6543,13,False,junior,2022
1895,Alex,Broś,25,Kraków,Operations,12896,2,False,senior,2017
1896,Tobiasz,Siewert,51,Warszawa,Sales,7437,28,False,junior,2023
1897,Nicole,Browarczyk,58,Kraków,Sales,6071,21,False,junior,2020
1898,Dariusz,Styrna,25,Wrocław,Finance,9867,3,False,mid,2021
1899,Tymoteusz,Husak,29,Lublin,Sales,8210,4,False,junior,2016
1900,Natasza,Wyłupek,47,Kraków,Sales,13452,13,False,senior,2020
1901,Wojciech,Ruszczak,59,Warszawa,IT,14114,24,False,senior,2023
1902,Julianna,Prucnal,53,Katowice,Marketing,16410,5,False,lead,2010
1903,Bartek,Michnik,52,Kraków,Operations,6463,5,False,junior,2012
1904,Przemysław,Brach,24,Kraków,IT,13661,0,False,senior,2010
1905,Stanisław,Imiela,34,Wrocław,Support,10130,12,True,junior,2019
1906,Ewa,Lelito,61,Gdańsk,IT,7564,33,False,junior,2015
1907,Stefan,Kociemba,63,Gdańsk,Marketing,9587,32,True,junior,2015
1908,Nela,Cymbała,52,Rzeszów,HR,9142,25,False,mid,2023
1909,Urszula,Sypek,37,Warszawa,Finance,8650,9,False,mid,2012
1910,Blanka,Kawula,25,Rzeszów,IT,7657,0,False,junior,2020
1911,Julita,Rapa,42,Poznań,Finance,7761,18,False,junior,2019
1912,Marcin,Lang,35,Wrocław,Finance,8700,7,False,mid,2011
1913,Karol,Lament,38,Poznań,Marketing,6525,12,False,junior,2024
1914,Maksymilian,Knapek,30,Łódź,Marketing,14520,5,False,senior,2015
1915,Gabriel,Słoka,22,Wrocław,Sales,17406,0,False,lead,2011
1916,Marcin,Heinrich,30,Poznań,HR,8239,3,False,mid,2023
1917,Arkadiusz,Suszka,24,Łódź,Operations,8011,0,False,mid,2013
1918,Julianna,Wasyluk,52,Poznań,IT,15568,24,False,senior,2018
1919,Wiktor,Korzekwa,55,Rzeszów,Sales,14581,25,False,senior,2011
1920,Justyna,Korbut,51,Kraków,Support,8865,23,False,mid,2020
1921,Tadeusz,Drygas,23,Rzeszów,IT,11209,1,False,mid,2024
1922,Andrzej,Palus,60,Kraków,Sales,7029,36,False,junior,2011
1923,Justyna,Fulara,36,Kraków,HR,15666,10,False,lead,2017
1924,Agnieszka,Bogusiewicz,50,Wrocław,Support,8820,7,False,mid,2023
1925,Adam,Strycharz,23,Łódź,Sales,14987,1,False,senior,2019
1926,Tymoteusz,Kostro,29,Wrocław,Marketing,17020,3,False,lead,2010
1927,Bartek,Jasina,65,Łódź,Support,8231,27,True,junior,2018
1928,Sebastian,Kurczab,32,Kraków,IT,7171,10,False,junior,2021
1929,Mateusz,Sumera,28,Kraków,Sales,17080,6,False,lead,2012
1930,Sonia,Wysota,31,Warszawa,IT,14606,1,False,senior,2015
1931,Angelika,Bluszcz,29,Poznań,Operations,10092,7,False,mid,2013
1932,Robert,Kumorek,52,Katowice,Finance,12222,21,True,mid,2022
1933,Mariusz,Cyganik,34,Łódź,Support,16053,8,False,lead,2012
1934,Cezary,Kostorz,32,Poznań,Marketing,9639,2,False,mid,2010
1935,Ignacy,Miros,43,Wrocław,Operations,13648,12,False,senior,2016
1936,Antoni,Grzenia,32,Poznań,Sales,9728,3,False,mid,2025
1937,Marianna,Białk,57,Gdańsk,IT,14355,29,True,mid,2016
1938,Anna Maria,Morys,22,Łódź,Finance,5530,0,False,junior,2020
1939,Błażej,Królikiewicz,51,Warszawa,Sales,8228,2,False,junior,2014
1940,Aurelia,Stein,52,Poznań,Marketing,11333,15,True,mid,2020
1941,Igor,Chowaniak,37,Wrocław,IT,13729,9,True,mid,2014
1942,Agnieszka,Pitura,38,Kraków,Operations,18174,12,False,lead,2021
1943,Olgierd,Gołek,26,Kraków,IT,10842,3,False,mid,2015
1944,Sonia,Matula,27,Gdańsk,Operations,16389,1,False,lead,2018
1945,Nicole,Kumorek,43,Warszawa,IT,14448,10,False,senior,2011
1946,Leonard,Snoch,39,Poznań,Sales,15048,9,False,senior,2019
1947,Juliusz,Nijak,57,Wrocław,Support,6421,19,False,junior,2012
1948,Paweł,Głowienka,64,Warszawa,IT,8909,21,False,junior,2010
1949,Anita,Maziarczyk,28,Katowice,Finance,9150,3,True,junior,2017
1950,Oliwier,Szajna,27,Łódź,Sales,5868,2,False,junior,2025
1951,Apolonia,Pietrasiak,35,Warszawa,Support,13787,11,False,senior,2017
1952,Aleksander,Sarota,48,Lublin,Sales,9568,0,False,mid,2025
1953,Bartek,Szyca,57,Warszawa,Marketing,7361,15,False,junior,2019
1954,Aleksander,Opyrchał,44,Gdańsk,Support,8720,4,False,mid,2013
1955,Dariusz,Noculak,48,Poznań,Support,8483,8,False,mid,2018
1956,Krystian,Komsta,30,Gdańsk,Support,11864,2,False,senior,2017
1957,Piotr,Martin,37,Łódź,IT,13961,1,False,senior,2010
1958,Sandra,Dzierwa,63,Lublin,IT,17345,13,True,senior,2024
1959,Kazimierz,Krekora,31,Katowice,Operations,13683,2,False,senior,2022
1960,Urszula,Majczyna,64,Wrocław,IT,10346,33,False,mid,2022
1961,Alex,Gmur,44,Lublin,Marketing,13321,6,False,senior,2023
1962,Igor,Sot,25,Wrocław,IT,6744,2,False,junior,2024
1963,Mariusz,Kostro,55,Warszawa,HR,5225,18,False,junior,2023
1964,Nela,Tekiela,22,Poznań,Sales,13718,0,False,senior,2024
1965,Mikołaj,Filus,34,Lublin,Support,13667,11,False,senior,2017
1966,Artur,Bochnia,50,Katowice,Sales,8059,28,False,junior,2014
1967,Eliza,Jankowicz,29,Poznań,Marketing,14315,4,False,senior,2019
1968,Blanka,Fornalik,47,Rzeszów,IT,7532,0,False,junior,2017
1969,Roksana,Ziegert,64,Gdańsk,Support,13735,35,False,senior,2010
1970,Ryszard,Mszyca,31,Łódź,Sales,8805,0,False,mid,2025
1971,Fabian,Job,34,Kraków,Marketing,6313,2,False,junior,2016
1972,Dawid,Lewek,62,Rzeszów,Sales,10356,25,False,mid,2025
1973,Agnieszka,Lorenz,61,Kraków,Operations,12987,12,False,senior,2020
1974,Leonard,Bubak,53,Gdańsk,Marketing,11761,14,True,mid,2017
1975,Aleks,Letkiewicz,48,Wrocław,Support,9946,1,True,junior,2024
1976,Emil,Trochim,30,Warszawa,IT,15906,3,False,senior,2023
1977,Andrzej,Musiolik,29,Białystok,Operations,11969,4,True,mid,2013
1978,Leonard,Kolendo,27,Poznań,Sales,12980,2,False,senior,2025
1979,Anastazja,Wygoda,39,Katowice,Marketing,7205,17,False,junior,2016
1980,Konrad,Pela,48,Poznań,IT,6500,10,False,junior,2023
1981,Inga,Parkitna,44,Gdańsk,IT,15841,11,False,senior,2010
1982,Andrzej,Krysik,64,Lublin,IT,10234,17,True,junior,2016
1983,Jan,Wyroba,35,Wrocław,Marketing,5750,3,False,junior,2011
1984,Szymon,Starzak,29,Katowice,Marketing,9968,3,False,mid,2014
1985,Rozalia,Duszczyk,26,Warszawa,Finance,10221,1,False,mid,2013
1986,Mateusz,Grzenia,27,Warszawa,IT,7180,1,False,junior,2018
1987,Jakub,Gemza,55,Białystok,Operations,17351,33,False,lead,2024
1988,Albert,Szmagaj,32,Gdańsk,Support,9523,9,False,mid,2018
1989,Norbert,Uliasz,42,Białystok,Operations,8803,8,False,mid,2022
1990,Gabriel,Świt,40,Wrocław,IT,14019,12,False,senior,2011
1991,Marek,Getka,36,Rzeszów,IT,15878,11,False,senior,2014
1992,Marika,Jędruch,25,Kraków,IT,11582,1,False,mid,2012
1993,Julian,Morgała,37,Poznań,HR,8057,2,False,mid,2015
1994,Konstanty,Gruszczyk,24,Lublin,IT,9866,1,False,mid,2014
1995,Aleksander,Rusnak,61,Łódź,Sales,7118,28,False,junior,2024
1996,Angelika,Ziółko,32,Lublin,IT,6611,10,False,junior,2010
1997,Mariusz,Łapot,23,Katowice,Operations,8338,0,False,mid,2016
1998,Karol,Kudełka,52,Wrocław,Operations,12234,30,False,senior,2010
1999,Patryk,Składanek,31,Łódź,Operations,9187,5,False,mid,2019
2000,Łukasz,Jajko,38,Lublin,Sales,7752,5,False,junior,2019
2001,Kamila,Koj,53,Lublin,HR,4673,4,False,junior,2020
2002,Tola,Adamiuk,46,Wrocław,IT,6511,15,False,junior,2018
2003,Stanisław,Roszko,37,Kraków,Finance,10671,12,False,mid,2014
2004,Adrian,Ufnal,47,Kraków,IT,10433,12,False,mid,2020
2005,Aleks,Kasica,45,Kraków,IT,6671,21,False,junior,2011
2006,Jędrzej,Krata,62,Warszawa,Finance,7786,30,False,junior,2024
2007,Kamila,Wichary,61,Warszawa,Sales,14953,22,False,senior,2015
2008,Arkadiusz,Jędruszczak,30,Katowice,Support,5735,1,False,junior,2013
2009,Aniela,Borysiuk,57,Kraków,Marketing,12926,33,False,senior,2025
2010,Jerzy,Ślęczka,53,Wrocław,Marketing,8462,15,False,mid,2022
2011,Ksawery,Margol,39,Warszawa,Marketing,6408,7,False,junior,2015
2012,Janina,Kandzia,55,Warszawa,IT,10034,19,False,mid,2021
2013,Marcin,Pindor,55,Kraków,Operations,8167,27,True,junior,2022
2014,Leon,Olearczyk,40,Rzeszów,Finance,5673,12,False,junior,2015
2015,Roksana,Bartel,47,Łódź,HR,5703,25,False,junior,2016
2016,Kalina,Pizoń,23,Kraków,Operations,10101,0,False,mid,2010
2017,Julita,Budzyń,36,Kraków,Marketing,6328,11,False,junior,2020
2018,Nikodem,Terka,30,Łódź,Marketing,9386,7,False,mid,2011
2019,Norbert,Szramka,40,Warszawa,Support,5495,7,False,junior,2018
2020,Błażej,Sorbian,59,Warszawa,Marketing,12618,20,False,senior,2012
2021,Ignacy,Wiech,28,Poznań,Marketing,10429,5,False,mid,2011
2022,Damian,Smyl,60,Warszawa,Marketing,5751,12,False,junior,2022
2023,Emil,Sibiga,63,Warszawa,Finance,19814,20,True,lead,2012
2024,Maciej,Wołos,61,Rzeszów,Support,12750,32,True,mid,2023
2025,Arkadiusz,Kochel,57,Warszawa,IT,13620,33,False,senior,2013
2026,Tomasz,Niedbał,43,Warszawa,Sales,6801,13,False,junior,2022
2027,Witold,Goliszek,43,Poznań,Marketing,10641,15,False,mid,2013
2028,Ewa,Józwik,48,Łódź,Finance,13916,0,False,senior,2014
2029,Franciszek,Przewłoka,25,Warszawa,IT,11855,0,False,mid,2019
2030,Radosław,Szykuła,28,Kraków,Sales,5908,4,False,junior,2014
2031,Tymoteusz,Bachanek,48,Łódź,Support,6771,6,False,junior,2014
2032,Olga,Seweryniak,26,Kraków,Finance,11649,1,True,mid,2019
2033,Aniela,Romankiewicz,30,Białystok,IT,9587,8,False,mid,2020
2034,Krystyna,Synak,37,Wrocław,Support,17827,15,False,lead,2013
2035,Patryk,Szaruga,29,Lublin,Support,7926,2,False,mid,2016
2036,Paweł,Grębowiec,45,Gdańsk,Operations,9582,12,False,mid,2014
2037,Sebastian,Bulczak,65,Białystok,IT,7395,29,False,junior,2018
2038,Bartek,Hamera,43,Wrocław,Sales,6245,11,False,junior,2025
2039,Borys,Świerszcz,62,Gdańsk,Support,9848,31,False,mid,2018
2040,Konrad,Startek,40,Kraków,Sales,7632,1,False,junior,2016
2041,Blanka,Cetera,43,Lublin,Support,6865,9,False,junior,2014
2042,Karol,Tolak,48,Łódź,Sales,6219,1,False,junior,2021
2043,Julianna,Bek,50,Gdańsk,IT,11812,22,False,mid,2012
2044,Igor,Linek,40,Białystok,Marketing,9245,9,False,mid,2015
2045,Wiktor,Kliber,47,Gdańsk,Support,10045,24,False,mid,2022
2046,Sara,Kowalówka,64,Gdańsk,Marketing,14068,18,False,senior,2012
2047,Hubert,Mainka,55,Katowice,Sales,8129,18,False,junior,2017
2048,Kornel,Plaskota,31,Kraków,Operations,10332,5,False,mid,2016
2049,Maciej,Bazyluk,33,Lublin,Operations,5578,3,False,junior,2023
2050,Franciszek,Rozum,47,Białystok,Finance,10785,18,False,mid,2025
2051,Anita,Matyjas,31,Wrocław,Finance,10310,6,False,mid,2015
2052,Ewa,Chowaniak,35,Rzeszów,IT,10834,4,False,mid,2021
2053,Antoni,Ostafin,63,Poznań,Marketing,12271,15,False,senior,2019
2054,Marianna,Fedorczyk,22,Lublin,IT,19819,0,False,lead,2023
2055,Maks,Kozłowicz,43,Lublin,IT,10969,0,False,mid,2014
2056,Daniel,Latek,49,Katowice,Finance,7166,21,False,junior,2012
2057,Konstanty,Krzan,35,Katowice,IT,10096,0,False,mid,2016
2058,Krystian,Klucznik,55,Rzeszów,Marketing,8986,20,False,mid,2018
2059,Andrzej,Chachaj,47,Gdańsk,Operations,6113,17,False,junior,2011
2060,Gustaw,Grosz,23,Kraków,IT,11278,0,False,mid,2022
2061,Klara,Kwapisiewicz,46,Warszawa,Support,16527,2,False,lead,2012
2062,Krystyna,Wenda,27,Gdańsk,Operations,5104,5,False,junior,2011
2063,Stanisław,Malcher,26,Gdańsk,HR,9984,3,False,mid,2012
2064,Konstanty,Noculak,42,Katowice,Operations,10385,1,False,mid,2024
2065,Sebastian,Klaja,63,Warszawa,Finance,9606,26,False,mid,2010
2066,Ksawery,Dynia,53,Kraków,IT,11339,28,False,mid,2014
2067,Anna Maria,Lubera,47,Łódź,Sales,15075,24,False,senior,2012
2068,Inga,Joniak,53,Białystok,Support,18164,30,False,lead,2012
2069,Kacper,Pietraś,38,Poznań,Sales,12599,0,True,mid,2016
2070,Maurycy,Huczek,34,Białystok,Support,5401,7,False,junior,2016
2071,Inga,Kucewicz,44,Poznań,IT,10172,12,True,junior,2013
2072,Ada,Basista,27,Wrocław,IT,8602,4,False,junior,2020
2073,Sylwia,Ornat,30,Gdańsk,HR,8393,7,False,mid,2024
2074,Kazimierz,Wódka,26,Kraków,IT,8870,4,False,junior,2020
2075,Jeremi,Skotarczak,25,Kraków,IT,15266,1,False,senior,2018
2076,Szymon,Rećko,40,Warszawa,HR,9426,1,True,junior,2013
2077,Gaja,Rup,31,Poznań,Sales,13107,7,False,senior,2010
2078,Antoni,Szumna,32,Poznań,Operations,5747,10,False,junior,2013
2079,Konstanty,Franczuk,62,Białystok,Finance,6893,12,False,junior,2025
2080,Natasza,Wośko,65,Katowice,Operations,10209,38,False,mid,2017
2081,Maurycy,Maszkiewicz,29,Rzeszów,Finance,10844,2,False,mid,2024
2082,Janina,Warchał,23,Gdańsk,Marketing,12687,1,False,senior,2024
2083,Damian,Śleziak,52,Lublin,Sales,7922,22,False,junior,2014
2084,Witold,Moczko,22,Wrocław,IT,14200,0,False,senior,2015
2085,Tadeusz,Wojsa,36,Łódź,IT,10999,10,False,mid,2010
2086,Ewelina,Rozumek,43,Białystok,Marketing,16815,17,False,lead,2012
2087,Adam,Szoka,55,Gdańsk,HR,6370,11,False,junior,2011
2088,Borys,Buszko,57,Kraków,Finance,13682,34,False,senior,2010
2089,Tobiasz,Litwa,32,Warszawa,HR,16978,2,True,senior,2017
2090,Tymoteusz,Latuszek,64,Łódź,Marketing,9395,34,False,mid,2014
2091,Marek,Gałęza,41,Katowice,Sales,9144,19,False,mid,2019
2092,Alex,Hutyra,44,Poznań,Support,7846,14,False,mid,2024
2093,Maurycy,Kolendo,27,Kraków,Sales,18756,2,False,lead,2016
2094,Antoni,Koćwin,56,Gdańsk,HR,4760,11,False,junior,2024
2095,Maks,Adamiuk,53,Warszawa,Sales,10871,31,False,mid,2025
2096,Sylwia,Garczarek,31,Gdańsk,Sales,10979,2,False,mid,2020
2097,Sylwia,Kulisz,65,Gdańsk,Marketing,6710,33,False,junior,2011
2098,Anastazja,Bilik,39,Lublin,Marketing,9559,0,False,mid,2024
2099,Fabian,Chlebek,58,Warszawa,HR,5903,2,False,junior,2021
2100,Marika,Pytlarz,39,Poznań,Finance,6074,8,False,junior,2021
2101,Tomasz,Waniek,61,Kraków,Support,7059,18,False,junior,2018
2102,Jerzy,Stuglik,47,Warszawa,Support,12122,7,False,senior,2020
2103,Borys,Danilczuk,47,Łódź,Support,6083,5,False,junior,2025
2104,Anna Maria,Aleksa,33,Rzeszów,IT,10407,5,False,mid,2017
2105,Jakub,Trzpil,43,Łódź,IT,11566,16,False,mid,2013
2106,Ksawery,Dziugieł,57,Warszawa,Sales,10382,25,False,mid,2020
2107,Adrian,Ignatiuk,23,Katowice,HR,11531,1,False,senior,2016
2108,Kajetan,Dryka,41,Łódź,Sales,6263,19,False,junior,2025
2109,Kazimierz,Mejer,60,Warszawa,Operations,5966,30,False,junior,2018
2110,Michał,Radzewicz,24,Warszawa,HR,13358,0,False,senior,2013
2111,Julianna,Osojca,42,Warszawa,IT,7378,10,False,junior,2023
2112,Julian,Dziwak,52,Poznań,IT,14799,23,False,senior,2011
2113,Kamil,Łaszczyk,23,Warszawa,Operations,17161,1,False,lead,2012
2114,Anna Maria,Siewert,24,Wrocław,Sales,8223,1,False,junior,2025
2115,Dariusz,Młyńczak,57,Lublin,Marketing,12678,3,True,mid,2014
2116,Mariusz,Stochel,37,Białystok,Support,9453,11,False,mid,2023
2117,Ewa,Kabza,25,Gdańsk,Finance,14707,2,False,senior,2024
2118,Oskar,Cyman,39,Warszawa,Marketing,13345,9,False,senior,2020
2119,Emil,Kolber,59,Katowice,HR,16679,27,False,lead,2015
2120,Łukasz,Budniak,54,Gdańsk,IT,14253,8,True,mid,2020
2121,Justyna,Kaletka,23,Warszawa,IT,18756,0,False,lead,2021
2122,Ada,Januszewicz,62,Lublin,IT,9974,14,False,mid,2020
2123,Alex,Juras,42,Kraków,Sales,7543,2,False,junior,2015
2124,Melania,Kuczaj,65,Kraków,Sales,7380,6,False,junior,2025
2125,Maurycy,Kochman,31,Łódź,Support,17506,7,False,lead,2019
2126,Julianna,Marko,63,Warszawa,Finance,6186,26,False,junior,2021
2127,Tymoteusz,Kulis,40,Warszawa,IT,19725,6,False,lead,2013
2128,Norbert,Daniec,30,Warszawa,Sales,12829,3,False,senior,2019
2129,Gustaw,Jonczyk,61,Katowice,Operations,6701,5,False,junior,2018
2130,Kajetan,Sarosiek,53,Poznań,HR,6431,10,False,junior,2022
2131,Jakub,Famuła,55,Warszawa,IT,11401,5,False,mid,2020
2132,Anita,Maćczak,38,Kraków,IT,11839,11,False,mid,2011
2133,Nicole,Feret,42,Poznań,Operations,9857,4,False,mid,2022
2134,Grzegorz,Plona,64,Warszawa,IT,8300,35,False,junior,2013
2135,Alex,Lepka,63,Wrocław,IT,7389,30,False,junior,2015
2136,Borys,Jaśkowiec,23,Warszawa,Support,5576,1,False,junior,2023
2137,Sylwia,Pysz,32,Katowice,Marketing,13441,1,False,senior,2017
2138,Sonia,Pachołek,57,Białystok,HR,5501,35,False,junior,2016
2139,Kornel,Skup,42,Kraków,IT,19396,17,False,lead,2025
2140,Igor,Fleszar,36,Kraków,Support,12769,2,False,senior,2018
2141,Mieszko,Cegła,58,Łódź,IT,11884,31,False,mid,2024
2142,Leon,Śledzik,22,Wrocław,IT,11940,0,False,mid,2024
2143,Dawid,Swacha,55,Warszawa,Marketing,12766,31,False,senior,2017
2144,Józef,Fras,30,Łódź,Support,6192,2,False,junior,2022
2145,Mateusz,Bobrowicz,25,Lublin,HR,6984,1,False,junior,2024
2146,Nikodem,Breguła,55,Gdańsk,HR,9024,32,False,mid,2021
2147,Krzysztof,Gorol,33,Wrocław,IT,9665,3,False,mid,2016
2148,Juliusz,Wołodźko,23,Kraków,Finance,21845,1,True,lead,2020
2149,Dominik,Majczyna,29,Lublin,IT,8836,7,False,junior,2012
2150,Jakub,Jacak,23,Warszawa,Support,9126,0,False,mid,2010
2151,Ernest,Liedtke,27,Kraków,Operations,5232,2,False,junior,2016
2152,Sandra,Szóstak,22,Warszawa,Marketing,18693,0,False,lead,2013
2153,Klara,Pupek,31,Warszawa,IT,6983,6,False,junior,2024
2154,Albert,Zmarzły,48,Warszawa,IT,13865,14,False,senior,2013
2155,Inga,Mokwa,29,Warszawa,IT,9630,6,False,mid,2024
2156,Oskar,Pawlonka,30,Białystok,Marketing,9010,5,False,mid,2016
2157,Malwina,Małysiak,24,Wrocław,HR,8232,1,False,mid,2024
2158,Aurelia,Semenowicz,63,Warszawa,Marketing,12611,19,False,senior,2012
2159,Artur,Przewoźnik,40,Łódź,Sales,14180,0,False,senior,2010
2160,Aniela,Gowin,58,Warszawa,HR,17922,20,False,lead,2016
2161,Filip,Fedak,45,Lublin,IT,13505,11,False,senior,2016
2162,Michał,Siejak,64,Warszawa,Marketing,8269,36,False,mid,2013
2163,Robert,Błaszyk,36,Kraków,Finance,6837,7,False,junior,2021
2164,Wojciech,Kalka,46,Warszawa,Operations,12306,9,False,senior,2014
2165,Alan,Steuer,23,Białystok,Finance,17163,0,False,lead,2025
2166,Albert,Linkiewicz,36,Warszawa,Sales,12149,8,True,mid,2023
2167,Igor,Nieścior,49,Wrocław,IT,11675,27,False,mid,2013
2168,Tomasz,Reszke,43,Lublin,Operations,5031,10,False,junior,2017
2169,Gaja,Szpyrka,40,Warszawa,Sales,7461,1,False,junior,2025
2170,Karina,Stochel,58,Białystok,HR,12313,28,True,mid,2021
2171,Antoni,Raźniak,45,Warszawa,IT,9935,9,False,mid,2014
2172,Leon,Bejma,38,Warszawa,Sales,10906,14,False,mid,2013
2173,Justyna,Szczerbiak,24,Białystok,Operations,5411,0,False,junior,2024
2174,Mikołaj,Smętek,47,Warszawa,IT,15729,8,False,senior,2010
2175,Kornel,Fronczek,55,Łódź,Finance,12624,6,False,senior,2013
2176,Rafał,Melka,43,Warszawa,IT,10509,1,False,mid,2011
2177,Bianka,Stefankiewicz,51,Warszawa,IT,7979,22,False,junior,2018
2178,Rozalia,Bobrowicz,53,Wrocław,IT,6571,19,False,junior,2023
2179,Ryszard,Macioł,33,Poznań,Finance,10259,5,False,mid,2018
2180,Marek,Wawrzyczek,53,Gdańsk,HR,5320,1,False,junior,2022
2181,Franciszek,Gros,32,Lublin,Operations,16609,7,False,lead,2012
2182,Anita,Salach,44,Kraków,IT,6577,18,False,junior,2011
2183,Marika,Kusek,25,Wrocław,HR,9913,2,False,mid,2010
2184,Mikołaj,Cis,26,Gdańsk,Marketing,6233,0,False,junior,2011
2185,Jakub,Ciepła,23,Poznań,Support,13005,1,True,mid,2018
2186,Dawid,Gumienny,58,Łódź,Marketing,8905,0,False,mid,2011
2187,Malwina,Bzymek,38,Gdańsk,Sales,7835,16,False,junior,2022
2188,Patryk,Siara,60,Gdańsk,Sales,19217,33,False,lead,2024
2189,Gabriel,Ciesiółka,65,Wrocław,Sales,14482,7,False,senior,2022
2190,Aleks,Chachuła,28,Kraków,IT,7590,1,False,junior,2017
2191,Lidia,Cich,36,Kraków,IT,8611,13,False,junior,2019
2192,Oliwier,Indyk,59,Rzeszów,Finance,20581,36,True,lead,2015
2193,Ewa,Gilewicz,49,Łódź,IT,19611,27,False,lead,2024
2194,Marika,Cheba,56,Wrocław,Operations,5112,10,False,junior,2018
2195,Błażej,Łodyga,28,Białystok,Support,16663,6,False,lead,2021
2196,Inga,Goss,65,Gdańsk,Operations,9837,39,False,mid,2014
2197,Daniel,Berus,29,Rzeszów,Marketing,18607,1,False,lead,2019
2198,Fryderyk,Nyk,64,Lublin,IT,8134,32,False,junior,2018
2199,Daniel,Kuśnierek,41,Katowice,Finance,6958,17,False,junior,2017
2200,Aleksander,Powała,58,Wrocław,Support,15952,28,False,lead,2010
2201,Monika,Bobko,38,Kraków,Marketing,8936,1,False,mid,2016
2202,Błażej,Pakos,46,Gdańsk,IT,6844,18,False,junior,2015
2203,Cezary,Superson,54,Gdańsk,Operations,9734,31,False,mid,2014
2204,Stanisław,Balik,51,Gdańsk,Support,13654,23,False,senior,2011
2205,Patryk,Szczudło,39,Kraków,IT,9862,1,False,mid,2023
2206,Mieszko,Putek,29,Poznań,Sales,10796,5,False,mid,2019
2207,Rozalia,Pyza,65,Kraków,Finance,13385,35,True,mid,2022
2208,Julianna,Sadza,33,Lublin,Support,8859,4,False,mid,2022
2209,Bianka,Surdyk,46,Kraków,Sales,10655,17,True,junior,2019
2210,Tobiasz,Budych,31,Warszawa,HR,8154,1,False,mid,2021
2211,Angelika,Oleksik,59,Wrocław,Sales,14858,15,False,senior,2017
2212,Julita,Grabas,39,Łódź,IT,14285,17,True,mid,2014
2213,Lidia,Dorobek,38,Rzeszów,Marketing,10558,12,False,mid,2012
2214,Marek,Teodorowicz,49,Warszawa,HR,7962,0,False,mid,2017
2215,Radosław,Drozdowicz,44,Gdańsk,Operations,12837,21,False,senior,2023
2216,Ewa,Choina,28,Łódź,Operations,6018,1,False,junior,2011
2217,Filip,Szmaj,38,Warszawa,HR,7589,10,False,mid,2015
2218,Anita,Czylok,45,Poznań,HR,13256,8,False,senior,2020
2219,Eliza,Nitkiewicz,63,Łódź,HR,13205,2,False,senior,2022
2220,Anita,Kuban,26,Poznań,Support,13812,3,False,senior,2014
2221,Tymon,Tułacz,38,Rzeszów,Marketing,10091,1,False,mid,2014
2222,Adrianna,Wilusz,28,Kraków,Sales,6727,2,False,junior,2020
2223,Leon,Leszkiewicz,61,Gdańsk,Support,17905,11,False,lead,2017
2224,Eryk,Chruszcz,59,Poznań,HR,9823,25,False,mid,2019
2225,Maciej,Sypek,27,Kraków,HR,7953,2,False,mid,2013
2226,Maksymilian,Olszowa,61,Łódź,IT,15456,8,False,senior,2021
2227,Justyna,Bazydło,37,Warszawa,IT,15230,12,False,senior,2011
2228,Tymon,Fraszczyk,36,Katowice,Sales,10525,13,False,mid,2020
2229,Gaja,Ryczko,37,Łódź,IT,18842,13,False,lead,2021
2230,Alex,Białasik,60,Warszawa,IT,11844,3,False,mid,2019
2231,Krzysztof,Rej,30,Gdańsk,IT,11041,4,False,mid,2022
2232,Tobiasz,Roch,65,Katowice,Sales,14837,17,False,senior,2023
2233,Ewa,Skałka,25,Kraków,IT,14772,2,False,senior,2020
2234,Arkadiusz,Cłapa,49,Katowice,HR,9839,27,False,mid,2024
2235,Jacek,Rosołek,41,Warszawa,Sales,18541,10,False,lead,2014
2236,Róża,Fiutak,37,Wrocław,Finance,6254,11,False,junior,2023
2237,Bartek,Bryczek,43,Wrocław,HR,5437,9,False,junior,2011
2238,Julianna,Damek,22,Warszawa,IT,8351,0,False,junior,2023
2239,Sandra,Tomaszkiewicz,52,Kraków,IT,9775,22,False,mid,2022
2240,Urszula,Halama,23,Kraków,Support,9761,0,True,junior,2018
2241,Tymon,Mały,56,Rzeszów,IT,11698,33,False,mid,2010
2242,Julianna,Sypuła,28,Rzeszów,Sales,11088,3,False,mid,2014
2243,Oskar,Pindor,34,Gdańsk,Support,4755,1,False,junior,2018
2244,Sylwia,Bas,50,Wrocław,HR,17240,4,False,lead,2012
2245,Oskar,Martyn,31,Warszawa,Sales,18760,1,False,lead,2020
2246,Stefan,Heba,36,Gdańsk,Finance,8696,6,False,mid,2024
2247,Julita,Bobik,57,Gdańsk,Finance,18605,22,False,lead,2015
2248,Mieszko,Nazarko,41,Gdańsk,Marketing,6237,4,False,junior,2021
2249,Klara,Czerwionka,39,Rzeszów,HR,5668,1,False,junior,2024
2250,Ernest,Rompa,43,Lublin,IT,14292,4,False,senior,2014
2251,Ada,Kukawka,50,Gdańsk,Marketing,12547,9,False,senior,2024
2252,Lidia,Grądziel,50,Katowice,IT,14181,28,False,senior,2025
2253,Tymoteusz,Kucharz,32,Lublin,Sales,6098,0,False,junior,2025
2254,Olga,Stanaszek,44,Poznań,Operations,9585,22,True,junior,2017
2255,Blanka,Bernatowicz,24,Gdańsk,IT,10440,1,False,mid,2020
2256,Ewa,Soczówka,56,Kraków,Operations,12940,32,False,senior,2019
2257,Kornel,Maciejewicz,22,Lublin,Operations,14108,0,False,senior,2012
2258,Marek,Janiszek,47,Kraków,Support,9114,14,False,mid,2015
2259,Lidia,Rembisz,39,Łódź,Finance,5719,8,False,junior,2016
2260,Mariusz,Ważny,56,Poznań,Sales,11062,23,False,mid,2013
2261,Natan,Karol,22,Gdańsk,IT,8557,0,False,junior,2018
2262,Emil,Biegała,56,Gdańsk,Finance,14607,24,False,senior,2014
2263,Konstanty,Jakóbiak,60,Rzeszów,Sales,10763,3,False,mid,2013
2264,Marika,Szarzec,39,Kraków,IT,11950,14,False,mid,2022
2265,Oskar,Ścieszka,38,Białystok,Operations,7426,5,False,junior,2024
2266,Olaf,Hulbój,32,Gdańsk,IT,8751,8,False,junior,2025
2267,Radosław,Bałdys,23,Warszawa,Operations,16706,1,False,lead,2011
2268,Sara,Kudłacz,58,Warszawa,IT,17561,35,False,lead,2015
2269,Kazimierz,Kusio,36,Warszawa,Marketing,13977,2,False,senior,2022
2270,Urszula,Węgrzynek,29,Poznań,Sales,19086,0,False,lead,2025
2271,Dawid,Mrózek,46,Warszawa,HR,4880,3,False,junior,2019
2272,Sara,Mzyk,25,Kraków,HR,11848,1,False,senior,2011
2273,Kalina,Bejger,52,Katowice,Operations,8798,8,False,mid,2020
2274,Ada,Banek,41,Gdańsk,Operations,12142,13,False,senior,2010
2275,Eliza,Lewicz,34,Warszawa,Operations,12747,11,False,senior,2010
2276,Mariusz,Dub,45,Rzeszów,Sales,17105,8,False,lead,2020
2277,Adam,Parkitny,23,Rzeszów,Marketing,8576,0,False,mid,2012
2278,Damian,Szelest,22,Kraków,IT,21420,0,True,lead,2019
2279,Fabian,Sromek,22,Warszawa,Sales,11222,0,False,mid,2018
2280,Dorota,Dydo,61,Gdańsk,Finance,6297,30,False,junior,2023
2281,Łukasz,Tarach,48,Poznań,Finance,7812,17,False,junior,2022
2282,Anna Maria,Doliwa,32,Katowice,Sales,11085,6,False,mid,2013
2283,Nicole,Kozaczuk,52,Łódź,Sales,18291,16,False,lead,2010
2284,Tymoteusz,Handzel,45,Wrocław,Operations,9544,18,False,mid,2010
2285,Ksawery,Grotek,60,Białystok,IT,7968,15,False,junior,2024
2286,Adam,Chodak,62,Lublin,IT,12822,33,True,mid,2010
2287,Filip,Spadło,58,Białystok,Operations,18090,23,False,lead,2020
2288,Franciszek,Kanik,29,Kraków,IT,11499,7,False,mid,2019
2289,Konrad,Buszka,46,Warszawa,Sales,8058,19,False,junior,2014
2290,Leonard,Startek,39,Gdańsk,Support,8425,2,False,mid,2015
2291,Marcelina,Wiertel,31,Kraków,Sales,17882,9,False,lead,2021
2292,Ewa,Kasiak,39,Poznań,Marketing,5385,4,False,junior,2020
2293,Marcel,Dzikiewicz,49,Warszawa,Sales,10303,24,False,mid,2025
2294,Antoni,Dybiec,22,Warszawa,Sales,18201,0,False,lead,2023
2295,Mariusz,Szatanik,39,Warszawa,IT,11425,1,False,mid,2015
2296,Gaja,Hubert,54,Gdańsk,Operations,17146,10,False,lead,2010
2297,Kajetan,Budzich,25,Łódź,Support,8359,0,False,mid,2018
2298,Lidia,Musiała,50,Rzeszów,IT,8721,7,False,junior,2021
2299,Bianka,Łepek,22,Katowice,Support,4941,0,False,junior,2012
2300,Mieszko,Gierak,29,Gdańsk,Operations,16447,5,False,lead,2012
2301,Robert,Galuba,42,Katowice,IT,11304,5,False,mid,2011
2302,Tomasz,Szyda,58,Warszawa,IT,7785,8,False,junior,2010
2303,Antoni,Bartkowicz,22,Łódź,Support,9765,0,True,junior,2019
2304,Franciszek,Parada,57,Kraków,Sales,10937,20,False,mid,2024
2305,Anita,Żabierek,48,Warszawa,Operations,10437,18,False,mid,2018
2306,Bruno,Berdzik,39,Wrocław,Marketing,14308,15,False,senior,2014
2307,Borys,Chachaj,52,Katowice,IT,13789,6,False,senior,2011
2308,Artur,Kuban,38,Kraków,Sales,6708,10,False,junior,2015
2309,Gabriel,Maksym,26,Warszawa,Operations,13474,3,False,senior,2024
2310,Kalina,Korab,38,Lublin,HR,13223,16,False,senior,2011
2311,Michał,Kurda,47,Wrocław,Marketing,18609,8,False,lead,2017
2312,Mateusz,Kubanek,38,Poznań,Sales,18102,9,False,lead,2017
2313,Adrian,Chachaj,46,Kraków,Support,17055,20,False,lead,2020
2314,Tymoteusz,Boksa,25,Białystok,Marketing,14039,3,False,senior,2020
2315,Mateusz,Szyja,44,Wrocław,IT,9539,2,False,mid,2011
2316,Iwo,Kurcz,56,Kraków,IT,18767,21,False,lead,2010
2317,Norbert,Jachimczyk,64,Kraków,Support,6595,38,False,junior,2022
2318,Jacek,Sojda,28,Warszawa,HR,17323,4,False,lead,2022
2319,Albert,Jargiło,25,Warszawa,Marketing,6157,1,False,junior,2020
2320,Nataniel,Dziuda,39,Rzeszów,Operations,8746,2,False,mid,2024
2321,Iwo,Walkusz,42,Rzeszów,IT,9707,18,False,mid,2012
2322,Roksana,Pacyga,42,Lublin,Support,9121,3,False,mid,2018
2323,Angelika,Pal,50,Kraków,Finance,17516,20,True,senior,2013
2324,Ewa,Prokopiak,50,Warszawa,Sales,10249,22,True,junior,2021
2325,Paweł,Piszcz,63,Łódź,Operations,20608,1,True,lead,2019
2326,Apolonia,Kinal,65,Kraków,Marketing,7571,39,False,junior,2013
2327,Mariusz,Wyrwał,22,Białystok,Operations,10074,0,False,mid,2019
2328,Gaja,Ziarek,26,Gdańsk,Support,9079,0,False,mid,2015
2329,Ryszard,Pilarek,56,Katowice,Support,9094,22,False,mid,2014
2330,Dominik,Sommer,24,Warszawa,Finance,10865,1,False,mid,2010
2331,Wiktor,Droździk,63,Wrocław,Support,7940,1,False,mid,2012
2332,Jacek,Działa,56,Poznań,IT,14489,24,False,senior,2025
2333,Arkadiusz,Kuźnia,54,Warszawa,Operations,8793,17,False,mid,2019
2334,Jacek,Kasica,41,Rzeszów,Operations,12608,18,True,mid,2025
2335,Radosław,Kulisz,51,Lublin,HR,15158,12,True,senior,2021
2336,Krystian,Bluszcz,22,Rzeszów,HR,9102,0,False,mid,2015
2337,Tadeusz,Kleinschmidt,40,Kraków,Sales,11145,3,False,mid,2014
2338,Adam,Łacina,36,Kraków,IT,9630,12,True,junior,2011
2339,Olga,Andryszczyk,63,Warszawa,IT,15715,26,False,senior,2023
2340,Alex,Hanusiak,54,Warszawa,Support,9308,16,True,junior,2024
2341,Sebastian,Głowiak,36,Białystok,HR,6369,12,False,junior,2020
2342,Szymon,Kołpak,58,Poznań,HR,12262,35,False,senior,2012
2343,Sonia,Kapera,32,Katowice,HR,12445,9,False,senior,2017
2344,Robert,Oleksik,48,Warszawa,IT,15374,21,False,senior,2021
2345,Olga,Wódka,44,Kraków,Support,7140,16,False,junior,2014
2346,Piotr,Rasała,22,Katowice,Operations,7255,0,False,junior,2010
2347,Anita,Stoltmann,33,Rzeszów,IT,10200,3,False,mid,2012
2348,Rafał,Misiarz,44,Poznań,Support,13199,16,False,senior,2013
2349,Borys,Migda,49,Poznań,IT,15753,3,False,senior,2012
2350,Ewelina,Szumiec,59,Wrocław,Support,8085,20,False,mid,2022
2351,Lidia,Pachnik,57,Warszawa,Support,5668,33,False,junior,2025
2352,Maurycy,Krasa,56,Rzeszów,Sales,8183,13,False,junior,2025
2353,Radosław,Szczot,33,Rzeszów,HR,7893,8,True,junior,2014
2354,Alan,Fogiel,32,Warszawa,Sales,7998,7,False,junior,2014
2355,Dagmara,Troć,62,Rzeszów,IT,10641,14,True,junior,2025
2356,Gustaw,Karyś,39,Białystok,Operations,12270,6,False,senior,2023
2357,Natasza,Meler,45,Warszawa,IT,9553,18,False,mid,2014
2358,Robert,Wabik,24,Warszawa,Support,5597,2,False,junior,2014
2359,Melania,Husak,30,Lublin,IT,10498,7,False,mid,2021
2360,Grzegorz,Mądro,34,Katowice,Sales,12992,0,False,senior,2023
2361,Józef,Bielat,38,Łódź,Operations,7436,12,False,junior,2017
2362,Dawid,Olko,50,Wrocław,Sales,9718,14,False,mid,2014
2363,Maks,Kochman,26,Rzeszów,IT,9803,0,False,mid,2025
2364,Norbert,Dębosz,41,Warszawa,Support,13874,12,False,senior,2016
2365,Kornel,Dzieża,29,Lublin,Marketing,5473,0,False,junior,2022
2366,Robert,Maruszczyk,47,Warszawa,Operations,6719,5,False,junior,2025
2367,Gustaw,Roj,22,Gdańsk,Finance,10110,0,False,mid,2024
2368,Ignacy,Graj,24,Wrocław,IT,8112,1,False,junior,2021
2369,Mikołaj,Szyma,45,Kraków,Marketing,8348,1,False,mid,2024
2370,Janina,Patoka,49,Łódź,Sales,17720,12,False,lead,2023
2371,Wojciech,Łuczyk,44,Gdańsk,IT,10191,0,False,mid,2022
2372,Eryk,Męcik,30,Warszawa,HR,12386,6,False,senior,2023
2373,Ignacy,Heba,64,Katowice,Support,17013,8,False,lead,2018
2374,Fryderyk,Świt,65,Poznań,Sales,5960,9,False,junior,2025
2375,Radosław,Trzyna,60,Białystok,IT,14774,6,False,senior,2012
2376,Mikołaj,Bąbol,64,Wrocław,IT,10480,38,False,mid,2014
2377,Krystian,Pusz,40,Warszawa,Finance,21677,14,True,lead,2017
2378,Ksawery,Żołna,36,Warszawa,Operations,5986,3,False,junior,2012
2379,Kalina,Trojanek,27,Lublin,Sales,14331,5,False,senior,2018
2380,Róża,Widuch,45,Wrocław,Marketing,14245,14,False,senior,2020
2381,Jędrzej,Gwardiak,51,Białystok,Operations,9374,12,False,mid,2016
2382,Grzegorz,Ficoń,45,Gdańsk,Support,9283,7,False,mid,2022
2383,Maksymilian,Cyroń,26,Kraków,IT,8015,3,False,junior,2010
2384,Józef,Goworek,56,Białystok,Support,8954,0,False,mid,2012
2385,Kajetan,Madzia,43,Gdańsk,HR,13858,5,False,senior,2022
2386,Adam,Furgał,47,Warszawa,Operations,13856,9,False,senior,2018
2387,Aniela,Kapciak,30,Łódź,Support,9276,3,False,mid,2013
2388,Nikodem,Krenc,40,Rzeszów,Marketing,17215,1,False,lead,2015
2389,Alan,Wyskiel,48,Katowice,Operations,5228,26,False,junior,2024
2390,Damian,Misiejuk,58,Katowice,IT,6574,26,False,junior,2010
2391,Dawid,Kruszka,56,Poznań,Finance,8992,7,False,mid,2012
2392,Justyna,Dylak,45,Warszawa,Support,8340,23,False,mid,2016
2393,Marianna,Dydo,45,Białystok,Finance,7386,21,False,junior,2018
2394,Marianna,Fołta,39,Poznań,Sales,5903,15,False,junior,2023
2395,Ernest,Furgał,43,Wrocław,Finance,7139,4,False,junior,2020
2396,Piotr,Maraszek,48,Warszawa,HR,7691,6,True,junior,2021
2397,Ksawery,Józefczak,31,Warszawa,Support,17826,7,False,lead,2011
2398,Mariusz,Romańczyk,24,Poznań,Marketing,16469,0,False,lead,2019
2399,Kazimierz,Taczała,33,Lublin,IT,11974,5,False,mid,2019
2400,Liwia,Ciuła,36,Warszawa,Support,9867,9,False,mid,2012
2401,Kacper,Berendt,53,Warszawa,IT,18937,10,False,lead,2014
2402,Jan,Ciepluch,55,Łódź,Sales,7785,25,False,junior,2017
2403,Witold,Pakos,44,Rzeszów,Finance,13373,4,False,senior,2017
2404,Mieszko,Mierzwiak,31,Łódź,Operations,5778,2,False,junior,2015
2405,Adrian,Jędrusiak,22,Poznań,Marketing,9109,0,False,mid,2021
2406,Ernest,Rubin,36,Wrocław,Sales,7723,2,False,junior,2022
2407,Julianna,Kohut,27,Wrocław,Sales,10839,0,False,mid,2013
2408,Leon,Jarosiewicz,54,Warszawa,IT,17010,10,True,senior,2014
2409,Aleksander,Zacharczuk,47,Lublin,Operations,10286,3,False,mid,2015
2410,Aleks,Strzoda,27,Lublin,Finance,9573,3,False,mid,2018
2411,Angelika,Wlazły,47,Wrocław,HR,5387,15,False,junior,2014
2412,Anna Maria,Rogal,31,Poznań,Sales,17996,2,False,lead,2018
2413,Justyna,Staręga,31,Łódź,Marketing,8954,5,False,mid,2015
2414,Łukasz,Żołna,44,Warszawa,Operations,6382,12,False,junior,2016
2415,Marika,Koterba,45,Wrocław,Operations,6961,20,False,junior,2017
2416,Rafał,Świtaj,26,Kraków,Marketing,8628,0,False,mid,2017
2417,Olga,Patalas,22,Kraków,Sales,9299,0,False,mid,2020
2418,Olaf,Wojtak,31,Warszawa,Operations,12234,0,False,senior,2019
2419,Adrian,Mzyk,64,Lublin,Sales,6059,25,False,junior,2020
2420,Michał,Tondera,39,Kraków,Sales,6075,15,False,junior,2021
2421,Dorota,Łuczka,27,Kraków,IT,18901,3,False,lead,2020
2422,Marcel,Rubaj,49,Białystok,IT,8926,8,False,junior,2016
2423,Piotr,Strug,59,Poznań,Operations,11002,20,True,mid,2014
2424,Juliusz,Miros,23,Rzeszów,Marketing,10232,1,True,junior,2013
2425,Ewelina,Markiel,30,Warszawa,IT,8261,1,False,junior,2022
2426,Franciszek,Moneta,51,Wrocław,IT,11443,17,False,mid,2016
2427,Franciszek,Maligłówka,26,Białystok,IT,10259,1,False,mid,2014
2428,Dominik,Supernak,50,Katowice,Finance,10862,20,False,mid,2025
2429,Michał,Jacak,63,Kraków,Sales,11141,34,False,mid,2019
2430,Oliwier,Namysło,34,Gdańsk,Finance,8626,1,False,mid,2020
2431,Sara,Ciećko,33,Warszawa,IT,9596,3,True,junior,2021
2432,Marcel,Matyjaszek,53,Kraków,Sales,6963,24,False,junior,2025
2433,Iwo,Dudziec,22,Wrocław,Sales,7066,0,False,junior,2023
2434,Marcin,Fronczek,53,Wrocław,Finance,5864,25,False,junior,2023
2435,Mateusz,Gaudyn,34,Wrocław,Support,13054,6,False,senior,2011
2436,Sandra,Muzyk,23,Kraków,IT,8911,1,False,junior,2022
2437,Oskar,Kinal,39,Rzeszów,Finance,13816,13,True,mid,2021
2438,Angelika,Kalisiak,30,Warszawa,Marketing,5232,6,False,junior,2015
2439,Sebastian,Milej,45,Poznań,Finance,7247,11,False,junior,2019
2440,Paweł,Gumuła,37,Gdańsk,Support,13992,2,False,senior,2020
2441,Ignacy,Podpora,61,Kraków,Marketing,9553,25,False,mid,2018
2442,Oliwier,Wrochna,40,Kraków,IT,9996,7,False,mid,2022
2443,Dominik,Wochna,58,Kraków,Marketing,13329,15,False,senior,2024
2444,Konrad,Ziarek,40,Kraków,Finance,13799,7,True,mid,2015
2445,Ksawery,Częścik,31,Kraków,Finance,7453,3,False,junior,2016
2446,Błażej,Trepczyk,58,Lublin,Sales,9208,34,False,mid,2017
2447,Angelika,Danisz,32,Rzeszów,Marketing,16450,1,False,lead,2015
2448,Maurycy,Koćwin,29,Poznań,HR,12924,7,False,senior,2016
2449,Kalina,Matura,40,Poznań,Sales,9314,13,False,mid,2011
2450,Miłosz,Kotlarek,37,Kraków,Finance,5762,0,False,junior,2014
2451,Krystyna,Wąsek,61,Lublin,IT,10957,14,False,mid,2013
2452,Nikodem,Sudak,30,Lublin,HR,5959,1,False,junior,2022
2453,Karina,Pabiś,34,Gdańsk,Operations,10274,5,False,mid,2023
2454,Marek,Minkiewicz,27,Białystok,HR,8722,4,False,mid,2016
2455,Bartek,Pachnik,38,Warszawa,IT,11755,10,False,mid,2021
2456,Dawid,Suszko,25,Warszawa,Operations,5555,1,False,junior,2011
2457,Anita,Łachut,37,Kraków,HR,7941,6,False,mid,2010
2458,Anastazja,Szurek,41,Łódź,Finance,10123,7,False,mid,2010
2459,Tomasz,Bidas,24,Rzeszów,Marketing,12776,2,False,senior,2018
2460,Apolonia,Drabczyk,46,Warszawa,Operations,9995,24,False,mid,2024
2461,Oskar,Feliksiak,40,Warszawa,IT,10804,2,False,mid,2011
2462,Jerzy,Rajtar,31,Katowice,Finance,12163,3,True,mid,2018
2463,Gustaw,Czerwionka,49,Wrocław,HR,8153,12,False,mid,2016
2464,Marcelina,Filas,34,Warszawa,Operations,11066,2,True,mid,2014
2465,Oskar,Dywan,43,Warszawa,IT,12589,12,True,mid,2017
2466,Tymoteusz,Żymełka,34,Wrocław,Marketing,9952,4,False,mid,2024
2467,Maciej,Cichos,45,Wrocław,Operations,9422,0,False,mid,2020
2468,Aleks,Kuchciak,37,Gdańsk,IT,10208,1,True,junior,2017
2469,Jędrzej,Strawa,59,Lublin,IT,17609,35,True,senior,2014
2470,Oliwier,Dycha,24,Wrocław,Support,7767,0,False,mid,2012
2471,Aleksander,Rychel,51,Warszawa,Operations,6529,22,False,junior,2011
2472,Sebastian,Nastały,50,Wrocław,Operations,14238,26,False,senior,2024
2473,Alan,Cymer,28,Gdańsk,Marketing,17266,6,False,lead,2023
2474,Maurycy,Doroszuk,28,Gdańsk,Operations,12204,4,False,senior,2022
2475,Monika,Dyczko,45,Poznań,Support,9621,20,False,mid,2014
2476,Cezary,Ludwin,43,Warszawa,IT,15895,16,False,senior,2020
2477,Tomasz,Pacia,46,Kraków,HR,12103,12,False,senior,2017
2478,Cyprian,Janiuk,53,Wrocław,Marketing,11963,15,True,mid,2013
2479,Oliwier,Masłoń,30,Warszawa,Sales,5971,1,False,junior,2017
2480,Blanka,Spadło,44,Katowice,Marketing,11502,22,True,mid,2024
2481,Jeremi,Płodzień,25,Warszawa,Sales,6418,3,False,junior,2021
2482,Ernest,Petrus,28,Gdańsk,Marketing,17503,4,False,lead,2013
2483,Malwina,Potok,53,Warszawa,Sales,6842,6,False,junior,2017
2484,Sandra,Kosman,36,Warszawa,Finance,9091,8,False,mid,2013
2485,Leon,Mikusek,46,Kraków,Operations,9566,5,False,mid,2016
2486,Adrian,Szeja,34,Łódź,Operations,13187,11,False,senior,2019
2487,Stanisław,Wiercigroch,41,Lublin,HR,13544,14,False,senior,2020
2488,Damian,Hanc,22,Katowice,IT,11046,0,False,mid,2021
2489,Urszula,Sołtysek,26,Kraków,Operations,13054,4,False,senior,2015
2490,Karina,Dryka,47,Warszawa,Support,8996,13,False,mid,2023
2491,Nicole,Franaszek,36,Białystok,Sales,6455,4,False,junior,2021
2492,Monika,Swatek,58,Warszawa,Finance,6080,9,False,junior,2014
2493,Fryderyk,Citko,23,Białystok,IT,9792,1,False,mid,2020
2494,Maurycy,Dębniak,48,Gdańsk,HR,6882,6,False,junior,2022
2495,Antoni,Gotfryd,36,Łódź,Operations,5705,6,False,junior,2019
2496,Adrian,Deptuch,64,Wrocław,HR,6606,11,False,junior,2010
2497,Ada,Staniaszek,63,Warszawa,Marketing,10404,35,False,mid,2011
2498,Klara,Stępak,24,Lublin,IT,9763,1,False,mid,2012
2499,Aleksander,Burchardt,33,Lublin,Operations,6212,2,False,junior,2013
2500,Robert,Rompa,45,Wrocław,Finance,7144,17,False,junior,2019
2501,Jędrzej,Wika,22,Warszawa,HR,11739,0,False,senior,2022
2502,Anna Maria,Biesaga,41,Lublin,Marketing,16790,9,True,senior,2015
2503,Aurelia,Indyka,58,Poznań,Sales,18084,32,False,lead,2020
2504,Sylwia,Młynarz,46,Rzeszów,Finance,8986,20,False,mid,2023
2505,Natan,Kazana,30,Warszawa,Sales,7586,3,False,junior,2014
2506,Angelika,Puc,33,Warszawa,Marketing,8868,1,True,junior,2018
2507,Patryk,Poreda,56,Warszawa,Marketing,14527,13,False,senior,2013
2508,Witold,Sommer,27,Wrocław,Operations,14496,3,False,senior,2018
2509,Mieszko,Mordak,58,Warszawa,Marketing,10450,33,True,junior,2010
2510,Ernest,Dukat,25,Wrocław,IT,14188,1,False,senior,2010
2511,Dagmara,Franiak,25,Warszawa,IT,11728,0,False,mid,2022
2512,Mikołaj,Jakubaszek,34,Gdańsk,HR,5500,1,False,junior,2017
2513,Damian,Składanek,57,Poznań,IT,18200,0,False,lead,2011
2514,Natasza,Dąbal,25,Łódź,IT,11286,3,False,mid,2017
2515,Anastazja,Łabuś,36,Rzeszów,IT,15996,2,False,senior,2022
2516,Leon,Koj,65,Poznań,Support,9077,13,True,junior,2013
2517,Marika,Salawa,62,Katowice,Marketing,18063,34,False,lead,2013
2518,Tadeusz,Folta,37,Rzeszów,IT,10277,13,False,mid,2014
2519,Konstanty,Wawrzynowicz,64,Warszawa,IT,13906,32,False,senior,2017
2520,Dorota,Kutnik,44,Gdańsk,Operations,9332,5,False,mid,2010
2521,Krystyna,Apostel,47,Warszawa,IT,11016,15,False,mid,2015
2522,Albert,Gendera,22,Lublin,IT,17021,0,True,senior,2024
2523,Marek,Fiołek,60,Warszawa,Support,17143,28,False,lead,2023
2524,Róża,Kuska,59,Poznań,HR,8229,34,False,mid,2010
2525,Anita,Brząkała,31,Łódź,Operations,8699,6,False,mid,2021
2526,Dawid,Cłapa,58,Wrocław,HR,6816,6,False,junior,2015
2527,Sonia,Pielach,43,Kraków,Finance,7320,10,False,junior,2019
2528,Jędrzej,Piesik,30,Gdańsk,IT,11232,0,False,mid,2019
2529,Sonia,Skup,26,Wrocław,IT,14938,3,True,mid,2024
2530,Kacper,Jędrusiak,41,Kraków,Sales,7461,15,False,junior,2018
2531,Olga,Procek,26,Gdańsk,Sales,7483,4,False,junior,2024
2532,Piotr,Majdan,37,Poznań,Sales,15181,9,False,senior,2013
2533,Krystyna,Wandzel,46,Poznań,HR,13977,9,False,senior,2015
2534,Tomasz,Kaletka,64,Wrocław,IT,9984,40,False,mid,2011
2535,Emil,Kupaj,32,Wrocław,Finance,7965,6,False,junior,2011
2536,Apolonia,Gabrych,23,Lublin,Finance,9407,0,True,junior,2010
2537,Gabriel,Żyto,57,Warszawa,Marketing,13176,34,True,mid,2019
2538,Agnieszka,Gogola,64,Gdańsk,Marketing,8634,34,False,mid,2021
2539,Dariusz,Bejnarowicz,48,Białystok,Finance,5552,7,False,junior,2011
2540,Mikołaj,Łudzik,22,Kraków,Finance,5917,0,False,junior,2021
2541,Artur,Wiercigroch,63,Rzeszów,Finance,7785,13,False,junior,2018
2542,Agnieszka,Morek,58,Rzeszów,Marketing,13405,12,False,senior,2023
2543,Melania,Biesaga,50,Katowice,Support,5184,18,False,junior,2025
2544,Lidia,Sobieszczyk,32,Katowice,IT,14335,6,False,senior,2023
2545,Dariusz,Gral,45,Kraków,Support,5732,22,False,junior,2014
2546,Aniela,Początek,60,Wrocław,HR,17228,38,False,lead,2022
2547,Patryk,Banek,45,Warszawa,IT,9978,5,False,mid,2020
2548,Borys,Borczyk,44,Lublin,IT,10230,19,False,mid,2015
2549,Cyprian,Kreczmer,33,Kraków,IT,10707,1,False,mid,2024
2550,Aleks,Kwapień,23,Poznań,Finance,9833,1,False,mid,2021
2551,Angelika,Pyziak,60,Kraków,IT,10449,14,False,mid,2017
2552,Dominik,Szwaja,42,Warszawa,IT,10924,0,False,mid,2016
2553,Leon,Zamora,28,Lublin,Sales,16820,1,True,senior,2022
2554,Sebastian,Prokopczuk,30,Białystok,IT,19434,2,False,lead,2017
2555,Kalina,Łuczkiewicz,62,Wrocław,IT,11695,9,False,mid,2017
2556,Juliusz,Fac,61,Łódź,HR,8241,22,False,mid,2019
2557,Konrad,Sendor,32,Warszawa,Operations,15473,10,True,senior,2020
2558,Ignacy,Cichos,53,Wrocław,IT,11667,23,False,mid,2011
2559,Kamila,Maruszczak,45,Kraków,Finance,9443,9,False,mid,2021
2560,Róża,Madajczyk,62,Warszawa,Finance,9711,13,False,mid,2013
2561,Rafał,Sobieszczyk,51,Kraków,Operations,8816,3,False,mid,2018
2562,Natan,Dybaś,40,Kraków,Sales,9599,6,True,junior,2013
2563,Urszula,Kobza,55,Lublin,IT,11634,13,False,mid,2015
2564,Julianna,Baranowicz,49,Poznań,Operations,10280,1,False,mid,2012
2565,Aniela,Gronostaj,44,Poznań,IT,11280,5,False,mid,2015
2566,Julianna,Korek,42,Warszawa,Marketing,9071,2,False,mid,2020
2567,Łukasz,Grosz,36,Katowice,IT,13939,7,False,senior,2021
2568,Jan,Pyszczek,49,Kraków,Operations,9962,21,False,mid,2024
2569,Franciszek,Jędrys,46,Wrocław,Support,8619,5,False,mid,2016
2570,Kornelia,Patoła,47,Gdańsk,Operations,9761,4,False,mid,2018
2571,Janina,Deptuch,43,Gdańsk,Operations,8459,1,False,mid,2011
2572,Apolonia,Panasewicz,56,Gdańsk,Sales,10194,21,False,mid,2015
2573,Kajetan,Bednarowicz,28,Gdańsk,Marketing,6377,5,False,junior,2015
2574,Elżbieta,Romaniak,63,Katowice,Sales,10675,18,False,mid,2021
2575,Hubert,Hanc,50,Lublin,Operations,9345,5,False,mid,2021
2576,Tobiasz,Szok,55,Katowice,Operations,19587,8,True,lead,2012
2577,Kazimierz,Krępa,50,Łódź,Sales,9103,23,False,mid,2014
2578,Ernest,Oleksik,41,Gdańsk,Support,8035,16,False,mid,2024
2579,Witold,Kapciak,22,Poznań,Support,13046,0,False,senior,2013
2580,Ewa,Pytko,39,Katowice,IT,11643,6,False,mid,2013
2581,Gustaw,Pezda,27,Gdańsk,IT,15279,1,False,senior,2013
2582,Łukasz,Pazik,27,Rzeszów,Sales,6926,4,False,junior,2020
2583,Klara,Plona,58,Warszawa,Operations,14346,0,False,senior,2015
2584,Ida,Harasimiuk,28,Warszawa,HR,9241,3,False,mid,2023
2585,Krystyna,Siewert,59,Katowice,IT,7782,13,False,junior,2010
2586,Jędrzej,Lukas,51,Lublin,HR,6116,23,False,junior,2010
2587,Bianka,Mitera,29,Katowice,IT,11681,1,False,mid,2014
2588,Przemysław,Warwas,58,Łódź,HR,9247,30,False,mid,2011
2589,Nikodem,Delekta,58,Kraków,Sales,13857,3,True,mid,2013
2590,Aleks,Klebba,24,Lublin,HR,8346,1,False,mid,2022
2591,Mieszko,Keler,26,Katowice,Sales,18446,2,False,lead,2014
2592,Adrian,Plak,50,Kraków,Marketing,6204,2,False,junior,2016
2593,Kajetan,Makoś,44,Warszawa,IT,14817,7,False,senior,2023
2594,Rozalia,Praczyk,27,Kraków,Marketing,12569,2,True,mid,2022
2595,Kazimierz,Plak,46,Gdańsk,Finance,8973,7,False,mid,2013
2596,Oliwier,Majtczak,46,Rzeszów,Sales,7881,9,False,junior,2017
2597,Maks,Gabrych,52,Warszawa,IT,8049,15,False,junior,2023
2598,Malwina,Sadowy,22,Kraków,Sales,17844,0,False,lead,2018
2599,Anita,Małż,26,Białystok,Sales,7124,3,False,junior,2016
2600,Urszula,Maziarczyk,43,Gdańsk,HR,11675,17,False,senior,2021
2601,Ewelina,Koleśnik,29,Gdańsk,IT,7376,0,False,junior,2010
2602,Kaja,Putek,38,Warszawa,IT,9919,4,False,mid,2018
2603,Bartek,Zinkiewicz,62,Wrocław,Sales,11224,16,False,mid,2020
2604,Dominik,Orkisz,35,Gdańsk,IT,10565,0,False,mid,2010
2605,Fryderyk,Luks,58,Poznań,Operations,7085,11,False,junior,2024
2606,Mikołaj,Mydlak,39,Kraków,Operations,13346,10,False,senior,2024
2607,Adam,Zieniewicz,30,Kraków,IT,8240,7,False,junior,2013
2608,Cezary,Bakiera,28,Lublin,HR,7643,6,False,mid,2016
2609,Miłosz,Kasper,41,Katowice,Support,8541,6,False,mid,2025
2610,Iwo,Rurarz,50,Rzeszów,IT,15157,20,False,senior,2019
2611,Stanisław,Maciejewicz,52,Kraków,IT,9551,14,True,junior,2013
2612,Gustaw,Węgrzynowicz,44,Gdańsk,Finance,13732,6,True,mid,2014
2613,Rozalia,Feret,47,Katowice,Support,7977,4,False,mid,2015
2614,Maurycy,Obiała,36,Warszawa,Marketing,5748,14,False,junior,2010
2615,Aniela,Kazek,39,Warszawa,Marketing,6314,8,False,junior,2013
2616,Melania,Kosznik,58,Wrocław,Operations,5308,13,False,junior,2011
2617,Artur,Maras,61,Kraków,Support,12290,30,False,senior,2018
2618,Melania,Prażmo,56,Łódź,Sales,7396,29,False,junior,2018
2619,Marek,Pitura,58,Warszawa,IT,7722,26,False,junior,2014
2620,Stefan,Małyszka,33,Lublin,Marketing,5906,4,False,junior,2023
2621,Franciszek,Baumgart,28,Gdańsk,IT,11653,0,False,mid,2023
2622,Tobiasz,Skalik,28,Warszawa,IT,11337,5,False,mid,2015
2623,Jędrzej,Skałka,25,Warszawa,HR,13101,1,False,senior,2023
2624,Mikołaj,Sus,30,Warszawa,Support,7740,1,False,mid,2020
2625,Iwo,Naczk,51,Warszawa,IT,10866,15,False,mid,2010
2626,Sara,Ciechowicz,23,Wrocław,IT,8349,1,False,junior,2015
2627,Artur,Zybura,32,Poznań,Finance,10586,1,True,junior,2025
2628,Leonard,Wiekiera,26,Warszawa,IT,10795,3,False,mid,2018
2629,Julianna,Podleśna,48,Poznań,Sales,6080,25,False,junior,2025
2630,Konrad,Pyc,22,Kraków,IT,7423,0,False,junior,2019
2631,Eryk,Pałgan,40,Warszawa,Sales,10202,4,True,junior,2015
2632,Adrianna,Rok,35,Warszawa,Support,4769,9,False,junior,2018
2633,Igor,Lenda,41,Poznań,IT,14352,14,False,senior,2015
2634,Tymoteusz,Siemieńczuk,48,Kraków,IT,11175,20,False,mid,2012
2635,Ida,Murach,63,Kraków,Sales,9348,29,False,mid,2018
2636,Albert,Masny,44,Poznań,IT,12933,22,True,mid,2013
2637,Marianna,Kosidło,58,Białystok,Sales,9499,7,False,mid,2023
2638,Dagmara,Ledzion,56,Łódź,Marketing,17894,25,False,lead,2018
2639,Adrian,Linkiewicz,52,Lublin,Support,8219,17,False,mid,2016
2640,Janina,Preuss,51,Białystok,Sales,18668,12,False,lead,2018
2641,Juliusz,Masiak,23,Łódź,Support,8148,0,False,mid,2011
2642,Kornel,Kowara,53,Gdańsk,IT,9706,18,False,mid,2022
2643,Marcin,Brach,58,Katowice,Support,18190,33,False,lead,2014
2644,Marcin,Kolber,34,Kraków,Sales,9907,12,False,mid,2024
2645,Gaja,Machoń,24,Kraków,Support,5823,2,False,junior,2023
2646,Emil,Eckert,33,Warszawa,IT,15513,2,False,senior,2014
2647,Anita,Głownia,22,Warszawa,IT,17749,0,False,lead,2010
2648,Maurycy,Kupidura,23,Kraków,Marketing,6180,1,False,junior,2013
2649,Alex,Okła,61,Poznań,Marketing,5568,0,False,junior,2013
2650,Borys,Zacharek,38,Warszawa,Sales,9178,3,False,mid,2022
2651,Angelika,Gajdzik,58,Warszawa,Sales,15183,9,False,senior,2024
2652,Dorota,Sykut,61,Poznań,Marketing,8536,2,False,mid,2023
2653,Urszula,Olesiejuk,52,Warszawa,IT,11914,8,False,mid,2018
2654,Julita,Dydo,65,Warszawa,IT,8325,14,False,junior,2012
2655,Tomasz,Łyś,28,Kraków,Marketing,13712,4,False,senior,2018
2656,Borys,Garczyk,43,Gdańsk,Operations,5074,16,False,junior,2016
2657,Bruno,Nastały,62,Łódź,IT,14479,16,False,senior,2018
2658,Kornel,Bogaczyk,48,Kraków,Support,5725,13,False,junior,2019
2659,Olgierd,Raszkiewicz,59,Wrocław,IT,16739,17,True,senior,2014
2660,Przemysław,Dyrek,39,Łódź,Sales,17876,0,True,senior,2014
2661,Liwia,Ciapa,30,Gdańsk,Marketing,8811,3,False,mid,2022
2662,Melania,Startek,31,Poznań,IT,10830,0,False,mid,2014
2663,Mateusz,Koral,51,Wrocław,Support,12354,7,False,senior,2017
2664,Mieszko,Kuśnierek,44,Kraków,IT,11793,14,True,junior,2014
2665,Tadeusz,Majtyka,57,Warszawa,Finance,9223,21,True,junior,2020
2666,Andrzej,Brach,44,Łódź,Operations,8129,18,True,junior,2011
2667,Kazimierz,Baumgart,51,Warszawa,Finance,8849,19,True,junior,2014
2668,Oliwier,Durys,57,Wrocław,IT,10219,15,False,mid,2016
2669,Juliusz,Dziduch,30,Warszawa,IT,8680,6,False,junior,2021
2670,Ryszard,Langa,22,Wrocław,HR,12559,0,False,senior,2019
2671,Eliza,Michnowicz,46,Lublin,Marketing,7001,23,False,junior,2023
2672,Mariusz,Zbiciak,36,Wrocław,Support,11060,13,True,mid,2020
2673,Apolonia,Kuśnierek,37,Łódź,Operations,9266,0,False,mid,2025
2674,Ada,Szymonik,31,Gdańsk,Finance,7178,4,False,junior,2015
2675,Gustaw,Prejs,32,Katowice,IT,14250,5,False,senior,2022
2676,Eryk,Filek,50,Lublin,Marketing,9638,0,False,mid,2022
2677,Ida,Kawula,31,Warszawa,Support,6374,2,False,junior,2024
2678,Patryk,Klinkosz,54,Kraków,Finance,16153,17,True,senior,2011
2679,Julita,Osica,62,Warszawa,Support,12790,13,True,mid,2019
2680,Jan,Chojna,54,Rzeszów,IT,18613,30,False,lead,2016
2681,Wiktor,Janczarek,41,Wrocław,Marketing,8824,1,False,mid,2013
2682,Bruno,Kosznik,31,Gdańsk,Operations,9459,1,False,mid,2015
2683,Kaja,Policht,44,Warszawa,Support,8832,8,False,mid,2019
2684,Paweł,Zarzeczna,63,Warszawa,Marketing,13001,5,False,senior,2012
2685,Julita,Pawlonka,55,Warszawa,Marketing,9123,9,False,mid,2020
2686,Justyna,Koperek,65,Poznań,Operations,12265,37,False,senior,2018
2687,Wojciech,Prażuch,59,Rzeszów,Finance,8574,26,False,mid,2021
2688,Marcin,Buśko,28,Warszawa,IT,8019,6,False,junior,2019
2689,Róża,Skrobot,34,Warszawa,Marketing,12320,10,False,senior,2013
2690,Kornel,Pytlarz,47,Katowice,Sales,12781,1,True,mid,2025
2691,Dawid,Chomiuk,31,Gdańsk,Sales,16039,1,True,senior,2016
2692,Mikołaj,Kubowicz,32,Warszawa,Sales,19225,0,False,lead,2011
2693,Iwo,Jachna,27,Warszawa,IT,15444,0,False,senior,2013
2694,Wojciech,Jędraszek,37,Poznań,IT,15772,3,False,senior,2023
2695,Olaf,Bekus,24,Gdańsk,Finance,6953,2,False,junior,2011
2696,Kalina,Bąkiewicz,54,Łódź,Operations,7145,16,False,junior,2020
2697,Aniela,Rosada,45,Warszawa,Support,9083,0,False,mid,2015
2698,Olga,Orwat,29,Warszawa,Sales,10617,0,False,mid,2010
2699,Jędrzej,Zbroja,52,Gdańsk,IT,13958,4,False,senior,2023
2700,Tobiasz,Tekiela,28,Łódź,IT,7133,3,False,junior,2014
2701,Ignacy,Droździel,34,Katowice,Sales,10770,10,False,mid,2025
2702,Jan,Toma,29,Lublin,IT,11792,3,False,mid,2013
2703,Wiktor,Laszkiewicz,22,Poznań,Marketing,13700,0,False,senior,2021
2704,Janina,Bulanda,51,Warszawa,IT,18700,27,False,lead,2016
2705,Wojciech,Hallmann,30,Rzeszów,IT,15100,3,False,senior,2011
2706,Nela,Baszak,46,Wrocław,Finance,10131,19,False,mid,2025
2707,Aleks,Wołodźko,23,Łódź,Finance,12984,1,False,senior,2017
2708,Emil,Fronczyk,58,Białystok,Support,10924,23,True,mid,2013
2709,Dawid,Bujko,48,Wrocław,IT,14391,9,False,senior,2016
2710,Monika,Baumgart,45,Rzeszów,Sales,17441,1,False,lead,2019
2711,Ewa,Michnowicz,35,Warszawa,Sales,13360,11,False,senior,2019
2712,Antoni,Kubanek,56,Warszawa,IT,11241,18,False,mid,2012
2713,Damian,Oleksak,22,Warszawa,IT,15044,0,False,senior,2025
2714,Borys,Kopa,45,Wrocław,HR,8503,22,False,mid,2017
2715,Kamila,Stranc,64,Kraków,Sales,17134,39,True,senior,2010
2716,Inga,Erdmann,29,Wrocław,Marketing,18270,4,False,lead,2023
2717,Julian,Babij,29,Poznań,HR,7955,5,False,mid,2014
2718,Mariusz,Godyń,56,Białystok,HR,19459,4,True,lead,2021
2719,Bianka,Sołtan,58,Kraków,HR,7686,31,False,mid,2024
2720,Dagmara,Tylus,32,Warszawa,HR,13014,3,False,senior,2018
2721,Marcel,Kargol,49,Warszawa,Finance,8611,24,False,mid,2024
2722,Jan,Dorobek,35,Wrocław,Finance,14468,0,False,senior,2017
2723,Gaja,Nieszporek,52,Warszawa,Sales,13734,21,False,senior,2010
2724,Julita,Łasica,33,Warszawa,HR,6380,7,False,junior,2015
2725,Karol,Teterycz,46,Warszawa,HR,6663,1,False,junior,2022
2726,Nikodem,Kowala,31,Poznań,HR,9206,7,True,junior,2023
2727,Mieszko,Leszkiewicz,38,Łódź,Finance,7458,4,False,junior,2012
2728,Klara,Bandyk,35,Poznań,Support,5266,5,False,junior,2021
2729,Ida,Dorociak,60,Poznań,Marketing,7687,8,False,junior,2011
2730,Miłosz,Zacharek,48,Katowice,Sales,10411,21,False,mid,2017
2731,Borys,Gałaj,33,Katowice,Operations,9420,0,False,mid,2010
2732,Iwo,Kiryluk,65,Gdańsk,IT,19212,33,False,lead,2012
2733,Oliwier,Swatek,42,Wrocław,HR,15285,19,True,senior,2020
2734,Nicole,Cichos,48,Poznań,Sales,7188,14,False,junior,2021
2735,Mikołaj,Kielczyk,38,Warszawa,Marketing,13358,5,True,mid,2018
2736,Krystyna,Bartoszak,31,Lublin,Marketing,9044,2,False,mid,2015
2737,Krystyna,Kijas,25,Gdańsk,Sales,9107,1,True,junior,2024
2738,Aleks,Pachnik,45,Wrocław,IT,15232,20,False,senior,2015
2739,Krzysztof,Roczniak,25,Lublin,Finance,7762,2,False,junior,2022
2740,Oskar,Kopczyk,58,Wrocław,Support,7069,35,False,junior,2010
2741,Elżbieta,Fura,35,Warszawa,IT,15192,9,False,senior,2010
2742,Kornel,Maksimowicz,28,Wrocław,Sales,10529,2,True,junior,2010
2743,Hubert,Tomaszuk,26,Lublin,IT,9829,3,False,mid,2022
2744,Marek,Dmoch,34,Warszawa,HR,14634,7,True,senior,2019
2745,Ryszard,Cebulak,59,Wrocław,Finance,6645,12,False,junior,2022
2746,Krzysztof,Karczmarek,58,Lublin,Finance,14316,14,False,senior,2023
2747,Eryk,Pianka,37,Rzeszów,IT,10831,0,False,mid,2018
2748,Ada,Żelazo,25,Gdańsk,Sales,14131,1,False,senior,2013
2749,Kornel,Małas,60,Kraków,Finance,14520,14,False,senior,2015
2750,Norbert,Kuczaj,56,Gdańsk,Operations,5195,5,False,junior,2019
2751,Janina,Kolanek,58,Lublin,Marketing,6556,27,False,junior,2015
2752,Sylwia,Krüger,51,Łódź,Finance,7503,27,False,junior,2018
2753,Dariusz,Smolec,61,Wrocław,IT,11281,37,False,mid,2019
2754,Jędrzej,Skotarek,22,Rzeszów,Marketing,12288,0,False,senior,2015
2755,Alan,Furgał,24,Łódź,IT,7203,2,False,junior,2011
2756,Jędrzej,Wojak,32,Białystok,Operations,12975,2,False,senior,2011
2757,Borys,Królikiewicz,39,Białystok,Sales,9442,8,False,mid,2021
2758,Justyna,Kleina,34,Warszawa,IT,6666,3,False,junior,2014
2759,Olgierd,Hulbój,45,Kraków,Support,15626,20,True,senior,2020
2760,Kornel,Nazarko,40,Łódź,IT,15879,10,False,senior,2019
2761,Malwina,Bociek,35,Katowice,IT,7508,9,False,junior,2022
2762,Adrianna,Pałyga,32,Warszawa,Sales,11005,9,False,mid,2017
2763,Norbert,Kleban,29,Katowice,Marketing,17574,2,True,senior,2011
2764,Bianka,Pilipczuk,50,Gdańsk,HR,9962,24,False,mid,2014
2765,Tymoteusz,Bona,25,Rzeszów,Finance,10383,0,True,junior,2019
2766,Maksymilian,Skocz,59,Warszawa,IT,7598,23,False,junior,2012
2767,Konstanty,Sarota,58,Kraków,Support,19242,13,True,lead,2015
2768,Sebastian,Glica,47,Kraków,Sales,7441,14,False,junior,2014
2769,Julita,Polaszek,49,Poznań,IT,19132,27,False,lead,2018
2770,Błażej,Kopyść,46,Warszawa,IT,13993,3,False,senior,2024
2771,Igor,Woźniczko,36,Gdańsk,Marketing,6300,0,False,junior,2020
2772,Igor,Bacik,30,Warszawa,IT,7443,4,False,junior,2020
2773,Kacper,Rejmak,44,Kraków,Marketing,10583,0,False,mid,2013
2774,Dorota,Uzar,41,Warszawa,Operations,10421,7,False,mid,2024
2775,Antoni,Jamrożek,62,Gdańsk,IT,7529,8,False,junior,2014
2776,Elżbieta,Bejm,31,Kraków,Operations,9316,1,False,mid,2013
2777,Olga,Mandrysz,59,Rzeszów,HR,13517,11,False,senior,2011
2778,Tola,Piegza,49,Lublin,IT,10460,15,False,mid,2015
2779,Piotr,Zyzik,59,Wrocław,IT,17734,37,False,lead,2015
2780,Robert,Jaszczur,43,Łódź,Support,13828,14,False,senior,2020
2781,Rozalia,Macha,62,Wrocław,Sales,15017,32,False,senior,2015
2782,Krystian,Zaraś,42,Poznań,Finance,14580,13,False,senior,2018
2783,Kamila,Kochman,47,Gdańsk,IT,7387,15,False,junior,2020
2784,Julianna,Kosak,45,Wrocław,Sales,14235,2,False,senior,2010
2785,Aleks,Janke,28,Łódź,Marketing,5888,4,False,junior,2019
2786,Marcelina,Frącz,50,Warszawa,Marketing,8252,5,False,mid,2012
2787,Apolonia,Wiech,32,Kraków,HR,6933,2,False,junior,2010
2788,Ewa,Nagel,22,Lublin,Finance,10132,0,False,mid,2010
2789,Nela,Pesta,38,Warszawa,Sales,13558,10,False,senior,2012
2790,Tadeusz,Dorna,52,Warszawa,Marketing,5404,26,False,junior,2012
2791,Leon,Świć,58,Katowice,Sales,6456,14,False,junior,2019
2792,Ida,Chwedoruk,51,Gdańsk,Finance,8691,2,True,junior,2023
2793,Adrianna,Sykut,23,Łódź,HR,7954,0,False,mid,2023
2794,Kajetan,Matejuk,25,Lublin,Finance,18653,3,False,lead,2021
2795,Sylwia,Galos,22,Kraków,IT,9869,0,False,mid,2024
2796,Tymon,Łupina,49,Kraków,IT,7311,21,False,junior,2023
2797,Karina,Pałyga,29,Katowice,HR,9282,0,False,mid,2019
2798,Maciej,Simon,30,Wrocław,HR,11976,3,False,senior,2016
2799,Ada,Płócienniczak,51,Łódź,Finance,10221,5,False,mid,2011
2800,Wiktor,Ledzion,49,Katowice,Sales,8984,27,False,mid,2018
2801,Leonard,Sztaba,49,Kraków,HR,6307,25,False,junior,2010
2802,Maciej,Sprycha,27,Gdańsk,IT,9668,3,False,mid,2015
2803,Gabriel,Trybała,40,Kraków,Operations,10032,17,True,junior,2015
2804,Olgierd,Bąkiewicz,36,Katowice,Operations,9592,4,False,mid,2018
2805,Natasza,Gawliczek,50,Warszawa,Finance,14695,18,False,senior,2021
2806,Aleksander,Brach,36,Warszawa,Sales,17715,6,True,senior,2015
2807,Kazimierz,Tokarek,34,Łódź,IT,12513,8,True,mid,2020
2808,Angelika,Zybura,36,Gdańsk,HR,12597,8,False,senior,2015
2809,Jacek,Chołody,27,Kraków,Operations,12133,3,False,senior,2017
2810,Błażej,Ciesielka,52,Łódź,IT,8181,17,False,junior,2013
2811,Inga,Behrendt,40,Rzeszów,Sales,10672,7,False,mid,2011
2812,Tymoteusz,Miękina,47,Poznań,Finance,9939,23,False,mid,2023
2813,Albert,Tasarz,38,Warszawa,Operations,13655,13,False,senior,2012
2814,Julianna,Wosiek,45,Łódź,Sales,8294,21,False,junior,2011
2815,Igor,Kocurek,25,Białystok,IT,9545,1,False,mid,2019
2816,Iwo,Zacharewicz,43,Łódź,Operations,9188,1,False,mid,2017
2817,Artur,Kusik,45,Wrocław,HR,15515,13,True,senior,2024
2818,Olga,Bulak,39,Kraków,IT,11302,13,False,mid,2016
2819,Mieszko,Kleban,23,Katowice,Support,8255,1,False,mid,2015
2820,Karina,Zdonek,33,Lublin,Support,8032,6,False,mid,2010
2821,Jan,Tarasek,54,Poznań,HR,8849,28,False,mid,2011
2822,Sebastian,Żach,46,Gdańsk,IT,14192,15,False,senior,2025
2823,Leon,Bastek,47,Kraków,Support,11789,0,False,senior,2019
2824,Igor,Wasążnik,58,Warszawa,Finance,7797,8,False,junior,2023
2825,Konstanty,Kostera,26,Łódź,Finance,13343,4,False,senior,2015
2826,Krystian,Lenda,25,Warszawa,Support,7760,0,False,mid,2025
2827,Damian,Kucab,34,Warszawa,Operations,8328,12,False,mid,2015
2828,Ignacy,Węgrzyk,53,Wrocław,HR,8335,7,False,mid,2017
2829,Olaf,Fidos,51,Białystok,IT,10761,2,False,mid,2018
2830,Kornel,Majczyna,32,Warszawa,IT,11693,6,False,mid,2017
2831,Oliwier,Szymańczak,27,Rzeszów,HR,13963,5,False,senior,2010
2832,Malwina,Wenda,29,Gdańsk,Support,9258,4,False,mid,2015
2833,Nikodem,Sołtysek,26,Poznań,IT,11987,4,False,mid,2015
2834,Miłosz,Chachaj,39,Poznań,Operations,9004,7,False,mid,2011
2835,Klara,Dulewicz,31,Poznań,Finance,8522,1,False,mid,2022
2836,Andrzej,Hołubowicz,62,Kraków,IT,22661,24,True,lead,2011
2837,Hubert,Sasak,28,Kraków,Operations,8581,3,False,mid,2012
2838,Tola,Linkiewicz,43,Wrocław,IT,8953,0,False,junior,2014
2839,Łukasz,Broszkiewicz,48,Wrocław,IT,11709,20,True,junior,2011
2840,Ida,Rejniak,55,Wrocław,Sales,10498,4,False,mid,2015
2841,Anita,Lenarcik,63,Lublin,HR,11578,18,False,senior,2024
2842,Adam,Szóstak,31,Gdańsk,HR,9412,8,False,mid,2018
2843,Robert,Cader,27,Warszawa,Support,10156,0,False,mid,2022
2844,Eliza,Plebanek,29,Wrocław,IT,15672,2,False,senior,2014
2845,Sylwia,Czajor,23,Wrocław,Sales,10525,0,False,mid,2016
2846,Kacper,Ludwin,65,Warszawa,Operations,5753,16,False,junior,2018
2847,Ryszard,Szczudło,43,Lublin,Operations,11044,16,True,mid,2019
2848,Przemysław,Szkopek,64,Warszawa,Operations,7443,42,False,junior,2010
2849,Natasza,Lewicz,59,Warszawa,IT,17536,5,False,lead,2015
2850,Karina,Forma,57,Wrocław,Operations,9023,17,False,mid,2022
2851,Borys,Borzych,63,Białystok,HR,5044,28,False,junior,2019
2852,Klara,Czuj,24,Łódź,Finance,8824,1,False,mid,2024
2853,Julian,Kolka,45,Rzeszów,Operations,9114,8,False,mid,2014
2854,Janina,Kajstura,29,Gdańsk,Support,13213,5,False,senior,2018
2855,Grzegorz,Markiel,47,Warszawa,IT,8061,13,False,junior,2022
2856,Apolonia,Dykas,51,Rzeszów,Finance,13029,19,False,senior,2021
2857,Leon,Gadzina,59,Poznań,Support,8413,19,False,mid,2014
2858,Cyprian,Fal,25,Poznań,IT,8808,2,False,junior,2014
2859,Gaja,Sołtysek,22,Warszawa,Finance,10889,0,False,mid,2023
2860,Krzysztof,Morcinek,33,Wrocław,Support,14160,3,False,senior,2014
2861,Albert,Łosiak,59,Kraków,Sales,7437,35,False,junior,2024
2862,Adrian,Siekierka,53,Wrocław,Operations,11497,28,True,mid,2017
2863,Kacper,Garncarek,38,Poznań,Operations,7490,16,False,junior,2017
2864,Angelika,Malecha,28,Poznań,IT,6846,2,False,junior,2014
2865,Dorota,Frymus,30,Warszawa,IT,8410,6,False,junior,2022
2866,Sandra,Rajczak,31,Białystok,Support,12629,9,False,senior,2011
2867,Krystian,Szkatuła,40,Kraków,IT,8854,18,False,junior,2025
2868,Patryk,Rok,42,Lublin,Sales,22012,4,True,lead,2023
2869,Lidia,Jantos,63,Wrocław,IT,14054,20,False,senior,2019
2870,Piotr,Nazarko,22,Łódź,IT,10456,0,False,mid,2020
2871,Ewelina,Rubin,36,Poznań,Finance,8919,0,False,mid,2018
2872,Ignacy,Gruszczyk,57,Białystok,Support,6933,25,False,junior,2011
2873,Karina,Galos,63,Warszawa,IT,10992,23,False,mid,2017
2874,Adrian,Klos,62,Wrocław,IT,11842,0,False,mid,2020
2875,Rozalia,Broniarek,52,Łódź,Marketing,13389,4,False,senior,2010
2876,Jakub,Kubieniec,41,Kraków,HR,12802,7,False,senior,2017
2877,Kornelia,Koźlak,26,Gdańsk,Operations,11212,1,True,mid,2025
2878,Sandra,Kościołek,53,Warszawa,Sales,6054,31,False,junior,2017
2879,Aleksander,Wieja,48,Katowice,IT,17866,2,True,senior,2012
2880,Liwia,Połetek,59,Warszawa,Finance,9253,12,False,mid,2019
2881,Olaf,Dryka,41,Kraków,Sales,14820,8,False,senior,2023
2882,Karina,Garbacik,23,Poznań,Operations,13291,1,False,senior,2012
2883,Fryderyk,Gorol,22,Warszawa,Marketing,13130,0,True,mid,2011
2884,Julianna,Ślipek,57,Łódź,Support,6904,22,False,junior,2021
2885,Aurelia,Rodzeń,27,Warszawa,HR,7800,2,False,mid,2021
2886,Kaja,Janke,54,Poznań,IT,9890,0,False,mid,2020
2887,Juliusz,Hajdas,50,Katowice,Finance,7966,8,False,junior,2013
2888,Jerzy,Palica,47,Lublin,IT,11907,1,False,mid,2017
2889,Karol,Latacz,22,Kraków,Sales,9818,0,False,mid,2014
2890,Inga,Stasica,33,Warszawa,IT,14156,1,False,senior,2011
2891,Juliusz,Mikoda,37,Poznań,Finance,16586,11,False,lead,2024
2892,Jan,Tabisz,56,Wrocław,IT,6870,34,False,junior,2022
2893,Jan,Mijas,40,Warszawa,IT,15210,13,False,senior,2014
2894,Angelika,Piaścik,34,Gdańsk,Finance,16584,0,False,lead,2011
2895,Angelika,Pych,49,Łódź,Sales,5974,15,False,junior,2015
2896,Albert,Żyto,24,Gdańsk,Sales,13955,2,False,senior,2017
2897,Gabriel,Wesoła,27,Lublin,IT,6910,0,False,junior,2013
2898,Jędrzej,Semik,43,Kraków,IT,8135,17,False,junior,2017
2899,Olgierd,Łój,33,Gdańsk,Finance,7362,10,False,junior,2015
2900,Marcin,Sereda,31,Gdańsk,Sales,13755,0,True,mid,2018
2901,Janina,Suchta,45,Poznań,Marketing,7378,22,False,junior,2014
2902,Robert,Pyzel,62,Katowice,HR,6844,12,False,junior,2020
2903,Julita,Sypek,37,Katowice,Operations,8541,8,False,mid,2023
2904,Sylwia,Zielke,33,Katowice,Finance,12450,3,True,mid,2010
2905,Jacek,Kornek,30,Poznań,IT,8775,6,False,junior,2024
2906,Ewa,Wiekiera,22,Poznań,IT,17712,0,False,lead,2022
2907,Gabriel,Trzyna,37,Kraków,Operations,8529,1,False,mid,2012
2908,Bianka,Gosik,63,Lublin,Sales,8844,40,False,mid,2016
2909,Dagmara,Mroczko,59,Rzeszów,IT,9618,2,False,mid,2014
2910,Kajetan,Kycia,45,Kraków,IT,8384,4,False,junior,2021
2911,Melania,Porzucek,58,Wrocław,Operations,8764,29,False,mid,2022
2912,Karina,Pokrzywa,24,Poznań,IT,11398,0,False,mid,2021
2913,Norbert,Ochota,53,Kraków,HR,8061,18,False,mid,2011
2914,Mieszko,Dziwak,42,Rzeszów,HR,12849,9,False,senior,2017
2915,Ewa,Miętka,54,Warszawa,Sales,8238,5,False,junior,2022
2916,Sebastian,Niewola,44,Warszawa,Operations,9352,20,False,mid,2022
2917,Ignacy,Nitek,47,Gdańsk,Marketing,14220,5,False,senior,2025
2918,Olaf,Fras,25,Wrocław,IT,9920,2,False,mid,2023
2919,Miłosz,Śleziak,30,Warszawa,IT,10131,4,False,mid,2023
2920,Bruno,Doruch,47,Kraków,Support,6195,0,False,junior,2010
2921,Blanka,Drgas,26,Łódź,IT,17869,2,False,lead,2023
2922,Natan,Krata,53,Warszawa,Sales,10329,6,False,mid,2014
2923,Krystyna,Starek,33,Warszawa,Sales,11123,4,False,mid,2018
2924,Mikołaj,Patrzałek,25,Łódź,Finance,20810,3,True,lead,2024
2925,Tobiasz,Wołoszczuk,59,Wrocław,Sales,10949,3,False,mid,2022
2926,Jan,Bochnia,49,Lublin,Finance,17852,23,False,lead,2022
2927,Tomasz,Wizner,29,Kraków,Sales,8091,3,False,junior,2024
2928,Tymon,Szumny,47,Wrocław,Finance,17494,17,False,lead,2025
2929,Justyna,Kaczan,52,Poznań,IT,16910,25,True,senior,2015
2930,Wiktor,Szabla,32,Wrocław,IT,10088,0,False,mid,2025
2931,Borys,Korda,35,Warszawa,Support,8761,12,False,mid,2011
2932,Maksymilian,Ziarek,33,Kraków,Marketing,18084,8,False,lead,2022
2933,Piotr,Cyba,61,Kraków,Finance,9153,37,False,mid,2017
2934,Ernest,Masłoń,56,Warszawa,IT,11856,21,False,mid,2013
2935,Angelika,Kasper,38,Gdańsk,IT,8614,0,False,junior,2018
2936,Gaja,Misztela,40,Kraków,Marketing,7351,4,False,junior,2014
2937,Tymoteusz,Fedyk,60,Poznań,Operations,13344,0,False,senior,2018
2938,Anastazja,Świerkot,43,Warszawa,Support,14028,4,False,senior,2012
2939,Mateusz,Danisz,34,Warszawa,IT,18664,8,False,lead,2017
2940,Eliza,Koleśnik,35,Katowice,Finance,6116,10,False,junior,2014
2941,Eryk,Kielan,53,Warszawa,Support,9773,28,False,mid,2011
2942,Apolonia,Wisz,47,Łódź,IT,17514,12,False,lead,2016
2943,Jerzy,Grzelec,57,Wrocław,IT,7194,23,False,junior,2019
2944,Alan,Ochab,30,Lublin,Sales,7018,4,False,junior,2011
2945,Piotr,Gamoń,30,Łódź,Operations,6502,7,False,junior,2015
2946,Tadeusz,Rompa,49,Wrocław,Support,9460,14,False,mid,2015
2947,Jakub,Snoch,22,Wrocław,Operations,6461,0,False,junior,2022
2948,Dawid,Wajdzik,38,Kraków,Finance,14489,13,False,senior,2016
2949,Blanka,Wojtasiewicz,28,Rzeszów,Marketing,18184,4,False,lead,2018
2950,Ewa,Plebanek,60,Białystok,Sales,10090,4,True,junior,2020
2951,Julianna,Gortat,22,Katowice,IT,11287,0,False,mid,2019
2952,Eliza,Bondyra,35,Kraków,Sales,6215,2,False,junior,2014
2953,Krzysztof,Woszczyna,28,Gdańsk,Support,12005,1,False,senior,2013
2954,Krystyna,Bienia,43,Białystok,IT,9799,19,True,junior,2015
2955,Melania,Sadowy,65,Łódź,Support,8490,28,False,mid,2019
2956,Nataniel,Milczarczyk,53,Białystok,Sales,7688,19,False,junior,2025
2957,Jacek,Pakos,26,Poznań,Support,13544,4,False,senior,2025
2958,Eryk,Gawliczek,25,Rzeszów,HR,7702,2,False,mid,2022
2959,Olga,Kuboń,26,Kraków,Sales,10715,1,False,mid,2018
2960,Jan,Kasica,47,Kraków,Finance,13603,0,False,senior,2022
2961,Tymoteusz,Kubrak,34,Rzeszów,Operations,9821,10,False,mid,2014
2962,Dorota,Łój,34,Warszawa,Sales,13376,6,False,senior,2023
2963,Melania,Szmajda,27,Warszawa,Finance,9805,3,False,mid,2024
2964,Nela,Kozar,65,Kraków,Sales,10432,32,False,mid,2020
2965,Cyprian,Strzępek,42,Kraków,Support,13626,11,False,senior,2023
2966,Ida,Cibor,39,Wrocław,Finance,7199,0,False,junior,2014
2967,Julita,Dywan,40,Wrocław,Finance,9130,1,False,mid,2015
2968,Aurelia,Supeł,38,Katowice,Sales,7012,9,False,junior,2010
2969,Sara,Glegoła,31,Wrocław,Sales,7899,3,False,junior,2017
2970,Sylwia,Szczepaniec,42,Łódź,Finance,14172,15,False,senior,2016
2971,Andrzej,Siciarz,24,Białystok,IT,8184,2,False,junior,2011
2972,Natan,Wykręt,33,Kraków,IT,15690,0,False,senior,2017
2973,Róża,Duży,23,Warszawa,Marketing,16974,1,True,senior,2012
2974,Róża,Mikłaszewicz,60,Lublin,Support,9694,30,False,mid,2014
2975,Julianna,Kurzac,39,Poznań,IT,19996,10,False,lead,2018
2976,Antoni,Saczuk,55,Białystok,Finance,7046,0,False,junior,2025
2977,Oliwier,Ryczko,41,Warszawa,HR,16412,16,False,lead,2018
2978,Krzysztof,Ostafin,65,Gdańsk,Sales,13374,1,False,senior,2023
2979,Borys,Tabak,22,Kraków,IT,13681,0,False,senior,2017
2980,Olaf,Olewniczak,27,Gdańsk,Marketing,17348,2,False,lead,2010
2981,Jędrzej,Makosz,51,Warszawa,IT,15302,6,False,senior,2024
2982,Maks,Kusik,52,Wrocław,Sales,9265,9,False,mid,2019
2983,Julita,Rychel,26,Katowice,Support,12351,4,False,senior,2016
2984,Błażej,Krekora,22,Kraków,Sales,14906,0,False,senior,2018
2985,Stefan,Jamroży,28,Kraków,Marketing,9958,4,False,mid,2010
2986,Blanka,Piekacz,63,Wrocław,Sales,14681,23,False,senior,2023
2987,Cyprian,Karpiel,52,Warszawa,Operations,16010,9,False,lead,2022
2988,Bianka,Ciemięga,47,Warszawa,Support,12054,5,False,senior,2021
2989,Lidia,Górkiewicz,27,Katowice,IT,18112,4,False,lead,2019
2990,Maks,Kowaluk,31,Lublin,Sales,15047,6,False,senior,2010
2991,Anita,Maksym,48,Wrocław,IT,6987,4,False,junior,2024
2992,Grzegorz,Hak,61,Warszawa,IT,19431,32,False,lead,2011
2993,Rafał,Grosz,24,Katowice,Finance,14720,2,False,senior,2024
2994,Ksawery,Kiljan,25,Rzeszów,Sales,13089,2,False,senior,2024
2995,Tadeusz,Kasznia,48,Warszawa,Sales,11030,15,False,mid,2011
2996,Błażej,Tereszkiewicz,50,Poznań,Finance,10523,23,True,junior,2011
2997,Olaf,Szeszko,57,Rzeszów,Marketing,8886,19,False,mid,2022
2998,Witold,Osipiuk,57,Poznań,Finance,8593,13,False,mid,2014
2999,Maurycy,Matulka,23,Warszawa,Sales,9538,1,False,mid,2013
3000,Dominik,Engler,62,Lublin,Marketing,7439,38,False,junior,2013
3001,Maksymilian,Kocaj,31,Poznań,Sales,9202,9,False,mid,2014
3002,Anastazja,Szkaradek,23,Wrocław,Marketing,7641,1,False,junior,2011
3003,Jan,Melcer,29,Warszawa,Sales,11072,0,False,mid,2014
3004,Rozalia,Pietrusiak,46,Kraków,HR,9288,17,False,mid,2019
3005,Karina,Wiese,60,Kraków,HR,16843,29,False,lead,2024
3006,Jędrzej,Zamora,54,Katowice,Operations,12782,26,False,senior,2020
3007,Aurelia,Tywoniuk,44,Katowice,Finance,9199,22,False,mid,2016
3008,Jacek,Dziadowicz,28,Gdańsk,Marketing,10002,2,False,mid,2011
3009,Grzegorz,Melcer,44,Poznań,Sales,9711,4,False,mid,2018
3010,Apolonia,Beśka,39,Wrocław,Sales,6112,8,False,junior,2019
3011,Ewa,Powierża,26,Rzeszów,Marketing,12824,2,False,senior,2017
3012,Aurelia,Kuran,63,Warszawa,Sales,14128,20,False,senior,2022
3013,Mikołaj,Matacz,56,Gdańsk,Finance,14328,4,False,senior,2011
3014,Kaja,Siembab,31,Kraków,Operations,9746,3,False,mid,2019
3015,Rozalia,Witas,38,Gdańsk,HR,16449,13,False,lead,2023
3016,Nela,Stawowczyk,49,Warszawa,IT,14807,9,False,senior,2025
3017,Kamila,Stoltman,35,Łódź,Operations,10040,12,False,mid,2021
3018,Tymoteusz,Holc,50,Gdańsk,Marketing,17998,22,False,lead,2017
3019,Ignacy,Nawój,28,Gdańsk,Marketing,8759,4,False,mid,2012
3020,Eliza,Tryka,43,Łódź,HR,8428,17,False,mid,2017
3021,Jędrzej,Błażejewicz,33,Lublin,Marketing,9621,4,True,junior,2018
3022,Mateusz,Bałazy,56,Katowice,IT,10349,15,False,mid,2019
3023,Nikodem,Kubasiak,40,Łódź,Finance,13914,12,False,senior,2021
3024,Elżbieta,Martyka,56,Białystok,Sales,11297,18,False,mid,2013
3025,Arkadiusz,Nalazek,49,Kraków,Support,8015,2,False,mid,2013
3026,Robert,Wolff,47,Łódź,Support,8105,18,False,mid,2017
3027,Krystyna,Bobryk,41,Wrocław,Operations,9045,8,False,mid,2016
3028,Marek,Kusio,53,Katowice,IT,7013,28,False,junior,2022
3029,Natasza,Niebudek,40,Katowice,IT,18924,7,False,lead,2010
3030,Cyprian,Zaraś,58,Warszawa,Sales,14344,24,False,senior,2024
3031,Daniel,Kawiak,51,Wrocław,Finance,8819,3,False,mid,2010
3032,Kaja,Karpik,30,Białystok,HR,11631,5,False,senior,2014
3033,Sandra,Wichary,30,Rzeszów,HR,7662,2,False,mid,2012
3034,Mariusz,Brejnak,35,Wrocław,IT,10966,11,False,mid,2010
3035,Blanka,Marchlewicz,28,Gdańsk,HR,12630,3,False,senior,2022
3036,Aniela,Skotarczak,29,Gdańsk,IT,7935,4,False,junior,2012
3037,Anita,Opioła,51,Białystok,Finance,14043,9,False,senior,2011
3038,Aurelia,Przystupa,29,Katowice,Finance,10894,6,True,junior,2021
3039,Olaf,Obiała,63,Gdańsk,Finance,13248,24,False,senior,2025
3040,Oskar,Jakubiuk,65,Lublin,Operations,8184,28,False,mid,2010
3041,Jeremi,Gęca,35,Białystok,Sales,20532,13,True,lead,2020
3042,Marek,Dziób,43,Rzeszów,Operations,13110,2,False,senior,2019
3043,Kornelia,Demiańczuk,65,Wrocław,IT,15695,16,False,senior,2017
3044,Fryderyk,Hyjek,58,Katowice,Support,12179,0,True,mid,2018
3045,Tymon,Potok,46,Warszawa,Marketing,13010,23,False,senior,2014
3046,Krystian,Borzym,44,Łódź,Sales,7711,2,False,junior,2020
3047,Mateusz,Janczura,35,Łódź,HR,5669,1,False,junior,2017
3048,Sandra,Zadka,50,Wrocław,Sales,13964,15,True,mid,2021
3049,Łukasz,Odrzywołek,54,Łódź,Sales,6151,3,False,junior,2019
3050,Eliza,Kręgiel,35,Warszawa,IT,8471,9,False,junior,2023
3051,Jędrzej,Opalach,32,Katowice,Sales,8047,10,False,junior,2024
3052,Ada,Szyndler,28,Wrocław,Sales,9327,0,False,mid,2020
3053,Iwo,Gozdur,51,Gdańsk,Marketing,9952,26,True,junior,2016
3054,Nicole,Witaszek,37,Kraków,Marketing,9855,2,False,mid,2011
3055,Ewa,Berg,25,Warszawa,Sales,7172,1,False,junior,2010
3056,Miłosz,Jędruch,65,Warszawa,HR,19684,20,True,lead,2014
3057,Przemysław,Ciaś,23,Warszawa,HR,9911,1,False,mid,2014
3058,Juliusz,Szkoła,23,Wrocław,Operations,18127,0,False,lead,2014
3059,Patryk,Mirończuk,30,Kraków,IT,15904,2,False,senior,2014
3060,Józef,Kolanko,33,Wrocław,IT,9689,10,True,junior,2012
3061,Olgierd,Kuchciak,29,Kraków,IT,10433,3,True,junior,2015
3062,Melania,Kozdrój,45,Rzeszów,IT,10496,5,False,mid,2018
3063,Juliusz,Basista,43,Kraków,IT,11137,13,False,mid,2019
3064,Michał,Giersz,41,Katowice,IT,11261,19,False,mid,2023
3065,Marcel,Zmarzły,34,Warszawa,Operations,6013,4,False,junior,2023
3066,Konrad,Wiertelak,51,Gdańsk,Operations,10346,20,False,mid,2021
3067,Aurelia,Foremniak,33,Kraków,Finance,9870,9,False,mid,2015
3068,Julita,Zachwieja,46,Kraków,Operations,9597,12,False,mid,2015
3069,Ryszard,Kreczmer,45,Poznań,Sales,14029,7,False,senior,2013
3070,Arkadiusz,Tekiela,39,Wrocław,IT,15019,15,False,senior,2015
3071,Apolonia,Fudalej,40,Rzeszów,Support,13001,14,False,senior,2017
3072,Adrianna,Soczówka,43,Łódź,Marketing,10561,6,False,mid,2020
3073,Maksymilian,Kasak,37,Lublin,Marketing,7222,4,False,junior,2014
3074,Stefan,Roj,41,Warszawa,Sales,10513,3,False,mid,2016
3075,Tymon,Borak,62,Kraków,IT,19182,35,False,lead,2020
3076,Leon,Działa,54,Gdańsk,Finance,10705,27,True,junior,2014
3077,Natan,Niećko,40,Gdańsk,Sales,11037,18,False,mid,2012
3078,Anita,Przekwas,48,Kraków,Support,12312,3,True,mid,2016
3079,Wojciech,Stypa,51,Warszawa,Operations,6554,2,False,junior,2011
3080,Miłosz,Kaszkowiak,52,Lublin,IT,11696,22,True,junior,2023
3081,Olaf,Grabara,52,Łódź,Sales,9926,30,False,mid,2016
3082,Alex,Bisaga,29,Rzeszów,Finance,17719,2,False,lead,2024
3083,Aleks,Plak,47,Kraków,IT,10173,5,False,mid,2022
3084,Cezary,Świerad,40,Warszawa,Operations,13884,11,False,senior,2014
3085,Ewa,Gmur,59,Kraków,IT,10574,37,False,mid,2012
3086,Sara,Reichel,64,Wrocław,Support,7023,7,False,junior,2024
3087,Olgierd,Nitek,27,Rzeszów,IT,11755,4,False,mid,2017
3088,Julianna,Horbacz,35,Warszawa,IT,7195,5,False,junior,2021
3089,Aniela,Pyza,58,Katowice,IT,8896,1,False,junior,2011
3090,Leon,Zacharek,27,Kraków,HR,6217,1,False,junior,2025
3091,Michał,Szymanik,64,Kraków,Operations,18307,13,False,lead,2018
3092,Marek,Maligłówka,27,Warszawa,Finance,5654,5,False,junior,2012
3093,Iwo,Bałdys,38,Warszawa,HR,6917,2,False,junior,2012
3094,Maksymilian,Karpik,23,Łódź,Support,11858,0,False,senior,2014
3095,Leon,Malon,55,Białystok,Finance,12635,26,False,senior,2012
3096,Paweł,Armata,61,Kraków,IT,7321,38,False,junior,2018
3097,Wiktor,Kubaczyk,54,Kraków,IT,13807,21,True,mid,2016
3098,Lidia,Elert,26,Poznań,Support,10123,3,True,junior,2013
3099,Mikołaj,Kwasek,35,Warszawa,Operations,11353,8,True,mid,2025
3100,Ewa,Koziarz,29,Katowice,IT,13566,3,False,senior,2014
3101,Karol,Uliasz,41,Warszawa,Support,8061,14,False,mid,2019
3102,Błażej,Prygiel,27,Poznań,Operations,5559,0,False,junior,2025
3103,Marcin,Łyskawa,26,Wrocław,Operations,6558,4,False,junior,2019
3104,Tobiasz,Ostapczuk,49,Kraków,Operations,13045,6,True,mid,2019
3105,Olaf,Wylegała,61,Wrocław,Operations,8693,7,False,mid,2017
3106,Ryszard,Potoczna,63,Kraków,IT,6837,9,False,junior,2020
3107,Hubert,Opioła,35,Gdańsk,Finance,7091,5,False,junior,2012
3108,Anna Maria,Paździora,48,Kraków,IT,8535,17,False,junior,2019
3109,Alan,Mirga,26,Wrocław,Sales,7710,0,False,junior,2018
3110,Filip,Nastały,55,Wrocław,Finance,18835,33,False,lead,2017
3111,Maurycy,Stoltman,25,Gdańsk,Sales,10572,0,False,mid,2024
3112,Arkadiusz,Rajman,44,Warszawa,Finance,17096,21,False,lead,2015
3113,Lidia,Pancerz,50,Wrocław,Finance,13981,20,False,senior,2022
3114,Rozalia,Adamaszek,45,Lublin,Sales,6139,0,False,junior,2019
3115,Krystyna,Barczuk,63,Kraków,Support,6424,17,False,junior,2015
3116,Łukasz,Wieja,38,Poznań,Operations,15021,1,True,senior,2010
3117,Rozalia,Wojtalik,62,Gdańsk,Marketing,8610,26,False,mid,2025
3118,Tola,Doktór,30,Poznań,IT,6955,8,False,junior,2013
3119,Agnieszka,Goworek,44,Kraków,Sales,8077,21,False,junior,2014
3120,Sylwia,Roszko,40,Poznań,Operations,9466,0,False,mid,2019
3121,Anna Maria,Foit,24,Warszawa,Marketing,7679,0,False,junior,2013
3122,Ewelina,Laszczyk,36,Warszawa,IT,13621,5,False,senior,2020
3123,Mieszko,Szymańczak,34,Białystok,Support,17873,5,False,lead,2014
3124,Rozalia,Franc,22,Gdańsk,Support,6704,0,False,junior,2011
3125,Dawid,Gogol,60,Warszawa,Support,10998,29,True,mid,2010
3126,Norbert,Zaraś,41,Białystok,Marketing,9434,3,False,mid,2012
3127,Klara,Kolanko,61,Warszawa,Marketing,12591,21,False,senior,2018
3128,Marcin,Kiepura,40,Katowice,HR,8027,15,False,mid,2011
3129,Mateusz,Wandzel,33,Łódź,Support,9279,1,False,mid,2017
3130,Angelika,Dulik,44,Gdańsk,Marketing,20131,15,True,lead,2024
3131,Łukasz,Jonak,57,Warszawa,Operations,9821,7,False,mid,2018
3132,Stefan,Gradek,37,Warszawa,Operations,9410,12,False,mid,2025
3133,Ewelina,Wicha,45,Łódź,IT,10264,18,False,mid,2010
3134,Marika,Rudyk,48,Gdańsk,IT,18127,19,False,lead,2023
3135,Malwina,Wijata,22,Warszawa,HR,5456,0,False,junior,2024
3136,Mateusz,Petryk,39,Warszawa,Finance,10197,11,False,mid,2012
3137,Kornelia,Pajdak,36,Warszawa,Sales,9373,6,False,mid,2021
3138,Aleks,Habdas,36,Kraków,Sales,6458,10,False,junior,2022
3139,Jerzy,Stranc,40,Katowice,Sales,10123,8,False,mid,2010
3140,Jan,Hołota,56,Kraków,IT,10370,18,False,mid,2019
3141,Mariusz,Kolarz,54,Kraków,Finance,12953,0,False,senior,2020
3142,Klara,Oleśkiewicz,43,Wrocław,IT,18791,7,False,lead,2024
3143,Melania,Pawliczak,40,Wrocław,Operations,17551,18,False,lead,2010
3144,Ewa,Synak,32,Wrocław,IT,7407,4,False,junior,2014
3145,Miłosz,Smoczyk,61,Kraków,IT,9838,21,False,mid,2020
3146,Tobiasz,Pikula,62,Warszawa,Finance,19582,34,True,lead,2014
3147,Albert,Warmuz,60,Białystok,Marketing,10012,27,False,mid,2015
3148,Błażej,Stypa,28,Warszawa,IT,7737,3,False,junior,2012
3149,Kaja,Mętel,48,Katowice,Support,8686,14,False,mid,2015
3150,Tadeusz,Kocurek,47,Poznań,Support,11606,12,True,mid,2014
3151,Jeremi,Wendt,44,Warszawa,IT,17684,1,False,lead,2019
3152,Ewelina,Lepka,56,Warszawa,Finance,5699,22,False,junior,2013
3153,Cezary,Ziółko,58,Warszawa,Sales,10795,15,False,mid,2012
3154,Rafał,Henke,60,Łódź,IT,7899,3,False,junior,2023
3155,Krzysztof,Mydlarz,28,Lublin,Finance,6650,3,False,junior,2025
3156,Łukasz,Wojciech,26,Kraków,Sales,17641,4,True,senior,2014
3157,Kamil,Pochroń,36,Katowice,Marketing,5759,0,False,junior,2017
3158,Agnieszka,Senger,27,Poznań,Support,8009,3,False,mid,2019
3159,Aniela,Białk,43,Katowice,Operations,5484,12,False,junior,2019
3160,Marika,Mrózek,44,Łódź,IT,14348,6,True,mid,2025
3161,Kazimierz,Kwoka,49,Kraków,HR,13212,13,False,senior,2012
3162,Krystian,Zieja,30,Warszawa,IT,14815,0,False,senior,2025
3163,Ewelina,Galik,57,Warszawa,Marketing,11740,3,True,mid,2017
3164,Daniel,Noszczyk,26,Gdańsk,Marketing,9782,0,False,mid,2025
3165,Ryszard,Maksym,62,Kraków,IT,7004,27,False,junior,2021
3166,Hubert,Klorek,59,Warszawa,Operations,6165,9,False,junior,2021
3167,Monika,Białasik,48,Warszawa,HR,16776,7,False,lead,2016
3168,Mateusz,Warchał,23,Katowice,Finance,6506,0,False,junior,2014
3169,Tomasz,Dawidczyk,37,Kraków,HR,6557,2,False,junior,2022
3170,Bartek,Kołtuniak,46,Rzeszów,Marketing,6256,19,False,junior,2013
3171,Przemysław,Kalka,53,Poznań,HR,15896,12,True,senior,2016
3172,Sandra,Padło,55,Warszawa,HR,6088,8,False,junior,2021
3173,Sonia,Olkowicz,32,Warszawa,Finance,9402,6,False,mid,2021
3174,Marcelina,Molek,26,Rzeszów,HR,8519,1,False,mid,2025
3175,Filip,Skierka,45,Białystok,Finance,10182,21,False,mid,2018
3176,Maksymilian,Dudzicz,55,Gdańsk,IT,11866,28,False,mid,2019
3177,Tymon,Wołczyk,45,Wrocław,IT,11192,3,True,junior,2014
3178,Cezary,Sztuba,58,Poznań,HR,10722,26,True,mid,2023
3179,Kamila,Cabała,30,Łódź,IT,14808,7,False,senior,2010
3180,Inga,Kapcia,61,Warszawa,Marketing,8767,28,False,mid,2012
3181,Grzegorz,Mędrala,30,Lublin,Marketing,8962,1,False,mid,2014
3182,Iwo,Krzyk,34,Wrocław,Support,11725,4,False,senior,2019
3183,Fryderyk,Sugier,44,Wrocław,Operations,14128,15,False,senior,2019
3184,Bartek,Smutek,63,Warszawa,Sales,9183,3,False,mid,2019
3185,Witold,Siwczak,50,Rzeszów,Support,8695,17,False,mid,2016
3186,Sara,Kalarus,50,Warszawa,IT,14604,20,False,senior,2020
3187,Filip,Sajewicz,26,Katowice,Finance,10167,3,False,mid,2017
3188,Róża,Reiter,64,Katowice,Operations,12017,8,False,senior,2013
3189,Patryk,Zastawny,26,Lublin,IT,13700,1,False,senior,2019
3190,Nikodem,Czak,54,Lublin,Operations,5833,17,False,junior,2016
3191,Tobiasz,Duży,35,Łódź,Finance,14586,6,False,senior,2015
3192,Fabian,Wężyk,56,Katowice,IT,9535,25,False,mid,2020
3193,Damian,Gill,62,Kraków,Finance,9045,16,False,mid,2010
3194,Maciej,Szymała,57,Kraków,Marketing,19969,23,True,lead,2014
3195,Krystyna,Horbacz,38,Warszawa,Sales,13004,11,False,senior,2010
3196,Marcel,Żołądź,26,Kraków,IT,15673,0,False,senior,2011
3197,Karina,Nehring,56,Poznań,Sales,5946,3,False,junior,2019
3198,Radosław,Augustynek,38,Warszawa,IT,8076,2,False,junior,2020
3199,Olgierd,Wielgo,26,Warszawa,Sales,17909,1,True,senior,2016
3200,Mikołaj,Tałaj,52,Kraków,IT,12549,9,True,mid,2013
3201,Przemysław,Staniaszek,47,Wrocław,Finance,18346,16,False,lead,2018
3202,Marek,Grygorcewicz,24,Gdańsk,IT,17920,0,False,lead,2022
3203,Justyna,Zajko,60,Łódź,IT,11285,33,False,mid,2012
3204,Bartek,Klinkosz,28,Wrocław,Support,9430,2,False,mid,2013
3205,Jacek,Prokopiak,27,Lublin,Finance,10635,4,False,mid,2016
3206,Ignacy,Tylman,64,Warszawa,Operations,5115,12,False,junior,2020
3207,Andrzej,Kus,56,Kraków,Sales,13224,13,True,mid,2023
3208,Maciej,Galon,42,Poznań,IT,14513,14,False,senior,2015
3209,Lidia,Puc,40,Łódź,IT,11474,5,False,mid,2020
3210,Gaja,Kowalak,57,Kraków,Operations,6752,2,False,junior,2025
3211,Mariusz,Stypka,60,Lublin,IT,8611,13,False,junior,2020
3212,Dawid,Pyszka,35,Wrocław,Sales,19226,2,False,lead,2017
3213,Damian,Wietecha,38,Wrocław,Marketing,9510,10,True,junior,2014
3214,Tomasz,Przystupa,55,Wrocław,Support,20929,23,True,lead,2024
3215,Natan,Andziak,34,Gdańsk,Sales,8832,0,False,mid,2024
3216,Stanisław,Kanarek,36,Lublin,Support,13621,8,False,senior,2024
3217,Maurycy,Jarka,29,Poznań,IT,15469,1,False,senior,2022
3218,Marcin,Solich,34,Warszawa,Finance,15799,0,True,senior,2011
3219,Julita,Lenc,31,Kraków,HR,4712,4,False,junior,2021
3220,Dominik,Dylong,64,Łódź,Finance,14249,30,False,senior,2013
3221,Ada,Warchał,65,Poznań,Finance,10279,37,False,mid,2021
3222,Alex,Dułak,47,Wrocław,IT,15046,12,False,senior,2017
3223,Mieszko,Łacina,34,Warszawa,Sales,13461,4,False,senior,2019
3224,Monika,Kosak,30,Wrocław,Operations,8746,6,False,mid,2014
3225,Eryk,Szkoda,27,Kraków,Support,6578,4,False,junior,2010
3226,Albert,Budzyń,45,Łódź,Finance,6870,22,False,junior,2025
3227,Łukasz,Roczniak,62,Białystok,HR,4893,37,False,junior,2011
3228,Maciej,Hewelt,26,Białystok,Finance,15633,3,True,senior,2014
3229,Monika,Waloch,47,Łódź,Marketing,9577,11,False,mid,2024
3230,Gustaw,Sporek,57,Kraków,Sales,7815,13,False,junior,2012
3231,Marika,Warczak,60,Gdańsk,Sales,9832,11,True,junior,2022
3232,Nicole,Matela,37,Wrocław,HR,16138,13,False,lead,2010
3233,Inga,Malisz,35,Rzeszów,Marketing,17869,1,False,lead,2023
3234,Kazimierz,Słoboda,45,Warszawa,Finance,14925,4,False,senior,2015
3235,Roksana,Kurzydło,53,Warszawa,IT,7078,8,False,junior,2010
3236,Bianka,Abramczuk,56,Warszawa,Marketing,8271,25,False,mid,2020
3237,Krzysztof,Materka,27,Katowice,HR,6529,4,False,junior,2013
3238,Marcin,Raźny,47,Warszawa,Sales,6760,20,False,junior,2020
3239,Gustaw,Pachowicz,48,Wrocław,Marketing,17022,20,False,lead,2010
3240,Błażej,Dusik,27,Warszawa,IT,8911,0,False,junior,2017
3241,Dariusz,Karnas,26,Warszawa,IT,11677,4,False,mid,2011
3242,Jakub,Smykała,33,Rzeszów,HR,7764,8,False,mid,2020
3243,Dorota,Bartłomiejczyk,56,Warszawa,Marketing,12275,11,True,mid,2017
3244,Daniel,Krokosz,62,Warszawa,Operations,10186,28,False,mid,2010
3245,Kacper,Boryczko,54,Warszawa,Sales,7228,5,False,junior,2019
3246,Dariusz,Smykała,51,Kraków,Finance,12923,28,True,mid,2017
3247,Tadeusz,Salawa,26,Kraków,Sales,6801,0,False,junior,2010
3248,Wiktor,Parus,61,Warszawa,Finance,9071,27,False,mid,2013
3249,Julita,Tatarczyk,57,Warszawa,Finance,14171,7,False,senior,2021
3250,Tobiasz,Warczak,63,Warszawa,Operations,12402,1,False,senior,2025
3251,Anna Maria,Olszowa,52,Warszawa,Sales,13687,12,False,senior,2023
3252,Sonia,Szajner,37,Białystok,Marketing,12824,13,True,mid,2015
3253,Bianka,Golda,51,Gdańsk,IT,11318,29,False,mid,2010
3254,Ryszard,Kolber,58,Wrocław,Support,9030,12,False,mid,2015
3255,Kalina,Zdancewicz,33,Gdańsk,Operations,18495,8,False,lead,2010
3256,Kazimierz,Suszko,51,Kraków,HR,8055,9,False,mid,2020
3257,Patryk,Sapała,43,Wrocław,Finance,10531,19,False,mid,2022
3258,Krzysztof,Szymonik,40,Warszawa,Sales,10979,0,False,mid,2010
3259,Adrian,Ciemięga,42,Białystok,Support,17505,0,False,lead,2013
3260,Filip,Bazydło,46,Gdańsk,Sales,9369,10,False,mid,2021
3261,Dominik,Stachów,47,Poznań,Finance,13763,11,False,senior,2023
3262,Eryk,Hajda,24,Wrocław,IT,14252,0,False,senior,2018
3263,Filip,Zasępa,39,Wrocław,Operations,9896,5,False,mid,2011
3264,Tobiasz,Suchenek,62,Katowice,Sales,12216,14,True,mid,2014
3265,Marika,Matacz,43,Gdańsk,Finance,7520,20,False,junior,2018
3266,Tola,Feliksiak,32,Warszawa,Marketing,12811,9,False,senior,2015
3267,Franciszek,Waleczek,32,Wrocław,IT,18797,3,True,senior,2010
3268,Borys,Sajnóg,46,Warszawa,Support,11781,5,False,senior,2014
3269,Wojciech,Sus,38,Łódź,Finance,18851,5,False,lead,2024
3270,Nikodem,Gołas,45,Katowice,Sales,10137,7,False,mid,2025
3271,Marika,Nickel,27,Kraków,Support,13205,5,False,senior,2023
3272,Maksymilian,Graboś,65,Łódź,Sales,6653,31,False,junior,2021
3273,Stanisław,Zegar,63,Wrocław,HR,5649,19,False,junior,2022
3274,Dagmara,Bender,63,Rzeszów,Marketing,14305,27,False,senior,2016
3275,Urszula,Michnowicz,64,Katowice,Sales,10246,17,False,mid,2023
3276,Leonard,Koloch,62,Lublin,IT,14727,10,False,senior,2020
3277,Adam,Startek,37,Łódź,Finance,7429,4,False,junior,2010
3278,Cezary,Czopik,54,Katowice,Marketing,7698,18,False,junior,2016
3279,Maciej,Blank,64,Kraków,Support,7145,41,False,junior,2020
3280,Wojciech,Drożdżal,56,Katowice,Operations,8244,2,False,mid,2021
3281,Emil,Rajchel,24,Kraków,Finance,5533,2,False,junior,2011
3282,Przemysław,Szulczyk,51,Białystok,Marketing,7523,6,False,junior,2011
3283,Patryk,Smętek,51,Katowice,Support,7117,14,False,junior,2020
3284,Jerzy,Kniaź,39,Rzeszów,IT,9617,11,False,mid,2012
3285,Ernest,Darul,48,Rzeszów,IT,13043,4,True,mid,2010
3286,Eryk,Front,41,Warszawa,Sales,7206,10,False,junior,2017
3287,Witold,Nieradko,26,Gdańsk,Operations,16952,1,False,lead,2017
3288,Kajetan,Dułak,53,Katowice,Marketing,8782,21,True,junior,2017
3289,Dagmara,Gordon,64,Kraków,Operations,8756,22,False,mid,2024
3290,Dominik,Peda,38,Lublin,Finance,9908,4,False,mid,2013
3291,Aurelia,Gabara,25,Poznań,Sales,10227,2,False,mid,2019
3292,Róża,Pawliszyn,43,Katowice,Support,5031,2,False,junior,2017
3293,Marianna,Krokosz,42,Łódź,Support,6164,3,False,junior,2020
3294,Paweł,Kumorek,65,Łódź,Support,9641,14,False,mid,2015
3295,Grzegorz,Leśna,56,Warszawa,Finance,9075,6,False,mid,2012
3296,Blanka,Andrejczuk,64,Wrocław,Finance,13183,20,False,senior,2023
3297,Natan,Szok,38,Wrocław,Sales,7893,3,False,junior,2024
3298,Damian,Maraszek,47,Gdańsk,IT,6843,5,False,junior,2023
3299,Sara,Nicewicz,37,Kraków,Sales,13102,0,False,senior,2023
3300,Jędrzej,Głownia,53,Warszawa,HR,9917,3,False,mid,2014
3301,Arkadiusz,Tryc,30,Łódź,IT,10381,6,False,mid,2018
3302,Mariusz,Procek,36,Białystok,Sales,17856,13,True,senior,2021
3303,Kornelia,Sobolak,27,Warszawa,IT,7492,5,False,junior,2022
3304,Kazimierz,Jasionek,41,Łódź,Sales,6772,11,False,junior,2013
3305,Tadeusz,Wojtoń,37,Wrocław,Finance,6256,8,False,junior,2012
3306,Inga,Połom,29,Warszawa,HR,4848,5,False,junior,2016
3307,Albert,Szajner,63,Lublin,Finance,5846,19,False,junior,2011
3308,Krystyna,Tadych,65,Łódź,Sales,13239,41,False,senior,2020
3309,Juliusz,Pasierbek,23,Gdańsk,Support,7177,1,False,junior,2014
3310,Aniela,Klin,46,Białystok,IT,13956,10,False,senior,2023
3311,Ewa,Wandzel,31,Warszawa,Sales,6437,9,False,junior,2015
3312,Filip,Bienia,28,Wrocław,Operations,9813,4,False,mid,2016
3313,Gaja,Marcol,65,Poznań,Operations,10313,29,False,mid,2024
3314,Eliza,Szpila,53,Kraków,Operations,8331,0,False,mid,2021
3315,Emil,Anders,34,Kraków,IT,6524,0,False,junior,2014
3316,Radosław,Świech,63,Poznań,Sales,12940,24,False,senior,2016
3317,Bruno,Kiepas,41,Warszawa,HR,13124,11,False,senior,2011
3318,Jędrzej,Przerwa,37,Gdańsk,Marketing,6871,1,False,junior,2024
3319,Jacek,Guzdek,65,Warszawa,Marketing,6936,22,False,junior,2013
3320,Apolonia,Roch,24,Lublin,Marketing,12493,0,False,senior,2011
3321,Anita,Sot,42,Kraków,IT,7154,3,False,junior,2014
3322,Marcin,Kroczak,22,Łódź,IT,7211,0,False,junior,2011
3323,Piotr,Nalewajek,57,Warszawa,Marketing,8697,12,False,mid,2023
3324,Maurycy,Herbut,36,Kraków,Sales,13152,6,False,senior,2025
3325,Sebastian,Listwan,37,Wrocław,Sales,10791,12,False,mid,2023
3326,Dariusz,Soczówka,52,Warszawa,IT,6908,5,False,junior,2011
3327,Janina,Synak,52,Warszawa,IT,6612,29,False,junior,2020
3328,Jerzy,Cybul,28,Warszawa,Finance,7892,1,False,junior,2012
3329,Radosław,Mainka,61,Kraków,HR,13980,16,False,senior,2025
3330,Anita,Fierek,31,Kraków,Operations,9857,9,False,mid,2023
3331,Nicole,Smalec,53,Wrocław,Marketing,10252,5,True,junior,2023
3332,Igor,Korniak,31,Kraków,IT,8063,6,False,junior,2024
3333,Arkadiusz,Suchojad,56,Wrocław,Sales,17601,14,False,lead,2025
3334,Karina,Wilusz,40,Warszawa,Marketing,6382,1,False,junior,2022
3335,Ada,Windak,26,Wrocław,Finance,6338,2,False,junior,2016
3336,Aurelia,Pachowicz,22,Warszawa,Operations,16396,0,False,lead,2019
3337,Patryk,Gwizdek,33,Wrocław,HR,9961,10,False,mid,2022
3338,Radosław,Grądziel,56,Białystok,HR,8525,26,True,junior,2022
3339,Aurelia,Baumgart,42,Gdańsk,Sales,8889,12,False,mid,2016
3340,Maksymilian,Wyciszkiewicz,46,Rzeszów,IT,10400,17,False,mid,2025
3341,Adam,Stypka,65,Kraków,Marketing,16522,38,False,lead,2021
3342,Józef,Andrearczyk,58,Warszawa,Support,14132,11,False,senior,2013
3343,Justyna,Skalik,64,Białystok,Finance,6647,41,False,junior,2012
3344,Ignacy,Kominiak,24,Katowice,Marketing,5535,1,False,junior,2024
3345,Olaf,Pajek,32,Kraków,IT,9858,2,False,mid,2013
3346,Mateusz,Wojtaszak,50,Rzeszów,Finance,13467,22,True,mid,2020
3347,Fryderyk,Piórek,65,Łódź,Operations,9032,28,False,mid,2025
3348,Norbert,Korta,40,Gdańsk,IT,10052,18,False,mid,2013
3349,Maciej,Lorens,53,Poznań,Finance,7210,7,False,junior,2021
3350,Rozalia,Sobiło,55,Poznań,IT,9538,6,False,mid,2023
3351,Krystian,Słyk,26,Katowice,Operations,6283,3,False,junior,2023
3352,Nela,Waloszek,37,Warszawa,IT,19001,3,False,lead,2021
3353,Borys,Faruga,50,Lublin,Finance,6749,26,False,junior,2023
3354,Franciszek,Piekacz,35,Poznań,IT,18365,7,False,lead,2011
3355,Kamila,Kuśnierek,47,Warszawa,IT,17553,16,False,lead,2025
3356,Gaja,Dylik,26,Kraków,Operations,16470,3,False,lead,2022
3357,Dorota,Kasperczak,36,Warszawa,Support,16691,12,False,lead,2012
3358,Borys,Baster,52,Kraków,Sales,12985,19,False,senior,2019
3359,Aleks,Ceran,60,Łódź,Sales,7321,3,False,junior,2020
3360,Kamila,Kramer,54,Wrocław,Support,10148,14,False,mid,2013
3361,Adrian,Fechner,31,Rzeszów,IT,14095,7,False,senior,2020
3362,Karol,Wawrzkiewicz,43,Kraków,Operations,8754,3,False,mid,2020
3363,Anita,Skup,57,Lublin,Support,9721,4,False,mid,2023
3364,Franciszek,Hołota,33,Rzeszów,Marketing,12352,1,False,senior,2013
3365,Blanka,Kutera,56,Gdańsk,Finance,9351,25,True,junior,2018
3366,Karol,Frelich,42,Wrocław,Operations,5035,7,False,junior,2025
3367,Nela,Sapeta,60,Katowice,Operations,10404,25,False,mid,2023
3368,Adrian,Roda,64,Katowice,Sales,9936,19,False,mid,2011
3369,Łukasz,Mikiciuk,57,Wrocław,Sales,14146,11,False,senior,2012
3370,Melania,Kaczka,48,Warszawa,IT,11427,12,False,mid,2016
3371,Ada,Ciołczyk,49,Łódź,IT,7703,14,False,junior,2010
3372,Anita,Hyjek,33,Warszawa,IT,7607,4,False,junior,2013
3373,Melania,Pompa,61,Lublin,IT,15186,33,False,senior,2017
3374,Anna Maria,Wojak,33,Kraków,Support,9929,11,True,junior,2013
3375,Andrzej,Ośka,63,Warszawa,Marketing,6308,19,False,junior,2014
3376,Cezary,Parzonka,64,Łódź,IT,8006,42,False,junior,2010
3377,Kornelia,Szaj,60,Kraków,Operations,13108,19,True,mid,2023
3378,Aurelia,Siemieniec,64,Wrocław,HR,17859,4,False,lead,2019
3379,Kamil,Pachnik,28,Warszawa,Sales,9588,2,False,mid,2024
3380,Klara,Sypek,24,Gdańsk,HR,7882,1,False,mid,2011
3381,Dariusz,Żynda,54,Warszawa,Support,7811,11,False,mid,2016
3382,Rafał,Salawa,42,Kraków,Marketing,8918,12,False,mid,2011
3383,Mieszko,Moneta,62,Wrocław,Finance,7234,11,False,junior,2015
3384,Szymon,Duras,32,Kraków,Finance,8880,9,False,mid,2012
3385,Norbert,Dziewit,62,Warszawa,Marketing,13144,34,False,senior,2019
3386,Nataniel,Małas,30,Lublin,HR,8227,4,False,mid,2016
3387,Sara,Markiel,39,Katowice,Marketing,6142,13,False,junior,2017
3388,Tymon,Sulich,38,Warszawa,Support,9486,6,False,mid,2018
3389,Aleksander,Czermak,24,Katowice,Operations,9020,2,False,mid,2015
3390,Jerzy,Bzymek,46,Poznań,HR,16336,19,False,lead,2020
3391,Mariusz,Matulka,23,Katowice,Sales,7942,1,False,junior,2021
3392,Karol,Tomaszkiewicz,60,Białystok,Operations,13018,17,False,senior,2023
3393,Mikołaj,Macias,60,Warszawa,Sales,7726,27,False,junior,2022
3394,Tymon,Tywoniuk,43,Warszawa,Sales,5954,1,False,junior,2020
3395,Stefan,Kusyk,39,Rzeszów,IT,10666,4,False,mid,2022
3396,Cyprian,Doktor,64,Wrocław,Finance,10873,24,False,mid,2018
3397,Kamil,Ścibisz,51,Warszawa,Marketing,8291,0,False,mid,2023
3398,Aniela,Żółtek,59,Kraków,Finance,8607,3,True,junior,2016
3399,Michał,Morek,55,Rzeszów,Support,13079,16,False,senior,2022
3400,Nikodem,Janic,52,Wrocław,HR,7813,26,False,mid,2023
3401,Julita,Leszkiewicz,23,Łódź,HR,8240,0,False,mid,2016
3402,Gabriel,Podleśna,40,Wrocław,Operations,18357,6,False,lead,2020
3403,Angelika,Rembacz,23,Białystok,Sales,10473,1,False,mid,2017
3404,Robert,Czochara,53,Warszawa,Marketing,8928,21,False,mid,2023
3405,Karina,Misiuk,26,Poznań,IT,15325,3,False,senior,2013
3406,Julian,Kryszczuk,41,Kraków,Support,12685,1,False,senior,2020
3407,Kacper,Miękina,53,Katowice,Operations,12292,27,False,senior,2023
3408,Janina,Nastały,37,Katowice,Finance,8712,9,False,mid,2022
3409,Anna Maria,Zdziech,34,Warszawa,Marketing,11525,5,True,mid,2014
3410,Juliusz,Gonsior,50,Gdańsk,IT,10353,17,False,mid,2010
3411,Stanisław,Gogół,40,Warszawa,Operations,13882,16,False,senior,2021
3412,Ksawery,Imiela,55,Warszawa,IT,14100,24,False,senior,2011
3413,Jeremi,Lizoń,34,Kraków,Marketing,10637,11,False,mid,2018
3414,Roksana,Żyto,47,Wrocław,Marketing,12629,16,False,senior,2012
3415,Mateusz,Bryja,65,Wrocław,Marketing,8395,9,True,junior,2024
3416,Tobiasz,Bujas,36,Wrocław,HR,6390,13,False,junior,2023
3417,Jeremi,Waraksa,33,Warszawa,IT,11704,10,False,mid,2020
3418,Olgierd,Perlik,24,Białystok,Support,9731,2,False,mid,2018
3419,Dominik,Patalas,53,Łódź,Marketing,10257,23,False,mid,2020
3420,Aleks,Lewicz,30,Wrocław,Finance,12612,5,False,senior,2017
3421,Ernest,Janoszka,52,Gdańsk,HR,8115,12,False,mid,2010
3422,Fryderyk,Doruch,52,Warszawa,Sales,10020,13,False,mid,2012
3423,Oskar,Piotrowiak,26,Katowice,Marketing,14609,2,False,senior,2011
3424,Ada,Paszkowiak,24,Gdańsk,HR,16175,2,True,senior,2021
3425,Gaja,Kniaź,47,Warszawa,Marketing,13606,11,False,senior,2017
3426,Dawid,Dadej,55,Wrocław,IT,10320,21,False,mid,2014
3427,Konrad,Gustaw,48,Gdańsk,Support,15755,13,False,lead,2011
3428,Róża,Domka,38,Rzeszów,Marketing,9205,14,True,junior,2019
3429,Michał,Gajownik,59,Warszawa,Sales,14855,23,False,senior,2022
3430,Witold,Wośko,42,Warszawa,Operations,6834,2,False,junior,2018
3431,Norbert,Araszkiewicz,47,Łódź,Sales,6180,13,False,junior,2023
3432,Marika,Dubik,54,Kraków,Finance,10137,31,False,mid,2022
3433,Damian,Buława,57,Warszawa,Finance,14155,9,False,senior,2020
3434,Mieszko,Jasica,60,Poznań,Sales,9472,37,False,mid,2017
3435,Maks,Idec,36,Gdańsk,IT,14670,0,False,senior,2010
3436,Emil,Księżak,42,Łódź,Sales,13437,8,False,senior,2012
3437,Nela,Giec,38,Warszawa,IT,9632,1,False,mid,2019
3438,Stanisław,Karwan,53,Kraków,Sales,9837,19,False,mid,2024
3439,Juliusz,Kubaczyk,54,Wrocław,Operations,5010,21,False,junior,2016
3440,Tobiasz,Kieca,42,Warszawa,Support,5381,19,False,junior,2017
3441,Antoni,Hawro,54,Lublin,Support,9364,30,False,mid,2023
3442,Konstanty,Koss,41,Warszawa,IT,11001,15,False,mid,2012
3443,Krystian,Larysz,54,Kraków,Finance,7213,12,False,junior,2020
3444,Kamila,Moczko,56,Rzeszów,Support,9193,5,False,mid,2015
3445,Sebastian,Malcher,29,Kraków,Operations,8237,7,False,mid,2019
3446,Fryderyk,Koniecko,65,Rzeszów,Sales,18278,4,False,lead,2013
3447,Olaf,Krzysztofek,46,Gdańsk,IT,9897,14,False,mid,2017
3448,Tadeusz,Burchard,41,Gdańsk,Sales,12968,17,False,senior,2011
3449,Marcin,Rejmer,34,Kraków,Finance,7985,8,False,junior,2015
3450,Fabian,Świerad,41,Gdańsk,Finance,6491,5,False,junior,2011
3451,Kornel,Szkopek,59,Poznań,IT,7709,6,False,junior,2012
3452,Rozalia,Dyś,27,Warszawa,IT,14959,2,False,senior,2021
3453,Gabriel,Jancewicz,34,Kraków,IT,21758,0,True,lead,2019
3454,Sebastian,Krzyśko,22,Warszawa,Marketing,9868,0,False,mid,2021
3455,Rozalia,Maron,61,Katowice,HR,9270,35,False,mid,2017
3456,Ksawery,Gotfryd,41,Kraków,Operations,16752,10,False,lead,2013
3457,Sebastian,Fiołka,31,Lublin,Sales,17025,6,False,lead,2023
3458,Anna Maria,Szpila,41,Białystok,Operations,19428,2,True,lead,2022
3459,Kornelia,Borejko,63,Warszawa,IT,11656,24,False,mid,2014
3460,Tymon,Bacia,32,Katowice,IT,8209,10,False,junior,2014
3461,Sylwia,Tylka,31,Poznań,Support,9260,1,False,mid,2022
3462,Alex,Miszkiewicz,31,Gdańsk,Sales,9153,0,False,mid,2010
3463,Dagmara,Słupik,22,Warszawa,Operations,9440,0,False,mid,2025
3464,Ignacy,Wiencek,30,Wrocław,Marketing,8324,2,False,mid,2011
3465,Alex,Nastaj,63,Kraków,HR,16027,29,False,lead,2018
3466,Tymon,Białasik,34,Warszawa,Sales,13170,8,True,mid,2015
3467,Antoni,Truchel,24,Poznań,Support,8303,1,False,mid,2022
3468,Alex,Bobik,23,Poznań,IT,7245,1,False,junior,2018
3469,Klara,Małys,22,Lublin,Operations,13634,0,False,senior,2020
3470,Emil,Ryfa,24,Kraków,IT,11893,2,False,mid,2020
3471,Jacek,Madera,49,Kraków,IT,18848,12,False,lead,2021
3472,Rafał,Szczypek,49,Poznań,Sales,7890,25,False,junior,2024
3473,Adrian,Kurach,46,Rzeszów,Support,8673,11,False,mid,2012
3474,Szymon,Maciejczuk,35,Warszawa,Sales,9365,6,False,mid,2010
3475,Cezary,Szkatuła,27,Lublin,Sales,16944,0,True,senior,2025
3476,Nicole,Block,59,Wrocław,Operations,8063,17,False,mid,2016
3477,Jerzy,Wlazły,54,Warszawa,Marketing,7334,1,False,junior,2020
3478,Jerzy,Mitek,37,Gdańsk,HR,15999,5,False,lead,2018
3479,Szymon,Koterba,51,Warszawa,Finance,9024,25,False,mid,2017
3480,Maksymilian,Sudak,59,Rzeszów,Finance,12730,22,False,senior,2020
3481,Malwina,Dąbrowicz,36,Wrocław,IT,11591,2,False,mid,2022
3482,Nela,Preuss,62,Wrocław,Operations,12611,33,False,senior,2015
3483,Natasza,Lisoń,45,Poznań,IT,19652,21,False,lead,2015
3484,Mariusz,Zacharek,56,Warszawa,IT,14358,0,False,senior,2011
3485,Tobiasz,Szyba,49,Wrocław,Marketing,9930,16,False,mid,2025
3486,Lidia,Matla,48,Warszawa,Support,9959,20,False,mid,2017
3487,Miłosz,Śmieja,52,Gdańsk,Operations,12600,8,False,senior,2012
3488,Artur,Feret,36,Warszawa,Sales,10150,5,False,mid,2015
3489,Kalina,Kempny,54,Łódź,Support,7963,31,True,junior,2019
3490,Bartek,Kalisiak,55,Rzeszów,IT,9992,24,False,mid,2013
3491,Klara,Miękus,61,Kraków,IT,10956,39,False,mid,2020
3492,Ksawery,Ropiak,26,Wrocław,Operations,13804,2,False,senior,2023
3493,Gabriel,Perka,37,Warszawa,Support,17765,0,False,lead,2015
3494,Kajetan,Sabała,25,Warszawa,IT,10840,0,False,mid,2025
3495,Marika,Wesoła,63,Białystok,IT,8717,40,False,junior,2016
3496,Arkadiusz,Paszkowiak,41,Wrocław,Sales,7929,19,False,junior,2018
3497,Róża,Wielgo,49,Rzeszów,Operations,8137,20,False,mid,2018
3498,Witold,Ciepła,22,Kraków,IT,7866,0,False,junior,2017
3499,Olga,Pyc,50,Katowice,Sales,7790,23,False,junior,2013
3500,Maciej,Nędzi,44,Wrocław,IT,7131,10,False,junior,2022
3501,Fryderyk,Prasek,24,Poznań,HR,13150,2,False,senior,2014
3502,Jędrzej,Nieszporek,53,Kraków,IT,7724,8,False,junior,2012
3503,Anita,Moneta,28,Łódź,Operations,9820,4,False,mid,2014
3504,Julita,Deszcz,54,Warszawa,IT,14963,23,False,senior,2020
3505,Piotr,Koniecko,63,Lublin,Marketing,9510,13,False,mid,2014
3506,Dominik,Dulas,27,Wrocław,IT,11128,1,False,mid,2025
3507,Agnieszka,Michalkiewicz,63,Katowice,IT,6591,32,False,junior,2025
3508,Maciej,Nazarko,43,Białystok,Marketing,10686,2,False,mid,2012
3509,Andrzej,Nojek,51,Warszawa,Sales,10024,15,False,mid,2013
3510,Julita,Wołkowicz,41,Kraków,Marketing,13328,19,False,senior,2015
3511,Maciej,Kozdroń,55,Gdańsk,Marketing,10002,15,False,mid,2024
3512,Tobiasz,Palonek,49,Kraków,Operations,9481,11,False,mid,2020
3513,Franciszek,Warczak,41,Katowice,IT,7411,19,False,junior,2023
3514,Aleks,Kluj,56,Warszawa,Operations,8715,30,False,mid,2014
3515,Ewa,Stanclik,22,Lublin,IT,14487,0,False,senior,2019
3516,Emil,Mszyca,29,Gdańsk,Finance,5695,5,False,junior,2013
3517,Stefan,Bartoszak,29,Wrocław,Operations,9076,5,False,mid,2017
3518,Leon,Gregorek,64,Łódź,Marketing,12908,4,False,senior,2021
3519,Gustaw,Niebudek,45,Kraków,HR,16607,14,False,lead,2025
3520,Mikołaj,Pawlaczek,41,Kraków,Sales,10086,3,False,mid,2014
3521,Eliza,Garczarek,37,Rzeszów,HR,12884,4,True,mid,2021
3522,Marcelina,Ciechowicz,53,Wrocław,Sales,14448,19,False,senior,2011
3523,Aniela,Wiech,31,Kraków,Sales,14481,8,False,senior,2015
3524,Nela,Mikusek,37,Łódź,Support,11707,6,False,senior,2019
3525,Grzegorz,Komisarek,23,Wrocław,Sales,6193,1,False,junior,2018
3526,Janina,Doroszuk,53,Katowice,Marketing,12709,31,False,senior,2021
3527,Inga,Samiec,42,Warszawa,Marketing,9360,18,False,mid,2021
3528,Kamila,Stroka,47,Warszawa,Sales,5879,1,False,junior,2012
3529,Kazimierz,Kunka,51,Warszawa,Operations,9795,11,False,mid,2011
3530,Szymon,Soliwoda,46,Łódź,Sales,10571,14,False,mid,2015
3531,Agnieszka,Szczap,55,Warszawa,Support,9195,20,False,mid,2017
3532,Ksawery,Morawiak,64,Białystok,Finance,13523,35,False,senior,2021
3533,Agnieszka,Woszczyna,34,Rzeszów,Finance,9958,12,False,mid,2023
3534,Iwo,Karsznia,24,Warszawa,Sales,6149,1,False,junior,2016
3535,Miłosz,Czenczek,36,Warszawa,IT,13614,12,True,mid,2016
3536,Marcel,Łodyga,25,Kraków,Sales,17728,3,False,lead,2023
3537,Oliwier,Wiewiórka,47,Kraków,Marketing,17895,21,False,lead,2024
3538,Aniela,Wisła,26,Warszawa,Marketing,8245,2,False,mid,2011
3539,Olgierd,Konsek,51,Katowice,Operations,13494,21,False,senior,2014
3540,Anna Maria,Leoniak,46,Rzeszów,HR,9200,0,False,mid,2017
3541,Ernest,Fugiel,52,Kraków,Operations,13074,25,True,mid,2022
3542,Apolonia,Bogusiewicz,49,Katowice,Marketing,5880,18,False,junior,2012
3543,Damian,Błaziak,38,Warszawa,Finance,10898,5,False,mid,2025
3544,Krystyna,Zapadka,63,Rzeszów,Operations,9253,34,False,mid,2022
3545,Aleksander,Ulrych,42,Gdańsk,HR,16379,14,False,lead,2015
3546,Alan,Grzenia,45,Kraków,Support,15099,21,True,senior,2020
3547,Sylwia,Sładek,27,Wrocław,Sales,13184,1,True,mid,2014
3548,Krystian,Budkiewicz,25,Łódź,Sales,9686,1,False,mid,2024
3549,Tymon,Soliwoda,49,Warszawa,Operations,10034,16,False,mid,2012
3550,Mikołaj,Giedrojć,38,Warszawa,Support,9839,12,False,mid,2017
3551,Norbert,Ostapczuk,34,Rzeszów,Operations,12814,3,True,mid,2015
3552,Adrianna,Kunert,56,Warszawa,IT,19117,13,False,lead,2019
3553,Grzegorz,Pyć,51,Łódź,IT,11479,29,False,mid,2023
3554,Adrian,Szeszko,28,Wrocław,IT,6510,4,False,junior,2025
3555,Jakub,Rochowiak,48,Lublin,Sales,9184,20,False,mid,2025
3556,Iwo,Wika,31,Poznań,Sales,7027,0,False,junior,2013
3557,Róża,Wochna,54,Kraków,IT,14162,24,False,senior,2022
3558,Sonia,Jaszczur,41,Kraków,Finance,14911,10,False,senior,2012
3559,Jan,Nędzi,47,Białystok,Marketing,8283,1,False,mid,2022
3560,Anastazja,Fleszar,38,Łódź,Marketing,17139,1,False,lead,2019
3561,Przemysław,Myk,30,Rzeszów,Marketing,12417,5,False,senior,2013
3562,Lidia,Chalimoniuk,57,Wrocław,Sales,15031,4,False,senior,2014
3563,Kalina,Gogol,59,Warszawa,HR,11860,25,True,mid,2017
3564,Maksymilian,Boksa,26,Białystok,Marketing,6596,4,False,junior,2015
3565,Jan,Pronobis,47,Warszawa,Finance,5602,25,False,junior,2024
3566,Krystyna,Batóg,45,Warszawa,Operations,8815,8,False,mid,2021
3567,Dagmara,Kornet,56,Lublin,IT,13838,14,False,senior,2010
3568,Nikodem,Jaroch,48,Lublin,HR,11775,11,True,mid,2020
3569,Daniel,Kochel,38,Katowice,Marketing,8867,12,False,mid,2012
3570,Adam,Złotnik,41,Katowice,IT,18275,1,False,lead,2012
3571,Nataniel,Pyda,58,Rzeszów,Sales,11168,21,False,mid,2010
3572,Tymon,Choina,36,Lublin,Finance,14519,5,False,senior,2012
3573,Filip,Małż,53,Kraków,Sales,8147,1,False,junior,2019
3574,Aurelia,Wosiak,26,Białystok,Finance,7106,1,False,junior,2018
3575,Radosław,Bogaczyk,56,Gdańsk,Sales,14635,14,False,senior,2022
3576,Dawid,Jaroch,57,Gdańsk,Marketing,7103,16,False,junior,2023
3577,Dominik,Namysło,25,Kraków,HR,9904,0,False,mid,2024
3578,Kajetan,Jereczek,65,Kraków,IT,10468,40,False,mid,2011
3579,Ryszard,Domowicz,36,Gdańsk,Finance,7348,3,False,junior,2020
3580,Gaja,Kaczmarkiewicz,53,Kraków,Operations,17150,16,False,lead,2011
3581,Melania,Rok,59,Rzeszów,Marketing,12679,19,False,senior,2012
3582,Agnieszka,Breś,44,Kraków,HR,6363,12,False,junior,2021
3583,Elżbieta,Kuchciak,59,Wrocław,IT,18482,19,True,senior,2025
3584,Piotr,Gruszczyk,47,Wrocław,Marketing,13598,9,False,senior,2024
3585,Radosław,Jędrasiak,31,Wrocław,IT,10360,8,False,mid,2019
3586,Leonard,Wons,54,Rzeszów,IT,6542,21,False,junior,2018
3587,Fryderyk,Kornet,65,Kraków,Finance,10052,24,False,mid,2015
3588,Krzysztof,Krauza,63,Poznań,Support,6651,26,False,junior,2011
3589,Marianna,Flisek,61,Białystok,Finance,12667,28,False,senior,2016
3590,Krystyna,Bobak,58,Wrocław,Finance,14913,36,False,senior,2015
3591,Aleks,Gilewicz,50,Warszawa,Support,9164,2,False,mid,2013
3592,Łukasz,Smutek,30,Warszawa,Marketing,13410,8,True,mid,2015
3593,Jacek,Chudoba,40,Warszawa,Support,5286,6,False,junior,2016
3594,Anna Maria,Rzeszut,61,Kraków,Finance,16612,37,False,lead,2022
3595,Anna Maria,Szela,58,Łódź,IT,14034,16,False,senior,2016
3596,Nikodem,Chaberek,43,Wrocław,Operations,8370,14,False,mid,2014
3597,Adam,Gieroń,54,Łódź,IT,7585,21,False,junior,2018
3598,Anita,Lelonek,55,Poznań,Support,5176,21,False,junior,2010
3599,Liwia,Malcher,38,Rzeszów,Support,7726,5,False,mid,2020
3600,Karina,Gałach,37,Rzeszów,Support,7822,14,False,mid,2025
3601,Stefan,Klekot,57,Gdańsk,Finance,9239,27,False,mid,2011
3602,Alex,Kuliberda,36,Warszawa,IT,11468,11,False,mid,2011
3603,Anna Maria,Jędraszek,27,Białystok,Sales,17655,4,False,lead,2014
3604,Maks,Fijoł,56,Katowice,IT,11535,30,False,mid,2016
3605,Sylwia,Wąsek,26,Katowice,Sales,13511,2,False,senior,2013
3606,Angelika,Sadoch,52,Wrocław,HR,8460,29,False,mid,2016
3607,Sonia,Tabiś,33,Warszawa,IT,9669,8,False,mid,2015
3608,Grzegorz,Burdach,55,Łódź,IT,13152,31,True,mid,2010
3609,Jerzy,Chadaj,27,Wrocław,Finance,14131,5,False,senior,2018
3610,Aleks,Solarczyk,55,Łódź,Marketing,12302,31,True,mid,2022
3611,Jakub,Wita,48,Kraków,Marketing,13656,4,False,senior,2015
3612,Szymon,Bobko,47,Wrocław,HR,8441,21,False,mid,2022
3613,Ignacy,Wojniak,25,Katowice,HR,8272,3,False,mid,2016
3614,Nikodem,Skiepko,22,Poznań,Support,8585,0,False,mid,2022
3615,Urszula,Pyza,56,Katowice,Operations,10434,0,False,mid,2014
3616,Aleksander,Miotke,36,Warszawa,Marketing,10248,2,False,mid,2013
3617,Nataniel,Frydrychowicz,61,Wrocław,Marketing,7233,29,False,junior,2025
3618,Bruno,Chmara,64,Warszawa,IT,6988,8,False,junior,2014
3619,Ksawery,Pawlaczek,57,Kraków,IT,6515,22,False,junior,2018
3620,Ryszard,Kik,58,Gdańsk,Sales,13222,12,False,senior,2020
3621,Krzysztof,Stryjek,56,Katowice,IT,19975,23,False,lead,2024
3622,Radosław,Lelito,27,Rzeszów,Support,9582,2,False,mid,2019
3623,Krystyna,Kłoczko,29,Kraków,Operations,18387,4,False,lead,2023
3624,Jan,Brzykcy,32,Gdańsk,Sales,6087,6,False,junior,2015
3625,Józef,Lica,41,Rzeszów,Support,16665,18,False,lead,2023
3626,Ewa,Cyba,51,Katowice,HR,5309,15,False,junior,2020
3627,Nicole,Pompa,41,Poznań,IT,15041,19,False,senior,2021
3628,Antoni,Olbrych,52,Wrocław,Marketing,10323,3,False,mid,2011
3629,Tymoteusz,Lemieszek,32,Warszawa,Operations,18187,9,False,lead,2010
3630,Kornel,Goska,63,Poznań,Operations,5125,18,False,junior,2011
3631,Natan,Keler,58,Warszawa,Marketing,7157,18,False,junior,2023
3632,Malwina,Dudziec,30,Wrocław,Marketing,12766,4,False,senior,2014
3633,Piotr,Bona,45,Białystok,IT,10445,8,False,mid,2011
3634,Łukasz,Szymańczak,60,Kraków,Operations,12410,5,False,senior,2020
3635,Marcin,Strama,31,Białystok,IT,7246,7,False,junior,2022
3636,Róża,Franiak,41,Rzeszów,HR,4552,2,False,junior,2010
3637,Julita,Szumna,62,Warszawa,Sales,10151,4,False,mid,2018
3638,Józef,Gryska,50,Warszawa,Sales,10123,25,False,mid,2023
3639,Klara,Klepka,65,Poznań,Sales,18245,26,False,lead,2017
3640,Adam,Wawrzyk,60,Warszawa,Marketing,13433,1,False,senior,2024
3641,Angelika,Długajczyk,37,Warszawa,IT,9565,12,False,mid,2011
3642,Sylwia,Bazela,62,Lublin,Finance,9776,3,False,mid,2019
3643,Jędrzej,Dziób,31,Kraków,Marketing,9264,7,False,mid,2011
3644,Julita,Wiatrak,40,Warszawa,Sales,9050,5,False,mid,2023
3645,Nikodem,Orzeszek,50,Kraków,Sales,14052,11,False,senior,2017
3646,Kornel,Tyczka,65,Warszawa,HR,9916,36,False,mid,2015
3647,Maks,Ciepłuch,44,Gdańsk,IT,10516,5,False,mid,2013
3648,Krystian,Bak,36,Poznań,HR,5352,3,False,junior,2011
3649,Antoni,Kózka,33,Warszawa,IT,11448,3,False,mid,2018
3650,Albert,Ciepluch,23,Lublin,IT,7920,1,False,junior,2011
3651,Ewelina,Miecznik,42,Warszawa,Operations,8116,2,False,mid,2025
3652,Leon,Zasępa,27,Kraków,Operations,21407,2,True,lead,2018
3653,Tobiasz,Wojnicz,62,Warszawa,Sales,7025,3,False,junior,2020
3654,Gaja,Forysiak,47,Gdańsk,IT,6858,9,False,junior,2014
3655,Norbert,Kuciak,42,Lublin,Support,8008,7,False,mid,2012
3656,Jędrzej,Rysz,37,Kraków,Marketing,17470,11,False,lead,2018
3657,Filip,Glazer,26,Poznań,HR,12786,4,False,senior,2021
3658,Klara,Śmieszek,53,Wrocław,Operations,14109,7,False,senior,2014
3659,Sonia,Sałuda,39,Lublin,Finance,6049,13,False,junior,2012
3660,Marek,Dzieża,64,Łódź,Operations,12972,42,False,senior,2020
3661,Aniela,Grymuza,30,Warszawa,Finance,15670,0,True,senior,2019
3662,Emil,Kuncewicz,31,Gdańsk,Finance,10220,0,False,mid,2024
3663,Anna Maria,Miętus,51,Warszawa,IT,6598,28,False,junior,2011
3664,Tymoteusz,Cecot,59,Warszawa,HR,4893,2,False,junior,2011
3665,Mariusz,Protasiuk,35,Lublin,Sales,8003,9,False,junior,2016
3666,Piotr,Gabryszak,24,Białystok,Marketing,13195,1,False,senior,2013
3667,Ksawery,Samol,48,Poznań,Finance,9946,16,False,mid,2023
3668,Sara,Małocha,60,Gdańsk,Marketing,17839,2,False,lead,2015
3669,Szymon,Fitrzyk,46,Warszawa,Sales,7799,15,False,junior,2015
3670,Karina,Sass,22,Białystok,HR,8291,0,False,mid,2024
3671,Marcin,Kidoń,35,Warszawa,Sales,8917,5,False,mid,2017
3672,Cyprian,Szczepaniec,25,Rzeszów,Sales,11133,3,False,mid,2021
3673,Anna Maria,Kędziorek,28,Rzeszów,Sales,7690,5,False,junior,2012
3674,Arkadiusz,Widuch,38,Gdańsk,Support,9809,12,False,mid,2023
3675,Oskar,Michnowicz,50,Gdańsk,Marketing,5544,11,False,junior,2023
3676,Eliza,Berendt,41,Kraków,Sales,10447,11,False,mid,2016
3677,Adrian,Hendzel,41,Warszawa,IT,19297,7,False,lead,2016
3678,Piotr,Klupś,59,Warszawa,HR,5917,9,False,junior,2023
3679,Tobiasz,Dzienisz,43,Poznań,Sales,5875,6,False,junior,2016
3680,Angelika,Lindner,28,Gdańsk,IT,11202,3,False,mid,2013
3681,Jan,Biegała,45,Łódź,IT,13575,9,True,mid,2011
3682,Aleksander,Grabas,30,Kraków,HR,16901,5,False,lead,2019
3683,Gaja,Miąsik,59,Katowice,IT,11755,2,False,mid,2016
3684,Dawid,Borkiewicz,58,Wrocław,Sales,10069,31,False,mid,2022
3685,Roksana,Stark,28,Warszawa,Operations,7155,3,False,junior,2017
3686,Aleksander,Tokarek,64,Gdańsk,HR,5758,3,False,junior,2017
3687,Angelika,Peda,23,Łódź,IT,11819,1,False,mid,2023
3688,Fabian,Drozda,42,Wrocław,Sales,9597,8,False,mid,2021
3689,Aurelia,Krauza,28,Wrocław,IT,10840,4,False,mid,2022
3690,Fabian,Naumiuk,25,Kraków,IT,7675,0,False,junior,2011
3691,Nikodem,Piekarek,45,Wrocław,Operations,12755,12,False,senior,2021
3692,Ksawery,Hennig,27,Gdańsk,IT,11615,5,False,mid,2015
3693,Stefan,Kleina,54,Wrocław,Finance,8970,0,False,mid,2015
3694,Ewelina,Lorens,35,Poznań,HR,4637,9,False,junior,2022
3695,Monika,Uliczka,34,Warszawa,Finance,7759,6,False,junior,2019
3696,Ignacy,Wiesiołek,41,Warszawa,Operations,7274,9,False,junior,2014
3697,Krystian,Budniak,38,Warszawa,Operations,5314,12,False,junior,2019
3698,Jacek,Ochal,45,Warszawa,Operations,10183,1,True,junior,2011
3699,Bartek,Misiuk,31,Gdańsk,Operations,8497,6,False,mid,2017
3700,Melania,Chylak,64,Wrocław,IT,9878,36,False,mid,2013
3701,Paweł,Tereszkiewicz,28,Katowice,IT,11049,6,False,mid,2014
3702,Rozalia,Janisz,41,Poznań,Operations,8185,15,False,mid,2017
3703,Krystyna,Sobisz,38,Warszawa,IT,11803,2,True,junior,2013
3704,Jeremi,Tylus,41,Kraków,IT,18141,0,False,lead,2020
3705,Ryszard,Panasiewicz,62,Gdańsk,IT,9657,7,False,mid,2021
3706,Andrzej,Siwa,48,Kraków,IT,11082,0,False,mid,2024
3707,Wojciech,Szpara,28,Poznań,Sales,12610,2,True,mid,2013
3708,Natan,Czerner,38,Wrocław,HR,12124,11,False,senior,2024
3709,Sara,Szałas,42,Katowice,Finance,9411,15,False,mid,2016
3710,Adrian,Kozaczuk,50,Gdańsk,Sales,7642,8,False,junior,2010
3711,Natasza,Owsiany,60,Warszawa,IT,7683,14,False,junior,2012
3712,Franciszek,Łuc,33,Kraków,IT,10418,10,False,mid,2015
3713,Ernest,Serwa,49,Kraków,Support,13979,24,False,senior,2011
3714,Dawid,Rejmer,44,Wrocław,IT,17832,15,False,lead,2010
3715,Kamila,Komsta,56,Kraków,Operations,8925,25,False,mid,2022
3716,Gaja,Glica,24,Warszawa,HR,17634,1,False,lead,2022
3717,Tola,Broszkiewicz,51,Gdańsk,Operations,10125,19,False,mid,2018
3718,Adrianna,Małas,54,Poznań,Operations,8436,16,False,mid,2010
3719,Maurycy,Kordus,25,Warszawa,IT,14408,3,False,senior,2025
3720,Józef,Karol,42,Gdańsk,Operations,16151,18,False,lead,2024
3721,Konrad,Grzywnowicz,55,Lublin,Finance,7233,6,False,junior,2011
3722,Ewelina,Gąbka,24,Warszawa,IT,9852,1,False,mid,2021
3723,Roksana,Adamiuk,43,Kraków,IT,11625,18,False,mid,2019
3724,Adrian,Jamroży,64,Rzeszów,Support,12362,36,False,senior,2017
3725,Roksana,Kręcisz,58,Łódź,Operations,9475,6,False,mid,2017
3726,Agnieszka,Kędziorek,22,Łódź,Sales,10455,0,False,mid,2021
3727,Roksana,Graj,35,Warszawa,Marketing,10069,11,False,mid,2017
3728,Jerzy,Szyja,28,Gdańsk,HR,5133,3,False,junior,2018
3729,Julian,Schwarz,54,Warszawa,Support,13994,31,False,senior,2021
3730,Robert,Penkala,55,Rzeszów,IT,15462,24,False,senior,2022
3731,Kamila,Frycz,57,Kraków,IT,10488,29,False,mid,2018
3732,Kornel,Małysiak,58,Białystok,Sales,14603,12,False,senior,2011
3733,Arkadiusz,Groń,49,Gdańsk,IT,10808,0,False,mid,2024
3734,Ada,Dziadkowiec,60,Łódź,Finance,7110,8,False,junior,2016
3735,Wiktor,Buchalik,45,Wrocław,Operations,10441,8,False,mid,2024
3736,Kamil,Wojtaszczyk,22,Łódź,Sales,18790,0,False,lead,2010
3737,Malwina,Bartoszak,36,Kraków,IT,13905,9,False,senior,2022
3738,Alan,Sochaj,47,Warszawa,HR,7724,23,False,mid,2020
3739,Nataniel,Damian,23,Warszawa,IT,12955,0,True,mid,2011
3740,Aurelia,Jonczyk,27,Wrocław,Operations,10301,2,False,mid,2018
3741,Apolonia,Cebo,38,Rzeszów,Operations,10277,16,True,junior,2014
3742,Olga,Karol,63,Kraków,Support,7909,12,False,mid,2022
3743,Dominik,Kopyto,52,Białystok,IT,7574,4,False,junior,2013
3744,Dagmara,Gramza,53,Kraków,Support,17186,29,False,lead,2020
3745,Wojciech,Honkisz,48,Warszawa,IT,11740,2,False,mid,2014
3746,Emil,Chlebda,30,Katowice,Sales,9977,0,False,mid,2013
3747,Marcelina,Masłoń,52,Gdańsk,Support,4819,12,False,junior,2014
3748,Tola,Stroka,34,Warszawa,Sales,7534,6,False,junior,2016
3749,Tadeusz,Namysł,42,Warszawa,Operations,8061,20,False,mid,2017
3750,Andrzej,Koronkiewicz,31,Łódź,Marketing,12935,3,False,senior,2020
3751,Damian,Pastuszek,30,Lublin,Operations,5416,8,False,junior,2015
3752,Ernest,Perka,46,Gdańsk,Sales,7114,19,False,junior,2015
3753,Cyprian,Majorek,33,Gdańsk,Marketing,7330,5,False,junior,2018
3754,Tola,Graś,37,Łódź,Finance,15975,13,True,senior,2012
3755,Justyna,Basak,41,Wrocław,IT,6600,7,False,junior,2020
3756,Cyprian,Staniczek,57,Lublin,HR,7728,31,False,mid,2022
3757,Marek,Wilusz,32,Białystok,IT,11863,7,False,mid,2013
3758,Igor,Ceynowa,31,Kraków,Finance,13189,0,False,senior,2013
3759,Anita,Kiciak,48,Rzeszów,Finance,16097,5,True,senior,2016
3760,Ada,Ochal,42,Poznań,IT,7911,16,False,junior,2025
3761,Tola,Zbrzeźniak,51,Wrocław,Support,7164,24,False,junior,2021
3762,Marcelina,Niklewicz,53,Warszawa,Support,12743,20,False,senior,2024
3763,Dagmara,Karyś,39,Poznań,IT,8367,2,False,junior,2010
3764,Sara,Latuszek,35,Warszawa,Finance,10396,11,False,mid,2023
3765,Norbert,Kacperek,28,Rzeszów,HR,5340,0,False,junior,2016
3766,Krzysztof,Ciarka,23,Wrocław,Support,12781,0,True,mid,2014
3767,Dominik,Trawka,58,Rzeszów,Sales,9714,10,False,mid,2015
3768,Gaja,Miros,29,Łódź,Sales,13503,0,False,senior,2024
3769,Fryderyk,Dziadura,36,Kraków,Support,8311,11,False,mid,2015
3770,Anastazja,Glazik,22,Warszawa,Finance,9708,0,True,junior,2014
3771,Stanisław,Wiech,56,Łódź,Finance,7507,30,False,junior,2023
3772,Przemysław,Leoniuk,35,Warszawa,Sales,10247,10,False,mid,2020
3773,Sebastian,Więcławek,27,Warszawa,Finance,17602,5,True,senior,2013
3774,Elżbieta,Wiekiera,61,Katowice,Marketing,8908,19,False,mid,2016
3775,Jakub,Taczała,25,Warszawa,Finance,6819,0,False,junior,2011
3776,Tymon,Zuziak,31,Łódź,IT,7083,8,False,junior,2018
3777,Krystian,Hadam,34,Warszawa,IT,11847,7,False,mid,2014
3778,Ewelina,Góraj,57,Warszawa,Finance,13007,1,False,senior,2023
3779,Tobiasz,Wnuczek,49,Gdańsk,Marketing,9218,19,False,mid,2016
3780,Aurelia,Pielach,22,Białystok,IT,12907,0,True,mid,2023
3781,Konrad,Zarzeczna,47,Warszawa,Marketing,9556,8,False,mid,2010
3782,Alex,Wijata,28,Warszawa,Finance,14191,2,False,senior,2015
3783,Nicole,Koloch,55,Kraków,IT,12574,0,True,mid,2023
3784,Emil,Sadownik,61,Wrocław,Marketing,16700,36,False,lead,2020
3785,Mieszko,Strzyż,32,Łódź,Marketing,10463,5,False,mid,2011
3786,Janina,Grochowina,42,Warszawa,Finance,13745,16,False,senior,2017
3787,Apolonia,Wujec,44,Rzeszów,Operations,13657,8,False,senior,2015
3788,Hubert,Sorbian,43,Wrocław,Operations,9350,21,True,junior,2015
3789,Gustaw,Witos,42,Wrocław,IT,11725,10,False,mid,2015
3790,Leonard,Toczko,47,Rzeszów,HR,5474,1,False,junior,2010
3791,Mikołaj,Borysewicz,38,Poznań,Operations,17428,11,True,senior,2025
3792,Melania,Grześków,29,Lublin,Operations,5537,6,False,junior,2015
3793,Maurycy,Chwała,60,Łódź,Support,9192,14,False,mid,2015
3794,Ryszard,Hanas,24,Kraków,Finance,14531,1,False,senior,2012
3795,Antoni,Brodowicz,28,Wrocław,Sales,5875,5,False,junior,2019
3796,Kornelia,Budrewicz,43,Warszawa,Operations,8426,14,False,mid,2012
3797,Tola,Nieszporek,46,Rzeszów,Operations,10336,0,False,mid,2024
3798,Alex,Lukas,24,Łódź,Support,12540,0,False,senior,2016
3799,Fryderyk,Gołofit,46,Katowice,IT,10301,22,False,mid,2018
3800,Fryderyk,Nazarewicz,51,Warszawa,Marketing,10314,13,False,mid,2017
3801,Inga,Mzyk,22,Białystok,Marketing,7543,0,False,junior,2025
3802,Tymoteusz,Ciapa,58,Gdańsk,Support,7899,8,False,mid,2017
3803,Sebastian,Łągiewka,35,Katowice,Operations,8596,8,False,mid,2021
3804,Dagmara,Szajek,63,Poznań,Sales,16857,35,True,senior,2017
3805,Olgierd,Merda,58,Kraków,Marketing,8235,29,False,mid,2010
3806,Urszula,Golda,52,Kraków,Sales,10017,7,False,mid,2018
3807,Stefan,Kasznia,42,Gdańsk,HR,8635,14,False,mid,2013
3808,Hubert,Hulbój,24,Białystok,IT,11079,1,False,mid,2020
3809,Mateusz,Ośka,40,Wrocław,Finance,7101,7,False,junior,2010
3810,Kacper,Stanaszek,38,Łódź,Sales,10912,7,False,mid,2020
3811,Ada,Suchenek,62,Gdańsk,IT,15844,40,False,senior,2023
3812,Justyna,Nabiałek,45,Wrocław,Marketing,14235,16,False,senior,2020
3813,Karol,Pusz,48,Poznań,Finance,17393,21,False,lead,2019
3814,Urszula,Kuster,65,Rzeszów,IT,9900,2,False,mid,2024
3815,Agnieszka,Kozubal,51,Białystok,Sales,5904,12,False,junior,2010
3816,Kaja,Markiel,53,Warszawa,IT,11552,13,False,mid,2020
3817,Grzegorz,Grochola,40,Warszawa,Sales,6332,0,False,junior,2020
3818,Apolonia,Mosiołek,65,Kraków,Marketing,13808,2,False,senior,2020
3819,Bianka,Kornet,34,Kraków,Marketing,8686,2,False,mid,2019
3820,Aniela,Szajek,61,Gdańsk,IT,7024,28,False,junior,2017
3821,Maks,Walenciak,39,Kraków,Operations,8136,15,False,mid,2017
3822,Daniel,Golak,44,Łódź,Support,11309,10,True,mid,2011
3823,Jan,Mijas,24,Kraków,IT,7587,1,False,junior,2021
3824,Sonia,Kurzaj,58,Katowice,IT,15756,17,False,senior,2017
3825,Marek,Lisoń,64,Gdańsk,Sales,5858,38,False,junior,2023
3826,Nela,Maksym,42,Wrocław,Support,8312,0,False,mid,2017
3827,Klara,Styrna,63,Wrocław,HR,5944,40,False,junior,2017
3828,Aurelia,Banyś,64,Wrocław,HR,17878,0,False,lead,2020
3829,Filip,Pytlarz,25,Warszawa,HR,20541,1,True,lead,2025
3830,Nicole,Wawak,56,Warszawa,Sales,17585,19,False,lead,2011
3831,Leonard,Mikusek,38,Poznań,Marketing,6839,13,False,junior,2022
3832,Elżbieta,Szymańczak,64,Wrocław,Support,19452,9,True,lead,2014
3833,Maksymilian,Iwanow,25,Kraków,IT,14980,3,True,mid,2011
3834,Anna Maria,Matula,49,Wrocław,Support,20095,20,True,lead,2013
3835,Konstanty,Bobko,33,Gdańsk,IT,6635,0,False,junior,2024
3836,Eliza,Kiedrowicz,49,Warszawa,IT,9802,19,False,mid,2016
3837,Angelika,Kupaj,65,Lublin,Sales,13097,15,False,senior,2015
3838,Dawid,Bryzek,58,Gdańsk,IT,14418,24,False,senior,2010
3839,Natasza,Kornak,52,Białystok,IT,11790,2,True,junior,2014
3840,Igor,Maron,31,Wrocław,Marketing,5421,8,False,junior,2020
3841,Rozalia,Mostek,40,Katowice,Sales,9482,17,False,mid,2014
3842,Elżbieta,Kordus,25,Warszawa,Marketing,5305,3,False,junior,2012
3843,Mikołaj,Kaszkowiak,32,Poznań,Support,17416,6,False,lead,2021
3844,Ewelina,Zmyślony,54,Lublin,Sales,11125,20,True,junior,2023
3845,Mateusz,Bracha,23,Rzeszów,Finance,13552,1,False,senior,2020
3846,Agnieszka,Rut,33,Wrocław,Finance,10526,5,False,mid,2018
3847,Natasza,Pasiak,22,Łódź,Sales,7760,0,False,junior,2024
3848,Kornel,Sąsiadek,51,Rzeszów,IT,15605,24,False,senior,2024
3849,Maks,Mostek,31,Wrocław,IT,11599,8,False,mid,2014
3850,Gustaw,Capała,47,Łódź,Marketing,13992,21,False,senior,2010
3851,Leon,Myszak,22,Poznań,Sales,5936,0,False,junior,2020
3852,Gaja,Breś,46,Poznań,IT,15144,23,False,senior,2022
3853,Emil,Fugiel,41,Gdańsk,Finance,21409,15,True,lead,2016
3854,Sylwia,Skowyra,29,Rzeszów,IT,14475,2,False,senior,2021
3855,Stanisław,Gill,65,Lublin,Operations,10473,43,True,junior,2012
3856,Lidia,Maculewicz,61,Gdańsk,Sales,12285,35,True,mid,2025
3857,Alan,Burchard,22,Białystok,Finance,13414,0,True,mid,2013
3858,Mikołaj,Wincenciak,25,Warszawa,IT,15744,3,False,senior,2021
3859,Aleks,Krzeszowiec,50,Łódź,Sales,9140,19,False,mid,2011
3860,Szymon,Jaszczyszyn,42,Białystok,Sales,10720,2,True,junior,2011
3861,Ada,Kawula,28,Wrocław,Marketing,11396,3,True,mid,2014
3862,Hubert,Składanek,44,Poznań,Marketing,6140,21,False,junior,2015
3863,Igor,Kielczyk,24,Łódź,Sales,7292,0,False,junior,2025
3864,Konstanty,Świętoń,39,Łódź,Operations,8942,14,False,mid,2023
3865,Adrian,Wąsala,42,Rzeszów,Marketing,12884,19,False,senior,2021
3866,Konstanty,Kurzydło,31,Łódź,Marketing,8878,6,False,mid,2011
3867,Juliusz,Makieła,40,Warszawa,Operations,9194,2,False,mid,2011
3868,Kamil,Dzika,65,Białystok,IT,7441,23,False,junior,2024
3869,Tymoteusz,Kolendo,49,Katowice,Operations,13832,25,False,senior,2022
3870,Krystian,Krzyśków,56,Białystok,Marketing,17371,7,True,senior,2020
3871,Adrianna,Milcarz,43,Katowice,Finance,12690,15,False,senior,2021
3872,Tymoteusz,Jakiel,55,Wrocław,Sales,11209,19,False,mid,2011
3873,Marek,Jany,54,Lublin,HR,5660,3,False,junior,2011
3874,Grzegorz,Tyczka,65,Kraków,IT,11784,22,False,mid,2023
3875,Liwia,Kurzac,35,Katowice,HR,6921,2,False,junior,2013
3876,Filip,Pytko,28,Rzeszów,Support,4990,0,False,junior,2018
3877,Karol,Skwira,48,Poznań,Sales,10116,21,False,mid,2017
3878,Gaja,Swacha,32,Lublin,Finance,6358,1,False,junior,2011
3879,Marcin,Żal,64,Warszawa,HR,13678,29,False,senior,2010
3880,Anastazja,Żołądkiewicz,24,Lublin,HR,6528,0,False,junior,2014
3881,Klara,Wyłupek,22,Kraków,Operations,14117,0,False,senior,2025
3882,Ernest,Fleszar,57,Warszawa,IT,14654,6,False,senior,2025
3883,Monika,Mizia,65,Poznań,Finance,9707,16,False,mid,2015
3884,Leon,Janczarek,59,Rzeszów,Sales,17832,15,False,lead,2025
3885,Aurelia,Blank,33,Warszawa,IT,6694,1,False,junior,2018
3886,Mieszko,Majdak,44,Białystok,Finance,10252,4,False,mid,2024
3887,Błażej,Rudyk,59,Białystok,HR,9600,34,False,mid,2018
3888,Oliwier,Myszk,50,Warszawa,HR,10000,24,True,junior,2014
3889,Leon,Musiolik,59,Białystok,IT,11966,13,False,mid,2023
3890,Blanka,Teodorowicz,33,Łódź,IT,10355,11,False,mid,2018
3891,Emil,Teodorowicz,46,Warszawa,IT,11662,7,False,mid,2019
3892,Ewelina,Duszkiewicz,40,Wrocław,Operations,8486,15,False,mid,2012
3893,Fryderyk,Ograbek,45,Wrocław,Marketing,9183,13,False,mid,2011
3894,Tobiasz,Dudziec,51,Kraków,HR,11794,0,True,mid,2017
3895,Błażej,Skwira,28,Łódź,Finance,6488,3,False,junior,2017
3896,Liwia,Cąkała,25,Rzeszów,IT,15515,1,False,senior,2012
3897,Justyna,Bałazy,56,Warszawa,HR,8942,26,False,mid,2023
3898,Stefan,Skomra,34,Warszawa,Sales,12858,1,False,senior,2025
3899,Adrianna,Nogieć,56,Poznań,Marketing,12818,11,True,mid,2023
3900,Jędrzej,Sanetra,26,Kraków,Sales,10903,2,False,mid,2022
3901,Maciej,Kręcisz,46,Kraków,Operations,11117,7,True,mid,2015
3902,Ewelina,Jajko,62,Warszawa,IT,11643,35,False,mid,2022
3903,Maks,Wiercigroch,49,Białystok,Operations,6597,18,False,junior,2019
3904,Kornelia,Kuder,33,Warszawa,Marketing,9373,8,False,mid,2024
3905,Jeremi,Grzenia,24,Kraków,Marketing,5886,1,False,junior,2024
3906,Jeremi,Łyjak,27,Warszawa,Marketing,13051,5,False,senior,2023
3907,Oskar,Micał,46,Kraków,Operations,9968,16,False,mid,2022
3908,Janina,Ziemann,30,Łódź,Operations,16589,6,False,lead,2024
3909,Marcelina,Pindral,46,Warszawa,Sales,14638,0,False,senior,2017
3910,Tadeusz,Blank,39,Rzeszów,IT,19699,14,False,lead,2017
3911,Julianna,Wyłupek,36,Kraków,Operations,9508,4,False,mid,2025
3912,Eryk,Roskosz,37,Warszawa,Support,13555,10,False,senior,2025
3913,Natan,Kuban,63,Kraków,HR,6892,2,False,junior,2025
3914,Grzegorz,Madzia,35,Katowice,IT,18018,0,False,lead,2015
3915,Krystyna,Pesta,57,Katowice,Support,15368,22,True,senior,2018
3916,Mateusz,Stwora,24,Kraków,HR,17634,2,False,lead,2017
3917,Krzysztof,Bałazy,59,Rzeszów,Sales,13225,28,False,senior,2023
3918,Klara,Rodzeń,52,Rzeszów,Finance,9669,17,False,mid,2022
3919,Anna Maria,Uliasz,63,Wrocław,Operations,6556,29,False,junior,2010
3920,Adrianna,Wojtaszczyk,41,Białystok,HR,9545,8,False,mid,2017
3921,Borys,Wabik,35,Gdańsk,IT,14660,2,False,senior,2020
3922,Ryszard,Wiszowata,44,Łódź,IT,11233,17,False,mid,2015
3923,Eryk,Tecław,37,Gdańsk,Sales,17453,8,False,lead,2023
3924,Szymon,Cebulak,39,Warszawa,Sales,9042,1,False,mid,2012
3925,Tomasz,Oszust,30,Rzeszów,Sales,9280,0,True,junior,2017
3926,Gaja,Styn,54,Katowice,IT,7957,31,False,junior,2023
3927,Przemysław,Pierzak,57,Lublin,Operations,13215,3,True,mid,2010
3928,Marcel,Cięciwa,29,Warszawa,HR,12835,5,False,senior,2022
3929,Ignacy,Palus,51,Łódź,Sales,7687,0,False,junior,2012
3930,Adrian,Kulczak,42,Wrocław,Sales,11181,12,False,mid,2019
3931,Sylwia,Młocek,44,Kraków,Sales,8904,15,False,mid,2020
3932,Daniel,Rosłoń,42,Gdańsk,IT,6839,20,False,junior,2024
3933,Kamil,Durczok,29,Lublin,Support,8004,4,False,mid,2017
3934,Daniel,Żołądź,61,Łódź,IT,19003,22,False,lead,2014
3935,Gustaw,Tekieli,25,Katowice,Sales,13104,3,False,senior,2022
3936,Igor,Naumiuk,63,Warszawa,Sales,7026,20,False,junior,2021
3937,Agnieszka,Klimko,53,Kraków,IT,14055,18,False,senior,2025
3938,Marianna,Rakus,62,Lublin,Finance,17740,24,True,senior,2014
3939,Kazimierz,Fabiszak,41,Łódź,Marketing,5575,1,False,junior,2015
3940,Miłosz,Staniewicz,40,Łódź,Sales,7587,9,False,junior,2017
3941,Wojciech,Perczak,40,Warszawa,Operations,13259,0,True,mid,2011
3942,Stanisław,Ostafin,45,Warszawa,Sales,15127,22,False,senior,2011
3943,Tobiasz,Gzyl,23,Poznań,Support,19669,1,True,lead,2014
3944,Stanisław,Rudolf,42,Warszawa,Support,11166,9,True,mid,2016
3945,Błażej,Latoszek,41,Poznań,Finance,9377,7,True,junior,2023
3946,Monika,Thiel,33,Wrocław,IT,10026,7,False,mid,2013
3947,Marika,Bubak,29,Warszawa,IT,7334,2,False,junior,2012
3948,Kamila,Domian,36,Gdańsk,HR,9653,0,True,junior,2011
3949,Marika,Siekierka,57,Łódź,Sales,10037,34,False,mid,2021
3950,Julian,Czerner,32,Gdańsk,Marketing,5347,3,False,junior,2014
3951,Kornelia,Owsiak,26,Wrocław,Sales,6647,1,False,junior,2013
3952,Dominik,Kiełbik,50,Wrocław,Operations,5220,4,False,junior,2019
3953,Robert,Małota,26,Lublin,IT,8806,3,False,junior,2012
3954,Filip,Kupidura,61,Katowice,Sales,15923,7,True,senior,2013
3955,Wojciech,Szałata,37,Warszawa,Operations,13079,6,False,senior,2021
3956,Iwo,Klemczak,49,Warszawa,Operations,17600,0,False,lead,2021
3957,Adrianna,Wiatrak,25,Katowice,IT,11381,3,False,mid,2014
3958,Sonia,Naglik,36,Katowice,IT,14302,1,False,senior,2025
3959,Jakub,Wdowczyk,63,Warszawa,Support,11924,32,False,senior,2020
3960,Tobiasz,Wojsa,50,Rzeszów,Marketing,17752,27,False,lead,2016
3961,Krystian,Hasiak,25,Wrocław,IT,10650,3,False,mid,2022
3962,Kornel,Ziemann,60,Gdańsk,Operations,9015,25,False,mid,2016
3963,Aurelia,Smoter,51,Warszawa,Marketing,5236,1,False,junior,2010
3964,Ida,Karwala,59,Warszawa,Marketing,13010,31,False,senior,2017
3965,Marika,Wajer,33,Lublin,Operations,7189,3,False,junior,2025
3966,Justyna,Bodek,40,Poznań,Sales,13500,9,False,senior,2017
3967,Krzysztof,Dziduch,51,Warszawa,Sales,10948,10,False,mid,2020
3968,Artur,Goral,56,Poznań,HR,8795,9,False,mid,2013
3969,Ernest,Błażejewicz,35,Białystok,Support,12579,9,False,senior,2019
3970,Karina,Hajduga,55,Kraków,Sales,13644,10,False,senior,2025
3971,Nicole,Szkup,34,Lublin,IT,15678,6,False,senior,2010
3972,Maurycy,Borkiewicz,24,Wrocław,Finance,10192,1,False,mid,2023
3973,Emil,Trzop,39,Poznań,Marketing,12145,16,True,mid,2025
3974,Adam,Rorat,27,Kraków,Finance,6190,1,False,junior,2024
3975,Tomasz,Tasarz,52,Kraków,Sales,9223,12,True,junior,2013
3976,Ewelina,Henke,39,Wrocław,IT,17776,8,True,senior,2016
3977,Cyprian,Hyży,46,Poznań,IT,6627,2,False,junior,2016
3978,Róża,Parkitna,46,Gdańsk,Finance,6863,2,False,junior,2020
3979,Aleks,Słomiany,43,Rzeszów,Support,6331,20,False,junior,2017
3980,Ksawery,Janczura,46,Białystok,Support,12648,16,False,senior,2025
3981,Bianka,Kotlarek,50,Katowice,IT,18616,2,False,lead,2020
3982,Ernest,Zuziak,39,Kraków,Finance,12536,10,False,senior,2017
3983,Rafał,Harasimiuk,22,Rzeszów,Sales,7833,0,False,junior,2014
3984,Tobiasz,Ogłaza,36,Gdańsk,Support,8105,8,False,mid,2024
3985,Dominik,Kornak,35,Kraków,Finance,12726,6,False,senior,2020
3986,Maurycy,Młodzik,65,Rzeszów,Sales,11276,40,False,mid,2012
3987,Karol,Machowicz,48,Wrocław,Sales,21486,21,True,lead,2018
3988,Monika,Reiter,23,Poznań,HR,6440,0,False,junior,2024
3989,Rafał,Gągała,24,Warszawa,Sales,11160,0,False,mid,2020
3990,Piotr,Twardzik,29,Gdańsk,Finance,14085,4,False,senior,2023
3991,Szymon,Słonka,58,Lublin,Support,6649,21,False,junior,2021
3992,Tola,Kurc,49,Warszawa,IT,14199,4,True,mid,2012
3993,Marika,Prażmo,63,Kraków,Sales,7106,28,False,junior,2015
3994,Wiktor,Suchojad,36,Lublin,Marketing,8864,5,False,mid,2023
3995,Rozalia,Apostel,39,Łódź,Marketing,8389,16,False,mid,2011
3996,Norbert,Zadka,27,Gdańsk,Support,5862,3,False,junior,2020
3997,Ewelina,Drożdżal,50,Katowice,IT,19819,12,False,lead,2019
3998,Aniela,Szybiak,57,Białystok,HR,5504,18,False,junior,2020
3999,Piotr,Kózka,44,Lublin,Operations,12873,4,False,senior,2025
4000,Adam,Rogal,32,Poznań,Finance,10514,10,False,mid,2013
4001,Maciej,Plebanek,64,Warszawa,Operations,6869,13,False,junior,2025
4002,Ignacy,Leszkiewicz,28,Poznań,IT,6765,6,False,junior,2024
4003,Angelika,Łapot,24,Katowice,HR,11508,2,False,senior,2025
4004,Julita,Szurek,58,Wrocław,IT,7555,7,False,junior,2018
4005,Elżbieta,Starzak,46,Rzeszów,Support,8687,22,False,mid,2011
4006,Wojciech,Janowiak,58,Kraków,Marketing,10204,29,False,mid,2016
4007,Julian,Szatanik,64,Lublin,Marketing,16956,33,False,lead,2017
4008,Kacper,Wojtalewicz,53,Gdańsk,Operations,17877,30,False,lead,2010
4009,Aleksander,Pelka,25,Lublin,Sales,9506,3,False,mid,2020
4010,Adrian,Makieła,28,Łódź,Operations,7255,1,False,junior,2015
4011,Tymoteusz,Mitera,32,Rzeszów,IT,11162,6,False,mid,2023
4012,Franciszek,Ośko,23,Wrocław,Marketing,9080,0,False,mid,2021
4013,Patryk,Sterna,51,Wrocław,Operations,8444,2,False,mid,2010
4014,Alan,Prokurat,22,Katowice,IT,11931,0,False,mid,2010
4015,Tola,Morys,50,Poznań,Operations,14097,1,False,senior,2023
4016,Dominik,Początek,49,Gdańsk,IT,13643,24,False,senior,2017
4017,Sonia,Kastelik,39,Warszawa,Marketing,6447,16,False,junior,2024
4018,Borys,Pakosz,48,Wrocław,IT,7673,21,False,junior,2018
4019,Ksawery,Sereda,43,Warszawa,Sales,9931,12,False,mid,2012
4020,Natan,Mudlaff,60,Warszawa,Support,6652,32,False,junior,2021
4021,Blanka,Golenia,22,Kraków,IT,7261,0,False,junior,2023
4022,Ignacy,Jasica,33,Rzeszów,IT,11093,6,False,mid,2018
4023,Aurelia,Cydzik,44,Wrocław,Finance,16635,5,False,lead,2024
4024,Sebastian,Butrym,38,Kraków,IT,14100,1,False,senior,2014
4025,Bruno,Melcer,39,Poznań,IT,11785,14,False,mid,2016
4026,Aleksander,Apanowicz,52,Gdańsk,IT,10967,24,False,mid,2016
4027,Tymoteusz,Gajowiak,47,Wrocław,Support,17717,23,False,lead,2023
4028,Wiktor,Pizoń,36,Warszawa,Sales,18439,3,False,lead,2015
4029,Jacek,Walentynowicz,55,Białystok,Operations,10036,14,False,mid,2015
4030,Urszula,Rozum,33,Warszawa,IT,15431,5,False,senior,2011
4031,Leonard,Jędrys,22,Warszawa,Support,9525,0,True,junior,2010
4032,Leon,Jaźwiec,39,Lublin,IT,8701,6,False,junior,2016
4033,Andrzej,Uroda,56,Gdańsk,Support,9694,17,False,mid,2010
4034,Maciej,Leks,39,Warszawa,Sales,7322,14,False,junior,2013
4035,Oskar,Miąsko,52,Łódź,Sales,10381,30,False,mid,2019
4036,Albert,Gabryszak,45,Kraków,Operations,9505,22,False,mid,2025
4037,Damian,Paśnik,64,Wrocław,Marketing,12323,34,False,senior,2020
4038,Ada,Grzejszczak,35,Lublin,IT,8967,11,False,junior,2023
4039,Jan,Pych,55,Warszawa,Marketing,10477,33,False,mid,2016
4040,Kajetan,Strzyż,62,Gdańsk,Sales,7921,36,False,junior,2016
4041,Tola,Bartoszczyk,65,Wrocław,IT,11588,13,True,junior,2021
4042,Ryszard,Żołnierczyk,59,Katowice,Operations,16122,26,False,lead,2014
4043,Lidia,Rakus,43,Wrocław,Support,9358,0,False,mid,2011
4044,Hubert,Wałęsa,47,Rzeszów,Sales,10019,20,False,mid,2023
4045,Julian,Foit,37,Wrocław,Sales,8803,4,False,mid,2017
4046,Jeremi,Sznura,55,Warszawa,Finance,5922,21,False,junior,2020
4047,Aniela,Zugaj,44,Kraków,Marketing,14546,18,False,senior,2023
4048,Tadeusz,Zachwieja,36,Gdańsk,Support,8523,9,False,mid,2021
4049,Piotr,Wlazły,42,Wrocław,Marketing,8505,9,False,mid,2025
4050,Grzegorz,Ochał,25,Warszawa,Marketing,8799,3,True,junior,2024
4051,Sonia,Chaberek,35,Warszawa,Marketing,9799,6,False,mid,2024
4052,Dawid,Surmiak,35,Warszawa,Support,13768,11,False,senior,2024
4053,Emil,Malisz,39,Warszawa,Marketing,11593,6,True,mid,2013
4054,Sandra,Kondej,24,Poznań,Finance,5593,2,False,junior,2024
4055,Dagmara,Pik,35,Wrocław,HR,13784,13,False,senior,2016
4056,Eryk,Pyć,64,Gdańsk,Sales,10783,30,False,mid,2023
4057,Liwia,Armata,25,Poznań,Support,9198,0,False,mid,2013
4058,Olgierd,Gotfryd,22,Poznań,IT,11283,0,False,mid,2019
4059,Rozalia,Kierat,38,Łódź,Support,13949,15,False,senior,2011
4060,Borys,Franas,42,Gdańsk,Marketing,9612,4,False,mid,2012
4061,Nikodem,Klimko,57,Katowice,HR,7870,12,False,mid,2017
4062,Mikołaj,Mendak,50,Kraków,IT,8581,8,False,junior,2020
4063,Kamil,Woda,61,Wrocław,Marketing,12181,13,True,mid,2011
4064,Krystian,Woronko,54,Katowice,Support,5610,24,False,junior,2019
4065,Lidia,Klęczar,36,Wrocław,HR,5264,5,False,junior,2013
4066,Kajetan,Golus,65,Lublin,Sales,13934,22,True,mid,2011
4067,Aleksander,Piórek,35,Wrocław,HR,12727,5,False,senior,2011
4068,Dariusz,Szyda,35,Wrocław,Finance,10887,7,False,mid,2013
4069,Nikodem,Sadownik,64,Warszawa,IT,10473,5,False,mid,2022
4070,Iwo,Potyrała,42,Wrocław,Sales,9087,11,False,mid,2011
4071,Agnieszka,Andrzejuk,24,Poznań,IT,7036,1,False,junior,2023
4072,Paweł,Gal,64,Lublin,Sales,5801,25,False,junior,2010
4073,Mikołaj,Zaczyk,32,Lublin,IT,9933,9,False,mid,2010
4074,Kajetan,Tylka,26,Katowice,Operations,17219,1,True,senior,2012
4075,Antoni,Jany,45,Katowice,Marketing,9409,17,True,junior,2013
4076,Ida,Fulara,34,Łódź,IT,9994,6,False,mid,2013
4077,Wojciech,Baś,64,Białystok,Finance,7554,37,False,junior,2023
4078,Marek,Głowiak,64,Warszawa,IT,7104,31,False,junior,2016
4079,Sara,Dyja,32,Rzeszów,Operations,16070,8,False,lead,2025
4080,Elżbieta,Grygorowicz,28,Warszawa,Sales,9375,4,False,mid,2012
4081,Sandra,Straszak,34,Warszawa,IT,10586,4,False,mid,2011
4082,Arkadiusz,Bastek,64,Lublin,Sales,18729,3,False,lead,2025
4083,Kamil,Grygorowicz,45,Wrocław,Marketing,8228,16,False,mid,2022
4084,Olaf,Karalus,47,Białystok,Support,6397,3,False,junior,2014
4085,Marek,Piechura,24,Warszawa,Finance,7017,2,False,junior,2012
4086,Klara,Dietrich,49,Warszawa,IT,9696,10,False,mid,2012
4087,Ksawery,Łasak,56,Łódź,IT,14442,5,False,senior,2017
4088,Borys,Gowin,34,Wrocław,Operations,7028,0,False,junior,2014
4089,Natasza,Polakiewicz,25,Warszawa,Operations,13396,3,False,senior,2023
4090,Ada,Majdak,57,Rzeszów,Operations,14386,32,False,senior,2022
4091,Justyna,Walasik,62,Wrocław,Sales,10271,6,False,mid,2010
4092,Przemysław,Sarniak,44,Warszawa,IT,8229,5,False,junior,2010
4093,Agnieszka,Kubowicz,55,Kraków,IT,11780,7,False,mid,2010
4094,Tobiasz,Ścibior,38,Katowice,Operations,12308,8,False,senior,2025
4095,Łukasz,Barej,28,Katowice,Operations,7309,2,False,junior,2020
4096,Eryk,Siedlarz,38,Kraków,Operations,12361,8,True,mid,2011
4097,Maurycy,Kostek,48,Rzeszów,HR,6933,26,False,junior,2017
4098,Ksawery,Filak,65,Białystok,HR,9495,39,False,mid,2018
4099,Hubert,Płaneta,31,Warszawa,IT,17565,9,False,lead,2019
4100,Nicole,Kanarek,61,Lublin,Marketing,8933,22,False,mid,2020
4101,Konstanty,Engel,34,Poznań,Finance,14977,10,False,senior,2012
4102,Kamil,Jargiło,60,Warszawa,Support,6729,22,False,junior,2014
4103,Roksana,Lepak,55,Rzeszów,Marketing,7324,25,False,junior,2020
4104,Sandra,Siwa,59,Katowice,Marketing,7026,0,False,junior,2022
4105,Cyprian,Kucharzyk,27,Wrocław,Marketing,13983,0,False,senior,2010
4106,Gustaw,Halik,34,Warszawa,Operations,10246,4,False,mid,2023
4107,Damian,Graboń,52,Wrocław,Finance,7511,20,False,junior,2019
4108,Alan,Mijas,24,Wrocław,Support,5544,0,False,junior,2012
4109,Bianka,Niewola,31,Warszawa,IT,8098,5,False,junior,2011
4110,Olaf,Bodziony,22,Poznań,Sales,13056,0,False,senior,2024
4111,Klara,Berdzik,33,Lublin,HR,8974,1,False,mid,2017
4112,Angelika,Sajda,43,Warszawa,IT,15194,6,False,senior,2010
4113,Przemysław,Kolendo,43,Gdańsk,HR,16112,19,False,lead,2014
4114,Lidia,Grotek,29,Lublin,Support,8757,0,False,mid,2017
4115,Marcelina,Kosidło,28,Białystok,Sales,15926,6,True,senior,2025
4116,Bartek,Jarmużek,54,Białystok,Operations,6907,14,False,junior,2025
4117,Marianna,Lipok,59,Lublin,IT,6970,34,False,junior,2023
4118,Witold,Młot,55,Warszawa,Sales,7917,9,False,junior,2012
4119,Arkadiusz,Ślimak,54,Rzeszów,Operations,8616,6,False,mid,2019
4120,Elżbieta,Olko,32,Wrocław,Operations,9782,6,False,mid,2016
4121,Tola,Szurek,65,Poznań,Support,9120,21,False,mid,2014
4122,Anita,Prejs,48,Kraków,Sales,13600,6,False,senior,2025
4123,Jan,Feluś,62,Kraków,IT,10329,9,False,mid,2020
4124,Aleksander,Tatarek,29,Rzeszów,Marketing,14467,1,False,senior,2010
4125,Natasza,Kopyść,43,Kraków,Finance,18659,1,False,lead,2015
4126,Dorota,Kielan,54,Rzeszów,Finance,7055,30,False,junior,2022
4127,Kaja,Materka,24,Poznań,Sales,7850,2,False,junior,2024
4128,Kamila,Majos,27,Warszawa,Sales,9681,5,False,mid,2022
4129,Oskar,Pikor,57,Warszawa,Operations,9622,23,False,mid,2014
4130,Anastazja,Kopyt,28,Poznań,HR,7836,5,False,mid,2018
4131,Karol,Dułak,38,Lublin,IT,7636,7,False,junior,2019
4132,Bartek,Kurz,44,Lublin,Finance,10389,4,False,mid,2019
4133,Kalina,Lisak,39,Gdańsk,Sales,6301,6,False,junior,2021
4134,Adrian,Andruszko,36,Lublin,Operations,12674,3,False,senior,2023
4135,Gustaw,Jaremko,61,Warszawa,IT,7739,29,False,junior,2017
4136,Tomasz,Oleszko,40,Poznań,Marketing,9657,9,False,mid,2023
4137,Malwina,Łachut,62,Poznań,IT,15596,4,False,senior,2022
4138,Norbert,Flasza,25,Gdańsk,IT,7390,1,False,junior,2024
4139,Róża,Szwaj,49,Poznań,HR,8362,7,False,mid,2016
4140,Anita,Politowicz,29,Kraków,Sales,5967,2,False,junior,2024
4141,Janina,Drywa,22,Łódź,Support,9851,0,False,mid,2016
4142,Agnieszka,Roj,47,Wrocław,Marketing,8226,17,False,mid,2024
4143,Sebastian,Żymełka,23,Wrocław,Support,9347,0,False,mid,2010
4144,Olga,Bareja,22,Łódź,IT,10133,0,False,mid,2013
4145,Leonard,Chojna,33,Warszawa,Sales,10862,10,False,mid,2023
4146,Marcelina,Dyda,56,Katowice,Marketing,9270,10,False,mid,2016
4147,Jakub,Stoltman,60,Warszawa,HR,6901,13,False,junior,2023
4148,Wojciech,Siwczak,58,Warszawa,Finance,10126,10,False,mid,2011
4149,Józef,Osman,39,Kraków,IT,10583,17,False,mid,2016
4150,Filip,Półchłopek,43,Kraków,Operations,12460,16,False,senior,2019
4151,Marianna,Żołądkiewicz,49,Rzeszów,IT,11092,11,True,junior,2017
4152,Jeremi,Nawrotek,51,Poznań,Marketing,9123,17,False,mid,2022
4153,Rozalia,Dylik,38,Łódź,Marketing,6680,16,False,junior,2021
4154,Nikodem,Szlachcic,58,Gdańsk,Sales,6227,16,False,junior,2016
4155,Maksymilian,Arendarczyk,48,Wrocław,Sales,18437,6,False,lead,2024
4156,Józef,Miętka,49,Poznań,Sales,11089,16,False,mid,2023
4157,Adam,Tłuczek,26,Kraków,Sales,13098,1,False,senior,2021
4158,Dariusz,Staręga,36,Poznań,Support,12919,12,False,senior,2015
4159,Mikołaj,Bereda,49,Warszawa,IT,11507,25,False,mid,2022
4160,Ernest,Zielke,29,Warszawa,IT,13935,5,False,senior,2020
4161,Roksana,Graban,41,Kraków,IT,18528,16,False,lead,2025
4162,Maciej,Zielke,61,Kraków,Sales,15810,10,True,senior,2022
4163,Dariusz,Przewoźna,28,Katowice,Support,17585,6,False,lead,2010
4164,Melania,Mysior,41,Warszawa,Support,9872,19,False,mid,2010
4165,Krzysztof,Domka,46,Gdańsk,Finance,10351,14,False,mid,2015
4166,Gabriel,Nazimek,24,Warszawa,Operations,9876,2,False,mid,2015
4167,Józef,Kamieniarz,49,Warszawa,Finance,7824,9,False,junior,2024
4168,Rozalia,Herda,32,Gdańsk,Finance,17991,4,False,lead,2021
4169,Malwina,Wojniak,65,Warszawa,Operations,8485,28,False,mid,2013
4170,Elżbieta,Sładek,65,Gdańsk,Operations,10044,21,False,mid,2016
4171,Nikodem,Szumacher,62,Lublin,IT,15236,11,False,senior,2020
4172,Artur,Filek,48,Poznań,Sales,9057,16,False,mid,2011
4173,Maks,Władyka,55,Poznań,Support,9661,21,False,mid,2019
4174,Cezary,Pich,35,Rzeszów,Finance,18532,11,False,lead,2011
4175,Kaja,Perczak,32,Poznań,Operations,6436,6,False,junior,2022
4176,Mikołaj,Burchardt,38,Łódź,Finance,10889,10,False,mid,2018
4177,Mariusz,Łapaj,50,Kraków,Sales,6926,23,False,junior,2024
4178,Aniela,Niemira,38,Łódź,IT,13993,10,True,mid,2017
4179,Nela,Czura,50,Łódź,Sales,7947,15,False,junior,2022
4180,Marcel,Kapcia,42,Kraków,Operations,9431,7,False,mid,2018
4181,Ewelina,Franaszek,57,Poznań,IT,14384,2,False,senior,2016
4182,Ewelina,Kopik,56,Gdańsk,IT,18514,23,False,lead,2023
4183,Aleks,Terka,60,Katowice,IT,9619,24,False,mid,2025
4184,Leonard,Potok,36,Rzeszów,Operations,8005,7,True,junior,2022
4185,Wiktor,Kulisz,35,Łódź,Operations,12187,2,False,senior,2014
4186,Róża,Pietryga,48,Lublin,Finance,9343,11,False,mid,2016
4187,Maksymilian,Suszka,40,Łódź,HR,9114,12,False,mid,2023
4188,Kajetan,Majorczyk,24,Lublin,IT,8836,0,False,junior,2025
4189,Igor,Gieroń,38,Warszawa,IT,11857,3,False,mid,2019
4190,Leon,Wajdzik,26,Warszawa,Sales,14778,0,False,senior,2013
4191,Kamil,Duchnik,65,Wrocław,Support,9590,38,False,mid,2025
4192,Tymon,Chowaniak,58,Warszawa,IT,8249,30,False,junior,2012
4193,Krystian,Sołtan,38,Kraków,Operations,6937,8,False,junior,2016
4194,Gabriel,Koniecko,43,Białystok,Marketing,16951,0,False,lead,2023
4195,Michał,Zioła,24,Warszawa,Finance,13868,0,False,senior,2023
4196,Urszula,Pyrz,52,Gdańsk,Support,8190,1,False,mid,2015
4197,Rozalia,Broś,60,Łódź,Support,7034,11,False,junior,2013
4198,Lidia,Wysota,30,Kraków,Sales,10018,3,False,mid,2013
4199,Sandra,Lada,35,Białystok,Finance,10568,3,False,mid,2010
4200,Michał,Fyda,53,Gdańsk,Marketing,13688,4,False,senior,2013
4201,Rafał,Siedlaczek,23,Poznań,Support,6903,1,False,junior,2019
4202,Michał,Misiurek,50,Poznań,IT,17541,16,True,senior,2021
4203,Jerzy,Chołody,51,Lublin,Marketing,8229,6,False,mid,2019
4204,Angelika,Jarka,38,Poznań,Sales,10650,4,False,mid,2017
4205,Józef,Giersz,64,Kraków,Marketing,17217,24,True,senior,2020
4206,Elżbieta,Pytko,61,Rzeszów,Support,13956,32,False,senior,2020
4207,Arkadiusz,Niemira,59,Rzeszów,Support,9222,13,True,junior,2023
4208,Tola,Szara,22,Gdańsk,Operations,6481,0,False,junior,2015
4209,Liwia,Potoczek,35,Warszawa,IT,19147,13,False,lead,2022
4210,Krystyna,Ślebioda,34,Gdańsk,Operations,6467,3,False,junior,2022
4211,Róża,Ciuba,44,Rzeszów,IT,19929,8,False,lead,2013
4212,Nicole,Broś,44,Lublin,Operations,12853,8,False,senior,2015
4213,Norbert,Nazar,23,Rzeszów,Sales,8087,0,False,junior,2020
4214,Robert,Burzawa,22,Warszawa,Marketing,5359,0,False,junior,2022
4215,Karina,Doroszkiewicz,55,Warszawa,Sales,12933,8,False,senior,2017
4216,Stefan,Duras,25,Kraków,Finance,6970,2,False,junior,2024
4217,Franciszek,Kochel,53,Gdańsk,Sales,13909,28,False,senior,2020
4218,Maks,Fit,62,Lublin,Finance,9142,20,True,junior,2025
4219,Agnieszka,Szóstak,31,Lublin,Finance,13038,3,False,senior,2021
4220,Miłosz,Lukas,28,Lublin,Finance,10215,4,False,mid,2012
4221,Julita,Suchoń,43,Kraków,Support,9433,10,False,mid,2020
4222,Grzegorz,Nikel,41,Wrocław,IT,13561,8,False,senior,2019
4223,Marcin,Jereczek,54,Warszawa,Marketing,8324,18,False,mid,2014
4224,Marek,Forysiak,63,Łódź,IT,6609,16,False,junior,2024
4225,Maciej,Januchta,48,Kraków,Finance,17361,19,False,lead,2021
4226,Aurelia,Friedrich,43,Lublin,Sales,9424,16,False,mid,2024
4227,Monika,Skowyra,50,Wrocław,Operations,10019,24,False,mid,2018
4228,Leonard,Szłapka,45,Wrocław,Operations,15888,18,True,senior,2024
4229,Gabriel,Gabrych,31,Lublin,IT,13657,4,False,senior,2010
4230,Filip,Wałaszek,53,Lublin,Operations,13164,3,False,senior,2019
4231,Alex,Jonak,58,Kraków,Marketing,9987,26,False,mid,2023
4232,Tymon,Kempka,30,Kraków,Finance,8980,3,False,mid,2014
4233,Adrianna,Kieloch,43,Kraków,IT,11344,11,False,mid,2023
4234,Miłosz,Oleksak,50,Katowice,Finance,9134,8,False,mid,2014
4235,Emil,Bulczak,53,Wrocław,IT,13659,9,True,mid,2021
4236,Szymon,Przekwas,29,Poznań,Support,4928,3,False,junior,2020
4237,Sonia,Szymków,40,Kraków,HR,8877,11,False,mid,2021
4238,Tymon,Podgórny,49,Warszawa,Support,5579,25,False,junior,2016
4239,Alex,Herbut,45,Rzeszów,Marketing,8421,21,False,mid,2021
4240,Jan,Klęk,22,Katowice,IT,17708,0,False,lead,2019
4241,Inga,Kierat,34,Wrocław,HR,8815,1,False,mid,2015
4242,Kornel,Chachaj,27,Wrocław,IT,15071,5,False,senior,2011
4243,Gustaw,Kubanek,61,Łódź,Finance,14620,15,False,senior,2021
4244,Aleks,Jakimiak,63,Warszawa,Finance,17306,1,False,lead,2012
4245,Anita,Pokusa,27,Warszawa,IT,9698,0,False,mid,2011
4246,Tymon,Skiepko,61,Katowice,Marketing,9975,12,False,mid,2017
4247,Sylwia,Klus,53,Warszawa,Marketing,7495,2,False,junior,2024
4248,Sara,Stempniak,55,Rzeszów,IT,18365,10,False,lead,2019
4249,Kamil,Domińczak,40,Katowice,Finance,10155,14,False,mid,2017
4250,Malwina,Gładka,39,Poznań,HR,12260,4,False,senior,2019
4251,Maciej,Lalak,33,Wrocław,Sales,14491,11,False,senior,2019
4252,Bianka,Forysiak,39,Łódź,IT,7181,0,False,junior,2025
4253,Norbert,Langa,60,Wrocław,Operations,8380,27,False,mid,2025
4254,Blanka,Szpyt,50,Kraków,Sales,14956,26,False,senior,2024
4255,Borys,Krzan,64,Rzeszów,Finance,10830,5,False,mid,2020
4256,Maurycy,Trybuś,37,Kraków,Finance,13090,2,False,senior,2016
4257,Arkadiusz,Subocz,61,Warszawa,Finance,5545,17,False,junior,2022
4258,Eryk,Kazubek,39,Łódź,Operations,11498,12,True,mid,2015
4259,Anna Maria,Powierża,30,Katowice,Sales,6358,2,False,junior,2018
4260,Konstanty,Mysiak,46,Warszawa,IT,10443,17,False,mid,2025
4261,Michał,Damps,57,Wrocław,Marketing,6894,17,False,junior,2025
4262,Julita,Rejmak,41,Poznań,IT,18850,16,False,lead,2020
4263,Adrianna,Przewłoka,59,Białystok,HR,9135,24,False,mid,2021
4264,Dawid,Darłak,51,Łódź,IT,9774,16,False,mid,2014
4265,Kamila,Wrześniak,47,Łódź,HR,13964,20,False,senior,2018
4266,Marika,Pianka,35,Warszawa,IT,18545,6,False,lead,2023
4267,Apolonia,Wołczyk,44,Katowice,IT,17118,6,True,senior,2012
4268,Olgierd,Kaliciak,65,Kraków,Marketing,8762,32,False,mid,2011
4269,Tymon,Gral,37,Gdańsk,Sales,5888,10,False,junior,2020
4270,Marianna,Milcarz,48,Kraków,HR,8808,11,False,mid,2011
4271,Ernest,Kempka,56,Rzeszów,Support,10004,5,False,mid,2025
4272,Bartek,Bienia,49,Warszawa,Operations,12195,13,False,senior,2018
4273,Mieszko,Wojtaszczyk,30,Warszawa,Finance,7570,3,False,junior,2012
4274,Norbert,Kuśnierek,53,Warszawa,Sales,7231,2,False,junior,2024
4275,Melania,Mieszała,63,Katowice,Finance,9867,18,False,mid,2014
4276,Przemysław,Rode,52,Kraków,Sales,16263,0,True,senior,2019
4277,Sara,Plewnia,35,Poznań,IT,17525,5,False,lead,2025
4278,Urszula,Haponiuk,52,Łódź,IT,16814,23,True,senior,2010
4279,Sara,Kunert,60,Rzeszów,IT,15366,9,False,senior,2019
4280,Miłosz,Ludwisiak,43,Warszawa,Support,12334,6,False,senior,2011
4281,Kaja,Klus,40,Warszawa,HR,5235,7,False,junior,2023
4282,Urszula,Lalak,49,Lublin,IT,9854,13,False,mid,2023
4283,Julianna,Cieplucha,44,Wrocław,IT,10858,10,False,mid,2020
4284,Dawid,Szymajda,31,Warszawa,IT,11437,6,False,mid,2011
4285,Nikodem,Kojder,31,Warszawa,IT,15288,7,False,senior,2025
4286,Lidia,Heba,24,Kraków,Support,8428,1,False,mid,2012
4287,Anna Maria,Giezek,55,Wrocław,Marketing,12938,5,False,senior,2017
4288,Wiktor,Sołtysek,45,Kraków,Marketing,9717,6,False,mid,2018
4289,Albert,Janasik,55,Łódź,Support,13414,18,False,senior,2020
4290,Jan,Marat,52,Wrocław,HR,4943,26,False,junior,2017
4291,Jeremi,Kazior,24,Wrocław,HR,5869,0,False,junior,2020
4292,Tymoteusz,Wiraszka,29,Warszawa,IT,6765,0,False,junior,2020
4293,Marcelina,Plak,41,Katowice,IT,10279,17,False,mid,2019
4294,Nicole,Tatarczuk,47,Kraków,Support,8675,24,False,mid,2010
4295,Sebastian,Glanc,42,Wrocław,HR,11716,15,False,senior,2010
4296,Daniel,Ogrodowicz,58,Warszawa,Operations,13846,34,False,senior,2024
4297,Fryderyk,Bartoś,24,Warszawa,Finance,9604,2,False,mid,2024
4298,Bianka,Eckert,25,Kraków,Marketing,14460,0,False,senior,2017
4299,Maciej,Capiga,35,Katowice,IT,15708,10,False,senior,2021
4300,Emil,Cofała,46,Wrocław,Finance,10975,16,True,junior,2013
4301,Janina,Godzisz,53,Katowice,IT,17783,15,False,lead,2011
4302,Anastazja,Ubysz,65,Białystok,Sales,15284,22,False,senior,2016
4303,Marcelina,Dzierwa,37,Warszawa,Operations,10046,2,False,mid,2010
4304,Szymon,Miąsko,55,Warszawa,Finance,13712,16,False,senior,2021
4305,Jakub,Herok,31,Białystok,Finance,13537,5,True,mid,2022
4306,Błażej,Morka,45,Wrocław,Operations,9312,0,False,mid,2023
4307,Natasza,Lato,31,Gdańsk,Operations,8527,2,False,mid,2022
4308,Stefan,Litewka,26,Poznań,Operations,8108,0,False,mid,2017
4309,Kajetan,Kloch,49,Łódź,Sales,5814,26,False,junior,2012
4310,Andrzej,Utrata,63,Lublin,Support,6363,29,False,junior,2015
4311,Ignacy,Dulemba,55,Lublin,Marketing,10091,1,False,mid,2024
4312,Jacek,Pupek,53,Warszawa,Marketing,13779,31,False,senior,2014
4313,Krzysztof,Stąpór,28,Wrocław,Marketing,9843,0,False,mid,2019
4314,Olgierd,Galon,49,Wrocław,Sales,18282,0,False,lead,2022
4315,Karina,Pera,58,Lublin,IT,17992,7,False,lead,2016
4316,Justyna,Borak,45,Białystok,Operations,6882,12,False,junior,2019
4317,Robert,Robaszkiewicz,55,Warszawa,Finance,9588,11,False,mid,2023
4318,Lidia,Praczyk,62,Poznań,Sales,7807,30,False,junior,2025
4319,Ignacy,Dydak,38,Rzeszów,Sales,10331,16,False,mid,2020
4320,Ida,Kostorz,63,Poznań,Finance,10917,35,False,mid,2025
4321,Aurelia,Gruchot,29,Katowice,Operations,8252,2,False,mid,2022
4322,Robert,Parada,38,Warszawa,Finance,10864,13,False,mid,2012
4323,Elżbieta,Franczuk,58,Gdańsk,IT,17653,26,False,lead,2016
4324,Tymon,Wochnik,62,Poznań,Sales,10411,4,True,junior,2014
4325,Marcelina,Majzner,54,Kraków,Operations,8703,30,False,mid,2011
4326,Łukasz,Komisarczyk,30,Rzeszów,HR,11965,4,False,senior,2015
4327,Miłosz,Moryc,57,Lublin,Sales,10308,10,False,mid,2013
4328,Jeremi,Sadlik,50,Warszawa,IT,9838,7,False,mid,2024
4329,Sandra,Smorąg,63,Kraków,Support,10025,29,False,mid,2018
4330,Maurycy,Wejman,65,Katowice,Sales,10775,28,False,mid,2025
4331,Aleks,Fyda,52,Warszawa,HR,15014,24,True,senior,2019
4332,Liwia,Luberda,35,Warszawa,IT,9813,4,False,mid,2012
4333,Igor,Jagiełka,43,Lublin,IT,10146,15,False,mid,2011
4334,Eryk,Obarzanek,61,Łódź,IT,11028,17,False,mid,2024
4335,Grzegorz,Dulemba,63,Warszawa,Sales,19161,22,False,lead,2013
4336,Patryk,Wardzała,48,Lublin,Finance,13633,17,True,mid,2020
4337,Leon,Jarmuż,42,Katowice,IT,10616,0,False,mid,2018
4338,Kazimierz,Kretowicz,28,Warszawa,HR,13928,0,False,senior,2025
4339,Jędrzej,Pudełek,38,Lublin,IT,9505,6,False,mid,2013
4340,Emil,Gmur,55,Lublin,Sales,9265,4,False,mid,2016
4341,Olgierd,Wawrzyczek,31,Wrocław,Support,5956,9,False,junior,2012
4342,Ewelina,Ryznar,28,Poznań,Operations,9513,0,False,mid,2022
4343,Maks,Wizner,25,Lublin,HR,12160,0,False,senior,2022
4344,Julian,Fikus,33,Kraków,HR,12166,4,False,senior,2010
4345,Sebastian,Sito,33,Kraków,HR,12194,1,False,senior,2014
4346,Ryszard,Kempka,64,Warszawa,Operations,12821,15,True,mid,2017
4347,Ada,Zugaj,64,Wrocław,Support,6094,18,False,junior,2018
4348,Cyprian,Parada,52,Łódź,Finance,6523,21,False,junior,2012
4349,Paweł,Lisak,25,Katowice,IT,10046,3,False,mid,2012
4350,Marcin,Rubin,38,Warszawa,IT,13937,2,False,senior,2025
4351,Borys,Stwora,43,Poznań,Support,5736,12,False,junior,2012
4352,Rafał,Jezior,55,Warszawa,Marketing,6673,21,False,junior,2010
4353,Melania,Jeszka,30,Białystok,Operations,12765,8,True,mid,2020
4354,Anna Maria,Preuss,57,Gdańsk,Marketing,10447,7,False,mid,2015
4355,Ewelina,Kamieniak,58,Warszawa,Operations,12697,3,False,senior,2012
4356,Bianka,Budrewicz,59,Warszawa,HR,9988,7,False,mid,2018
4357,Oliwier,Krzysztofek,54,Kraków,Marketing,7302,7,False,junior,2021
4358,Róża,Jarczyk,47,Gdańsk,HR,8816,18,False,mid,2014
4359,Oliwier,Żółkiewicz,22,Lublin,IT,13675,0,False,senior,2014
4360,Adrian,Gruchot,25,Wrocław,Support,13832,2,False,senior,2022
4361,Malwina,Żynda,47,Poznań,Marketing,8964,11,False,mid,2013
4362,Fabian,Frania,37,Łódź,Support,9405,12,False,mid,2019
4363,Olgierd,Gajzler,39,Rzeszów,IT,17965,3,False,lead,2010
4364,Sara,Nickel,28,Poznań,Operations,6471,0,False,junior,2022
4365,Gaja,Sznura,56,Kraków,IT,13550,10,False,senior,2014
4366,Cyprian,Jarczak,31,Białystok,Sales,12794,4,True,mid,2015
4367,Emil,Mirga,22,Białystok,Support,8350,0,False,mid,2017
4368,Ignacy,Olko,56,Warszawa,Finance,9773,27,False,mid,2014
4369,Hubert,Błasik,61,Gdańsk,Marketing,10392,12,False,mid,2025
4370,Julian,Sudak,62,Białystok,HR,13544,27,False,senior,2025
4371,Olaf,Gospodarek,30,Łódź,IT,6712,1,False,junior,2010
4372,Hubert,Szela,37,Lublin,Finance,13950,6,True,mid,2025
4373,Adrian,Gąbka,31,Katowice,IT,15270,4,False,senior,2021
4374,Kaja,Jakóbik,40,Katowice,Support,8549,2,False,mid,2015
4375,Kamil,Brańka,53,Rzeszów,Marketing,14456,27,False,senior,2020
4376,Kacper,Borkowicz,33,Warszawa,Sales,10894,3,False,mid,2016
4377,Karina,Siciarz,46,Łódź,IT,8749,20,False,junior,2023
4378,Kornelia,Kolbusz,55,Rzeszów,Support,8651,1,False,mid,2021
4379,Konrad,Dybaś,51,Warszawa,Sales,9763,24,False,mid,2012
4380,Filip,Ratka,27,Gdańsk,IT,13283,5,True,mid,2020
4381,Ida,Apanowicz,37,Łódź,HR,11513,9,False,senior,2025
4382,Stanisław,Gradek,52,Gdańsk,Support,7019,11,False,junior,2019
4383,Ignacy,Matejczuk,64,Katowice,Finance,10368,36,False,mid,2022
4384,Aleksander,Ciepłuch,54,Wrocław,Marketing,12247,26,False,senior,2020
4385,Emil,Hawrylak,59,Katowice,HR,5970,22,False,junior,2018
4386,Mateusz,Dynak,32,Gdańsk,HR,16273,2,False,lead,2011
4387,Patryk,Derek,42,Kraków,Sales,7251,19,False,junior,2013
4388,Marcel,Stuglik,28,Poznań,HR,9256,0,False,mid,2017
4389,Gabriel,Kulon,47,Gdańsk,Support,7824,24,False,mid,2018
4390,Ksawery,Kurach,26,Lublin,Support,5768,3,False,junior,2014
4391,Nataniel,Wojtyna,48,Poznań,Operations,8161,22,False,mid,2016
4392,Tomasz,Kujawiak,65,Lublin,IT,8307,11,False,junior,2012
4393,Konstanty,Siarkiewicz,55,Lublin,Marketing,9511,14,False,mid,2014
4394,Nataniel,Rząd,29,Wrocław,HR,16500,1,False,lead,2025
4395,Miłosz,Niewola,35,Gdańsk,Support,5130,1,False,junior,2010
4396,Nela,Reichel,56,Rzeszów,IT,10869,32,False,mid,2018
4397,Tadeusz,Wiertel,65,Lublin,Sales,5876,1,False,junior,2017
4398,Nicole,Gajdzik,48,Wrocław,IT,12682,9,True,mid,2014
4399,Oskar,Niesporek,26,Warszawa,HR,6333,4,False,junior,2011
4400,Elżbieta,Fabiańczyk,30,Wrocław,Finance,7682,8,False,junior,2024
4401,Bartek,Czopik,63,Katowice,HR,6458,40,False,junior,2010
4402,Przemysław,Kajak,35,Warszawa,IT,8529,10,False,junior,2018
4403,Eryk,Ziętal,35,Kraków,IT,6771,11,False,junior,2011
4404,Alan,Kuszyk,23,Warszawa,IT,14316,1,False,senior,2013
4405,Julita,Bitner,37,Rzeszów,Finance,8693,10,False,mid,2025
4406,Oskar,Połom,31,Gdańsk,Finance,10401,2,False,mid,2014
4407,Dorota,Kozień,64,Katowice,IT,11957,5,False,mid,2025
4408,Lidia,Rubaj,57,Poznań,Finance,8760,29,False,mid,2016
4409,Julianna,Pawlukiewicz,54,Warszawa,Operations,8344,30,False,mid,2017
4410,Monika,Plizga,61,Katowice,IT,10420,29,False,mid,2011
4411,Dominik,Wawszczyk,39,Kraków,HR,6588,11,False,junior,2012
4412,Maks,Kubasiak,63,Kraków,IT,13625,29,False,senior,2025
4413,Kaja,Okraska,59,Łódź,IT,13938,25,False,senior,2021
4414,Ida,Mądrzak,53,Gdańsk,Support,12909,20,True,mid,2020
4415,Kalina,Staniaszek,37,Warszawa,Support,14161,12,False,senior,2016
4416,Jędrzej,Topa,37,Łódź,HR,12181,5,True,mid,2017
4417,Roksana,Fiedler,55,Białystok,IT,15417,20,False,senior,2012
4418,Angelika,Nabiałek,44,Łódź,IT,10918,6,False,mid,2021
4419,Anastazja,Maciejczuk,65,Kraków,IT,10656,41,False,mid,2011
4420,Olgierd,Osojca,50,Poznań,Sales,18716,24,False,lead,2015
4421,Stefan,Majdan,63,Katowice,Marketing,19358,8,True,lead,2024
4422,Maciej,Malarczyk,30,Warszawa,Marketing,16478,0,False,lead,2013
4423,Arkadiusz,Galek,33,Łódź,Finance,8563,4,False,mid,2018
4424,Oliwier,Siwczak,28,Rzeszów,Sales,17135,0,False,lead,2023
4425,Ryszard,Krzykała,38,Wrocław,Marketing,7238,8,False,junior,2011
4426,Fabian,Grabas,38,Warszawa,IT,14397,13,True,mid,2024
4427,Sara,Twardosz,22,Kraków,Operations,6203,0,False,junior,2017
4428,Bianka,Ernst,23,Kraków,Finance,7671,1,False,junior,2025
4429,Aleks,Nesterowicz,64,Katowice,IT,9733,16,False,mid,2018
4430,Marianna,Walus,36,Katowice,Finance,18548,8,False,lead,2014
4431,Krzysztof,Cogiel,38,Warszawa,Finance,14660,12,False,senior,2013
4432,Lidia,Stachewicz,28,Warszawa,Finance,6503,5,False,junior,2014
4433,Leonard,Filus,37,Białystok,Marketing,12596,2,False,senior,2013
4434,Bartek,Maziarczyk,32,Warszawa,Operations,12006,7,True,mid,2018
4435,Marika,Kudra,37,Łódź,IT,8421,14,False,junior,2019
4436,Paweł,Pioch,23,Warszawa,IT,7134,1,False,junior,2016
4437,Monika,Damek,29,Kraków,Sales,15910,1,True,senior,2014
4438,Karol,Murach,23,Warszawa,Marketing,6035,1,False,junior,2011
4439,Julian,Gryszkiewicz,24,Warszawa,Support,12371,1,False,senior,2023
4440,Blanka,Kryza,50,Kraków,Marketing,18495,20,False,lead,2018
4441,Tola,Grab,64,Wrocław,IT,10780,8,False,mid,2019
4442,Alan,Bobak,39,Łódź,Sales,10149,4,False,mid,2020
4443,Dariusz,Sajewicz,35,Rzeszów,HR,13144,7,False,senior,2014
4444,Natan,Gortat,63,Poznań,HR,8773,39,False,mid,2011
4445,Gaja,Broniek,33,Kraków,Finance,6924,3,False,junior,2011
4446,Olga,Fraś,35,Gdańsk,Operations,14121,10,False,senior,2010
4447,Jerzy,Wosiak,43,Poznań,IT,19582,0,False,lead,2012
4448,Kaja,Wabik,59,Wrocław,Operations,12538,28,False,senior,2021
4449,Sonia,Widłak,33,Poznań,Sales,13920,4,False,senior,2022
4450,Elżbieta,Siebert,38,Wrocław,Operations,8035,7,True,junior,2022
4451,Jeremi,Gołota,58,Białystok,Finance,13015,34,False,senior,2024
4452,Blanka,Flieger,45,Poznań,Sales,15103,11,False,senior,2021
4453,Lidia,Węgier,63,Wrocław,Sales,8890,18,False,mid,2018
4454,Olga,Nowotka,23,Wrocław,Operations,5811,1,False,junior,2023
4455,Apolonia,Kość,24,Warszawa,Operations,12911,0,False,senior,2014
4456,Tymon,Wojtiuk,62,Wrocław,IT,10976,16,False,mid,2013
4457,Agnieszka,Budner,52,Łódź,Operations,6522,9,False,junior,2011
4458,Marcel,Roczniak,63,Rzeszów,Operations,14447,14,False,senior,2018
4459,Marika,Klinger,39,Gdańsk,IT,11250,4,False,mid,2012
4460,Jerzy,Piksa,53,Łódź,HR,9976,16,False,mid,2021
4461,Łukasz,Madejczyk,61,Łódź,Operations,12790,22,False,senior,2013
4462,Oskar,Meissner,53,Lublin,Operations,8436,18,False,mid,2017
4463,Mikołaj,Brodawka,30,Kraków,IT,18354,2,False,lead,2022
4464,Krzysztof,Krakowczyk,64,Warszawa,Finance,8624,8,False,mid,2018
4465,Szymon,Komsta,24,Wrocław,Marketing,15869,1,True,senior,2022
4466,Fryderyk,Adrian,36,Warszawa,IT,10056,8,True,junior,2014
4467,Arkadiusz,Fijak,56,Katowice,HR,6907,10,False,junior,2021
4468,Emil,Dankiewicz,32,Rzeszów,Finance,18220,8,False,lead,2025
4469,Patryk,Trojanowicz,52,Warszawa,IT,7388,25,False,junior,2017
4470,Igor,Węgrzyk,62,Katowice,Marketing,6084,29,False,junior,2023
4471,Angelika,Biesaga,59,Rzeszów,IT,11053,11,True,junior,2010
4472,Anastazja,Suchojad,53,Warszawa,IT,14529,28,False,senior,2022
4473,Roksana,Bazydło,58,Białystok,HR,15779,24,False,lead,2021
4474,Gustaw,Maligłówka,44,Rzeszów,Finance,10825,15,True,junior,2016
4475,Sonia,Glenc,26,Warszawa,Operations,8211,4,False,mid,2025
4476,Dorota,Piejko,61,Poznań,Operations,12431,13,False,senior,2014
4477,Rozalia,Kaszkowiak,61,Białystok,HR,19775,30,True,lead,2020
4478,Rozalia,Podleśna,25,Wrocław,Support,7809,1,False,mid,2014
4479,Kacper,Szoka,48,Warszawa,IT,13612,17,False,senior,2025
4480,Filip,Jarkiewicz,27,Warszawa,Sales,17943,1,False,lead,2021
4481,Ignacy,Duczek,33,Gdańsk,HR,7654,3,False,mid,2014
4482,Aniela,Sura,37,Kraków,Sales,7913,6,False,junior,2024
4483,Albert,Bartuś,44,Wrocław,Sales,9605,3,False,mid,2010
4484,Róża,Kochanowicz,57,Katowice,Operations,9159,33,False,mid,2012
4485,Filip,Aleksandrzak,51,Rzeszów,Marketing,6105,10,False,junior,2010
4486,Dagmara,Galos,25,Poznań,Sales,10784,3,False,mid,2020
4487,Emil,Piekart,43,Rzeszów,IT,9897,21,False,mid,2019
4488,Leon,Steckiewicz,43,Lublin,Finance,7100,1,False,junior,2023
4489,Kornelia,Hulbój,61,Warszawa,IT,10889,18,False,mid,2013
4490,Fabian,Kajak,56,Łódź,IT,7425,7,False,junior,2018
4491,Tobiasz,Fudalej,64,Łódź,Marketing,16798,20,False,lead,2013
4492,Kamil,Iskierka,53,Warszawa,HR,6851,24,False,junior,2019
4493,Marika,Czerkies,28,Białystok,Marketing,14039,3,False,senior,2018
4494,Bianka,Trawka,24,Łódź,Marketing,10508,1,False,mid,2021
4495,Rozalia,Kukawka,56,Gdańsk,Support,12319,20,True,mid,2023
4496,Natasza,Wawrzkiewicz,51,Wrocław,Support,5667,20,False,junior,2024
4497,Melania,Warzybok,56,Poznań,IT,8855,20,False,junior,2016
4498,Damian,Lelito,29,Wrocław,Marketing,12803,6,False,senior,2018
4499,Adam,Maćczak,37,Kraków,IT,14913,14,True,mid,2016
4500,Błażej,Kuza,46,Poznań,Finance,7875,11,False,junior,2015
4501,Tola,Malcherek,49,Warszawa,IT,18403,22,False,lead,2015
4502,Maks,Obarzanek,52,Kraków,Sales,7394,30,False,junior,2025
4503,Ryszard,Filek,33,Kraków,IT,8375,1,False,junior,2021
4504,Stanisław,Zimoń,59,Warszawa,HR,9090,7,False,mid,2022
4505,Tola,Hermanowicz,23,Katowice,Operations,9366,0,False,mid,2025
4506,Hubert,Grotek,56,Gdańsk,Marketing,9028,13,False,mid,2018
4507,Dariusz,Ryndak,26,Wrocław,Marketing,14311,1,False,senior,2020
4508,Janina,Łuszczak,49,Kraków,Operations,17817,23,False,lead,2024
4509,Cyprian,Zapadka,23,Wrocław,IT,15045,1,False,senior,2013
4510,Patryk,Welc,39,Wrocław,Support,7121,7,False,junior,2012
4511,Mieszko,Komisarczyk,64,Białystok,HR,17292,31,False,lead,2012
4512,Klara,Zmarzły,64,Białystok,IT,15377,40,False,senior,2023
4513,Adam,Stąpor,33,Białystok,Marketing,16225,1,False,lead,2020
4514,Andrzej,Powązka,38,Wrocław,IT,15708,11,False,senior,2025
4515,Marek,Skolik,41,Poznań,Finance,5760,2,False,junior,2018
4516,Fabian,Dyja,28,Poznań,Sales,13857,5,False,senior,2015
4517,Karol,Sudak,27,Warszawa,IT,8646,5,False,junior,2015
4518,Wiktor,Ścieszka,29,Warszawa,Finance,9366,5,False,mid,2014
4519,Norbert,Ochal,64,Kraków,Sales,7238,0,False,junior,2023
4520,Natan,Kapral,51,Warszawa,Operations,12452,29,False,senior,2024
4521,Michał,Lamch,63,Kraków,Finance,9444,24,False,mid,2012
4522,Arkadiusz,Grądziel,28,Katowice,Finance,10513,3,False,mid,2024
4523,Róża,Suchenek,47,Łódź,Finance,14468,11,False,senior,2022
4524,Kaja,Sykała,24,Warszawa,Marketing,8772,2,False,mid,2023
4525,Ida,Picheta,41,Białystok,IT,14677,10,False,senior,2025
4526,Cezary,Sidorczuk,55,Poznań,Support,8925,8,False,mid,2018
4527,Natasza,Drynda,31,Warszawa,Marketing,5366,2,False,junior,2023
4528,Michał,Januchta,60,Poznań,Operations,10155,10,False,mid,2023
4529,Albert,Wojewodzic,65,Wrocław,Sales,7568,17,False,junior,2016
4530,Tobiasz,Konstanty,59,Katowice,IT,7294,2,False,junior,2012
4531,Anita,Rodzeń,56,Lublin,IT,17823,12,False,lead,2013
4532,Marika,Dmoch,29,Wrocław,HR,8905,4,False,mid,2025
4533,Gabriel,Fechner,42,Kraków,IT,7907,11,False,junior,2012
4534,Sonia,Dudczak,39,Wrocław,HR,9643,6,False,mid,2016
4535,Natan,Płoskonka,42,Rzeszów,Operations,18054,2,False,lead,2024
4536,Radosław,Penkala,27,Kraków,Finance,7269,5,False,junior,2017
4537,Justyna,Danisz,64,Poznań,Operations,14200,13,False,senior,2023
4538,Sonia,Kasiak,64,Łódź,Support,6285,16,False,junior,2011
4539,Igor,Łokietek,29,Białystok,Finance,14239,1,False,senior,2019
4540,Julita,Połom,62,Rzeszów,Sales,10998,30,False,mid,2019
4541,Stefan,Bobrowicz,30,Wrocław,IT,11374,6,False,mid,2016
4542,Franciszek,Pielka,49,Lublin,Operations,11016,15,True,mid,2014
4543,Anita,Rezmer,63,Gdańsk,IT,14781,31,False,senior,2014
4544,Artur,Siatka,22,Łódź,IT,10008,0,False,mid,2021
4545,Tomasz,Krywult,62,Gdańsk,Operations,9567,4,False,mid,2015
4546,Elżbieta,Grzelczyk,41,Warszawa,IT,11240,8,False,mid,2023
4547,Tola,Wieczerzak,35,Gdańsk,Support,13837,10,False,senior,2014
4548,Jeremi,Rohde,40,Wrocław,HR,11874,6,False,senior,2018
4549,Nicole,Kara,22,Poznań,HR,6658,0,False,junior,2019
4550,Liwia,Buchalik,26,Warszawa,Operations,12776,2,False,senior,2021
4551,Marianna,Szela,25,Warszawa,Support,5710,3,False,junior,2015
4552,Mieszko,Dyjach,54,Gdańsk,Operations,13907,3,False,senior,2010
4553,Igor,Narożna,30,Kraków,Operations,8049,4,True,junior,2024
4554,Emil,Andrejczuk,52,Warszawa,Marketing,9189,3,False,mid,2014
4555,Radosław,Orwat,53,Warszawa,Finance,10305,30,False,mid,2022
4556,Rozalia,Madzia,26,Wrocław,Support,5969,3,False,junior,2013
4557,Ksawery,Kazior,40,Warszawa,Finance,17890,14,False,lead,2017
4558,Blanka,Gubernat,59,Gdańsk,Operations,12734,13,False,senior,2024
4559,Ida,Groń,25,Kraków,Support,19743,1,True,lead,2017
4560,Krystyna,Jagieło,62,Wrocław,Sales,11010,15,False,mid,2020
4561,Kacper,Siewiera,54,Lublin,Sales,15114,11,False,senior,2012
4562,Eliza,Gotfryd,30,Białystok,Marketing,10008,0,True,junior,2021
4563,Daniel,Wiertelak,60,Katowice,HR,7858,15,False,mid,2019
4564,Sonia,Matusewicz,33,Warszawa,Support,12426,1,False,senior,2011
4565,Roksana,Kryszkiewicz,47,Kraków,IT,17630,20,True,senior,2018
4566,Ewelina,Krzeszowiec,34,Warszawa,HR,5156,6,False,junior,2023
4567,Justyna,Matwiejczyk,59,Warszawa,Marketing,5230,5,False,junior,2011
4568,Stanisław,Dzidek,51,Białystok,Support,6748,20,False,junior,2017
4569,Ksawery,Kukuczka,42,Warszawa,Sales,10626,5,False,mid,2020
4570,Marcelina,Radzewicz,64,Gdańsk,IT,8024,30,False,junior,2016
4571,Tadeusz,Krysik,24,Warszawa,IT,7075,0,False,junior,2020
4572,Radosław,Broniek,54,Poznań,Finance,10148,27,False,mid,2021
4573,Justyna,Siudek,57,Warszawa,Marketing,5313,26,False,junior,2017
4574,Alex,Kuster,40,Gdańsk,IT,15050,8,False,senior,2021
4575,Wiktor,Wojtaszak,63,Poznań,Support,13068,26,False,senior,2019
4576,Gabriel,Preuss,48,Warszawa,HR,4778,23,False,junior,2021
4577,Klara,Łyjak,28,Rzeszów,Finance,13970,6,False,senior,2021
4578,Stefan,Zięciak,59,Wrocław,IT,10436,26,False,mid,2017
4579,Miłosz,Wiaderek,50,Warszawa,Operations,10112,23,False,mid,2018
4580,Marek,Kacperek,62,Gdańsk,IT,7835,8,False,junior,2012
4581,Tadeusz,Herda,38,Białystok,Sales,9610,10,False,mid,2024
4582,Krystian,Wojtyś,63,Wrocław,IT,10089,8,True,junior,2023
4583,Antoni,Ambrożewicz,41,Gdańsk,Sales,6703,6,False,junior,2025
4584,Fabian,Franas,31,Warszawa,IT,10981,2,False,mid,2014
4585,Ada,Kmak,41,Warszawa,Sales,13051,6,True,mid,2022
4586,Justyna,Midura,30,Wrocław,Finance,7923,8,False,junior,2020
4587,Piotr,Bazydło,34,Poznań,Sales,7004,9,False,junior,2025
4588,Damian,Wakuła,47,Warszawa,Support,8338,14,False,mid,2019
4589,Łukasz,Wojtyna,41,Wrocław,Sales,9709,12,False,mid,2023
4590,Robert,Garbacik,65,Gdańsk,HR,9570,0,False,mid,2015
4591,Konstanty,Machul,65,Warszawa,HR,16868,22,False,lead,2023
4592,Krystyna,Balas,32,Warszawa,Finance,9099,9,False,mid,2016
4593,Maciej,Piechna,31,Lublin,Sales,10045,5,False,mid,2023
4594,Ada,Derek,56,Warszawa,Marketing,8988,10,False,mid,2017
4595,Michał,Stypuła,38,Rzeszów,Finance,16947,8,True,senior,2013
4596,Karol,Górkiewicz,41,Wrocław,Sales,14902,19,False,senior,2022
4597,Radosław,Maślach,32,Wrocław,Marketing,14337,8,False,senior,2025
4598,Wiktor,Czylok,61,Kraków,Operations,5077,10,False,junior,2017
4599,Kalina,Kubieniec,65,Gdańsk,IT,10827,41,False,mid,2023
4600,Dariusz,Pachnik,27,Kraków,Operations,8933,1,False,mid,2017
4601,Tomasz,Marach,28,Warszawa,Finance,6597,4,False,junior,2025
4602,Sebastian,Pastucha,48,Warszawa,Operations,7023,18,False,junior,2025
4603,Kamil,Zasępa,60,Gdańsk,Operations,11646,15,True,mid,2015
4604,Nela,Pizoń,23,Warszawa,Marketing,8224,0,False,mid,2014
4605,Angelika,Leszczak,37,Warszawa,Support,9317,3,False,mid,2016
4606,Elżbieta,Berek,65,Warszawa,Sales,10786,4,True,junior,2011
4607,Anna Maria,Wiszowata,33,Gdańsk,Finance,5960,3,False,junior,2015
4608,Sonia,Piekart,61,Białystok,Support,12569,22,True,mid,2025
4609,Tomasz,Lemke,62,Gdańsk,Marketing,11223,20,True,mid,2013
4610,Marcel,Pindral,63,Katowice,IT,10903,37,False,mid,2016
4611,Jędrzej,Chudoba,33,Poznań,HR,13590,4,False,senior,2025
4612,Janina,Wojtarowicz,29,Kraków,Marketing,16672,5,False,lead,2013
4613,Tobiasz,Ludwisiak,51,Łódź,Sales,10776,20,True,junior,2014
4614,Marek,Twardy,56,Lublin,IT,19628,11,False,lead,2010
4615,Przemysław,Klama,56,Łódź,Sales,6639,12,False,junior,2015
4616,Dominik,Przewoźna,29,Warszawa,Finance,9379,6,False,mid,2015
4617,Bruno,Parda,38,Warszawa,Marketing,10046,2,False,mid,2022
4618,Monika,Ziarnik,32,Lublin,Operations,8457,5,True,junior,2013
4619,Juliusz,Deneka,49,Łódź,IT,10381,14,False,mid,2015
4620,Julianna,Wołczyk,46,Warszawa,Marketing,10270,15,False,mid,2013
4621,Marika,Oleksak,29,Poznań,Operations,16555,6,False,lead,2010
4622,Mariusz,Kidawa,33,Warszawa,Finance,6193,5,False,junior,2023
4623,Kamil,Januchta,50,Warszawa,IT,13842,7,False,senior,2025
4624,Inga,Sojda,65,Lublin,HR,5978,21,False,junior,2016
4625,Lidia,Pietrusiewicz,26,Katowice,IT,11332,4,False,mid,2020
4626,Witold,Grunt,42,Poznań,IT,11504,0,False,mid,2024
4627,Tymon,Sip,25,Poznań,Finance,12702,1,False,senior,2010
4628,Lidia,Kajak,57,Łódź,Finance,16665,14,False,lead,2020
4629,Leonard,Urynowicz,54,Łódź,IT,10169,14,False,mid,2024
4630,Norbert,Tylek,32,Rzeszów,IT,11746,7,False,mid,2015
4631,Filip,Stempel,58,Łódź,Support,6178,1,False,junior,2013
4632,Mikołaj,Jakóbik,27,Warszawa,IT,8070,1,False,junior,2010
4633,Tadeusz,Matejczuk,26,Wrocław,IT,13789,4,True,mid,2012
4634,Bianka,Szajek,26,Lublin,Operations,8318,3,False,mid,2012
4635,Fabian,Luberda,51,Kraków,Finance,10301,1,False,mid,2023
4636,Olgierd,Kadela,54,Gdańsk,IT,18542,25,False,lead,2011
4637,Marcel,Droździel,50,Warszawa,Sales,9128,23,False,mid,2017
4638,Marek,Złotek,56,Warszawa,IT,7623,33,False,junior,2020
4639,Sara,Wota,48,Wrocław,Finance,14893,15,False,senior,2020
4640,Mateusz,Gros,30,Katowice,IT,13127,4,True,mid,2013
4641,Juliusz,Kij,50,Warszawa,Operations,9911,13,False,mid,2011
4642,Tomasz,Labocha,30,Poznań,HR,8442,2,False,mid,2019
4643,Marek,Macioł,50,Wrocław,Marketing,12976,16,False,senior,2014
4644,Nikodem,Malecha,25,Gdańsk,IT,11810,2,False,mid,2025
4645,Miłosz,Groborz,37,Poznań,Support,14189,11,False,senior,2016
4646,Alex,Dej,35,Łódź,Operations,12669,10,False,senior,2018
4647,Kalina,Graboń,23,Wrocław,Finance,10664,0,False,mid,2019
4648,Filip,Buszka,46,Kraków,Marketing,10482,9,False,mid,2017
4649,Maksymilian,Zawalich,42,Kraków,Marketing,14465,12,False,senior,2023
4650,Marika,Żółtek,64,Katowice,IT,10424,29,False,mid,2017
4651,Klara,Świergiel,41,Gdańsk,IT,22237,0,True,lead,2016
4652,Józef,Leżoń,37,Warszawa,Marketing,13733,8,False,senior,2022
4653,Kaja,Wacławiak,34,Rzeszów,IT,14367,4,False,senior,2022
4654,Oskar,Pal,32,Warszawa,IT,9631,8,False,mid,2019
4655,Miłosz,Nawój,39,Katowice,IT,10755,8,False,mid,2016
4656,Robert,Majsterek,39,Warszawa,IT,19858,9,False,lead,2018
4657,Wiktor,Szalast,40,Gdańsk,IT,11770,18,False,mid,2019
4658,Sandra,Smela,33,Wrocław,Sales,13105,10,False,senior,2015
4659,Krystyna,Piechura,61,Białystok,HR,7000,7,False,junior,2015
4660,Arkadiusz,Groń,38,Gdańsk,Operations,5710,12,False,junior,2018
4661,Antoni,Roda,50,Warszawa,Support,6730,23,False,junior,2021
4662,Mikołaj,Toma,63,Wrocław,Operations,16294,36,True,senior,2013
4663,Daniel,Rosada,38,Łódź,Operations,17138,11,False,lead,2025
4664,Sara,Miąsko,58,Białystok,IT,19784,11,False,lead,2015
4665,Łukasz,Hojka,38,Rzeszów,IT,14074,10,False,senior,2018
4666,Blanka,Pagacz,47,Kraków,Sales,18372,9,False,lead,2015
4667,Norbert,Górkiewicz,41,Rzeszów,Sales,14502,6,False,senior,2010
4668,Aurelia,Malarczyk,49,Gdańsk,IT,18936,13,True,senior,2023
4669,Kamil,Boruc,37,Gdańsk,Operations,16261,14,False,lead,2025
4670,Witold,Kusik,60,Warszawa,IT,11293,2,False,mid,2012
4671,Adrian,Kopiczko,44,Warszawa,IT,10282,18,True,junior,2012
4672,Gaja,Rychcik,48,Kraków,IT,8468,1,False,junior,2015
4673,Klara,Droś,57,Rzeszów,Operations,8547,34,False,mid,2013
4674,Alex,Dulas,33,Lublin,HR,9744,0,False,mid,2019
4675,Malwina,Fiutak,31,Wrocław,Finance,7976,5,False,junior,2024
4676,Łukasz,Porwoł,54,Białystok,Sales,6939,16,False,junior,2018
4677,Tymoteusz,Bugno,30,Gdańsk,IT,10510,4,False,mid,2023
4678,Tola,Pudełek,26,Warszawa,Marketing,10653,2,False,mid,2018
4679,Arkadiusz,Tyczka,51,Łódź,IT,11506,10,False,mid,2015
4680,Ryszard,Augustynek,59,Kraków,Sales,8260,14,False,junior,2016
4681,Karol,Kazior,46,Poznań,Marketing,12711,14,True,mid,2016
4682,Leonard,Tutka,60,Poznań,HR,12441,17,False,senior,2011
4683,Kamila,Westfal,37,Wrocław,IT,18956,10,False,lead,2023
4684,Albert,Cofała,61,Warszawa,Sales,10058,24,False,mid,2024
4685,Anita,Dzierwa,47,Kraków,IT,17733,0,False,lead,2012
4686,Michał,Matulewicz,54,Warszawa,IT,7670,18,False,junior,2013
4687,Dagmara,Dziewior,55,Warszawa,HR,11749,1,False,senior,2021
4688,Olaf,Stojak,60,Wrocław,HR,8500,14,False,mid,2025
4689,Marcelina,Bicz,51,Gdańsk,IT,15209,24,False,senior,2021
4690,Błażej,Solich,42,Poznań,Operations,13444,14,False,senior,2014
4691,Alan,Zieja,43,Białystok,Support,5889,2,False,junior,2023
4692,Blanka,Prygiel,51,Gdańsk,IT,10829,25,False,mid,2015
4693,Marianna,Kapałka,32,Gdańsk,IT,11253,7,False,mid,2020
4694,Robert,Litwiniuk,32,Wrocław,HR,13809,3,False,senior,2011
4695,Dawid,Łabno,31,Łódź,HR,14503,0,True,senior,2011
4696,Alan,Basak,57,Kraków,Marketing,13358,16,False,senior,2014
4697,Ignacy,Romańczyk,48,Poznań,HR,13725,18,False,senior,2020
4698,Anna Maria,Nazarewicz,26,Gdańsk,Sales,10166,1,False,mid,2015
4699,Agnieszka,Fularczyk,61,Kraków,Marketing,8289,18,False,mid,2018
4700,Anastazja,Szynkiewicz,25,Wrocław,IT,8169,2,False,junior,2012
4701,Artur,Feliniak,26,Poznań,IT,10235,4,False,mid,2022
4702,Gabriel,Ciuła,44,Warszawa,IT,14674,19,False,senior,2013
4703,Cezary,Nowrot,61,Katowice,Operations,12004,4,True,mid,2016
4704,Anastazja,Nogieć,65,Lublin,HR,8734,14,True,junior,2017
4705,Adrian,Raźniak,48,Wrocław,Marketing,14677,20,False,senior,2016
4706,Gabriel,Kożuszek,27,Poznań,IT,9773,1,False,mid,2011
4707,Przemysław,Rozynek,59,Poznań,Support,17742,15,False,lead,2024
4708,Ryszard,Hajdasz,51,Wrocław,Marketing,6474,14,False,junior,2021
4709,Rafał,Szram,44,Lublin,IT,11565,9,False,mid,2013
4710,Grzegorz,Stasica,61,Łódź,IT,13954,21,False,senior,2013
4711,Tymon,Mirga,25,Warszawa,HR,7701,1,False,mid,2014
4712,Aleks,Owczarczak,34,Łódź,Operations,5286,11,False,junior,2019
4713,Marek,Senger,63,Katowice,IT,14042,33,True,mid,2018
4714,Aniela,Bilewicz,23,Katowice,IT,6934,1,False,junior,2020
4715,Leonard,Sadowy,62,Kraków,Operations,12643,7,False,senior,2013
4716,Róża,Szczudło,48,Kraków,Support,9556,9,False,mid,2024
4717,Mateusz,Bracha,37,Kraków,Finance,7457,1,False,junior,2015
4718,Łukasz,Sierżant,44,Warszawa,Marketing,9679,5,False,mid,2016
4719,Kazimierz,Małyszka,51,Warszawa,Sales,14973,14,False,senior,2012
4720,Ewa,Jaje,59,Kraków,Sales,18373,37,False,lead,2020
4721,Bruno,Frukacz,61,Łódź,Sales,7412,37,False,junior,2019
4722,Ernest,Ciastek,41,Kraków,IT,6623,13,False,junior,2018
4723,Kaja,Lipok,26,Lublin,Support,6855,2,False,junior,2022
4724,Gaja,Cybul,53,Poznań,IT,14908,23,True,mid,2025
4725,Wojciech,Ciesielczyk,53,Warszawa,Marketing,12378,22,False,senior,2017
4726,Dagmara,Rycerz,49,Gdańsk,HR,8025,15,True,junior,2010
4727,Mikołaj,Gołoś,25,Wrocław,Support,12728,2,True,mid,2017
4728,Marek,Gilewicz,39,Kraków,Finance,6720,13,False,junior,2010
4729,Maks,Golczyk,53,Katowice,Finance,14471,8,False,senior,2020
4730,Aleksander,Kusa,33,Łódź,Marketing,9024,7,False,mid,2014
4731,Iwo,Jonik,57,Białystok,HR,11954,25,True,mid,2011
4732,Fryderyk,Ficner,49,Poznań,HR,7949,12,False,mid,2020
4733,Ewa,Tomaszuk,45,Warszawa,Finance,10884,13,False,mid,2019
4734,Leonard,Tyka,24,Białystok,IT,6557,2,False,junior,2020
4735,Melania,Saternus,58,Łódź,IT,10397,23,False,mid,2016
4736,Elżbieta,Filus,59,Warszawa,IT,9805,21,False,mid,2014
4737,Robert,Kapral,45,Warszawa,IT,11259,12,False,mid,2024
4738,Nela,Sobków,41,Łódź,Finance,13745,17,False,senior,2025
4739,Natan,Nazarko,58,Rzeszów,Marketing,12940,32,True,mid,2017
4740,Roksana,Broś,25,Gdańsk,HR,6837,2,False,junior,2015
4741,Dawid,Sularz,33,Łódź,Finance,12517,5,False,senior,2013
4742,Liwia,Orwat,30,Gdańsk,Marketing,10198,7,True,junior,2022
4743,Julian,Skowyra,35,Warszawa,Operations,12998,1,False,senior,2024
4744,Oliwier,Madzia,65,Poznań,Marketing,6790,41,False,junior,2010
4745,Aleksander,Radko,48,Warszawa,Finance,7426,25,False,junior,2016
4746,Sonia,Misiurek,63,Wrocław,Sales,11290,22,False,mid,2019
4747,Konstanty,Nitek,26,Lublin,Operations,12889,0,False,senior,2015
4748,Olgierd,Jas,52,Katowice,HR,6320,6,False,junior,2019
4749,Ryszard,Wacławiak,46,Kraków,Marketing,13598,6,False,senior,2023
4750,Błażej,Prawdzik,27,Łódź,IT,11712,0,False,mid,2010
4751,Błażej,Kacperczyk,65,Łódź,Marketing,13891,27,False,senior,2014
4752,Jędrzej,Gnyp,64,Warszawa,Sales,9062,4,False,mid,2013
4753,Leon,Piotrowiak,28,Poznań,IT,19969,5,False,lead,2010
4754,Marika,Zackiewicz,35,Wrocław,IT,10744,10,False,mid,2025
4755,Krystian,Wiraszka,33,Kraków,Finance,7881,8,False,junior,2018
4756,Monika,Lizoń,43,Rzeszów,Sales,9508,0,True,junior,2018
4757,Rafał,Dukat,23,Warszawa,Sales,9240,0,False,mid,2016
4758,Mikołaj,Morcinek,31,Warszawa,Marketing,13551,4,False,senior,2023
4759,Grzegorz,Michalczak,50,Gdańsk,IT,7522,26,False,junior,2011
4760,Natasza,Szykuła,45,Poznań,Finance,13130,12,True,mid,2020
4761,Miłosz,Zegadło,31,Gdańsk,Operations,14050,4,False,senior,2021
4762,Roksana,Walusiak,32,Kraków,Sales,16816,9,False,lead,2012
4763,Oliwier,Baś,42,Poznań,Sales,6165,3,False,junior,2017
4764,Anastazja,Drop,47,Lublin,Finance,6063,23,False,junior,2015
4765,Sara,Dyszy,30,Gdańsk,HR,6808,6,False,junior,2010
4766,Melania,Hewelt,30,Kraków,Operations,9048,4,False,mid,2020
4767,Róża,Pupek,51,Rzeszów,Operations,15973,15,True,senior,2023
4768,Kamil,Prystupa,43,Katowice,Support,10086,20,False,mid,2012
4769,Tymon,Topa,45,Wrocław,Finance,9353,19,False,mid,2021
4770,Nataniel,Trzos,59,Warszawa,IT,9856,12,False,mid,2014
4771,Gabriel,Borak,62,Wrocław,Sales,6741,29,False,junior,2023
4772,Ryszard,Jagieło,24,Poznań,Support,7702,2,False,mid,2014
4773,Alan,Bittner,23,Łódź,Sales,17073,0,False,lead,2015
4774,Apolonia,Labocha,22,Poznań,Support,7771,0,False,mid,2016
4775,Jeremi,Tórz,63,Katowice,Sales,7337,28,False,junior,2021
4776,Janina,Glaza,48,Gdańsk,Sales,7223,15,False,junior,2022
4777,Janina,Bosek,64,Kraków,Operations,9671,20,False,mid,2025
4778,Anna Maria,Łabaj,52,Wrocław,Finance,8810,1,False,mid,2022
4779,Anita,Jagieło,38,Katowice,HR,9751,0,False,mid,2025
4780,Urszula,Fiedorczuk,37,Poznań,Sales,13038,1,False,senior,2015
4781,Witold,Ulrych,43,Warszawa,Sales,18518,6,False,lead,2014
4782,Sonia,Tabak,42,Katowice,Operations,18308,8,False,lead,2020
4783,Patryk,Więcławek,55,Lublin,Operations,9292,3,False,mid,2024
4784,Kornel,Para,22,Białystok,Marketing,5343,0,False,junior,2024
4785,Ryszard,Dzikiewicz,35,Kraków,Finance,9449,8,False,mid,2019
4786,Marcel,Nieszporek,53,Wrocław,Sales,5932,18,False,junior,2018
4787,Mariusz,Sypień,28,Poznań,Support,4977,1,False,junior,2017
4788,Dominik,Grotek,31,Warszawa,HR,6718,1,False,junior,2018
4789,Kazimierz,Kusek,63,Warszawa,IT,9671,11,False,mid,2016
4790,Antoni,Sacharczuk,44,Katowice,Sales,11165,19,False,mid,2019
4791,Róża,Bela,26,Wrocław,Sales,8948,1,False,mid,2017
4792,Malwina,Karnas,30,Łódź,Marketing,9794,3,False,mid,2023
4793,Cezary,Ziajka,24,Warszawa,Marketing,9511,2,False,mid,2012
4794,Jan,Achtelik,34,Kraków,Sales,18726,12,False,lead,2016
4795,Aleksander,Bacia,56,Łódź,Marketing,8609,29,True,junior,2016
4796,Aniela,Wudarczyk,48,Katowice,Marketing,7033,7,False,junior,2010
4797,Nicole,Babiuch,33,Kraków,IT,17001,6,True,senior,2021
4798,Bruno,Ciuruś,41,Kraków,IT,6931,17,False,junior,2012
4799,Franciszek,Hałka,52,Kraków,Operations,9852,16,False,mid,2025
4800,Ryszard,Wężyk,26,Łódź,Operations,7263,4,False,junior,2014
4801,Adam,Bałdys,24,Warszawa,Support,6009,0,False,junior,2024
4802,Wojciech,Matyjaszek,39,Gdańsk,Support,7752,1,False,mid,2016
4803,Fryderyk,Samol,48,Poznań,Sales,9495,0,False,mid,2018
4804,Blanka,Micał,60,Warszawa,HR,9406,30,False,mid,2012
4805,Kajetan,Szłapa,34,Lublin,Sales,7288,6,False,junior,2013
4806,Blanka,Strzyż,41,Wrocław,IT,7730,10,False,junior,2019
4807,Michał,Sorbian,65,Rzeszów,HR,9972,33,False,mid,2011
4808,Nikodem,Parada,29,Katowice,IT,22272,5,True,lead,2025
4809,Tobiasz,Bidas,37,Kraków,HR,9222,7,False,mid,2025
4810,Olga,Szyda,24,Łódź,Marketing,10379,2,False,mid,2010
4811,Marcin,Przewoźny,60,Katowice,Support,5614,34,False,junior,2018
4812,Radosław,Dziadowicz,49,Warszawa,Sales,14554,10,False,senior,2011
4813,Kornelia,Łupina,37,Białystok,Finance,13346,9,False,senior,2014
4814,Fabian,Woszczak,37,Lublin,IT,11351,9,False,mid,2011
4815,Adrian,Moj,43,Lublin,HR,9672,2,False,mid,2014
4816,Patryk,Olbrych,47,Warszawa,Sales,9903,6,False,mid,2014
4817,Leonard,Rut,51,Łódź,Marketing,8858,2,False,mid,2022
4818,Ksawery,Misiejuk,59,Kraków,Finance,17383,29,False,lead,2025
4819,Adrianna,Kozieja,23,Kraków,Support,9518,0,False,mid,2015
4820,Tobiasz,Szkoła,48,Rzeszów,IT,7134,16,False,junior,2015
4821,Cezary,Wojtoń,58,Katowice,Support,5613,17,False,junior,2014
4822,Kaja,Woszczyna,54,Katowice,Operations,12985,0,False,senior,2018
4823,Kaja,Surdel,28,Kraków,HR,8172,4,False,mid,2020
4824,Leonard,Szkaradek,56,Białystok,IT,13709,33,False,senior,2017
4825,Daniel,Ślimak,44,Warszawa,Support,6465,12,False,junior,2025
4826,Marianna,Jamroży,34,Lublin,IT,11873,5,False,mid,2022
4827,Maciej,Korab,45,Lublin,Sales,6370,14,False,junior,2012
4828,Cyprian,Spychaj,34,Katowice,IT,15711,2,False,senior,2023
4829,Artur,Sołoducha,56,Rzeszów,IT,9707,20,False,mid,2015
4830,Marcin,Judek,35,Lublin,Sales,11249,0,False,mid,2019
4831,Anna Maria,Broszkiewicz,47,Łódź,Finance,20328,14,True,lead,2017
4832,Anna Maria,Tlałka,23,Warszawa,IT,10123,1,False,mid,2010
4833,Aleks,Graboś,37,Wrocław,Sales,13963,6,False,senior,2025
4834,Justyna,Stypa,40,Warszawa,Operations,5911,18,False,junior,2011
4835,Malwina,Mendyka,36,Rzeszów,IT,8037,1,False,junior,2023
4836,Krystian,Radko,33,Wrocław,HR,10510,2,True,mid,2020
4837,Radosław,Stempel,51,Lublin,Finance,18854,19,False,lead,2021
4838,Witold,Sznura,26,Poznań,Sales,13367,0,True,mid,2023
4839,Marianna,Kapera,24,Warszawa,Operations,9213,2,False,mid,2023
4840,Nicole,Witaszek,59,Wrocław,Sales,10893,1,False,mid,2013
4841,Bianka,Flaga,46,Kraków,Support,17713,4,False,lead,2019
4842,Aleksander,Korab,42,Warszawa,Operations,13763,15,False,senior,2021
4843,Dominik,Uss,25,Kraków,Operations,18343,1,False,lead,2016
4844,Kaja,Ziółko,44,Lublin,IT,16777,8,True,senior,2010
4845,Patryk,Cholewka,65,Gdańsk,Finance,12604,29,False,senior,2021
4846,Nicole,Goliasz,62,Wrocław,IT,14458,1,False,senior,2017
4847,Iwo,Idec,64,Poznań,IT,14797,12,False,senior,2021
4848,Juliusz,Maruszczyk,38,Białystok,Operations,6198,2,False,junior,2015
4849,Maksymilian,Sporysz,32,Warszawa,Support,11995,0,False,senior,2021
4850,Nela,Marcol,63,Gdańsk,Support,5153,11,False,junior,2024
4851,Oliwier,Cyrulik,47,Rzeszów,IT,7180,17,False,junior,2020
4852,Marcelina,Wierzchoń,24,Poznań,IT,14640,1,False,senior,2012
4853,Grzegorz,Jakóbiak,36,Kraków,IT,10191,14,False,mid,2021
4854,Kamila,Denkiewicz,24,Poznań,Sales,13781,2,False,senior,2017
4855,Karol,Żołnierczyk,54,Katowice,Support,5650,18,False,junior,2025
4856,Radosław,Górkiewicz,63,Warszawa,Sales,11102,25,False,mid,2021
4857,Julianna,Gałach,55,Rzeszów,Sales,6193,1,False,junior,2019
4858,Agnieszka,Siciarz,57,Lublin,Sales,13107,26,True,mid,2010
4859,Aniela,Elwart,43,Kraków,Marketing,12633,1,False,senior,2020
4860,Błażej,Lica,59,Warszawa,IT,15499,1,False,senior,2015
4861,Daniel,Hajdukiewicz,28,Poznań,HR,8448,0,False,mid,2013
4862,Daniel,Kiedrowicz,26,Białystok,Operations,8820,3,True,junior,2018
4863,Robert,Misiurek,44,Białystok,Marketing,10370,12,False,mid,2022
4864,Dominik,Bajak,43,Katowice,Sales,19252,21,False,lead,2022
4865,Ewelina,Wożniak,47,Wrocław,IT,17737,12,False,lead,2019
4866,Jan,Gryszkiewicz,52,Warszawa,IT,11287,8,True,junior,2016
4867,Oliwier,Kunc,54,Lublin,Operations,10398,9,False,mid,2019
4868,Alan,Długozima,22,Kraków,Finance,6060,0,False,junior,2022
4869,Malwina,Tryka,60,Wrocław,IT,11215,21,False,mid,2019
4870,Olga,Tywoniuk,57,Katowice,Finance,7643,3,False,junior,2012
4871,Ada,Świerkosz,51,Lublin,Sales,6799,10,False,junior,2025
4872,Olgierd,Maciejewicz,46,Lublin,Support,5601,8,False,junior,2010
4873,Ewa,Ślipek,35,Wrocław,Sales,14426,9,False,senior,2011
4874,Emil,Mieszała,55,Gdańsk,Sales,6769,22,False,junior,2019
4875,Hubert,Szpila,23,Gdańsk,Sales,7047,0,False,junior,2024
4876,Bartek,Chomiak,43,Warszawa,Operations,13897,8,False,senior,2011
4877,Kamil,Stoltmann,39,Wrocław,Sales,10293,1,False,mid,2022
4878,Kacper,Boduch,43,Wrocław,Sales,11928,18,True,mid,2016
4879,Rafał,Palica,65,Poznań,Support,7077,16,False,junior,2013
4880,Szymon,Oślizło,25,Warszawa,Marketing,6485,0,False,junior,2023
4881,Karina,Mularz,61,Warszawa,Operations,12426,17,False,senior,2024
4882,Tymon,Foremniak,64,Łódź,Finance,14909,29,False,senior,2013
4883,Tadeusz,Gnyp,46,Warszawa,Finance,8787,10,False,mid,2013
4884,Julita,Chomiak,24,Kraków,Support,9418,1,False,mid,2024
4885,Dawid,Kij,29,Katowice,Marketing,8473,2,False,mid,2014
4886,Marcelina,Kramer,59,Poznań,Sales,7987,7,False,junior,2021
4887,Lidia,Midura,63,Rzeszów,Sales,7456,10,False,junior,2010
4888,Michał,Hermann,62,Łódź,HR,5871,33,False,junior,2021
4889,Leon,Kolanek,34,Warszawa,Operations,13705,7,False,senior,2016
4890,Sara,Jany,29,Wrocław,Sales,9304,5,False,mid,2023
4891,Natasza,Krzempek,61,Łódź,Operations,6251,16,False,junior,2010
4892,Aniela,Olas,22,Kraków,Operations,12184,0,False,senior,2014
4893,Andrzej,Nestorowicz,37,Wrocław,Support,10187,3,True,junior,2025
4894,Gustaw,Trojanek,32,Katowice,IT,10852,9,False,mid,2019
4895,Kamila,Machoń,31,Katowice,HR,17488,7,False,lead,2014
4896,Józef,Lorenz,45,Gdańsk,Sales,14483,3,False,senior,2023
4897,Paweł,Mieloch,62,Wrocław,Support,17590,20,False,lead,2017
4898,Kornelia,Ciochoń,64,Białystok,Operations,18404,30,False,lead,2014
4899,Anastazja,Wojtarowicz,44,Warszawa,Finance,14382,20,False,senior,2013
4900,Elżbieta,Andrys,57,Wrocław,Marketing,9385,20,True,junior,2017
4901,Bianka,Kulma,23,Białystok,Finance,5741,1,False,junior,2011
4902,Piotr,Fudalej,40,Warszawa,Marketing,7104,3,False,junior,2021
4903,Blanka,Niemira,31,Warszawa,IT,15334,7,False,senior,2024
4904,Ida,Mosur,28,Katowice,HR,8710,3,False,mid,2015
4905,Ada,Płócienniczak,51,Gdańsk,IT,11596,5,False,mid,2013
4906,Stanisław,Starościak,53,Warszawa,Operations,9795,26,False,mid,2011
4907,Kacper,Midura,31,Rzeszów,Finance,9450,5,False,mid,2012
4908,Aurelia,Mazan,42,Wrocław,Operations,9714,16,False,mid,2011
4909,Bianka,Nurek,40,Rzeszów,Sales,12983,12,False,senior,2016
4910,Cezary,Siwka,49,Łódź,IT,7937,19,False,junior,2011
4911,Urszula,Golonko,64,Warszawa,HR,9430,11,False,mid,2017
4912,Lidia,Forysiak,27,Katowice,IT,8269,1,False,junior,2022
4913,Anastazja,Rochowiak,50,Kraków,Marketing,8932,13,False,mid,2018
4914,Mieszko,Borysiak,32,Warszawa,Operations,17136,10,False,lead,2017
4915,Justyna,Kobos,43,Rzeszów,Sales,13100,7,False,senior,2024
4916,Miłosz,Nowrot,57,Białystok,IT,9631,0,False,mid,2020
4917,Eryk,Noras,50,Kraków,Operations,7285,7,False,junior,2022
4918,Mieszko,Liedtke,40,Wrocław,Finance,8623,11,False,mid,2024
4919,Jerzy,Jędraszczyk,22,Rzeszów,IT,10140,0,False,mid,2021
4920,Borys,Koczara,24,Poznań,Operations,8518,2,False,mid,2016
4921,Natan,Smela,43,Lublin,Support,9477,21,False,mid,2015
4922,Roksana,Opioła,42,Warszawa,Finance,8602,17,False,mid,2011
4923,Gustaw,Maślankiewicz,46,Łódź,IT,11905,20,True,junior,2024
4924,Tobiasz,Namysło,45,Warszawa,Operations,13370,2,False,senior,2016
4925,Olgierd,Cop,26,Warszawa,Marketing,9569,1,False,mid,2010
4926,Natasza,Skiepko,64,Poznań,Marketing,12301,4,True,mid,2023
4927,Miłosz,Dankiewicz,27,Wrocław,HR,6267,3,False,junior,2020
4928,Nikodem,Sochaj,37,Warszawa,Marketing,14041,4,False,senior,2011
4929,Dawid,Małż,65,Rzeszów,IT,6942,32,False,junior,2015
4930,Karina,Banachowicz,59,Gdańsk,HR,6775,28,False,junior,2018
4931,Tymoteusz,Bzymek,37,Rzeszów,Sales,13289,14,False,senior,2014
4932,Damian,Sajnóg,47,Katowice,Sales,8858,16,True,junior,2010
4933,Marika,Wołk,42,Gdańsk,Operations,10080,16,False,mid,2011
4934,Urszula,Galek,56,Warszawa,HR,5892,7,False,junior,2011
4935,Emil,Kiljan,57,Białystok,HR,8406,7,False,mid,2020
4936,Nikodem,Ogonek,63,Łódź,Operations,12155,33,False,senior,2015
4937,Franciszek,Gniewek,28,Warszawa,Finance,6742,6,False,junior,2023
4938,Maurycy,Tyma,23,Warszawa,Support,17461,0,False,lead,2024
4939,Robert,Maksimowicz,49,Poznań,IT,7920,24,False,junior,2016
4940,Damian,Szmurło,47,Wrocław,Operations,7293,24,False,junior,2018
4941,Nela,Tworzydło,59,Lublin,Finance,9108,20,False,mid,2010
4942,Wiktor,Rogal,37,Lublin,Marketing,6649,7,False,junior,2025
4943,Kornelia,Brzykcy,29,Poznań,Operations,8395,6,False,mid,2016
4944,Olaf,Pizoń,23,Gdańsk,Operations,18053,1,False,lead,2022
4945,Melania,Młynarz,40,Kraków,Sales,11108,3,False,mid,2020
4946,Ada,Ryczko,34,Katowice,Operations,15605,12,True,senior,2018
4947,Cyprian,Wrochna,57,Warszawa,IT,13391,31,True,mid,2021
4948,Maks,Kulus,45,Poznań,IT,7822,15,False,junior,2016
4949,Aleksander,Borejko,58,Rzeszów,Sales,9943,15,False,mid,2014
4950,Dagmara,Gałat,65,Poznań,Sales,9311,40,False,mid,2015
4951,Krystian,Henke,22,Wrocław,Sales,11249,0,False,mid,2023
4952,Ida,Damian,31,Warszawa,IT,9839,7,False,mid,2015
4953,Paweł,Stochaj,52,Kraków,Sales,8287,10,False,junior,2021
4954,Franciszek,Mila,43,Lublin,Operations,16134,20,False,lead,2015
4955,Róża,Skocz,30,Lublin,Sales,5909,8,False,junior,2023
4956,Kamil,Łuc,30,Białystok,IT,11840,4,False,mid,2019
4957,Paweł,Startek,39,Wrocław,IT,10654,14,True,junior,2017
4958,Melania,Kargol,61,Warszawa,Support,5206,4,False,junior,2023
4959,Dorota,Szlęk,64,Lublin,Sales,18528,27,False,lead,2025
4960,Leon,Stiller,38,Gdańsk,Marketing,8599,15,False,mid,2012
4961,Ignacy,Zgoła,64,Poznań,Sales,7718,3,False,junior,2015
4962,Gabriel,Nalazek,47,Gdańsk,Finance,13916,0,False,senior,2017
4963,Damian,Komander,34,Warszawa,HR,16031,11,False,lead,2014
4964,Aleks,Cięciwa,38,Katowice,Sales,10667,4,False,mid,2024
4965,Sara,Roda,38,Kraków,IT,14634,11,True,mid,2021
4966,Dorota,Kobak,33,Białystok,Sales,5942,1,False,junior,2017
4967,Oskar,Golda,46,Gdańsk,Finance,10503,6,False,mid,2019
4968,Dariusz,Pacholak,33,Katowice,HR,13907,0,False,senior,2017
4969,Sebastian,Becker,45,Gdańsk,Finance,10070,21,False,mid,2017
4970,Ksawery,Świerkot,65,Kraków,IT,7115,37,False,junior,2020
4971,Urszula,Mandrysz,41,Wrocław,Marketing,7625,13,False,junior,2019
4972,Jan,Bryzek,48,Łódź,Sales,18929,23,False,lead,2023
4973,Lidia,Lica,35,Białystok,Operations,9333,11,False,mid,2019
4974,Stefan,Wiertel,62,Gdańsk,Marketing,21494,20,True,lead,2020
4975,Alan,Konsek,50,Gdańsk,Support,8850,5,True,junior,2024
4976,Cezary,Pazdan,35,Wrocław,Finance,10889,7,False,mid,2022
4977,Urszula,Cis,44,Gdańsk,Sales,14703,9,False,senior,2012
4978,Andrzej,Warych,52,Warszawa,Operations,8180,17,False,mid,2013
4979,Liwia,Niećko,23,Kraków,Sales,7504,0,False,junior,2011
4980,Olaf,Pazik,47,Kraków,HR,8537,5,False,mid,2011
4981,Marianna,Stroka,58,Gdańsk,Operations,8057,25,False,mid,2010
4982,Kalina,Rolak,22,Kraków,Marketing,9317,0,False,mid,2015
4983,Róża,Sorbian,64,Łódź,Sales,11213,11,False,mid,2022
4984,Eliza,Kolka,49,Warszawa,HR,11683,11,False,senior,2021
4985,Olgierd,Madejczyk,29,Wrocław,Marketing,9089,7,True,junior,2018
4986,Sara,Kujawiak,35,Kraków,Support,17532,12,False,lead,2025
4987,Mateusz,Krywult,53,Białystok,Operations,6371,28,False,junior,2025
4988,Eliza,Osiadacz,42,Warszawa,HR,6292,1,False,junior,2012
4989,Karol,Kurpisz,38,Poznań,Sales,9546,0,False,mid,2010
4990,Jędrzej,Draus,48,Rzeszów,Sales,17882,2,False,lead,2022
4991,Leon,Witko,47,Gdańsk,Sales,18743,22,False,lead,2014
4992,Stanisław,Gendek,27,Białystok,HR,6097,3,False,junior,2023
4993,Piotr,Bujas,54,Katowice,IT,14307,15,False,senior,2022
4994,Krystian,Lizurej,58,Lublin,HR,13055,23,False,senior,2025
4995,Adam,Uzar,35,Poznań,Sales,16026,5,True,senior,2025
4996,Angelika,Golan,33,Łódź,HR,9081,8,False,mid,2018
4997,Sandra,Rezmer,48,Białystok,IT,10566,23,False,mid,2016
4998,Bianka,Czerniakiewicz,64,Kraków,Operations,9807,25,False,mid,2020
4999,Emil,Calik,47,Kraków,Operations,9304,22,True,junior,2012
5000,Jędrzej,Basista,62,Wrocław,Support,11767,38,False,senior,2011
5001,Mateusz,Michalkiewicz,63,Warszawa,Support,4920,25,False,junior,2021
5002,Konstanty,Gładka,65,Warszawa,Sales,9027,4,False,mid,2019
5003,Liwia,Kuder,54,Katowice,Finance,6300,6,False,junior,2025
5004,Tymon,Gierat,62,Wrocław,Support,5368,40,False,junior,2020
5005,Olga,Hubert,59,Wrocław,Marketing,9421,34,False,mid,2011
5006,Gabriel,Wielgo,52,Łódź,Support,18163,2,False,lead,2013
5007,Inga,Zębik,42,Warszawa,Operations,12203,9,False,senior,2014
5008,Sara,Brachaczek,58,Łódź,IT,8101,15,False,junior,2016
5009,Mieszko,Wielgo,52,Warszawa,IT,8732,26,False,junior,2019
5010,Olga,Wykręt,26,Warszawa,IT,9776,2,False,mid,2018
5011,Konrad,Tyma,33,Wrocław,Marketing,9894,11,False,mid,2012
5012,Emil,Łyskawa,52,Białystok,HR,8135,13,False,mid,2017
5013,Piotr,Zaczyk,45,Łódź,HR,11605,11,False,senior,2023
5014,Józef,Wasiewicz,34,Warszawa,IT,14226,0,False,senior,2017
5015,Hubert,Mazek,37,Poznań,Finance,16925,11,False,lead,2021
5016,Rozalia,Kosno,34,Gdańsk,Finance,13141,5,False,senior,2023
5017,Bruno,Jamroży,55,Poznań,Finance,13814,19,False,senior,2011
5018,Apolonia,Zaborek,51,Poznań,IT,10003,21,True,junior,2021
5019,Fabian,Orszulik,65,Warszawa,Sales,10071,3,False,mid,2021
5020,Cyprian,Taczała,23,Łódź,HR,10506,1,True,mid,2023
5021,Damian,Karpeta,53,Kraków,Sales,16668,31,True,senior,2024
5022,Antoni,Kolman,56,Lublin,Operations,9353,27,False,mid,2017
5023,Rozalia,Gałęza,36,Wrocław,HR,8437,3,False,mid,2016
5024,Robert,Frączkiewicz,52,Warszawa,Operations,13762,18,False,senior,2015
5025,Emil,Holeksa,54,Warszawa,IT,10688,7,False,mid,2016
5026,Kaja,Soroko,57,Rzeszów,IT,6972,31,False,junior,2019
5027,Kamil,Sudnik,22,Warszawa,Sales,16908,0,False,lead,2025
5028,Stanisław,Skocz,63,Gdańsk,HR,9493,36,False,mid,2024
5029,Mariusz,Kuliberda,37,Gdańsk,Marketing,10578,13,False,mid,2013
5030,Dorota,Świstek,60,Katowice,Sales,7392,35,False,junior,2023
5031,Marcel,Witaszek,45,Łódź,Sales,10026,6,False,mid,2021
5032,Marcel,Śliż,63,Kraków,Operations,9036,23,False,mid,2018
5033,Radosław,Kaczmarkiewicz,38,Wrocław,Operations,6388,12,False,junior,2025
5034,Jan,Groń,38,Kraków,Finance,9080,15,False,mid,2017
5035,Natan,Księżak,54,Wrocław,Finance,8833,17,False,mid,2025
5036,Elżbieta,Pera,43,Lublin,Sales,9319,11,False,mid,2015
5037,Ewelina,Usarek,60,Warszawa,IT,10809,2,False,mid,2019
5038,Gaja,Duszkiewicz,44,Wrocław,Sales,10121,3,False,mid,2012
5039,Nataniel,Durlak,58,Białystok,HR,6422,14,False,junior,2013
5040,Ryszard,Pokusa,30,Kraków,Operations,12664,3,True,mid,2020
5041,Anita,Keler,37,Katowice,Operations,9934,6,False,mid,2020
5042,Sebastian,Żelasko,59,Wrocław,Operations,5491,34,False,junior,2022
5043,Albert,Rosołek,22,Katowice,HR,9761,0,False,mid,2014
5044,Witold,Szlęk,52,Białystok,IT,11420,6,False,mid,2024
5045,Arkadiusz,Kusik,36,Poznań,IT,11076,9,False,mid,2023
5046,Janina,Hennig,23,Rzeszów,Sales,10172,1,False,mid,2010
5047,Olgierd,Uziębło,25,Wrocław,IT,8960,2,False,junior,2022
5048,Oskar,Pachla,32,Łódź,Support,12034,9,False,senior,2010
5049,Kaja,Pikula,50,Warszawa,Support,5305,19,False,junior,2024
5050,Klara,Chachuła,55,Wrocław,IT,9821,10,False,mid,2021
5051,Tomasz,Barcz,49,Wrocław,HR,6311,15,False,junior,2015
5052,Kaja,Orpel,39,Łódź,Sales,11065,10,False,mid,2024
5053,Adrian,Teodorowicz,64,Łódź,HR,16791,2,False,lead,2016
5054,Bruno,Hubert,57,Katowice,HR,8081,0,False,mid,2023
5055,Igor,Rudowicz,55,Rzeszów,IT,13598,13,False,senior,2021
5056,Anna Maria,Kościk,27,Wrocław,Finance,13026,1,False,senior,2013
5057,Julianna,Waloch,42,Poznań,Operations,8750,12,False,mid,2025
5058,Eliza,Ficoń,55,Gdańsk,Operations,5457,21,False,junior,2019
5059,Ewa,Miąsik,58,Kraków,IT,11245,10,False,mid,2016
5060,Błażej,Stawczyk,58,Poznań,Sales,18090,2,True,senior,2018
5061,Sonia,Smorąg,65,Lublin,Operations,5506,32,False,junior,2023
5062,Kaja,Wawrzyńczyk,50,Wrocław,HR,6134,5,False,junior,2025
5063,Marika,Wypiór,52,Kraków,Finance,17839,11,False,lead,2019
5064,Urszula,Smolorz,28,Białystok,Marketing,7010,6,False,junior,2025
5065,Miłosz,Goj,64,Warszawa,IT,11683,8,False,mid,2012
5066,Dorota,Pacocha,23,Poznań,IT,15563,1,False,senior,2019
5067,Ada,Niedbał,45,Warszawa,IT,9967,15,False,mid,2010
5068,Róża,Babiuch,40,Katowice,Marketing,9440,2,False,mid,2017
5069,Ida,Ciuruś,29,Poznań,IT,9969,6,False,mid,2012
5070,Liwia,Grygo,43,Wrocław,Finance,9665,20,False,mid,2010
5071,Bruno,Wacław,39,Wrocław,IT,10777,14,False,mid,2020
5072,Lidia,Witas,57,Gdańsk,Sales,7756,19,False,junior,2010
5073,Damian,Waloch,47,Warszawa,Marketing,9460,18,False,mid,2017
5074,Leonard,Piesik,43,Katowice,Operations,10073,13,False,mid,2011
5075,Kalina,Fiedler,65,Wrocław,Sales,14795,14,False,senior,2014
5076,Ignacy,Nyk,32,Katowice,Support,10857,4,True,mid,2017
5077,Anita,Wojciech,37,Katowice,HR,5253,11,False,junior,2018
5078,Maciej,Zinkiewicz,39,Kraków,Sales,8942,13,False,mid,2018
5079,Marcin,Piaścik,44,Rzeszów,Sales,11053,6,False,mid,2023
5080,Mariusz,Teterycz,53,Warszawa,IT,13948,10,False,senior,2024
5081,Mariusz,Kojder,25,Poznań,IT,6973,3,False,junior,2022
5082,Gustaw,Sędek,48,Warszawa,Operations,18234,17,False,lead,2019
5083,Antoni,Miąsko,46,Warszawa,IT,11060,19,True,junior,2018
5084,Julian,Garczarek,42,Wrocław,IT,17957,8,False,lead,2014
5085,Julianna,Niećko,44,Warszawa,Finance,10116,7,False,mid,2015
5086,Franciszek,Głowienka,32,Poznań,Marketing,9465,9,False,mid,2025
5087,Norbert,Golonko,39,Warszawa,Sales,7648,11,False,junior,2013
5088,Ryszard,Maruszczak,51,Warszawa,Marketing,5585,28,False,junior,2023
5089,Grzegorz,Pietrus,24,Białystok,Operations,6034,1,False,junior,2024
5090,Marika,Borczyk,27,Lublin,HR,11259,3,True,mid,2023
5091,Marcel,Łasica,38,Łódź,Sales,19255,9,False,lead,2023
5092,Nataniel,Prucnal,60,Wrocław,IT,15848,18,False,senior,2013
5093,Aleksander,Grycz,36,Wrocław,IT,15486,14,False,senior,2023
5094,Karina,Blaut,30,Katowice,Operations,10433,0,False,mid,2022
5095,Fabian,Organiściak,42,Warszawa,Sales,10790,5,False,mid,2019
5096,Aniela,Gładka,64,Kraków,Marketing,8897,7,False,mid,2023
5097,Natan,Kucewicz,29,Kraków,HR,7853,3,False,mid,2016
5098,Albert,Buchalik,31,Lublin,IT,14003,6,False,senior,2021
5099,Adrian,Stupak,44,Gdańsk,Finance,13982,2,False,senior,2014
5100,Sebastian,Andrejczuk,52,Wrocław,Sales,7891,10,False,junior,2018
5101,Róża,Wawrzeńczyk,63,Łódź,Finance,17119,33,False,lead,2022
5102,Aniela,Małż,34,Łódź,IT,11501,3,False,mid,2013
5103,Adrianna,Szurek,37,Warszawa,IT,11177,4,False,mid,2014
5104,Arkadiusz,Strzyż,50,Wrocław,HR,16875,14,False,lead,2013
5105,Kalina,Księżyk,59,Poznań,Finance,13705,18,False,senior,2014
5106,Jerzy,Gładka,58,Gdańsk,Operations,7002,18,False,junior,2021
5107,Ewa,Matraszek,62,Lublin,Marketing,6874,31,False,junior,2018
5108,Rozalia,Szwaja,60,Kraków,Finance,18298,0,False,lead,2016
5109,Sara,Łupina,33,Wrocław,Support,5545,0,False,junior,2013
5110,Konstanty,Bandyk,52,Kraków,HR,9771,14,False,mid,2017
5111,Dawid,Dzwonnik,34,Kraków,Support,5092,3,False,junior,2010
5112,Leon,Misior,28,Poznań,IT,10053,3,False,mid,2011
5113,Szymon,Mleczek,29,Lublin,Marketing,9696,3,False,mid,2016
5114,Fabian,Zubowicz,26,Katowice,Marketing,10182,0,False,mid,2013
5115,Marcel,Piersa,45,Katowice,Operations,5345,15,False,junior,2010
5116,Melania,Leśko,65,Warszawa,Finance,14056,24,False,senior,2021
5117,Eryk,Jama,25,Rzeszów,Finance,9215,2,False,mid,2014
5118,Rozalia,Wiertelak,41,Gdańsk,IT,10879,15,False,mid,2013
5119,Mikołaj,Behrendt,62,Warszawa,Support,16106,35,False,lead,2017
5120,Angelika,Kral,43,Warszawa,IT,17816,1,False,lead,2020
5121,Lidia,Huszcza,52,Gdańsk,Support,11256,27,True,mid,2012
5122,Kacper,Tułacz,24,Poznań,Finance,18231,2,False,lead,2022
5123,Ewelina,Skotarczak,48,Poznań,Finance,10102,11,True,junior,2015
5124,Kacper,Latek,29,Rzeszów,Sales,7952,4,False,junior,2024
5125,Gabriel,Bryzek,27,Gdańsk,IT,17135,2,True,senior,2010
5126,Elżbieta,Kuska,25,Katowice,Finance,12662,2,False,senior,2025
5127,Karol,Zemanek,22,Białystok,Sales,18136,0,False,lead,2024
5128,Ewelina,Czapiga,61,Lublin,Sales,16489,33,True,senior,2024
5129,Kazimierz,Draus,36,Kraków,IT,7348,8,False,junior,2015
5130,Julianna,Hermanowicz,30,Warszawa,Operations,8459,7,False,mid,2019
5131,Marika,Kurzac,59,Rzeszów,Operations,9506,15,False,mid,2019
5132,Michał,Barłóg,37,Wrocław,HR,9361,2,False,mid,2011
5133,Justyna,Jagieło,25,Lublin,Sales,13904,3,False,senior,2023
5134,Urszula,Słomian,35,Gdańsk,Sales,10235,6,False,mid,2021
5135,Liwia,Sularz,62,Kraków,Support,9910,23,False,mid,2025
5136,Fryderyk,Fidler,45,Katowice,Marketing,7580,1,False,junior,2011
5137,Tomasz,Koral,34,Warszawa,Sales,12729,1,True,mid,2021
5138,Oskar,Ćwirko,59,Warszawa,IT,8035,32,False,junior,2023
5139,Alan,Suchoń,59,Warszawa,IT,6871,26,False,junior,2016
5140,Julian,Molka,35,Lublin,Finance,7069,5,False,junior,2011
5141,Juliusz,Ulrych,65,Rzeszów,Marketing,6782,36,False,junior,2022
5142,Dawid,Golda,36,Warszawa,IT,7139,3,False,junior,2016
5143,Norbert,Ernst,28,Warszawa,Finance,7884,0,False,junior,2019
5144,Alan,Żok,42,Kraków,HR,20845,14,True,lead,2021
5145,Arkadiusz,Bączkiewicz,23,Łódź,IT,10862,0,False,mid,2023
5146,Szymon,Frukacz,50,Gdańsk,IT,14425,25,False,senior,2021
5147,Adam,Babij,60,Katowice,IT,6948,23,False,junior,2017
5148,Tobiasz,Hajda,63,Warszawa,Support,6241,1,False,junior,2025
5149,Alex,Dorociak,28,Kraków,Finance,10880,0,False,mid,2015
5150,Klara,Siwka,34,Wrocław,HR,13875,5,False,senior,2011
5151,Kazimierz,Ryczko,45,Kraków,IT,8520,15,False,junior,2021
5152,Albert,Żabka,32,Kraków,Finance,18646,6,False,lead,2013
5153,Ignacy,Wesoły,47,Kraków,Sales,12264,23,True,mid,2012
5154,Ksawery,Dudała,26,Kraków,IT,8551,2,False,junior,2019
5155,Gaja,Kabza,45,Wrocław,IT,18335,9,False,lead,2024
5156,Marek,Pupek,26,Lublin,HR,11502,3,False,senior,2023
5157,Apolonia,Dzienniak,47,Białystok,HR,11941,19,True,mid,2025
5158,Dorota,Majewicz,22,Białystok,Sales,7819,0,False,junior,2022
5159,Oliwier,Kusio,27,Warszawa,Marketing,8624,3,True,junior,2014
5160,Stanisław,Groth,50,Lublin,Marketing,8559,6,False,mid,2024
5161,Marcelina,Lewek,32,Rzeszów,Sales,18528,0,False,lead,2018
5162,Kalina,Szelest,22,Warszawa,Operations,6299,0,False,junior,2019
5163,Karina,Kozaczuk,30,Łódź,Operations,12608,6,False,senior,2019
5164,Kalina,Dylak,26,Kraków,HR,8740,0,False,mid,2012
5165,Jerzy,Garbaciak,29,Poznań,Operations,13787,4,False,senior,2014
5166,Kacper,Maksym,39,Kraków,Operations,6203,16,False,junior,2014
5167,Bianka,Kabza,26,Poznań,Finance,10947,0,False,mid,2021
5168,Oskar,Wojak,28,Gdańsk,IT,15230,5,False,senior,2022
5169,Dagmara,Narożna,42,Katowice,HR,5271,4,False,junior,2017
5170,Hubert,Wlaźlak,28,Kraków,Operations,15138,3,True,senior,2020
5171,Nicole,Mizgała,63,Łódź,IT,6926,18,False,junior,2017
5172,Adrianna,Tlałka,63,Katowice,Operations,8048,18,False,mid,2025
5173,Nela,Kopciuch,56,Poznań,Sales,10115,2,False,mid,2024
5174,Julian,Ścibior,46,Katowice,Sales,6923,1,False,junior,2013
5175,Rozalia,Rozum,65,Rzeszów,Sales,10841,20,False,mid,2017
5176,Andrzej,Zaczyk,37,Wrocław,Marketing,14693,8,False,senior,2025
5177,Kaja,Hawro,37,Poznań,IT,14975,13,False,senior,2014
5178,Aniela,Kargol,45,Katowice,Marketing,6509,7,False,junior,2011
5179,Jakub,Jamrożek,38,Warszawa,IT,13973,0,False,senior,2020
5180,Marcelina,Grymuza,61,Łódź,HR,11968,25,True,mid,2015
5181,Aleks,Bisaga,58,Katowice,Support,12134,1,True,mid,2025
5182,Leon,Dzienis,58,Poznań,Finance,10131,9,False,mid,2011
5183,Stanisław,Pastuszek,47,Gdańsk,Sales,13115,6,False,senior,2023
5184,Jeremi,Detka,62,Kraków,HR,6061,6,False,junior,2015
5185,Iwo,Nastaj,53,Poznań,Marketing,9812,1,False,mid,2016
5186,Fryderyk,Wojtaszczyk,27,Łódź,IT,7860,0,False,junior,2014
5187,Bruno,Polakiewicz,57,Lublin,IT,14259,9,False,senior,2020
5188,Apolonia,Hornik,46,Kraków,Operations,8877,15,False,mid,2021
5189,Aleksander,Jarema,49,Łódź,Marketing,9269,3,False,mid,2012
5190,Ewelina,Wojtoń,34,Poznań,Marketing,13025,4,False,senior,2020
5191,Krzysztof,Kubiaczyk,63,Poznań,HR,4914,31,False,junior,2019
5192,Dawid,Ciołczyk,31,Warszawa,Finance,10470,0,False,mid,2018
5193,Marcel,Borzych,29,Wrocław,Sales,9387,5,False,mid,2020
5194,Sebastian,Bazela,25,Warszawa,Support,16626,2,False,lead,2010
5195,Dagmara,Aleksander,58,Lublin,Marketing,10689,23,False,mid,2017
5196,Kornelia,Janczarek,47,Warszawa,IT,11358,9,False,mid,2014
5197,Dorota,Dziurdzia,36,Warszawa,Support,11992,8,False,senior,2014
5198,Alex,Związek,59,Kraków,IT,6801,9,False,junior,2017
5199,Cyprian,Kościuszko,63,Warszawa,HR,4681,13,False,junior,2015
5200,Robert,Żołądkiewicz,38,Kraków,Sales,17981,12,False,lead,2013
5201,Aniela,Rogula,32,Łódź,IT,6636,3,False,junior,2025
5202,Andrzej,Łukasiuk,37,Lublin,Sales,15157,10,False,senior,2019
5203,Kazimierz,Larysz,35,Warszawa,Sales,14246,9,False,senior,2024
5204,Nikodem,Bojarczuk,55,Warszawa,IT,11237,13,False,mid,2015
5205,Kornel,Oleszko,30,Poznań,Sales,9656,6,False,mid,2024
5206,Łukasz,Krajniak,26,Kraków,Support,5935,2,False,junior,2018
5207,Jakub,Heleniak,60,Katowice,IT,14319,34,True,mid,2018
5208,Lidia,Bitner,63,Katowice,Sales,16655,28,True,senior,2024
5209,Mateusz,Heczko,25,Wrocław,HR,8763,2,False,mid,2010
5210,Tymoteusz,Trzyna,50,Rzeszów,IT,10958,27,False,mid,2020
5211,Dagmara,Andreasik,63,Lublin,Support,8114,32,False,mid,2013
5212,Marika,Irla,54,Lublin,Sales,10919,1,False,mid,2020
5213,Kamila,Lempart,25,Poznań,Sales,15066,1,False,senior,2015
5214,Maksymilian,Wac,43,Kraków,Finance,10245,16,False,mid,2019
5215,Igor,Głuszko,28,Katowice,IT,15327,2,False,senior,2010
5216,Antoni,Andrukiewicz,46,Białystok,IT,11144,13,False,mid,2016
5217,Sara,Kretek,36,Katowice,IT,6882,1,False,junior,2013
5218,Marcel,Bulak,59,Warszawa,Sales,9267,21,False,mid,2016
5219,Albert,Broniarek,38,Poznań,IT,7380,1,False,junior,2025
5220,Maurycy,Piskor,58,Warszawa,Sales,6008,13,False,junior,2010
5221,Kajetan,Orawiec,40,Warszawa,IT,13247,11,True,mid,2018
5222,Mateusz,Tomaszczyk,50,Kraków,Sales,6798,22,False,junior,2014
5223,Marcelina,Kościołek,45,Wrocław,HR,6981,10,False,junior,2010
5224,Eryk,Gleba,43,Białystok,Finance,9029,7,False,mid,2010
5225,Mateusz,Wójcikiewicz,50,Katowice,IT,19747,5,False,lead,2010
5226,Michał,Krauza,36,Łódź,IT,9904,5,False,mid,2023
5227,Konstanty,Kornek,56,Wrocław,Support,6906,16,False,junior,2012
5228,Maurycy,Chomik,50,Warszawa,Support,6180,8,False,junior,2012
5229,Tomasz,Rozumek,45,Wrocław,Operations,10310,22,False,mid,2015
5230,Emil,Pietrewicz,25,Łódź,Operations,14444,0,False,senior,2017
5231,Borys,Piwek,24,Lublin,Operations,8136,0,True,junior,2021
5232,Anastazja,Sip,62,Gdańsk,IT,10543,34,True,junior,2018
5233,Piotr,Stoch,49,Kraków,Support,11903,11,True,mid,2011
5234,Anastazja,Dyda,23,Kraków,Finance,14077,1,False,senior,2016
5235,Nikodem,Pych,40,Kraków,Finance,17759,17,True,senior,2014
5236,Konrad,Drobot,40,Kraków,Finance,12288,12,True,mid,2011
5237,Ewa,Bereda,52,Warszawa,Support,11137,19,True,mid,2022
5238,Konstanty,Zięcik,44,Wrocław,Sales,14118,5,True,mid,2020
5239,Nela,Stój,60,Warszawa,Support,7989,1,False,mid,2025
5240,Alan,Zaborek,38,Łódź,Sales,10386,2,False,mid,2016
5241,Eryk,Dawidek,28,Rzeszów,IT,7513,5,False,junior,2013
5242,Sylwia,Kretek,59,Warszawa,Finance,8908,29,False,mid,2023
5243,Sylwia,Nikel,54,Kraków,Sales,18868,16,False,lead,2015
5244,Wiktor,Szczypiór,38,Łódź,IT,6775,9,False,junior,2012
5245,Hubert,Karkocha,37,Kraków,Marketing,10219,14,False,mid,2015
5246,Wiktor,Jonczyk,59,Kraków,Sales,13890,29,False,senior,2019
5247,Robert,Nieradko,55,Warszawa,Marketing,7429,19,False,junior,2018
5248,Olaf,Tyma,47,Katowice,IT,15795,7,False,senior,2025
5249,Angelika,Sarosiek,57,Poznań,IT,11455,1,False,mid,2023
5250,Jacek,Zimoląg,38,Wrocław,IT,18106,15,False,lead,2021
5251,Michał,Małyszka,29,Wrocław,Finance,14841,1,False,senior,2024
5252,Ewelina,Pasich,41,Wrocław,Finance,8734,14,False,mid,2012
5253,Iwo,Hanusiak,59,Białystok,IT,10016,7,False,mid,2020
5254,Melania,Hajder,58,Wrocław,Sales,5863,13,False,junior,2021
5255,Agnieszka,Borczyk,48,Kraków,IT,15286,24,False,senior,2016
5256,Marianna,Zdancewicz,59,Łódź,Operations,9955,26,False,mid,2025
5257,Mikołaj,Choina,29,Katowice,Operations,5226,4,False,junior,2014
5258,Kazimierz,Spólnik,45,Warszawa,Finance,6655,23,False,junior,2011
5259,Kalina,Buszka,62,Lublin,HR,8041,39,False,mid,2021
5260,Marcel,Malcharek,46,Kraków,Support,6951,20,False,junior,2018
5261,Eliza,Gwara,44,Łódź,Marketing,13879,10,False,senior,2016
5262,Anastazja,Paprotny,37,Rzeszów,IT,10867,10,False,mid,2010
5263,Eliza,Gemza,58,Katowice,Marketing,18125,21,False,lead,2014
5264,Aleksander,Związek,55,Gdańsk,Marketing,10239,9,False,mid,2011
5265,Artur,Kałek,57,Lublin,Marketing,13946,17,False,senior,2022
5266,Konstanty,Durma,23,Wrocław,Sales,12567,0,True,mid,2024
5267,Ewelina,Śliż,49,Kraków,IT,15957,21,False,senior,2019
5268,Jędrzej,Kusa,34,Warszawa,Sales,9220,11,False,mid,2023
5269,Kamila,Kwarciak,44,Lublin,Finance,9071,7,False,mid,2018
5270,Józef,Chachuła,53,Kraków,Support,9295,6,False,mid,2016
5271,Anita,Smolec,65,Warszawa,Operations,8711,27,False,mid,2020
5272,Szymon,Wojniak,60,Warszawa,Sales,10751,11,False,mid,2011
5273,Artur,Tuzimek,52,Warszawa,Sales,13945,19,True,mid,2012
5274,Kaja,Wziątek,34,Katowice,Operations,12579,3,False,senior,2016
5275,Witold,Kubisz,52,Lublin,Finance,6219,9,False,junior,2018
5276,Leon,Chudoba,61,Warszawa,Marketing,6643,18,False,junior,2013
5277,Fabian,Siedlaczek,29,Kraków,Support,10979,2,True,mid,2013
5278,Patryk,Faryna,56,Rzeszów,Support,9163,9,False,mid,2021
5279,Malwina,Baster,28,Warszawa,IT,9743,0,False,mid,2021
5280,Szymon,Dyja,60,Łódź,Sales,17688,24,False,lead,2019
5281,Józef,Łokietek,34,Łódź,Finance,9675,8,False,mid,2015
5282,Iwo,Kalarus,55,Kraków,Marketing,7452,32,False,junior,2020
5283,Dominik,Winnik,25,Rzeszów,IT,7059,1,False,junior,2012
5284,Tadeusz,Ignatiuk,51,Warszawa,IT,10851,18,True,junior,2021
5285,Mikołaj,Swacha,34,Gdańsk,IT,10750,2,False,mid,2017
5286,Józef,Rosołek,51,Gdańsk,Finance,10913,4,False,mid,2017
5287,Marek,Kupidura,54,Warszawa,IT,15286,17,False,senior,2024
5288,Monika,Szoka,32,Kraków,Operations,8341,8,False,mid,2011
5289,Patryk,Mętel,40,Łódź,Operations,9544,0,False,mid,2022
5290,Adrianna,Bejm,42,Kraków,Marketing,12504,5,False,senior,2011
5291,Marcel,Juszczuk,31,Kraków,Marketing,8618,0,True,junior,2012
5292,Stanisław,Kuciel,30,Łódź,Finance,6237,4,False,junior,2023
5293,Albert,Madzia,45,Warszawa,Sales,10264,14,False,mid,2020
5294,Wiktor,Bruś,23,Wrocław,Support,7824,0,False,mid,2013
5295,Hubert,Łukowicz,42,Wrocław,Operations,8375,16,False,mid,2017
5296,Sara,Bakun,52,Łódź,Marketing,10088,1,False,mid,2018
5297,Emil,Korzeniak,58,Rzeszów,Finance,7546,12,False,junior,2017
5298,Kornelia,Stanisławek,22,Łódź,Marketing,18023,0,False,lead,2016
5299,Paweł,Kuban,51,Gdańsk,Operations,5341,6,False,junior,2010
5300,Adam,Ubysz,28,Kraków,IT,15759,5,False,senior,2015
5301,Mikołaj,Fedak,32,Warszawa,IT,18647,10,True,senior,2022
5302,Fryderyk,Draus,43,Gdańsk,Support,15982,8,True,senior,2012
5303,Patryk,Chromy,39,Łódź,Operations,8341,7,False,mid,2012
5304,Klara,Starzak,57,Warszawa,HR,19793,1,True,lead,2017
5305,Mateusz,Fal,26,Kraków,Support,9364,0,False,mid,2011
5306,Ernest,Franas,31,Katowice,Operations,9122,7,False,mid,2025
5307,Marianna,Boguś,53,Lublin,HR,8861,27,False,mid,2022
5308,Oskar,Boba,31,Warszawa,HR,9141,5,False,mid,2018
5309,Szymon,Karnas,25,Kraków,Marketing,8649,3,False,mid,2025
5310,Eliza,Obst,43,Katowice,IT,13947,8,False,senior,2013
5311,Julianna,Hennig,41,Katowice,Finance,10778,17,False,mid,2010
5312,Dominik,Jędrusiak,26,Katowice,HR,7672,4,False,mid,2015
5313,Bartek,Kastelik,47,Wrocław,Support,12775,15,False,senior,2018
5314,Krzysztof,Cacko,40,Białystok,HR,16567,2,False,lead,2014
5315,Eryk,Blaut,47,Warszawa,Sales,12978,15,False,senior,2012
5316,Hubert,Jajko,43,Łódź,Marketing,5924,3,False,junior,2023
5317,Apolonia,Cybul,54,Rzeszów,Finance,13543,16,False,senior,2012
5318,Maks,Sąsiadek,48,Poznań,HR,7522,23,False,mid,2024
5319,Karina,Bystrek,46,Wrocław,IT,9818,21,False,mid,2018
5320,Sara,Lisik,36,Poznań,Marketing,10114,6,False,mid,2022
5321,Andrzej,Matla,48,Warszawa,HR,4842,23,False,junior,2020
5322,Aleksander,Nieroda,24,Wrocław,IT,15372,0,False,senior,2021
5323,Hubert,Padło,29,Wrocław,Sales,7876,0,False,junior,2019
5324,Janina,Dziarmaga,45,Warszawa,Sales,10775,11,False,mid,2011
5325,Ida,Ładniak,49,Łódź,Sales,9524,13,False,mid,2017
5326,Maurycy,Witoń,41,Kraków,IT,14118,18,False,senior,2013
5327,Janina,Machowicz,45,Warszawa,Finance,9409,5,False,mid,2016
5328,Rozalia,Wykręt,49,Rzeszów,Operations,13145,26,True,mid,2013
5329,Tymon,Chaber,32,Kraków,Sales,13973,10,False,senior,2024
5330,Natasza,Franik,62,Lublin,Support,8071,25,False,mid,2015
5331,Cyprian,Jeske,64,Wrocław,IT,11199,10,False,mid,2013
5332,Leonard,Grochowina,22,Poznań,Marketing,6852,0,False,junior,2015
5333,Eliza,Smagała,25,Wrocław,IT,14880,3,False,senior,2021
5334,Tymon,Żbik,61,Wrocław,Operations,9784,6,False,mid,2023
5335,Marek,Krasa,31,Katowice,HR,8289,9,False,mid,2022
5336,Melania,Sarota,25,Kraków,Operations,12770,1,False,senior,2014
5337,Mikołaj,Midura,25,Lublin,Finance,5580,1,False,junior,2022
5338,Mieszko,Sierota,61,Wrocław,Operations,5836,17,False,junior,2025
5339,Ksawery,Działa,28,Białystok,Sales,13280,6,False,senior,2011
5340,Ksawery,Opalach,25,Kraków,HR,8486,0,False,mid,2017
5341,Krzysztof,Lica,23,Warszawa,Marketing,6896,0,False,junior,2010
5342,Rafał,Grund,56,Wrocław,Sales,13803,31,False,senior,2025
5343,Lidia,Leszcz,45,Kraków,Finance,12708,19,False,senior,2020
5344,Roksana,Kryk,57,Poznań,IT,8863,15,False,junior,2010
5345,Kornel,Dąbal,32,Wrocław,Support,10895,7,True,mid,2020
5346,Elżbieta,Matwiejczyk,62,Warszawa,Sales,14142,3,False,senior,2025
5347,Józef,Pompa,43,Białystok,Sales,12958,9,True,mid,2015
5348,Radosław,Oleksik,53,Warszawa,IT,6510,19,False,junior,2024
5349,Kornel,Budkiewicz,32,Warszawa,Finance,10696,5,False,mid,2021
5350,Paweł,Uziębło,26,Białystok,IT,14535,2,False,senior,2024
5351,Maciej,Drobniak,27,Poznań,Sales,14215,0,False,senior,2010
5352,Borys,Smoter,45,Lublin,Marketing,7373,3,False,junior,2018
5353,Artur,Kurz,27,Katowice,Operations,8090,4,True,junior,2010
5354,Olaf,Kowara,53,Warszawa,HR,7777,16,False,mid,2020
5355,Bruno,Jaremko,49,Lublin,IT,11436,18,False,mid,2023
5356,Karina,Balcewicz,61,Wrocław,Sales,13886,9,False,senior,2024
5357,Kornel,Zawartka,36,Gdańsk,IT,11014,8,False,mid,2015
5358,Albert,Hendzel,35,Rzeszów,Finance,5685,9,False,junior,2024
5359,Blanka,Wiencek,27,Lublin,IT,11997,1,False,mid,2019
5360,Jan,Sip,61,Kraków,Support,8608,5,True,junior,2023
5361,Mateusz,Dybka,46,Warszawa,HR,5933,18,False,junior,2016
5362,Maurycy,Glapiak,27,Katowice,HR,8646,5,False,mid,2021
5363,Dagmara,Kandziora,48,Wrocław,Marketing,12645,17,False,senior,2019
5364,Julian,Łuksza,46,Łódź,Support,6955,22,False,junior,2025
5365,Monika,Wrześniak,48,Rzeszów,Marketing,5232,24,False,junior,2018
5366,Janina,Truchel,31,Warszawa,Sales,6780,3,False,junior,2013
5367,Olgierd,Szymonik,64,Katowice,HR,8128,36,False,mid,2025
5368,Antoni,Sajewicz,23,Katowice,IT,8283,1,False,junior,2022
5369,Konrad,Gogół,49,Warszawa,Sales,8975,16,False,mid,2015
5370,Tymoteusz,Simon,51,Poznań,Finance,10192,10,False,mid,2010
5371,Błażej,Botor,44,Poznań,Sales,18953,6,False,lead,2014
5372,Tymoteusz,Boba,34,Warszawa,Finance,17878,3,True,senior,2015
5373,Bianka,Mrozowicz,40,Gdańsk,Finance,13122,14,True,mid,2014
5374,Kajetan,Kraszkiewicz,28,Łódź,Operations,9695,0,False,mid,2016
5375,Michał,Latuszek,47,Rzeszów,IT,9778,14,False,mid,2023
5376,Błażej,Smętek,56,Wrocław,Operations,7065,24,False,junior,2012
5377,Michał,Trepczyk,32,Kraków,Operations,10229,7,False,mid,2018
5378,Sebastian,Bartłomiejczyk,46,Warszawa,Sales,13641,10,True,mid,2014
5379,Kamil,Gryga,32,Łódź,Sales,8276,10,False,junior,2024
5380,Nikodem,Ścibisz,22,Gdańsk,Sales,5817,0,False,junior,2021
5381,Agnieszka,Szłapa,38,Rzeszów,Sales,20912,8,True,lead,2017
5382,Leonard,Jośko,34,Katowice,Sales,10675,4,False,mid,2014
5383,Mariusz,Węgrzyk,46,Warszawa,Marketing,5321,1,False,junior,2023
5384,Alan,Bylina,49,Kraków,HR,13867,23,False,senior,2025
5385,Justyna,Majzner,62,Warszawa,Sales,6666,19,False,junior,2024
5386,Wiktor,Szynkiewicz,55,Gdańsk,HR,16487,11,False,lead,2024
5387,Julian,Kwapisiewicz,28,Lublin,Sales,9976,1,False,mid,2012
5388,Adrian,Joniak,43,Rzeszów,IT,11300,10,False,mid,2016
5389,Rafał,Zimoląg,26,Rzeszów,IT,14885,2,False,senior,2022
5390,Ewelina,Kulis,30,Gdańsk,Support,8504,4,False,mid,2013
5391,Mariusz,Jędruszczak,53,Łódź,IT,11456,10,False,mid,2023
5392,Marianna,Śledzik,49,Kraków,IT,8633,4,False,junior,2018
5393,Andrzej,Pochopień,47,Katowice,HR,13164,8,False,senior,2022
5394,Julianna,Mikoda,30,Łódź,Sales,10550,1,False,mid,2020
5395,Julita,Pałgan,62,Kraków,Operations,9368,8,False,mid,2023
5396,Krystian,Dworniczak,47,Warszawa,Sales,6463,14,False,junior,2014
5397,Witold,Lesisz,48,Warszawa,Marketing,12264,15,True,mid,2013
5398,Konstanty,Jeżyna,36,Łódź,Support,6901,8,False,junior,2016
5399,Hubert,Kielczyk,37,Lublin,Marketing,13798,4,False,senior,2014
5400,Apolonia,Stempin,31,Kraków,Sales,9564,5,False,mid,2023
5401,Marika,Oślizło,49,Wrocław,Finance,7771,2,False,junior,2011
5402,Maksymilian,Chłąd,57,Łódź,IT,8874,19,False,junior,2015
5403,Natasza,Siedlik,48,Gdańsk,IT,9714,4,False,mid,2012
5404,Wiktor,Klinkosz,31,Kraków,Finance,10898,6,False,mid,2023
5405,Apolonia,Bąkiewicz,26,Warszawa,Support,10892,2,True,mid,2013
5406,Apolonia,Pleśniak,49,Łódź,Operations,9273,12,False,mid,2017
5407,Sonia,Madziar,24,Lublin,Operations,5533,0,False,junior,2025
5408,Marcelina,Komsta,41,Warszawa,Sales,13334,5,False,senior,2020
5409,Kazimierz,Kamieniak,64,Białystok,Finance,9308,35,False,mid,2011
5410,Mariusz,Okła,53,Wrocław,Finance,7137,12,False,junior,2013
5411,Karina,Kajak,24,Gdańsk,Marketing,8469,2,False,mid,2013
5412,Anastazja,Kuk,53,Białystok,IT,6637,5,False,junior,2010
5413,Cezary,Galon,48,Rzeszów,Support,5753,8,False,junior,2017
5414,Blanka,Wojsław,41,Katowice,Finance,10265,18,False,mid,2021
5415,Janina,Foremniak,25,Kraków,Operations,17078,2,False,lead,2012
5416,Piotr,Magier,27,Poznań,Marketing,5987,3,False,junior,2025
5417,Borys,Cheba,43,Białystok,Sales,9567,11,False,mid,2011
5418,Ksawery,Terka,38,Lublin,IT,11668,2,False,mid,2015
5419,Marek,Tylman,36,Warszawa,Support,12646,0,False,senior,2010
5420,Przemysław,Kohut,64,Rzeszów,Sales,9943,15,False,mid,2019
5421,Kaja,Kobel,63,Katowice,Support,5966,18,False,junior,2021
5422,Albert,Szałata,65,Rzeszów,Support,8856,29,False,mid,2011
5423,Damian,Miecznik,40,Warszawa,Sales,17922,15,False,lead,2025
5424,Mariusz,Kik,31,Katowice,IT,8179,8,False,junior,2024
5425,Krystyna,Więckiewicz,62,Gdańsk,Finance,6211,4,False,junior,2015
5426,Łukasz,Kajdas,59,Wrocław,HR,6559,36,False,junior,2014
5427,Karol,Erdmann,49,Rzeszów,Finance,9237,11,False,mid,2019
5428,Sara,Madziar,55,Gdańsk,Finance,5862,4,False,junior,2021
5429,Maks,Bastek,55,Łódź,Finance,5979,16,False,junior,2014
5430,Janina,Saternus,36,Kraków,IT,6609,4,False,junior,2010
5431,Roksana,Wilkos,48,Białystok,IT,7697,20,False,junior,2017
5432,Natan,Sereda,42,Katowice,Support,7784,14,False,mid,2025
5433,Aniela,Celuch,35,Warszawa,Sales,16212,11,True,senior,2012
5434,Kornelia,Mytych,33,Warszawa,Support,9008,6,False,mid,2018
5435,Leonard,Ślipek,38,Poznań,IT,19366,15,False,lead,2011
5436,Sonia,Zaucha,53,Warszawa,IT,9581,3,False,mid,2022
5437,Jeremi,Pietraś,30,Warszawa,Finance,9328,6,False,mid,2014
5438,Szymon,Wierzchoń,49,Warszawa,Marketing,8415,10,False,mid,2018
5439,Sara,Duszkiewicz,53,Gdańsk,Operations,8989,2,False,mid,2024
5440,Błażej,Buś,60,Łódź,IT,10281,33,False,mid,2023
5441,Igor,Moj,34,Warszawa,Sales,9896,6,False,mid,2013
5442,Karol,Gumienny,65,Kraków,Sales,11129,37,False,mid,2014
5443,Nela,Przekop,55,Warszawa,Sales,13241,10,True,mid,2013
5444,Inga,Zawiasa,42,Kraków,Sales,15025,19,False,senior,2025
5445,Maksymilian,Martyn,28,Katowice,IT,11326,2,False,mid,2017
5446,Jacek,Mądrzak,26,Lublin,HR,7760,1,False,mid,2023
5447,Oskar,Szynkiewicz,28,Wrocław,IT,12583,6,True,mid,2010
5448,Wojciech,Kuchciak,24,Wrocław,Marketing,9661,0,False,mid,2024
5449,Piotr,Szatko,25,Gdańsk,Support,7918,0,False,mid,2023
5450,Ksawery,Miotke,34,Warszawa,Support,9269,1,False,mid,2016
5451,Konrad,Rajch,32,Gdańsk,Operations,10039,8,False,mid,2019
5452,Kornel,Supeł,65,Warszawa,Support,13648,24,False,senior,2020
5453,Emil,Skup,34,Lublin,IT,7345,1,False,junior,2025
5454,Jacek,Ciuła,30,Wrocław,IT,13727,0,True,mid,2018
5455,Sebastian,Niewola,63,Katowice,IT,8038,38,False,junior,2018
5456,Inga,Kasica,42,Katowice,Marketing,17276,18,False,lead,2016
5457,Mateusz,Borejko,57,Gdańsk,Support,6719,17,False,junior,2024
5458,Radosław,Ziętal,64,Wrocław,Support,13395,4,False,senior,2020
5459,Mieszko,Pawlos,22,Łódź,Operations,5363,0,False,junior,2013
5460,Olga,Lejk,23,Poznań,Finance,7453,0,False,junior,2021
5461,Elżbieta,Ropiak,59,Lublin,Finance,5816,6,False,junior,2023
5462,Bartek,Macha,47,Wrocław,IT,13863,23,True,mid,2011
5463,Ida,Krenc,39,Warszawa,IT,8106,7,False,junior,2021
5464,Krystian,Jaracz,43,Kraków,Finance,10117,14,False,mid,2021
5465,Ewa,Mądrzak,51,Warszawa,Sales,7032,28,False,junior,2012
5466,Olaf,Kuziora,25,Poznań,Sales,6422,2,False,junior,2017
5467,Nikodem,Dudziec,37,Kraków,Operations,8761,1,False,mid,2013
5468,Jerzy,Wisz,41,Lublin,Operations,9369,15,False,mid,2017
5469,Julianna,Drgas,51,Katowice,HR,12713,7,False,senior,2015
5470,Bianka,Ropiak,56,Łódź,IT,19211,0,False,lead,2014
5471,Roksana,Piechna,59,Gdańsk,Sales,9030,12,True,junior,2025
5472,Marcelina,Ignatiuk,29,Warszawa,Sales,10682,0,False,mid,2011
5473,Karol,Rudzik,43,Warszawa,Finance,7422,18,False,junior,2024
5474,Rafał,Roszkiewicz,60,Warszawa,Sales,10615,27,False,mid,2011
5475,Urszula,Kansy,58,Poznań,HR,7783,24,False,mid,2014
5476,Monika,Chyb,31,Poznań,IT,15507,9,False,senior,2019
5477,Dagmara,Dziadkowiec,52,Poznań,Support,12587,14,False,senior,2024
5478,Mariusz,Gajzler,44,Poznań,Finance,9224,19,False,mid,2024
5479,Aurelia,Czerniakiewicz,38,Łódź,IT,6646,16,False,junior,2024
5480,Hubert,Raczkiewicz,26,Lublin,Sales,6273,2,False,junior,2016
5481,Mateusz,Wietecha,35,Warszawa,Marketing,12541,6,True,mid,2022
5482,Maks,Boba,50,Rzeszów,HR,13690,24,False,senior,2015
5483,Artur,Kudela,40,Gdańsk,Operations,8487,12,False,mid,2017
5484,Kaja,Rychcik,50,Kraków,Sales,9486,2,False,mid,2016
5485,Olga,Husak,64,Gdańsk,Sales,11006,6,False,mid,2012
5486,Julita,Wijata,36,Lublin,IT,16805,1,True,senior,2017
5487,Arkadiusz,Miksza,46,Warszawa,Support,12944,18,False,senior,2023
5488,Michał,Ankiewicz,41,Warszawa,HR,7765,9,False,mid,2020
5489,Filip,Gajzler,28,Gdańsk,Support,14012,4,False,senior,2012
5490,Marcin,Skierka,62,Łódź,Finance,10943,4,False,mid,2011
5491,Nicole,Zontek,23,Warszawa,Finance,16797,1,False,lead,2019
5492,Anita,Maślach,41,Gdańsk,Operations,8421,2,False,mid,2025
5493,Kamila,Czubaszek,51,Gdańsk,IT,11420,21,True,junior,2011
5494,Gabriel,Suszka,57,Poznań,Support,8847,1,False,mid,2010
5495,Wiktor,Gomoła,38,Łódź,Support,9683,15,False,mid,2015
5496,Ernest,Kulisz,40,Warszawa,IT,11629,0,True,junior,2023
5497,Lidia,Siekierka,27,Gdańsk,Finance,9770,3,False,mid,2019
5498,Kornel,Trojanek,62,Łódź,IT,10918,29,False,mid,2016
5499,Aniela,Luberda,33,Gdańsk,IT,8152,5,False,junior,2017
5500,Emil,Gruszczyk,35,Lublin,Support,17691,4,False,lead,2025
5501,Alan,Piłka,25,Lublin,IT,10461,2,False,mid,2021
5502,Bianka,Nagórka,45,Kraków,Sales,6787,8,False,junior,2010
5503,Filip,Rajczak,29,Lublin,Sales,9208,1,False,mid,2021
5504,Marika,Hejduk,28,Katowice,Finance,9517,1,False,mid,2015
5505,Daniel,Sajewicz,35,Poznań,IT,9980,7,False,mid,2024
5506,Krzysztof,Durys,42,Warszawa,Support,12841,5,False,senior,2017
5507,Ryszard,Zagrodnik,38,Warszawa,HR,6859,4,False,junior,2023
5508,Jerzy,Jeske,42,Warszawa,IT,6577,13,False,junior,2010
5509,Anna Maria,Miśko,48,Łódź,Operations,5181,22,False,junior,2019
5510,Agnieszka,Misztela,55,Kraków,Sales,9452,10,False,mid,2022
5511,Leonard,Pietraszkiewicz,33,Poznań,Marketing,14050,5,False,senior,2010
5512,Mateusz,Nazar,49,Gdańsk,Operations,5891,24,False,junior,2022
5513,Arkadiusz,Magryta,23,Poznań,Operations,8588,0,False,mid,2016
5514,Klara,Palak,64,Rzeszów,Finance,19845,5,True,lead,2021
5515,Damian,Kurnik,34,Wrocław,IT,10731,2,False,mid,2013
5516,Adrian,Heinrich,40,Kraków,Finance,10586,14,False,mid,2023
5517,Sandra,Wajer,35,Kraków,Finance,10700,11,False,mid,2025
5518,Krzysztof,Kiwior,22,Łódź,Operations,12754,0,False,senior,2012
5519,Gabriel,Zatoń,33,Katowice,IT,8098,11,False,junior,2020
5520,Gabriel,Laszczyk,50,Lublin,Marketing,13793,22,False,senior,2018
5521,Kornelia,Filusz,40,Gdańsk,Support,5392,10,False,junior,2014
5522,Lidia,Szuta,22,Katowice,Operations,12538,0,False,senior,2022
5523,Aurelia,Kędziorek,29,Wrocław,Sales,10340,3,False,mid,2011
5524,Julianna,Naczk,49,Łódź,Sales,9104,18,False,mid,2011
5525,Nela,Sobieszczyk,46,Warszawa,Marketing,12489,21,False,senior,2022
5526,Róża,Kucharz,31,Łódź,IT,11485,9,False,mid,2021
5527,Ksawery,Piszcz,53,Kraków,Marketing,13675,6,False,senior,2022
5528,Julian,Kuśnierek,60,Łódź,Finance,8641,21,False,mid,2022
5529,Wiktor,Madajczyk,61,Warszawa,IT,8885,19,False,junior,2010
5530,Blanka,Węgrzynek,65,Katowice,Sales,12927,35,False,senior,2012
5531,Witold,Matacz,27,Kraków,Marketing,9036,0,False,mid,2022
5532,Kornel,Zięcik,23,Wrocław,IT,15787,0,False,senior,2019
5533,Marika,Tryka,38,Lublin,IT,10312,8,True,junior,2015
5534,Marcelina,Burnat,49,Łódź,Support,12570,27,False,senior,2017
5535,Maciej,Wojtarowicz,26,Białystok,IT,8599,4,False,junior,2019
5536,Tomasz,Nowrot,37,Rzeszów,Sales,14339,1,False,senior,2018
5537,Agnieszka,Wysota,33,Gdańsk,Support,12852,1,True,mid,2025
5538,Radosław,Palak,39,Warszawa,Support,5129,14,False,junior,2013
5539,Tymoteusz,Gordon,32,Łódź,HR,10734,6,True,mid,2014
5540,Witold,Wierzchoń,65,Warszawa,Sales,5869,13,False,junior,2019
5541,Kornelia,Wasilewicz,33,Warszawa,Operations,7258,11,False,junior,2012
5542,Ernest,Krzyśków,27,Lublin,IT,10571,4,False,mid,2013
5543,Grzegorz,Mironiuk,46,Wrocław,Operations,10320,11,True,junior,2013
5544,Nicole,Armata,22,Białystok,IT,6784,0,False,junior,2024
5545,Kamila,Mironiuk,60,Warszawa,Finance,13139,11,False,senior,2016
5546,Aleksander,Dudała,56,Łódź,Support,7017,1,False,junior,2012
5547,Damian,Gul,60,Lublin,Marketing,6787,19,False,junior,2012
5548,Julita,Siemion,37,Wrocław,IT,6648,12,False,junior,2019
5549,Krzysztof,Nawrotek,45,Gdańsk,Sales,9638,1,False,mid,2021
5550,Przemysław,Kołtuniak,36,Wrocław,IT,18267,3,False,lead,2023
5551,Klara,Stupak,30,Warszawa,Operations,17547,5,False,lead,2013
5552,Bianka,Hajduga,53,Białystok,Marketing,6584,15,False,junior,2013
5553,Leonard,Flaga,35,Warszawa,Finance,10902,3,False,mid,2014
5554,Paweł,Jonik,40,Warszawa,Operations,9718,0,False,mid,2023
5555,Arkadiusz,Wyroba,43,Warszawa,Operations,7119,7,False,junior,2021
5556,Aniela,Świtaj,52,Gdańsk,Sales,5879,8,False,junior,2010
5557,Iwo,Działo,23,Warszawa,Finance,5878,1,False,junior,2019
5558,Dorota,Seta,49,Warszawa,Finance,8572,16,True,junior,2017
5559,Marcelina,Hejduk,58,Białystok,Finance,14592,16,False,senior,2019
5560,Wojciech,Naumiuk,46,Warszawa,IT,11948,23,True,junior,2010
5561,Marcelina,Czubaszek,30,Warszawa,Support,9839,3,True,junior,2010
5562,Cyprian,Karkocha,47,Gdańsk,Operations,5132,23,False,junior,2024
5563,Blanka,Kiepas,43,Katowice,Support,17590,3,False,lead,2025
5564,Eryk,Pilich,62,Kraków,IT,14153,22,False,senior,2014
5565,Piotr,Pesta,65,Gdańsk,HR,17974,40,False,lead,2023
5566,Iwo,Koral,44,Katowice,Sales,10844,13,False,mid,2015
5567,Łukasz,Loska,22,Kraków,Support,13691,0,False,senior,2012
5568,Marcelina,Jaszcz,23,Łódź,IT,10709,0,False,mid,2012
5569,Marcelina,Gajdzik,38,Łódź,Marketing,12671,9,False,senior,2024
5570,Karol,Elert,40,Lublin,Finance,5562,10,False,junior,2011
5571,Andrzej,Feliniak,25,Białystok,Support,9133,1,False,mid,2019
5572,Monika,Chwedoruk,52,Wrocław,Support,17539,6,False,lead,2014
5573,Natasza,Kajstura,59,Gdańsk,IT,6601,16,False,junior,2015
5574,Konstanty,Skocz,38,Poznań,HR,5717,10,False,junior,2024
5575,Miłosz,Forma,24,Wrocław,Finance,15742,0,True,senior,2023
5576,Kacper,Błażejak,22,Warszawa,HR,4828,0,False,junior,2016
5577,Oskar,Wojtalik,38,Warszawa,IT,14859,2,True,mid,2021
5578,Gustaw,Lato,41,Kraków,IT,11339,2,False,mid,2011
5579,Ewelina,Szczepan,44,Warszawa,IT,7336,17,False,junior,2016
5580,Kamila,Moroń,61,Białystok,IT,11724,25,False,mid,2015
5581,Igor,Pastuła,59,Rzeszów,Finance,11749,27,True,mid,2022
5582,Mateusz,Nytko,40,Wrocław,Support,5763,12,False,junior,2024
5583,Jeremi,Poleszak,57,Kraków,IT,10945,22,False,mid,2011
5584,Monika,Gabara,65,Rzeszów,Support,10049,4,False,mid,2014
5585,Kajetan,Betlej,44,Lublin,Sales,14569,14,False,senior,2013
5586,Filip,Troka,22,Gdańsk,Marketing,12176,0,True,mid,2014
5587,Ewelina,Kuncewicz,42,Kraków,Support,6918,10,False,junior,2023
5588,Sara,Pitala,43,Katowice,IT,8667,18,False,junior,2011
5589,Franciszek,Mateńko,44,Warszawa,Sales,8974,5,False,mid,2020
5590,Angelika,Zdancewicz,34,Poznań,Operations,18217,0,False,lead,2017
5591,Paweł,Szwiec,25,Poznań,IT,11444,1,False,mid,2024
5592,Norbert,Lada,47,Łódź,IT,7003,18,False,junior,2010
5593,Mikołaj,Ciarka,43,Lublin,Sales,17249,0,True,senior,2025
5594,Jan,Wejman,40,Łódź,IT,9976,9,False,mid,2019
5595,Albert,Cymbała,37,Poznań,Sales,13276,14,False,senior,2020
5596,Ksawery,Breguła,45,Gdańsk,Sales,9469,13,False,mid,2022
5597,Mariusz,Kamieniarz,33,Warszawa,Sales,9883,11,False,mid,2017
5598,Ksawery,Walo,53,Lublin,Sales,5965,2,False,junior,2020
5599,Kacper,Niećko,48,Łódź,Support,12787,12,False,senior,2012
5600,Antoni,Lejman,65,Warszawa,Finance,9444,14,False,mid,2014
5601,Natan,Kajstura,58,Katowice,Sales,10567,32,False,mid,2011
5602,Eryk,Malcharek,44,Warszawa,Operations,6097,20,False,junior,2015
5603,Wiktor,Warmuz,37,Wrocław,Marketing,13221,13,False,senior,2011
5604,Patryk,Solis,26,Poznań,HR,16271,1,False,lead,2021
5605,Leon,Gałach,65,Katowice,Marketing,12709,30,False,senior,2012
5606,Leon,Sych,28,Wrocław,Support,17523,5,False,lead,2016
5607,Urszula,Rut,38,Lublin,Marketing,9478,14,False,mid,2013
5608,Dominik,Dorynek,39,Katowice,Finance,17294,10,False,lead,2012
5609,Arkadiusz,Kolber,63,Poznań,HR,13148,6,False,senior,2017
5610,Melania,Chojna,52,Warszawa,Operations,14475,20,False,senior,2018
5611,Rafał,Siatka,36,Warszawa,Sales,7877,8,False,junior,2013
5612,Nikodem,Dusik,47,Warszawa,Sales,20883,11,True,lead,2012
5613,Ewa,Barankiewicz,54,Łódź,HR,12256,2,False,senior,2015
5614,Ignacy,Gosek,49,Kraków,Finance,10732,2,False,mid,2024
5615,Bruno,Łuc,35,Lublin,IT,13883,12,False,senior,2012
5616,Maurycy,Szaj,34,Katowice,Sales,16828,7,False,lead,2019
5617,Tymoteusz,Kurzak,43,Warszawa,Operations,8941,0,False,mid,2018
5618,Blanka,Kala,58,Wrocław,Sales,9557,7,False,mid,2025
5619,Jędrzej,Rykała,34,Wrocław,Operations,8957,8,False,mid,2025
5620,Tobiasz,Piegza,63,Warszawa,Sales,15087,8,False,senior,2013
5621,Róża,Gabryel,57,Białystok,Marketing,10263,4,False,mid,2017
5622,Wiktor,Pieczarka,24,Wrocław,IT,10476,0,True,junior,2017
5623,Konstanty,Fijałek,54,Łódź,Marketing,5254,19,False,junior,2014
5624,Leonard,Szymonik,54,Rzeszów,Sales,9827,31,False,mid,2012
5625,Krzysztof,Kozieja,22,Kraków,IT,9805,0,False,mid,2015
5626,Przemysław,Podsiedlik,55,Wrocław,Sales,11012,32,False,mid,2020
5627,Emil,Biesaga,62,Katowice,IT,7135,36,False,junior,2015
5628,Sonia,Dziedzina,50,Warszawa,Finance,18931,20,False,lead,2020
5629,Julita,Lenc,37,Łódź,IT,10214,13,False,mid,2011
5630,Nicole,Niemczuk,50,Lublin,Finance,8850,5,False,mid,2020
5631,Iwo,Grzelczyk,49,Lublin,Operations,12212,25,False,senior,2022
5632,Arkadiusz,Goworek,53,Gdańsk,Finance,8846,1,True,junior,2018
5633,Tobiasz,Gebauer,26,Rzeszów,HR,8149,1,False,mid,2011
5634,Łukasz,Kloska,57,Warszawa,Sales,14150,12,False,senior,2022
5635,Tymoteusz,Kasiak,33,Poznań,Support,11987,3,False,senior,2025
5636,Alex,Kielczyk,36,Katowice,Finance,14203,12,False,senior,2016
5637,Karina,Prucnal,61,Łódź,Finance,10884,21,False,mid,2011
5638,Józef,Boś,49,Kraków,Marketing,13228,11,False,senior,2017
5639,Janina,Śliż,48,Kraków,IT,19021,12,False,lead,2023
5640,Fryderyk,Łusiak,27,Warszawa,Sales,7831,4,False,junior,2021
5641,Jerzy,Pich,58,Kraków,HR,7801,8,False,mid,2016
5642,Julianna,Osojca,50,Lublin,Support,9245,9,False,mid,2011
5643,Bartek,Wujek,40,Kraków,IT,8097,4,False,junior,2025
5644,Michał,Małas,62,Rzeszów,Operations,6363,3,False,junior,2012
5645,Marcel,Fiołka,47,Warszawa,IT,7353,24,False,junior,2015
5646,Marek,Meissner,59,Lublin,Sales,5926,18,False,junior,2019
5647,Marianna,Świć,35,Gdańsk,Finance,7748,7,False,junior,2010
5648,Andrzej,Boryczko,54,Lublin,IT,9916,24,False,mid,2024
5649,Maksymilian,Jędruch,22,Katowice,IT,13827,0,False,senior,2017
5650,Sebastian,Ludwiniak,30,Łódź,Operations,5743,4,False,junior,2021
5651,Sonia,Półchłopek,24,Wrocław,Finance,14444,0,False,senior,2019
5652,Ksawery,Miodek,55,Warszawa,IT,11529,24,True,junior,2010
5653,Albert,Turlej,43,Białystok,Support,6843,12,False,junior,2019
5654,Piotr,Lemke,29,Warszawa,IT,11054,0,False,mid,2013
5655,Sara,Huczko,48,Warszawa,HR,9304,25,False,mid,2022
5656,Kornel,Dąbrowicz,47,Warszawa,HR,13960,0,False,senior,2024
5657,Konstanty,Siergiej,59,Kraków,IT,11085,5,False,mid,2024
5658,Maciej,Horbacz,43,Katowice,HR,9074,14,False,mid,2016
5659,Urszula,Skolik,39,Wrocław,IT,10144,5,False,mid,2019
5660,Stefan,Podgórna,60,Gdańsk,Finance,19972,37,True,lead,2024
5661,Szymon,Guźniczak,42,Kraków,HR,12216,16,True,mid,2017
5662,Kornel,Żołna,41,Kraków,IT,9995,16,False,mid,2017
5663,Andrzej,Zagrodnik,50,Warszawa,Marketing,6053,19,False,junior,2010
5664,Rozalia,Piórek,60,Białystok,IT,7308,18,False,junior,2018
5665,Witold,Hołysz,42,Gdańsk,Sales,14747,10,False,senior,2015
5666,Borys,Nędzi,43,Lublin,Marketing,9222,12,False,mid,2011
5667,Fryderyk,Orszulik,46,Wrocław,Finance,6311,20,False,junior,2024
5668,Kazimierz,Frycz,26,Katowice,HR,6489,2,False,junior,2024
5669,Sara,Zontek,52,Poznań,Finance,9326,30,False,mid,2014
5670,Jan,Kijanka,30,Wrocław,IT,18227,4,True,senior,2025
5671,Marika,Miśko,42,Gdańsk,IT,15977,10,False,senior,2019
5672,Eryk,Solarek,43,Białystok,Sales,9937,8,False,mid,2019
5673,Julian,Walencik,35,Poznań,Finance,18153,8,False,lead,2018
5674,Hubert,Oleksiewicz,29,Wrocław,HR,9246,3,False,mid,2022
5675,Tymoteusz,Dyja,60,Poznań,Finance,8822,0,False,mid,2019
5676,Krystyna,Tyniec,29,Warszawa,Marketing,10698,3,False,mid,2011
5677,Gabriel,Księżak,65,Kraków,HR,13354,18,False,senior,2014
5678,Dorota,Kiedrowicz,45,Łódź,Sales,6049,9,False,junior,2020
5679,Marianna,Bazela,38,Warszawa,Sales,14669,14,False,senior,2020
5680,Roksana,Szpara,27,Warszawa,HR,5479,4,False,junior,2024
5681,Leon,Calik,56,Białystok,IT,19643,10,False,lead,2013
5682,Konrad,Dreszer,65,Łódź,Sales,8801,1,False,mid,2025
5683,Kaja,Ambrozik,44,Gdańsk,Marketing,7660,0,False,junior,2015
5684,Witold,Krzywoń,42,Wrocław,Sales,18758,12,False,lead,2019
5685,Stefan,Winek,65,Warszawa,Support,11974,25,False,senior,2022
5686,Adrianna,Wyrwich,33,Wrocław,Marketing,8486,6,False,mid,2022
5687,Ksawery,Borysiuk,36,Gdańsk,IT,7490,12,False,junior,2010
5688,Karina,Kwinta,34,Wrocław,HR,13612,2,False,senior,2023
5689,Olgierd,Gryta,41,Wrocław,Finance,10822,0,False,mid,2025
5690,Albert,Szczechowicz,50,Kraków,HR,12517,0,False,senior,2018
5691,Natasza,Krzyszczak,58,Warszawa,Marketing,5398,21,False,junior,2011
5692,Kaja,Soroko,26,Gdańsk,Operations,12669,1,False,senior,2010
5693,Kornelia,Parkitna,23,Kraków,Operations,13183,0,False,senior,2021
5694,Marcin,Niesporek,47,Wrocław,IT,11962,16,False,mid,2015
5695,Karina,Danilczuk,35,Białystok,IT,7615,3,False,junior,2013
5696,Fryderyk,Gerlach,42,Poznań,HR,9393,20,False,mid,2023
5697,Karol,Gemza,55,Warszawa,Operations,18337,26,False,lead,2016
5698,Radosław,Kastelik,37,Kraków,Support,5333,7,False,junior,2010
5699,Julita,Fijak,27,Katowice,Finance,5843,4,False,junior,2023
5700,Bianka,Hajdasz,64,Lublin,Support,11917,11,False,senior,2023
5701,Tymoteusz,Fidler,40,Warszawa,HR,6494,2,False,junior,2017
5702,Fryderyk,Roj,64,Wrocław,IT,11253,11,False,mid,2021
5703,Norbert,Fal,45,Warszawa,Operations,8902,9,False,mid,2018
5704,Ryszard,Strug,48,Wrocław,HR,12965,14,True,mid,2015
5705,Melania,Kudlak,54,Łódź,Operations,13391,7,False,senior,2018
5706,Karina,Bereś,33,Rzeszów,Finance,10682,5,False,mid,2023
5707,Józef,Engel,63,Rzeszów,IT,11575,0,False,mid,2019
5708,Natasza,Mysiak,51,Warszawa,Marketing,8377,25,False,mid,2024
5709,Marcin,Darul,65,Poznań,Marketing,13394,17,True,mid,2014
5710,Jan,Fikus,64,Kraków,Support,6410,16,False,junior,2021
5711,Nela,Włodyka,26,Gdańsk,Marketing,5645,1,False,junior,2013
5712,Mariusz,Szyba,61,Wrocław,Sales,13776,22,False,senior,2010
5713,Olga,Bieszke,36,Kraków,HR,9940,1,False,mid,2018
5714,Ewa,Maras,39,Łódź,HR,12893,4,True,mid,2015
5715,Mariusz,Biernacik,35,Białystok,IT,11533,1,False,mid,2017
5716,Marika,Stryjek,22,Gdańsk,Operations,9112,0,False,mid,2016
5717,Julianna,Łyczak,33,Lublin,IT,10992,11,False,mid,2021
5718,Kalina,Mielke,44,Lublin,HR,13075,12,False,senior,2021
5719,Piotr,Kołton,50,Lublin,Operations,10467,17,False,mid,2019
5720,Ernest,Pera,35,Łódź,IT,8582,1,False,junior,2021
5721,Miłosz,Kiryluk,50,Białystok,Operations,8061,17,False,mid,2020
5722,Justyna,Micał,52,Lublin,IT,14313,5,False,senior,2010
5723,Nataniel,Karmelita,65,Gdańsk,Operations,10410,4,False,mid,2019
5724,Marika,Krzysztoszek,47,Łódź,IT,14697,24,False,senior,2020
5725,Leonard,Pryk,48,Łódź,Finance,9356,5,False,mid,2015
5726,Adam,Semenowicz,50,Katowice,Sales,18651,3,False,lead,2020
5727,Ernest,Saran,25,Warszawa,HR,8019,0,False,mid,2011
5728,Witold,Brózda,38,Gdańsk,IT,14677,12,False,senior,2016
5729,Malwina,Klucznik,59,Lublin,Support,9727,1,False,mid,2016
5730,Olgierd,Goworek,61,Kraków,Operations,6101,10,False,junior,2010
5731,Antoni,Brachaczek,65,Warszawa,Sales,5801,30,False,junior,2013
5732,Tymon,Jakiel,26,Warszawa,Finance,8000,1,False,junior,2012
5733,Agnieszka,Furmankiewicz,47,Kraków,IT,15106,19,False,senior,2023
5734,Tymon,Litwińczuk,64,Warszawa,IT,7400,26,False,junior,2021
5735,Witold,Smela,33,Wrocław,Support,9927,7,False,mid,2017
5736,Elżbieta,Dobosiewicz,28,Katowice,IT,17808,5,False,lead,2022
5737,Miłosz,Wika,27,Warszawa,IT,15829,5,False,senior,2011
5738,Oliwier,Stypka,25,Katowice,Finance,6596,3,False,junior,2016
5739,Tomasz,Kukier,24,Katowice,IT,10463,2,False,mid,2013
5740,Ernest,Kaliciak,47,Warszawa,Support,5732,15,False,junior,2018
5741,Julianna,Hyży,52,Warszawa,Finance,6470,3,False,junior,2025
5742,Eliza,Walus,51,Gdańsk,IT,9982,16,False,mid,2011
5743,Kaja,Krzywonos,25,Gdańsk,Sales,7983,3,False,junior,2011
5744,Marianna,Rzeszutko,28,Warszawa,HR,6404,5,False,junior,2023
5745,Emil,Gustaw,43,Wrocław,Finance,9422,17,False,mid,2017
5746,Ewelina,Machul,47,Łódź,Sales,9944,20,False,mid,2025
5747,Fryderyk,Kabza,60,Warszawa,Sales,15191,5,False,senior,2016
5748,Norbert,Daniec,52,Łódź,Finance,5676,16,False,junior,2010
5749,Klara,Dyrek,40,Warszawa,Operations,17230,10,True,senior,2015
5750,Dawid,Gieroń,23,Warszawa,IT,15419,1,False,senior,2021
5751,Anita,Parzonka,43,Warszawa,Marketing,9390,8,False,mid,2012
5752,Mieszko,Nocek,49,Kraków,IT,10077,6,False,mid,2016
5753,Julian,Paściak,25,Kraków,IT,14217,1,False,senior,2022
5754,Nikodem,Kozok,36,Warszawa,Marketing,9257,10,True,junior,2010
5755,Ewa,Łachacz,56,Lublin,IT,15004,32,False,senior,2010
5756,Norbert,Anders,41,Kraków,Finance,14402,9,False,senior,2025
5757,Alan,Rozumek,30,Wrocław,Marketing,5203,1,False,junior,2013
5758,Marika,Iwańczyk,64,Białystok,Support,16227,29,False,lead,2012
5759,Patryk,Miśko,43,Poznań,Operations,16297,4,False,lead,2010
5760,Urszula,Janoszek,50,Wrocław,Finance,6622,24,False,junior,2023
5761,Urszula,Bielat,41,Lublin,HR,5773,3,False,junior,2023
5762,Stefan,Kostorz,57,Wrocław,Support,6000,21,False,junior,2024
5763,Kornelia,Forma,50,Lublin,Sales,10775,12,False,mid,2017
5764,Kajetan,Ludwiniak,65,Wrocław,Support,11359,36,True,mid,2017
5765,Daniel,Dyda,64,Warszawa,HR,12945,30,False,senior,2011
5766,Łukasz,Kaczka,65,Katowice,Finance,12899,28,False,senior,2022
5767,Ada,Tutka,64,Warszawa,IT,15512,40,False,senior,2014
5768,Nela,Fiedler,43,Łódź,Finance,10992,18,False,mid,2021
5769,Aniela,Dyszkiewicz,65,Kraków,Operations,9192,43,False,mid,2012
5770,Bruno,Mich,47,Rzeszów,Operations,16070,4,False,lead,2023
5771,Ksawery,Żok,33,Poznań,HR,13173,8,False,senior,2022
5772,Grzegorz,Kowalówka,25,Białystok,Sales,6143,1,False,junior,2016
5773,Eryk,Radzio,38,Gdańsk,Finance,7660,6,False,junior,2011
5774,Kalina,Stępak,55,Gdańsk,Marketing,9364,31,False,mid,2025
5775,Dominik,Borak,31,Kraków,Marketing,16790,4,False,lead,2013
5776,Leon,Mazanek,56,Kraków,Sales,14034,31,False,senior,2014
5777,Gustaw,Szczudło,60,Poznań,Marketing,5299,12,False,junior,2015
5778,Albert,Uryga,59,Łódź,Sales,8079,21,False,junior,2019
5779,Jacek,Kokosza,44,Warszawa,IT,10342,8,False,mid,2017
5780,Cyprian,Madejczyk,28,Kraków,IT,19795,6,False,lead,2024
5781,Janina,Kiljan,47,Warszawa,Operations,6033,12,False,junior,2018
5782,Malwina,Hewelt,51,Warszawa,Marketing,9842,13,False,mid,2020
5783,Oskar,Sroga,29,Warszawa,Finance,9513,6,False,mid,2021
5784,Stanisław,Merchel,64,Kraków,HR,8839,9,False,mid,2010
5785,Jan,Wojtach,62,Lublin,HR,9656,1,False,mid,2011
5786,Janina,Imiela,53,Poznań,Sales,14034,26,True,mid,2017
5787,Maciej,Rzucidło,29,Warszawa,Sales,10234,2,False,mid,2019
5788,Bruno,Dzidek,56,Lublin,IT,10019,11,False,mid,2019
5789,Jan,Łasak,56,Lublin,Marketing,6217,34,False,junior,2019
5790,Angelika,Koniec,28,Lublin,HR,11573,3,True,mid,2013
5791,Cezary,Sędek,28,Łódź,IT,18394,5,True,senior,2017
5792,Lidia,Taczała,58,Lublin,Sales,10083,5,False,mid,2018
5793,Natan,Damian,40,Łódź,Marketing,18144,17,False,lead,2012
5794,Marianna,Cyman,30,Łódź,Support,17755,7,False,lead,2020
5795,Leonard,Delikat,34,Gdańsk,Marketing,7196,9,False,junior,2018
5796,Cyprian,Pułka,22,Warszawa,Operations,10203,0,False,mid,2015
5797,Tadeusz,Sadlik,32,Lublin,HR,12093,9,True,mid,2020
5798,Blanka,Bodzak,57,Łódź,IT,7818,18,False,junior,2014
5799,Adam,Flieger,48,Wrocław,IT,13190,20,True,mid,2017
5800,Kornel,Hutyra,57,Warszawa,Finance,10770,24,False,mid,2010
5801,Oskar,Hojka,45,Łódź,IT,11759,18,False,mid,2010
5802,Agnieszka,Budzich,22,Kraków,IT,8737,0,False,junior,2022
5803,Blanka,Wabik,55,Katowice,Marketing,8409,30,False,mid,2016
5804,Sebastian,Siara,22,Rzeszów,Sales,7537,0,False,junior,2015
5805,Marcel,Ścieszka,32,Gdańsk,Finance,13185,3,False,senior,2013
5806,Liwia,Aleksander,45,Lublin,Marketing,7499,8,False,junior,2011
5807,Witold,Frost,50,Łódź,IT,14182,0,False,senior,2019
5808,Aniela,Pawela,31,Kraków,Marketing,10591,8,False,mid,2015
5809,Lidia,Syldatk,46,Katowice,Sales,9903,6,False,mid,2020
5810,Klara,Bujas,44,Gdańsk,Operations,5982,19,False,junior,2021
5811,Rafał,Hojka,45,Wrocław,Support,8605,16,False,mid,2018
5812,Kazimierz,Ruszczak,47,Poznań,Sales,6134,20,False,junior,2010
5813,Olgierd,Fiutak,44,Poznań,Finance,20112,10,True,lead,2023
5814,Aleksander,Smyl,27,Gdańsk,Marketing,14697,2,False,senior,2019
5815,Arkadiusz,Gebauer,26,Kraków,Marketing,8966,3,False,mid,2024
5816,Sara,Molak,60,Łódź,IT,10578,32,False,mid,2012
5817,Ada,Wojtunik,26,Rzeszów,Sales,17945,4,False,lead,2020
5818,Maksymilian,Żynda,55,Poznań,Sales,11980,19,True,mid,2015
5819,Marianna,Teodorowicz,48,Katowice,Support,9912,5,False,mid,2010
5820,Oskar,Blank,53,Lublin,Sales,18256,11,False,lead,2024
5821,Ernest,Pszczółka,23,Poznań,Operations,9318,0,False,mid,2024
5822,Eryk,Lisoń,42,Gdańsk,HR,9030,4,False,mid,2023
5823,Julian,Kominiak,54,Poznań,Finance,12554,1,False,senior,2010
5824,Angelika,Westfal,28,Gdańsk,IT,10124,2,False,mid,2018
5825,Anita,Wrochna,33,Rzeszów,HR,7652,4,False,mid,2010
5826,Dorota,Tworzydło,30,Łódź,Finance,6069,5,False,junior,2019
5827,Hubert,Rejek,39,Białystok,Operations,6984,13,False,junior,2015
5828,Dawid,Bok,40,Kraków,Finance,8722,17,False,mid,2016
5829,Krystyna,Sołtan,43,Poznań,IT,6732,14,False,junior,2011
5830,Roksana,Rozum,48,Wrocław,Sales,7868,7,False,junior,2010
5831,Adrianna,Reich,38,Warszawa,IT,8808,4,False,junior,2025
5832,Karina,Dobosiewicz,44,Rzeszów,Operations,5766,14,False,junior,2025
5833,Rozalia,Karłowicz,46,Wrocław,Finance,18584,11,False,lead,2023
5834,Andrzej,Kostera,57,Lublin,Finance,18245,20,False,lead,2022
5835,Alan,Sado,39,Warszawa,Finance,10589,16,False,mid,2025
5836,Dawid,Pindor,29,Warszawa,HR,5585,3,False,junior,2020
5837,Justyna,Kajak,37,Gdańsk,HR,6583,7,False,junior,2019
5838,Antoni,Abramczuk,40,Lublin,Marketing,5344,14,False,junior,2020
5839,Arkadiusz,Fogel,64,Warszawa,IT,7871,24,False,junior,2013
5840,Konstanty,Zimniak,26,Wrocław,IT,8305,4,False,junior,2021
5841,Juliusz,Szara,63,Gdańsk,IT,9922,39,False,mid,2016
5842,Lidia,Wons,37,Gdańsk,Sales,7692,4,False,junior,2012
5843,Marcel,Wojtach,27,Warszawa,Marketing,7087,4,False,junior,2019
5844,Łukasz,Gomoła,34,Kraków,Sales,11229,6,True,junior,2020
5845,Marika,Wiech,60,Rzeszów,IT,10611,9,False,mid,2025
5846,Józef,Miąsik,38,Kraków,Sales,18916,6,False,lead,2016
5847,Artur,Burnat,54,Gdańsk,IT,8468,26,False,junior,2024
5848,Wiktor,Piersa,46,Kraków,Marketing,16974,9,False,lead,2012
5849,Cyprian,Glegoła,61,Warszawa,IT,11811,26,False,mid,2011
5850,Fryderyk,Kala,62,Warszawa,IT,13581,1,False,senior,2021
5851,Melania,Kalista,42,Warszawa,Sales,7036,15,False,junior,2020
5852,Justyna,Pietrewicz,61,Rzeszów,Finance,10033,23,False,mid,2013
5853,Jerzy,Trąbka,62,Warszawa,IT,11347,10,False,mid,2016
5854,Robert,Reich,28,Łódź,HR,7946,6,False,mid,2015
5855,Aleks,Malcher,37,Łódź,IT,11614,8,False,mid,2011
5856,Kamil,Strzyż,33,Lublin,IT,14069,4,True,mid,2015
5857,Cyprian,Cyrulik,51,Kraków,Support,12214,8,False,senior,2023
5858,Tola,Łągiewka,34,Warszawa,IT,9636,2,False,mid,2014
5859,Oliwier,Burchard,55,Wrocław,Operations,6588,4,False,junior,2017
5860,Leonard,Jonczyk,40,Kraków,Finance,7037,8,False,junior,2016
5861,Jędrzej,Ciećko,37,Warszawa,Finance,10741,11,False,mid,2025
5862,Aurelia,Cuch,24,Warszawa,Marketing,9301,0,False,mid,2017
5863,Jakub,Biegała,44,Łódź,Marketing,9698,3,False,mid,2011
5864,Stanisław,Szmalec,38,Warszawa,IT,10080,9,False,mid,2017
5865,Julita,Warczak,43,Warszawa,IT,13808,9,True,mid,2021
5866,Tobiasz,Sojda,37,Białystok,Support,11769,1,False,senior,2010
5867,Alex,Miros,39,Białystok,IT,10176,11,False,mid,2016
5868,Dariusz,Sierpień,39,Warszawa,Finance,9423,1,False,mid,2017
5869,Hubert,Rosołek,43,Wrocław,Sales,17059,11,False,lead,2014
5870,Tola,Powierża,57,Gdańsk,Operations,13595,16,False,senior,2011
5871,Dominik,Ciołczyk,24,Poznań,Support,12529,1,False,senior,2010
5872,Mateusz,Lempart,51,Rzeszów,Finance,18867,19,False,lead,2019
5873,Róża,Kobryń,22,Lublin,Finance,9788,0,True,junior,2010
5874,Tymon,Stoltmann,43,Wrocław,Operations,8159,13,False,mid,2022
5875,Gustaw,Członka,42,Lublin,Sales,17345,17,False,lead,2015
5876,Borys,Wietecha,34,Warszawa,IT,10479,2,True,junior,2012
5877,Agnieszka,Chaber,58,Lublin,Operations,12412,6,False,senior,2017
5878,Ryszard,Dworczak,46,Gdańsk,Marketing,5572,24,False,junior,2019
5879,Filip,Stąpór,31,Warszawa,Finance,17091,0,False,lead,2016
5880,Alex,Fiołka,32,Lublin,Support,7708,8,False,mid,2014
5881,Nela,Przeklasa,62,Kraków,IT,18139,18,False,lead,2015
5882,Marcel,Kapciak,40,Kraków,IT,6561,7,False,junior,2010
5883,Anita,Siembab,28,Poznań,Sales,6459,1,False,junior,2018
5884,Przemysław,Karaśkiewicz,64,Gdańsk,Operations,8955,15,False,mid,2020
5885,Aleks,Zander,36,Kraków,Finance,7485,12,False,junior,2023
5886,Albert,Rycerz,33,Katowice,Sales,7799,9,False,junior,2022
5887,Józef,Fijak,40,Poznań,Support,13560,1,False,senior,2024
5888,Nikodem,Dorna,59,Warszawa,HR,4501,23,False,junior,2024
5889,Artur,Gierat,24,Kraków,Support,5227,2,False,junior,2025
5890,Mikołaj,Jaracz,34,Kraków,Finance,14226,1,False,senior,2012
5891,Kajetan,Błasik,53,Gdańsk,HR,9733,12,False,mid,2025
5892,Ada,Woźniczko,50,Poznań,Marketing,8995,27,False,mid,2014
5893,Kamila,Durlak,26,Gdańsk,IT,11671,2,False,mid,2017
5894,Damian,Przerwa,34,Warszawa,Sales,13523,8,False,senior,2015
5895,Krystyna,Kapka,35,Warszawa,IT,11879,5,False,mid,2019
5896,Natan,Gregorek,24,Rzeszów,HR,8886,2,False,mid,2015
5897,Lidia,Żynda,33,Kraków,Finance,16607,9,False,lead,2017
5898,Kamila,Palak,58,Łódź,HR,16140,14,False,lead,2016
5899,Wojciech,Zach,34,Kraków,Finance,17900,10,False,lead,2017
5900,Ryszard,Sochaj,35,Poznań,Support,8026,11,False,mid,2010
5901,Eryk,Sornat,43,Gdańsk,Marketing,14175,7,False,senior,2021
5902,Krystyna,Ważna,58,Łódź,IT,8453,22,False,junior,2014
5903,Patryk,Strzała,36,Łódź,IT,15791,2,False,senior,2023
5904,Kazimierz,Dzienniak,26,Lublin,Sales,10669,4,False,mid,2019
5905,Elżbieta,Dzwonnik,51,Kraków,Marketing,13443,23,True,mid,2017
5906,Mikołaj,Reimann,45,Wrocław,Sales,11140,20,False,mid,2014
5907,Emil,Barej,64,Białystok,Support,11407,8,True,mid,2020
5908,Miłosz,Roś,30,Gdańsk,Marketing,12623,5,False,senior,2013
5909,Sebastian,Gogol,64,Lublin,Finance,13742,3,False,senior,2012
5910,Karina,Jeske,31,Wrocław,Operations,10333,6,False,mid,2018
5911,Tymon,Szela,25,Kraków,IT,10592,2,False,mid,2015
5912,Przemysław,Bochnia,40,Rzeszów,IT,14608,10,False,senior,2017
5913,Konrad,Reiter,30,Kraków,IT,10350,6,False,mid,2025
5914,Mateusz,Kucab,26,Lublin,HR,4676,2,False,junior,2012
5915,Aurelia,Dziedzina,43,Wrocław,IT,14995,21,False,senior,2017
5916,Tymon,Miękina,26,Wrocław,Marketing,6329,1,False,junior,2024
5917,Marianna,Słowiak,40,Warszawa,Finance,10061,14,False,mid,2019
5918,Alan,Waniek,40,Gdańsk,Operations,11122,5,True,mid,2024
5919,Patryk,Grabczak,55,Łódź,Marketing,16405,5,True,senior,2019
5920,Lidia,Wierzchoń,55,Gdańsk,HR,7960,0,False,mid,2025
5921,Mikołaj,Sondej,41,Warszawa,HR,10723,18,True,mid,2011
5922,Ida,Fijałek,50,Łódź,Marketing,10534,5,False,mid,2015
5923,Natan,Wandas,23,Warszawa,Marketing,8431,1,False,mid,2018
5924,Justyna,Dukat,27,Wrocław,Marketing,6047,1,False,junior,2012
5925,Olga,Dreszer,23,Warszawa,IT,11603,1,False,mid,2024
5926,Filip,Piesik,57,Wrocław,Operations,6465,20,False,junior,2013
5927,Tadeusz,Pilich,39,Kraków,Support,4786,3,False,junior,2021
5928,Marika,Ficner,29,Białystok,Sales,13066,4,False,senior,2020
5929,Gaja,Felisiak,36,Warszawa,HR,12279,8,True,mid,2015
5930,Albert,Sztuba,52,Warszawa,Finance,5958,27,False,junior,2011
5931,Dawid,Gabryszak,47,Wrocław,HR,9543,3,False,mid,2015
5932,Marcelina,Kosznik,42,Lublin,IT,6804,11,False,junior,2015
5933,Fryderyk,Kurzydło,31,Kraków,IT,10754,0,False,mid,2020
5934,Sara,Balawender,33,Poznań,Finance,18997,4,False,lead,2023
5935,Mateusz,Engler,65,Katowice,IT,6659,37,False,junior,2013
5936,Oliwier,Bohdanowicz,65,Gdańsk,Marketing,16504,0,False,lead,2013
5937,Marcel,Sajda,39,Gdańsk,Marketing,10050,1,True,junior,2013
5938,Apolonia,Taciak,59,Lublin,Sales,10632,8,False,mid,2019
5939,Michał,Musiała,26,Lublin,HR,12957,2,False,senior,2018
5940,Anita,Dorobek,62,Kraków,IT,7567,12,False,junior,2015
5941,Malwina,Gul,52,Łódź,Sales,10591,7,False,mid,2018
5942,Patryk,Koloch,57,Warszawa,IT,15816,4,False,senior,2014
5943,Tola,Troć,51,Warszawa,Marketing,14238,4,False,senior,2017
5944,Ernest,Poczta,64,Poznań,IT,13051,24,True,mid,2018
5945,Justyna,Pilarek,25,Warszawa,Marketing,8982,1,False,mid,2013
5946,Anita,Szymanik,44,Warszawa,IT,11270,14,False,mid,2022
5947,Oskar,Niklewicz,27,Warszawa,IT,10118,5,False,mid,2020
5948,Wiktor,Dzienisz,29,Lublin,Finance,10802,2,False,mid,2023
5949,Julita,Bareja,59,Rzeszów,Operations,16109,27,True,senior,2010
5950,Olga,Goliasz,65,Katowice,IT,11455,15,False,mid,2022
5951,Michał,Ważna,52,Warszawa,Sales,13646,6,False,senior,2016
5952,Dagmara,Karol,59,Wrocław,Finance,7253,22,False,junior,2010
5953,Julita,Kurbiel,43,Łódź,Sales,5999,11,False,junior,2011
5954,Liwia,Wołoszyk,57,Gdańsk,IT,11918,13,True,junior,2011
5955,Wiktor,Madziar,44,Białystok,HR,16850,11,True,senior,2019
5956,Janina,Cudzich,26,Wrocław,Finance,6237,1,False,junior,2011
5957,Marcel,Pyszny,50,Warszawa,Sales,10071,12,True,junior,2016
5958,Nikodem,Machul,48,Gdańsk,IT,9883,15,False,mid,2024
5959,Ignacy,Wawszczyk,50,Rzeszów,IT,14458,8,True,mid,2023
5960,Grzegorz,Kusa,50,Rzeszów,Support,8843,10,False,mid,2016
5961,Dagmara,Pielach,53,Warszawa,Operations,9825,21,False,mid,2021
5962,Jędrzej,Becker,63,Gdańsk,IT,15789,8,False,senior,2022
5963,Maciej,Błądek,24,Warszawa,Finance,18258,0,False,lead,2024
5964,Aurelia,Wałęsa,45,Wrocław,IT,9807,12,False,mid,2020
5965,Miłosz,Malcher,37,Rzeszów,Sales,9359,8,False,mid,2025
5966,Melania,Śnieg,22,Wrocław,IT,6605,0,False,junior,2016
5967,Filip,Goś,53,Warszawa,IT,13522,5,False,senior,2014
5968,Marcel,Majsterek,37,Lublin,Finance,16600,8,False,lead,2024
5969,Radosław,Pachuta,44,Poznań,Operations,16640,15,True,senior,2022
5970,Inga,Niemczuk,27,Lublin,HR,6954,4,False,junior,2011
5971,Kaja,Pieczarka,39,Kraków,Marketing,13832,7,False,senior,2012
5972,Jakub,Bilewicz,49,Łódź,Support,6518,20,False,junior,2014
5973,Radosław,Pochopień,49,Kraków,Sales,5954,3,False,junior,2015
5974,Eliza,Antoń,46,Warszawa,Sales,14488,0,False,senior,2021
5975,Gustaw,Krzyśków,43,Warszawa,Sales,8015,18,False,junior,2022
5976,Ewelina,Barczuk,38,Łódź,Finance,13279,6,False,senior,2012
5977,Sebastian,Wiak,56,Poznań,Sales,7044,2,False,junior,2019
5978,Marika,Kryszczuk,38,Lublin,Marketing,13149,7,False,senior,2022
5979,Jędrzej,Damek,63,Rzeszów,IT,7890,41,False,junior,2017
5980,Maks,Kudlak,51,Wrocław,IT,10392,19,False,mid,2018
5981,Julita,Uss,33,Warszawa,HR,9495,11,False,mid,2020
5982,Nikodem,Wesoła,32,Łódź,Marketing,5853,3,False,junior,2013
5983,Oskar,Dobosiewicz,49,Warszawa,Sales,8981,15,False,mid,2012
5984,Aleksander,Słoń,23,Wrocław,HR,17325,1,False,lead,2015
5985,Piotr,Łągiewka,41,Lublin,Finance,14861,4,False,senior,2016
5986,Julian,Wijata,57,Gdańsk,IT,7706,21,False,junior,2020
5987,Przemysław,Dąbrowicz,23,Poznań,IT,14313,0,False,senior,2018
5988,Bianka,Lesner,46,Warszawa,IT,11986,12,False,mid,2022
5989,Tola,Moj,24,Wrocław,HR,9776,0,False,mid,2017
5990,Konstanty,Koman,26,Warszawa,Sales,11261,2,False,mid,2013
5991,Kaja,Wziątek,61,Łódź,Marketing,12293,2,False,senior,2012
5992,Krystyna,Geisler,44,Katowice,Operations,8977,1,False,mid,2018
5993,Robert,Szemraj,42,Poznań,Sales,6830,2,False,junior,2021
5994,Miłosz,Żuchowicz,39,Warszawa,Sales,10046,2,False,mid,2025
5995,Agnieszka,Igras,41,Warszawa,Operations,14155,4,False,senior,2014
5996,Juliusz,Berendt,24,Lublin,IT,9727,0,False,mid,2024
5997,Kaja,Milka,54,Lublin,HR,11814,27,True,mid,2016
5998,Julian,Klejna,42,Lublin,Sales,13044,15,False,senior,2017
5999,Gabriel,Oleksiuk,47,Rzeszów,IT,7537,14,False,junior,2025
6000,Cezary,Gmurczyk,39,Katowice,IT,18417,2,False,lead,2014
6001,Eryk,Waloszczyk,61,Łódź,Sales,9440,20,False,mid,2018
6002,Mariusz,Torbus,63,Poznań,IT,11341,15,False,mid,2021
6003,Apolonia,Węgrzynek,53,Katowice,IT,8101,30,False,junior,2010
6004,Miłosz,Getka,27,Katowice,Sales,9046,3,False,mid,2011
6005,Marcin,Klatka,59,Łódź,Operations,9351,9,False,mid,2023
6006,Justyna,Bartłomiejczyk,30,Gdańsk,Support,9660,7,False,mid,2022
6007,Szymon,Halik,43,Kraków,Support,5197,8,False,junior,2019
6008,Witold,Choroś,44,Wrocław,Marketing,15723,3,True,senior,2015
6009,Jeremi,Uryga,48,Lublin,Operations,8740,26,False,mid,2017
6010,Ewelina,Malesza,64,Wrocław,Finance,9896,24,False,mid,2018
6011,Krystyna,Mizgała,22,Gdańsk,Support,14044,0,False,senior,2017
6012,Wiktor,Achtelik,60,Wrocław,IT,10194,28,False,mid,2015
6013,Dawid,Sip,65,Kraków,IT,14564,3,False,senior,2025
6014,Józef,Częścik,47,Łódź,IT,9545,11,False,mid,2012
6015,Jeremi,Rurarz,57,Łódź,Sales,9055,29,False,mid,2018
6016,Artur,Kapciak,37,Warszawa,Operations,17446,10,False,lead,2017
6017,Mateusz,Karalus,39,Warszawa,Sales,7709,8,False,junior,2017
6018,Albert,Olko,57,Lublin,IT,10138,20,False,mid,2018
6019,Albert,Trybus,56,Wrocław,Sales,11085,0,False,mid,2011
6020,Marcel,Chlebek,56,Lublin,Operations,8713,28,False,mid,2025
6021,Anna Maria,Komander,32,Wrocław,IT,11368,4,False,mid,2016
6022,Norbert,Myk,52,Warszawa,Operations,17653,25,False,lead,2015
6023,Marika,Armata,26,Białystok,Operations,7160,3,False,junior,2025
6024,Liwia,Moskalik,34,Łódź,Support,7031,1,False,junior,2013
6025,Anita,Jaracz,47,Katowice,IT,11126,13,False,mid,2023
6026,Ryszard,Zyzik,52,Warszawa,Marketing,16937,28,False,lead,2019
6027,Jeremi,Bartela,51,Gdańsk,IT,19761,18,False,lead,2023
6028,Oskar,Mikłaszewicz,50,Wrocław,Finance,17596,1,False,lead,2021
6029,Franciszek,Ciesiółka,51,Wrocław,Finance,6792,19,False,junior,2014
6030,Alex,Gregorczuk,60,Rzeszów,Operations,5287,32,False,junior,2017
6031,Tobiasz,Wawszczyk,50,Kraków,Support,5092,7,False,junior,2012
6032,Mieszko,Kujda,44,Warszawa,IT,12963,10,True,mid,2020
6033,Ewelina,Zyzik,27,Gdańsk,IT,8280,3,False,junior,2024
6034,Gaja,Omiotek,52,Łódź,IT,10358,20,False,mid,2013
6035,Olga,Kapuścik,47,Poznań,IT,10160,9,False,mid,2021
6036,Tola,Szymańczyk,42,Rzeszów,IT,14216,0,False,senior,2012
6037,Robert,Sroga,24,Rzeszów,Marketing,7640,0,False,junior,2012
6038,Ida,Frukacz,40,Gdańsk,Operations,9839,18,False,mid,2025
6039,Marcin,Szok,24,Katowice,IT,7015,0,False,junior,2021
6040,Hubert,Boguta,57,Warszawa,HR,5850,12,False,junior,2019
6041,Albert,Ankiewicz,45,Lublin,Operations,14090,12,False,senior,2017
6042,Cezary,Moryc,49,Wrocław,Operations,9277,16,False,mid,2019
6043,Leonard,Leoniak,59,Warszawa,Finance,13041,32,False,senior,2023
6044,Witold,Gajcy,50,Warszawa,IT,6594,24,False,junior,2018
6045,Sandra,Smolka,30,Gdańsk,IT,10216,4,True,junior,2018
6046,Róża,Janiuk,50,Gdańsk,Operations,17764,8,False,lead,2025
6047,Monika,Kurczak,56,Gdańsk,IT,6986,10,False,junior,2013
6048,Roksana,Ornat,30,Warszawa,Sales,8206,0,False,junior,2011
6049,Stefan,Giec,28,Katowice,Support,13205,2,False,senior,2021
6050,Marianna,Koniecko,41,Warszawa,Sales,18390,15,False,lead,2011
6051,Olaf,Sobkiewicz,37,Rzeszów,IT,10838,1,False,mid,2018
6052,Dawid,Raczkiewicz,48,Katowice,Marketing,9323,16,True,junior,2016
6053,Kalina,Ufniarz,37,Wrocław,HR,4941,13,False,junior,2013
6054,Jędrzej,Szczot,44,Gdańsk,Marketing,8732,8,False,mid,2012
6055,Tomasz,Szałkiewicz,65,Rzeszów,Sales,8993,30,False,mid,2012
6056,Maksymilian,Fiedorczuk,37,Poznań,Finance,7830,12,False,junior,2014
6057,Tadeusz,Trzos,23,Kraków,Sales,16902,1,False,lead,2010
6058,Leon,Dylik,26,Warszawa,Marketing,13087,3,False,senior,2023
6059,Adam,Goś,23,Gdańsk,Finance,6301,1,False,junior,2018
6060,Stefan,Wszoła,60,Warszawa,Operations,5477,31,False,junior,2021
6061,Anastazja,Putek,34,Gdańsk,Support,8602,5,True,junior,2015
6062,Mateusz,Saran,44,Białystok,Marketing,14439,13,False,senior,2010
6063,Apolonia,Jędra,41,Kraków,HR,8853,19,False,mid,2020
6064,Łukasz,Huczek,44,Gdańsk,IT,9629,3,False,mid,2020
6065,Sonia,Syldatk,62,Łódź,Operations,17317,28,True,senior,2016
6066,Ewelina,Waloszek,45,Gdańsk,IT,11872,6,False,mid,2012
6067,Marcel,Plebanek,47,Wrocław,IT,10975,24,False,mid,2014
6068,Bartek,Małas,26,Kraków,Sales,18973,4,False,lead,2011
6069,Rafał,Trepczyk,38,Warszawa,IT,11608,6,False,mid,2014
6070,Jan,Żelasko,42,Kraków,Sales,15029,17,False,senior,2011
6071,Kaja,Pawliszyn,34,Wrocław,IT,9711,7,True,junior,2021
6072,Ewelina,Bodych,57,Gdańsk,HR,7752,35,False,mid,2024
6073,Mieszko,Bieleń,38,Poznań,Operations,8091,16,False,mid,2021
6074,Liwia,Maron,63,Warszawa,IT,20913,7,True,lead,2017
6075,Maciej,Bejma,46,Warszawa,IT,10965,2,False,mid,2019
6076,Adrianna,Matynia,64,Katowice,Marketing,13227,6,False,senior,2013
6077,Anna Maria,Taciak,22,Warszawa,HR,9843,0,False,mid,2022
6078,Tymoteusz,Drabczyk,31,Wrocław,HR,15136,5,True,senior,2024
6079,Dariusz,Nastaj,25,Warszawa,IT,18865,0,False,lead,2014
6080,Łukasz,Jagiełka,59,Katowice,IT,10761,16,True,junior,2017
6081,Maks,Machoń,32,Warszawa,Finance,13055,4,False,senior,2023
6082,Kaja,Jędryczka,26,Lublin,Finance,6722,1,False,junior,2012
6083,Fryderyk,Forma,62,Warszawa,Marketing,5293,3,False,junior,2013
6084,Mariusz,Mikusek,48,Wrocław,Support,9298,14,False,mid,2024
6085,Natan,Stachewicz,37,Łódź,Operations,6590,5,False,junior,2019
6086,Witold,Stwora,28,Kraków,Operations,7069,2,False,junior,2010
6087,Rozalia,Langiewicz,53,Gdańsk,HR,9840,16,False,mid,2010
6088,Ignacy,Portka,43,Gdańsk,Support,8807,19,False,mid,2015
6089,Radosław,Deptuch,55,Kraków,IT,11514,4,False,mid,2015
6090,Gustaw,Zygmuntowicz,27,Poznań,Finance,13000,0,False,senior,2011
6091,Bruno,Szymula,45,Rzeszów,HR,6845,18,False,junior,2012
6092,Nicole,Ważna,45,Poznań,Sales,10307,10,False,mid,2015
6093,Przemysław,Teterycz,61,Gdańsk,IT,10312,27,True,junior,2014
6094,Ida,Windak,57,Katowice,Sales,6502,19,False,junior,2011
6095,Piotr,Wowra,64,Warszawa,IT,7205,10,False,junior,2022
6096,Ada,Misztela,42,Kraków,HR,11874,3,True,mid,2025
6097,Maurycy,Kucz,55,Kraków,HR,17055,7,False,lead,2014
6098,Róża,Kazimierczyk,45,Warszawa,IT,7399,7,False,junior,2010
6099,Radosław,Kurczak,22,Warszawa,Finance,6257,0,False,junior,2012
6100,Dominik,Kusa,40,Poznań,Marketing,9720,7,False,mid,2020
6101,Nataniel,Kolman,64,Warszawa,Sales,6319,39,False,junior,2023
6102,Daniel,Rezmer,25,Wrocław,Support,10090,2,False,mid,2024
6103,Maks,Kus,33,Gdańsk,Sales,9060,5,False,mid,2016
6104,Oskar,Hartman,44,Łódź,Operations,13557,0,False,senior,2024
6105,Marika,Kliber,32,Warszawa,Sales,12964,7,False,senior,2024
6106,Karol,Bytner,29,Kraków,HR,8958,1,False,mid,2015
6107,Ida,Płocharczyk,30,Warszawa,Operations,5033,0,False,junior,2019
6108,Marcin,Ryszkiewicz,31,Wrocław,Sales,17366,2,False,lead,2016
6109,Marcel,Fudalej,57,Kraków,IT,13804,5,False,senior,2023
6110,Jan,Sulik,47,Lublin,Sales,14492,23,False,senior,2025
6111,Iwo,Pakos,24,Gdańsk,Sales,7153,1,False,junior,2012
6112,Natasza,Ciołczyk,29,Poznań,Finance,8745,1,False,mid,2016
6113,Mariusz,Durlak,53,Wrocław,Support,8444,7,False,mid,2022
6114,Dariusz,Skotarek,41,Lublin,Marketing,7286,4,False,junior,2019
6115,Grzegorz,Heinrich,46,Warszawa,IT,11758,23,False,mid,2025
6116,Cezary,Pilipczuk,44,Warszawa,Sales,9068,0,False,mid,2012
6117,Monika,Wincenciak,53,Kraków,IT,10566,16,False,mid,2018
6118,Monika,Flasza,32,Kraków,Sales,10396,4,False,mid,2023
6119,Sebastian,Materek,25,Katowice,Operations,8478,2,False,mid,2013
6120,Justyna,Masiak,56,Warszawa,IT,8304,33,False,junior,2017
6121,Maurycy,Burdach,40,Gdańsk,Finance,9694,14,False,mid,2021
6122,Konrad,Kurnik,30,Łódź,IT,13919,7,False,senior,2013
6123,Rafał,Wendt,42,Lublin,IT,10872,13,False,mid,2018
6124,Maciej,Kubina,62,Łódź,Sales,8922,40,False,mid,2024
6125,Ewa,Sąsiadek,60,Wrocław,IT,11028,3,False,mid,2020
6126,Kornel,Domżał,35,Warszawa,IT,18573,0,False,lead,2013
6127,Miłosz,Hapka,31,Kraków,IT,8853,7,False,junior,2021
6128,Konrad,Majos,46,Kraków,Finance,9165,14,False,mid,2020
6129,Cezary,Piesik,28,Gdańsk,Finance,10152,3,False,mid,2019
6130,Sandra,Sajda,31,Kraków,Sales,6430,4,False,junior,2010
6131,Krystyna,Jędryczka,33,Warszawa,Finance,7162,2,False,junior,2011
6132,Hubert,Wudarczyk,51,Warszawa,IT,9937,5,False,mid,2018
6133,Blanka,Tarasek,54,Gdańsk,Finance,9197,29,False,mid,2021
6134,Tobiasz,Kursa,24,Rzeszów,Support,9102,0,False,mid,2022
6135,Kamil,Dybaś,61,Warszawa,Marketing,13622,12,False,senior,2011
6136,Michał,Chruszcz,47,Gdańsk,Marketing,9575,18,False,mid,2018
6137,Marcin,Basista,39,Wrocław,Sales,6223,11,False,junior,2010
6138,Nela,Mateusiak,24,Poznań,Finance,5639,2,False,junior,2019
6139,Marek,Solarek,25,Rzeszów,IT,8409,3,False,junior,2020
6140,Cyprian,Kiełbus,29,Katowice,Operations,9381,6,False,mid,2023
6141,Gaja,Wojniak,44,Kraków,Operations,5729,7,False,junior,2015
6142,Mateusz,Sapeta,24,Białystok,IT,13685,1,False,senior,2024
6143,Malwina,Bartoś,51,Gdańsk,HR,6947,5,False,junior,2020
6144,Ryszard,Sędek,54,Poznań,HR,13128,12,False,senior,2011
6145,Karol,Majtczak,27,Rzeszów,Marketing,14370,3,False,senior,2024
6146,Marianna,Powązka,35,Poznań,IT,17346,8,True,senior,2011
6147,Marcin,Osipowicz,63,Białystok,IT,7411,22,False,junior,2021
6148,Apolonia,Lenda,32,Poznań,IT,8647,2,False,junior,2010
6149,Witold,Hudzik,47,Warszawa,HR,6134,20,False,junior,2018
6150,Oliwier,Rajman,48,Warszawa,Support,5129,1,False,junior,2022
6151,Błażej,Sornat,45,Warszawa,Sales,11208,10,False,mid,2025
6152,Witold,Wielgat,25,Lublin,Marketing,9779,1,True,junior,2011
6153,Marianna,Bicz,41,Warszawa,IT,11250,15,False,mid,2021
6154,Lidia,Stochaj,38,Katowice,Marketing,7204,9,False,junior,2024
6155,Paweł,Sornat,24,Wrocław,Support,10743,0,True,mid,2016
6156,Nela,Domowicz,42,Lublin,IT,14265,13,False,senior,2018
6157,Grzegorz,Kolarz,47,Kraków,Support,5904,21,False,junior,2021
6158,Tola,Gromala,27,Warszawa,Finance,9463,0,False,mid,2015
6159,Krystian,Radziewicz,33,Gdańsk,Marketing,13212,10,True,mid,2020
6160,Ignacy,Tyka,29,Łódź,Marketing,10582,2,False,mid,2012
6161,Blanka,Dziewa,47,Warszawa,IT,8985,19,False,junior,2014
6162,Jacek,Mędrala,44,Warszawa,Finance,10459,7,False,mid,2022
6163,Tymon,Rejmer,27,Łódź,IT,10991,3,False,mid,2017
6164,Kacper,Janka,49,Gdańsk,IT,7657,13,False,junior,2011
6165,Ksawery,Miara,54,Katowice,Sales,13260,12,False,senior,2021
6166,Mikołaj,Ciećko,62,Wrocław,Sales,7920,36,False,junior,2010
6167,Kalina,Janoszek,56,Wrocław,HR,10702,1,True,mid,2015
6168,Norbert,Hasiak,31,Warszawa,IT,17564,7,False,lead,2018
6169,Jerzy,Świech,52,Warszawa,IT,8353,27,False,junior,2012
6170,Natan,Sereda,38,Warszawa,Sales,9523,4,False,mid,2025
6171,Malwina,Makaruk,58,Gdańsk,Marketing,10261,14,False,mid,2018
6172,Apolonia,Klekot,58,Poznań,Finance,6509,20,False,junior,2017
6173,Mikołaj,Bukowiec,47,Rzeszów,IT,9621,23,False,mid,2025
6174,Kamil,Maksym,33,Rzeszów,Operations,5429,8,False,junior,2023
6175,Dariusz,Stoch,26,Katowice,Operations,10188,4,True,junior,2011
6176,Nataniel,Morgała,38,Kraków,Marketing,9300,0,False,mid,2019
6177,Sandra,Kościelak,43,Wrocław,HR,5452,4,False,junior,2014
6178,Alex,Baś,52,Warszawa,Operations,5975,5,False,junior,2014
6179,Franciszek,Ulewicz,42,Wrocław,Operations,12761,1,False,senior,2024
6180,Maciej,Dzienis,38,Łódź,Finance,5780,11,False,junior,2023
6181,Mikołaj,Andryszczyk,22,Rzeszów,Operations,5435,0,False,junior,2017
6182,Kazimierz,Hutnik,34,Lublin,IT,10896,9,False,mid,2024
6183,Stefan,Macha,42,Wrocław,Marketing,10161,4,False,mid,2012
6184,Konstanty,Fronczyk,65,Warszawa,Operations,9857,5,False,mid,2014
6185,Oskar,Hartman,34,Gdańsk,IT,11136,11,False,mid,2020
6186,Daniel,Deryło,45,Białystok,Finance,14583,1,False,senior,2020
6187,Marika,Pachuta,26,Katowice,Finance,9954,3,False,mid,2012
6188,Józef,Bukowiec,60,Wrocław,Finance,20252,24,True,lead,2014
6189,Kamil,Rzucidło,34,Kraków,Marketing,6623,6,False,junior,2013
6190,Bartek,Olszyna,40,Warszawa,HR,8531,7,False,mid,2014
6191,Bianka,Wyłupek,40,Warszawa,IT,15422,3,False,senior,2018
6192,Adrian,Bogaczyk,39,Warszawa,IT,6941,4,False,junior,2025
6193,Olgierd,Szczepan,34,Łódź,Operations,5952,8,False,junior,2018
6194,Olgierd,Katana,50,Kraków,IT,7996,6,False,junior,2017
6195,Julianna,Czopik,57,Katowice,IT,6599,20,False,junior,2019
6196,Mariusz,Lemke,42,Kraków,Support,13446,6,False,senior,2016
6197,Jacek,Mol,65,Warszawa,Finance,19764,18,True,lead,2022
6198,Janina,Biernacik,36,Katowice,HR,12968,14,False,senior,2018
6199,Dawid,Zdonek,35,Gdańsk,Support,16939,3,False,lead,2013
6200,Dominik,Trepka,53,Rzeszów,Marketing,9830,26,False,mid,2014
6201,Ignacy,Saternus,58,Poznań,IT,10743,16,False,mid,2021
6202,Julianna,Wojczuk,51,Wrocław,Support,10010,3,False,mid,2012
6203,Rafał,Twardzik,49,Białystok,Sales,7038,23,False,junior,2020
6204,Adrianna,Hajda,37,Warszawa,Support,8154,13,False,mid,2017
6205,Igor,Podleśna,48,Lublin,IT,12544,14,True,mid,2020
6206,Cyprian,Bok,39,Łódź,Sales,6770,7,False,junior,2022
6207,Lidia,Krenc,52,Łódź,Sales,7335,2,False,junior,2017
6208,Ksawery,Oleksak,26,Katowice,Operations,5001,1,False,junior,2022
6209,Marcin,Szymonik,61,Gdańsk,Finance,5715,28,False,junior,2018
6210,Hubert,Zimoląg,27,Gdańsk,IT,9933,4,False,mid,2022
6211,Sandra,Galica,50,Gdańsk,HR,17786,17,False,lead,2022
6212,Iwo,Gasz,38,Warszawa,Operations,19589,15,True,lead,2021
6213,Melania,Stawowczyk,44,Wrocław,HR,12566,7,False,senior,2022
6214,Dariusz,Borysiak,28,Łódź,Sales,6913,3,False,junior,2011
6215,Ignacy,Zaniewicz,36,Warszawa,Finance,13915,9,False,senior,2024
6216,Krzysztof,Łokaj,48,Warszawa,HR,8957,26,False,mid,2011
6217,Sandra,Osada,61,Wrocław,Marketing,9552,22,False,mid,2020
6218,Nela,Siedlik,32,Warszawa,IT,15251,8,False,senior,2025
6219,Michał,Kumorek,54,Lublin,IT,14994,13,False,senior,2013
6220,Jacek,Pitala,60,Wrocław,IT,15104,29,False,senior,2014
6221,Adrian,Wojciech,31,Łódź,HR,13167,5,False,senior,2016
6222,Aleksander,Matejuk,48,Poznań,IT,8290,12,False,junior,2021
6223,Stanisław,Koloch,35,Katowice,HR,8603,10,False,mid,2021
6224,Rafał,Cyrulik,25,Poznań,HR,8026,3,False,mid,2018
6225,Ewa,Karaśkiewicz,56,Katowice,Sales,6416,26,False,junior,2020
6226,Ewelina,Cąkała,42,Wrocław,IT,7725,20,False,junior,2017
6227,Ida,Drabczyk,27,Łódź,HR,12959,2,False,senior,2018
6228,Leon,Mila,41,Wrocław,Finance,9084,1,False,mid,2021
6229,Apolonia,Biernacik,53,Warszawa,Operations,6986,16,False,junior,2024
6230,Melania,Bidas,23,Białystok,Finance,9448,0,False,mid,2011
6231,Tobiasz,Masłoń,50,Lublin,Sales,18112,25,False,lead,2012
6232,Jeremi,Szczubełek,64,Warszawa,Marketing,5603,41,False,junior,2019
6233,Daniel,Staś,23,Katowice,IT,8171,1,False,junior,2013
6234,Damian,Mleczek,45,Warszawa,Marketing,7302,23,False,junior,2014
6235,Przemysław,Giel,58,Gdańsk,Operations,8862,9,True,junior,2010
6236,Mateusz,Doliwa,22,Wrocław,IT,10744,0,False,mid,2024
6237,Ida,Wacław,38,Gdańsk,Marketing,6518,14,False,junior,2014
6238,Nela,Karwala,37,Łódź,IT,11525,15,False,mid,2021
6239,Anna Maria,Bek,52,Kraków,Support,12258,22,False,senior,2022
6240,Emil,Sorbian,36,Białystok,Operations,7285,3,False,junior,2019
6241,Borys,Szambelan,48,Białystok,IT,7318,10,False,junior,2011
6242,Cezary,Skałka,57,Warszawa,IT,8161,8,False,junior,2018
6243,Ignacy,Bors,64,Warszawa,Finance,13495,16,False,senior,2019
6244,Artur,Bulanda,29,Katowice,Sales,9966,7,False,mid,2017
6245,Ewelina,Lemke,62,Łódź,Support,17940,2,False,lead,2014
6246,Aleks,Rejniak,28,Warszawa,Operations,13776,5,False,senior,2016
6247,Tymon,Burdach,58,Warszawa,Support,17834,10,False,lead,2013
6248,Konstanty,Szczepaniuk,65,Lublin,Sales,9048,5,False,mid,2014
6249,Jeremi,Fiutak,37,Rzeszów,Marketing,12775,7,False,senior,2021
6250,Mikołaj,Hynek,50,Kraków,Finance,12761,19,False,senior,2012
6251,Witold,Wizner,60,Białystok,Finance,10100,12,False,mid,2017
6252,Nikodem,Gomoła,59,Warszawa,Operations,12948,36,False,senior,2018
6253,Oliwier,Krzysiek,61,Warszawa,Sales,6870,9,False,junior,2020
6254,Mieszko,Mitera,22,Warszawa,IT,11463,0,False,mid,2014
6255,Leonard,Zajko,55,Gdańsk,IT,9867,24,False,mid,2010
6256,Karol,Kłósek,46,Warszawa,Support,9272,22,False,mid,2020
6257,Krystyna,Czerwionka,35,Łódź,Operations,7361,12,False,junior,2022
6258,Łukasz,Ziarnik,47,Łódź,IT,11743,16,False,mid,2021
6259,Gustaw,Zajko,43,Warszawa,Support,6191,5,False,junior,2019
6260,Adam,Karwan,41,Kraków,Sales,12910,9,True,mid,2011
6261,Mateusz,Smolorz,45,Lublin,Sales,12857,3,False,senior,2016
6262,Maurycy,Neubauer,65,Łódź,Finance,5723,8,False,junior,2014
6263,Konstanty,Janczura,44,Gdańsk,Support,14051,8,False,senior,2012
6264,Juliusz,Paśnik,23,Łódź,IT,11493,0,True,junior,2014
6265,Julita,Szrama,54,Warszawa,Marketing,5905,4,False,junior,2020
6266,Janina,Majak,50,Lublin,IT,19397,10,False,lead,2011
6267,Fryderyk,Kala,63,Gdańsk,Operations,8866,3,False,mid,2016
6268,Juliusz,Dietrich,23,Warszawa,Finance,7681,0,False,junior,2015
6269,Bianka,Wałęsa,29,Wrocław,IT,10740,2,False,mid,2021
6270,Sara,Warmuz,58,Gdańsk,Support,9135,22,False,mid,2022
6271,Arkadiusz,Rembisz,32,Warszawa,Support,10150,1,False,mid,2011
6272,Gabriel,Ziegler,59,Kraków,Marketing,9052,36,False,mid,2024
6273,Ewa,Sulik,49,Wrocław,Sales,6518,27,False,junior,2021
6274,Adrianna,Płócienniczak,48,Kraków,Finance,14538,9,False,senior,2023
6275,Justyna,Frost,48,Łódź,Marketing,8218,18,False,mid,2020
6276,Tymon,Wenda,29,Białystok,IT,15880,6,False,senior,2023
6277,Tomasz,Drobniak,39,Wrocław,Sales,6362,10,False,junior,2020
6278,Grzegorz,Klupś,48,Kraków,IT,12000,16,False,mid,2025
6279,Daniel,Dorynek,61,Łódź,IT,8127,22,False,junior,2023
6280,Kajetan,Walus,22,Łódź,Operations,6520,0,False,junior,2011
6281,Nicole,Eckert,40,Katowice,HR,8166,3,False,mid,2010
6282,Grzegorz,Sołoducha,62,Kraków,IT,7418,39,False,junior,2010
6283,Ryszard,Tylek,33,Łódź,HR,12050,9,False,senior,2025
6284,Fabian,Parada,46,Łódź,Operations,9900,7,False,mid,2018
6285,Kajetan,Karol,59,Kraków,IT,10846,30,False,mid,2018
6286,Kamila,Bugno,45,Łódź,Sales,9729,17,False,mid,2020
6287,Rafał,Thiel,54,Gdańsk,Sales,9072,18,False,mid,2023
6288,Julian,Armatys,59,Kraków,Marketing,6591,22,False,junior,2014
6289,Marianna,Bryzek,30,Łódź,HR,11528,8,False,senior,2011
6290,Agnieszka,Dyjas,26,Łódź,Marketing,5459,4,False,junior,2013
6291,Olga,Śleziak,27,Wrocław,IT,15812,2,False,senior,2013
6292,Anna Maria,Pusz,25,Kraków,Support,9295,2,False,mid,2013
6293,Bartek,Klos,61,Rzeszów,IT,14983,28,False,senior,2025
6294,Oskar,Malcherek,45,Białystok,Support,5816,16,False,junior,2015
6295,Ernest,Legutko,27,Warszawa,Marketing,12567,0,False,senior,2015
6296,Kamil,Rajczak,56,Gdańsk,Operations,8712,26,False,mid,2020
6297,Bartek,Bryda,43,Kraków,HR,13983,1,False,senior,2011
6298,Aleksander,Tyka,58,Lublin,Marketing,10013,13,False,mid,2022
6299,Witold,Borejko,64,Łódź,IT,19904,1,False,lead,2018
6300,Karol,Parafiniuk,29,Lublin,IT,15779,3,False,senior,2016
6301,Julian,Strama,46,Katowice,Finance,10704,19,False,mid,2015
6302,Bartek,Honkisz,53,Łódź,Sales,13358,29,False,senior,2023
6303,Mateusz,Konat,60,Wrocław,Marketing,14649,7,False,senior,2010
6304,Dominik,Sydor,49,Łódź,Sales,12844,0,False,senior,2015
6305,Natan,Ruman,36,Łódź,IT,14560,5,False,senior,2021
6306,Karol,Garncarek,59,Kraków,Operations,9068,24,False,mid,2018
6307,Sebastian,Szymaniuk,34,Gdańsk,Finance,9968,8,False,mid,2018
6308,Sylwia,Andrukiewicz,59,Poznań,Sales,7839,5,False,junior,2010
6309,Sara,Dorynek,29,Łódź,Operations,8491,1,False,mid,2017
6310,Miłosz,Gospodarek,36,Kraków,Marketing,9027,12,False,mid,2013
6311,Kornel,Wojewódka,39,Warszawa,Support,9605,7,True,junior,2013
6312,Marcin,Krefta,31,Katowice,Finance,10588,7,False,mid,2025
6313,Adam,Jaszczur,61,Łódź,IT,14207,2,False,senior,2011
6314,Cezary,Stein,54,Warszawa,HR,5479,9,False,junior,2020
6315,Inga,Baranowicz,29,Lublin,Sales,9846,7,False,mid,2021
6316,Michał,Ławniczek,52,Warszawa,HR,12895,3,False,senior,2010
6317,Aleksander,Cebo,22,Warszawa,HR,10679,0,True,mid,2013
6318,Inga,Łuszczyk,56,Katowice,IT,14629,14,False,senior,2016
6319,Paweł,Gumuła,38,Białystok,IT,8437,1,False,junior,2015
6320,Urszula,Kosz,43,Kraków,IT,6971,20,False,junior,2017
6321,Jakub,Wojtak,48,Warszawa,IT,7138,16,False,junior,2025
6322,Szymon,Burzawa,61,Rzeszów,Finance,13078,26,True,mid,2024
6323,Marianna,Łosiak,22,Warszawa,IT,13043,0,True,mid,2018
6324,Tymon,Pleskot,22,Łódź,Finance,13883,0,False,senior,2016
6325,Stefan,Twardosz,46,Warszawa,Marketing,13562,4,False,senior,2011
6326,Ernest,Klebba,62,Kraków,Support,7075,6,False,junior,2020
6327,Kamil,Kloch,23,Warszawa,Operations,14398,0,False,senior,2018
6328,Alan,Fiedler,44,Łódź,HR,8076,8,False,mid,2021
6329,Artur,Grab,40,Łódź,Marketing,13226,14,False,senior,2019
6330,Ryszard,Komisarczyk,30,Wrocław,IT,9507,1,False,mid,2018
6331,Igor,Wnuczek,46,Kraków,HR,5987,10,False,junior,2025
6332,Józef,Wita,41,Kraków,HR,6595,16,False,junior,2022
6333,Olgierd,Więckiewicz,41,Warszawa,Sales,8901,12,False,mid,2018
6334,Aleksander,Adrian,37,Gdańsk,IT,11941,2,False,mid,2013
6335,Krystian,Kubowicz,36,Gdańsk,Support,9858,12,False,mid,2017
6336,Marianna,Pyszczek,61,Poznań,Support,9507,13,False,mid,2013
6337,Józef,Kryk,45,Warszawa,IT,13506,8,False,senior,2016
6338,Grzegorz,Sosnówka,55,Warszawa,HR,5440,13,False,junior,2024
6339,Kaja,Popielarczyk,31,Białystok,Sales,10755,0,False,mid,2011
6340,Emil,Niewiara,65,Kraków,IT,15974,3,False,senior,2025
6341,Stefan,Żynda,51,Wrocław,IT,10898,6,True,junior,2016
6342,Paweł,Kafel,62,Łódź,Sales,9534,29,False,mid,2023
6343,Sonia,Muzyk,36,Poznań,HR,17013,2,False,lead,2013
6344,Leonard,Żurawik,25,Gdańsk,Marketing,12582,2,False,senior,2013
6345,Igor,Kubek,28,Gdańsk,IT,19794,6,False,lead,2017
6346,Jakub,Kuśmider,40,Warszawa,HR,13909,4,False,senior,2020
6347,Krystian,Gabryszak,43,Warszawa,HR,11904,6,False,senior,2024
6348,Tymon,Gregorowicz,30,Lublin,Operations,5883,0,False,junior,2015
6349,Tymon,Szwiec,40,Warszawa,Sales,5930,4,False,junior,2010
6350,Adrianna,Głowiak,61,Rzeszów,Finance,12289,5,True,mid,2017
6351,Malwina,Marko,30,Warszawa,Sales,10839,4,False,mid,2015
6352,Krzysztof,Mikusek,41,Kraków,Sales,13790,8,True,mid,2013
6353,Aurelia,Gerlach,30,Warszawa,Sales,19208,1,False,lead,2023
6354,Konstanty,Dzierżak,60,Kraków,IT,7233,4,False,junior,2025
6355,Tomasz,Wężyk,32,Gdańsk,IT,11072,4,True,junior,2012
6356,Hubert,Ulewicz,44,Poznań,IT,15816,4,False,senior,2024
6357,Ernest,Danieluk,53,Wrocław,Operations,8436,22,True,junior,2011
6358,Alex,Rajda,25,Rzeszów,Marketing,6796,2,False,junior,2011
6359,Kaja,Wielądek,29,Wrocław,HR,4877,2,False,junior,2010
6360,Klara,Stuglik,24,Lublin,Marketing,6478,0,False,junior,2017
6361,Józef,Nazimek,59,Kraków,HR,15873,30,False,lead,2018
6362,Andrzej,Kukieła,45,Wrocław,Operations,5438,16,False,junior,2015
6363,Sandra,Słysz,59,Warszawa,IT,10049,4,False,mid,2020
6364,Sonia,Głuszko,29,Łódź,Support,5542,1,False,junior,2012
6365,Ewelina,Tabiś,25,Kraków,IT,14361,1,True,mid,2019
6366,Ewelina,Jałowiec,57,Warszawa,Support,9035,11,False,mid,2019
6367,Olaf,Szajek,47,Katowice,Marketing,17111,10,False,lead,2012
6368,Karol,Krzyśko,49,Wrocław,Operations,5219,19,False,junior,2016
6369,Sandra,Bylina,46,Rzeszów,Support,5349,10,False,junior,2016
6370,Aurelia,Pęciak,50,Kraków,Finance,17014,5,False,lead,2015
6371,Borys,Kuffel,48,Warszawa,HR,7548,22,False,mid,2018
6372,Dawid,Brodowicz,44,Katowice,HR,15677,10,False,lead,2021
6373,Olgierd,Minkiewicz,60,Rzeszów,Finance,7680,27,False,junior,2011
6374,Gabriel,Langiewicz,46,Warszawa,Operations,6630,8,False,junior,2011
6375,Kacper,Kranc,63,Katowice,Sales,6709,12,False,junior,2012
6376,Dagmara,Kubanek,28,Kraków,Operations,7318,3,False,junior,2021
6377,Łukasz,Fiedler,33,Katowice,Marketing,6346,1,False,junior,2015
6378,Stanisław,Mitoraj,38,Warszawa,Marketing,7105,0,False,junior,2011
6379,Olgierd,Tokaj,55,Warszawa,Operations,14159,26,False,senior,2021
6380,Sebastian,Fedak,44,Rzeszów,Finance,10801,16,False,mid,2024
6381,Róża,Klama,45,Gdańsk,Marketing,8744,19,False,mid,2021
6382,Bianka,Sąsiadek,40,Łódź,IT,10742,5,False,mid,2016
6383,Andrzej,Janczarek,46,Poznań,Finance,7526,16,False,junior,2020
6384,Artur,Fik,25,Gdańsk,Finance,9242,3,False,mid,2020
6385,Sebastian,Sondej,36,Warszawa,Sales,14455,0,False,senior,2024
6386,Julian,Maleszka,55,Warszawa,Support,8611,16,False,mid,2015
6387,Szymon,Szeja,40,Łódź,Sales,9432,13,False,mid,2024
6388,Kaja,Dzieża,43,Białystok,IT,10101,5,True,junior,2021
6389,Mikołaj,Solich,61,Warszawa,Marketing,6637,24,False,junior,2024
6390,Dominik,Dobosiewicz,25,Warszawa,Sales,6112,2,False,junior,2017
6391,Elżbieta,Dybka,65,Kraków,Operations,5443,40,False,junior,2025
6392,Malwina,Żal,32,Łódź,IT,18250,9,True,senior,2025
6393,Gaja,Budzich,42,Wrocław,Operations,18147,16,False,lead,2018
6394,Damian,Dziadkowiec,24,Wrocław,Operations,17017,0,False,lead,2025
6395,Tymon,Tasarz,23,Kraków,Operations,7260,1,False,junior,2024
6396,Julian,Drozdowicz,52,Poznań,Support,12404,25,True,mid,2014
6397,Andrzej,Tomalak,50,Poznań,Finance,11676,11,True,mid,2010
6398,Bartek,Zięcik,47,Łódź,Finance,8506,20,False,mid,2024
6399,Urszula,Grzela,25,Warszawa,Sales,10431,0,False,mid,2022
6400,Grzegorz,Moniuszko,26,Warszawa,Sales,6798,4,False,junior,2024
6401,Sebastian,Kozok,24,Lublin,IT,10075,0,False,mid,2014
6402,Liwia,Mironiuk,29,Gdańsk,IT,13671,2,False,senior,2020
6403,Radosław,Kapcia,28,Warszawa,Support,16936,6,True,senior,2012
6404,Klara,Piechna,46,Kraków,Sales,10364,18,True,junior,2024
6405,Natan,Lada,49,Poznań,IT,9950,19,False,mid,2019
6406,Bartek,Jaszczyszyn,61,Katowice,Support,5639,19,False,junior,2015
6407,Kamil,Matulka,57,Wrocław,Sales,13353,9,False,senior,2020
6408,Stanisław,Sztuczka,54,Wrocław,IT,8485,24,False,junior,2010
6409,Filip,Dargacz,31,Kraków,Operations,6338,5,False,junior,2011
6410,Tymoteusz,Rubin,32,Warszawa,Marketing,16781,4,False,lead,2020
6411,Miłosz,Działak,38,Łódź,Support,6046,16,False,junior,2010
6412,Ewa,Michel,32,Kraków,Marketing,6203,4,False,junior,2021
6413,Kaja,Mądro,33,Wrocław,HR,6538,3,False,junior,2013
6414,Agnieszka,Wszoła,65,Warszawa,Finance,6033,12,False,junior,2010
6415,Robert,Kukawka,37,Wrocław,Finance,14393,3,False,senior,2018
6416,Nela,Kohut,41,Warszawa,Marketing,14243,16,False,senior,2016
6417,Olaf,Sojda,61,Lublin,HR,4628,3,False,junior,2022
6418,Damian,Borysiuk,48,Katowice,Finance,12629,12,False,senior,2015
6419,Tomasz,Mesjasz,60,Kraków,Sales,19970,27,True,lead,2018
6420,Albert,Szymanik,53,Kraków,Support,16752,7,False,lead,2020
6421,Bruno,Trzop,62,Łódź,Support,13591,32,False,senior,2013
6422,Adam,Simon,37,Warszawa,IT,8883,14,False,junior,2016
6423,Kamila,Drzał,62,Lublin,Marketing,8910,11,False,mid,2024
6424,Melania,Tomal,46,Kraków,Marketing,16724,13,False,lead,2025
6425,Igor,Łudzik,41,Kraków,Finance,13626,19,False,senior,2011
6426,Roksana,Fołta,34,Warszawa,Sales,6757,11,False,junior,2022
6427,Jędrzej,Fąferek,48,Białystok,Sales,13624,10,False,senior,2015
6428,Olga,Fularczyk,35,Kraków,Support,16594,2,False,lead,2021
6429,Fryderyk,Świtaj,46,Warszawa,IT,11952,13,False,mid,2023
6430,Mikołaj,Idzi,45,Kraków,Support,7721,15,False,mid,2017
6431,Mariusz,Koperek,61,Warszawa,Operations,6624,35,False,junior,2012
6432,Kaja,Kwarciak,61,Łódź,Sales,21072,4,True,lead,2012
6433,Jeremi,Siekierka,29,Katowice,IT,10129,1,False,mid,2016
6434,Paweł,Brańka,26,Kraków,Sales,11033,2,True,junior,2024
6435,Olgierd,Minkina,47,Katowice,Finance,7337,10,False,junior,2021
6436,Józef,Faryna,23,Lublin,Sales,13361,1,False,senior,2013
6437,Tadeusz,Zawal,45,Białystok,Sales,8924,2,True,junior,2018
6438,Miłosz,Dusik,40,Warszawa,Sales,5857,7,False,junior,2022
6439,Dominik,Jarosiewicz,43,Warszawa,Sales,11067,12,False,mid,2010
6440,Bruno,Habdas,62,Lublin,Support,6523,33,False,junior,2023
6441,Mateusz,Golisz,36,Warszawa,IT,11379,11,False,mid,2020
6442,Fabian,Sendor,36,Lublin,Operations,8321,13,False,mid,2018
6443,Bianka,Danisz,28,Rzeszów,Finance,13048,2,False,senior,2017
6444,Filip,Seidel,23,Katowice,Marketing,9352,1,False,mid,2016
6445,Cezary,Leśko,54,Łódź,Operations,17036,12,True,senior,2019
6446,Nicole,Sobiło,30,Lublin,Support,13157,8,False,senior,2019
6447,Aleksander,Letkiewicz,64,Gdańsk,Sales,7176,30,False,junior,2014
6448,Karina,Szwaja,54,Warszawa,HR,13376,30,False,senior,2015
6449,Franciszek,Sura,33,Łódź,IT,10645,4,False,mid,2014
6450,Tomasz,Franik,29,Kraków,Sales,6248,0,False,junior,2025
6451,Mateusz,Dyszy,50,Kraków,IT,9628,16,False,mid,2021
6452,Ryszard,Hejna,50,Wrocław,Support,9465,22,False,mid,2015
6453,Nela,Gasik,35,Katowice,Support,7734,3,False,mid,2011
6454,Jędrzej,Gregorczuk,64,Łódź,Marketing,14636,40,False,senior,2020
6455,Kamila,Pitek,64,Wrocław,Marketing,14196,11,False,senior,2016
6456,Maurycy,Kruszka,28,Warszawa,Finance,14504,1,False,senior,2011
6457,Patryk,Basa,29,Katowice,IT,17999,3,False,lead,2025
6458,Kalina,Mikłaszewicz,37,Warszawa,IT,11806,6,False,mid,2015
6459,Nela,Wołk,29,Wrocław,HR,6529,5,False,junior,2025
6460,Nela,Smyl,26,Kraków,Support,16583,3,False,lead,2021
6461,Krystian,Buśko,64,Warszawa,IT,10641,32,False,mid,2015
6462,Julianna,Cop,43,Białystok,IT,7649,13,False,junior,2016
6463,Fryderyk,Kapuścik,65,Wrocław,Marketing,17655,12,True,senior,2014
6464,Julianna,Tywoniuk,57,Łódź,Marketing,8827,26,False,mid,2025
6465,Piotr,Portka,52,Kraków,Marketing,5393,10,False,junior,2024
6466,Miłosz,Warych,44,Wrocław,Sales,13326,1,False,senior,2020
6467,Marcelina,Fiołek,47,Lublin,HR,9842,16,False,mid,2017
6468,Tomasz,Czenczek,35,Warszawa,HR,13719,1,False,senior,2020
6469,Jerzy,Stanclik,41,Katowice,IT,8110,0,False,junior,2010
6470,Przemysław,Smyl,37,Kraków,Finance,6832,13,False,junior,2015
6471,Julian,Smardz,31,Wrocław,Finance,11753,9,True,mid,2024
6472,Miłosz,Wypchło,37,Łódź,Sales,6909,14,False,junior,2019
6473,Eliza,Klus,34,Łódź,Operations,6846,0,False,junior,2025
6474,Angelika,Sporysz,52,Łódź,HR,5918,29,False,junior,2013
6475,Cyprian,Klin,54,Kraków,Marketing,6108,13,False,junior,2017
6476,Adrian,Matraszek,49,Wrocław,Finance,7055,6,False,junior,2022
6477,Aleks,Kuchciak,25,Warszawa,Support,17569,3,False,lead,2022
6478,Kornelia,Brach,49,Wrocław,Sales,7911,13,False,junior,2021
6479,Tobiasz,Jaremko,31,Warszawa,Sales,7217,6,False,junior,2016
6480,Nikodem,Kuder,30,Kraków,HR,15563,6,True,senior,2012
6481,Igor,Kolanek,33,Łódź,Operations,6785,10,False,junior,2019
6482,Nicole,Siewiera,54,Katowice,Finance,11775,13,True,mid,2014
6483,Sonia,Kręcisz,22,Gdańsk,Sales,8226,0,False,junior,2016
6484,Bartek,Boguta,65,Warszawa,IT,14926,37,True,mid,2017
6485,Fabian,Matyjaszek,57,Poznań,Operations,17692,6,False,lead,2020
6486,Dawid,Grosz,22,Rzeszów,Finance,14224,0,False,senior,2010
6487,Patryk,Gawliczek,28,Poznań,Marketing,6508,4,False,junior,2014
6488,Jędrzej,Kapral,30,Gdańsk,IT,8623,6,False,junior,2017
6489,Gustaw,Jarema,32,Katowice,Operations,6380,8,False,junior,2012
6490,Krzysztof,Beśka,53,Warszawa,Operations,6887,31,False,junior,2019
6491,Aurelia,Penkala,58,Kraków,Marketing,7202,15,False,junior,2023
6492,Maks,Strzyż,33,Kraków,Sales,9056,5,False,mid,2012
6493,Wojciech,Komsta,55,Katowice,Finance,8951,8,False,mid,2022
6494,Róża,Ryczko,35,Warszawa,IT,8690,9,False,junior,2016
6495,Lidia,Feliksiak,48,Lublin,Support,8197,5,False,mid,2017
6496,Sara,Cierpka,43,Kraków,IT,8927,0,False,junior,2023
6497,Sebastian,Stanisławczyk,62,Wrocław,Sales,10091,32,False,mid,2019
6498,Nicole,Kenig,38,Lublin,Operations,7284,4,False,junior,2015
6499,Maciej,Penkala,28,Kraków,HR,6505,6,False,junior,2025
6500,Stefan,Linda,39,Kraków,IT,16771,1,True,senior,2016
6501,Kalina,Berdzik,41,Poznań,Marketing,9912,12,False,mid,2023
6502,Adrian,Stępak,36,Kraków,Sales,9735,8,False,mid,2019
6503,Dariusz,Rut,27,Kraków,Operations,9019,1,False,mid,2018
6504,Jędrzej,Szyjka,27,Katowice,Operations,9824,0,False,mid,2023
6505,Karol,Zyga,46,Warszawa,Marketing,12924,11,True,mid,2025
6506,Klara,Małocha,62,Białystok,IT,15304,3,False,senior,2025
6507,Aniela,Bobryk,51,Warszawa,Operations,10288,8,False,mid,2018
6508,Maciej,Schubert,34,Warszawa,Operations,11761,9,True,mid,2011
6509,Adam,Bawoł,22,Białystok,IT,10873,0,False,mid,2015
6510,Andrzej,Jaremek,52,Białystok,Sales,9353,23,False,mid,2011
6511,Melania,Lorenz,35,Wrocław,Finance,9973,1,False,mid,2013
6512,Marcin,Oziębło,54,Katowice,Sales,10712,17,False,mid,2019
6513,Paweł,Łuksza,44,Łódź,Sales,10705,16,False,mid,2025
6514,Albert,Kwak,27,Gdańsk,Finance,6703,0,False,junior,2023
6515,Nicole,Nóżka,26,Wrocław,Marketing,6122,4,False,junior,2021
6516,Wojciech,Kustosz,28,Łódź,Operations,8836,0,False,mid,2014
6517,Tobiasz,Żymełka,53,Lublin,Sales,11283,25,False,mid,2019
6518,Marcelina,Łachut,31,Warszawa,Finance,5747,0,False,junior,2017
6519,Tomasz,Moskalik,25,Kraków,IT,17661,2,False,lead,2024
6520,Roksana,Fidura,48,Rzeszów,IT,15805,11,False,senior,2019
6521,Ewelina,Karczmarek,60,Warszawa,Marketing,10533,23,False,mid,2023
6522,Roksana,Kandzia,26,Katowice,Support,8374,0,False,mid,2025
6523,Karol,Trzmiel,25,Warszawa,Support,13331,2,False,senior,2012
6524,Dominik,Marach,31,Poznań,IT,10303,9,False,mid,2020
6525,Kornelia,Bzymek,41,Warszawa,HR,7993,10,False,mid,2021
6526,Blanka,Cymer,34,Gdańsk,Marketing,18560,10,False,lead,2021
6527,Wiktor,Sularz,37,Rzeszów,IT,7858,2,False,junior,2011
6528,Cyprian,Damian,41,Warszawa,IT,22347,1,True,lead,2011
6529,Ada,Fydrych,35,Warszawa,IT,14516,6,False,senior,2016
6530,Lidia,Ochal,26,Gdańsk,HR,6301,1,False,junior,2013
6531,Konstanty,Grochola,54,Wrocław,Operations,13921,30,False,senior,2019
6532,Piotr,Roter,31,Warszawa,IT,7595,9,False,junior,2014
6533,Marcin,Moniuszko,27,Warszawa,Sales,8881,5,False,mid,2025
6534,Tymon,Fedyk,65,Warszawa,IT,10624,36,False,mid,2022
6535,Bruno,Gregorowicz,27,Łódź,Support,18199,4,False,lead,2022
6536,Nicole,Mirocha,47,Kraków,Sales,10096,5,False,mid,2023
6537,Fryderyk,Witos,54,Katowice,Operations,6523,27,False,junior,2024
6538,Olgierd,Garbacik,51,Rzeszów,IT,14919,3,True,mid,2016
6539,Kornelia,Winnik,63,Poznań,Marketing,14204,38,False,senior,2010
6540,Bruno,Piórek,22,Wrocław,Operations,6133,0,False,junior,2019
6541,Bruno,Drej,43,Rzeszów,HR,7543,5,False,mid,2017
6542,Michał,Grzesiek,60,Gdańsk,IT,10674,34,False,mid,2023
6543,Kaja,Kalisiak,43,Gdańsk,Marketing,9898,18,False,mid,2019
6544,Iwo,Wyrwich,60,Kraków,Marketing,8231,32,False,mid,2016
6545,Kajetan,Damps,59,Poznań,Support,4804,9,False,junior,2016
6546,Julian,Wiszowaty,52,Rzeszów,Operations,9175,11,False,mid,2020
6547,Jacek,Polasik,52,Wrocław,HR,11087,22,True,mid,2018
6548,Maksymilian,Zacharczuk,48,Białystok,IT,7209,9,False,junior,2021
6549,Aniela,Sładek,51,Warszawa,IT,7477,11,False,junior,2021
6550,Sandra,Klyszcz,22,Kraków,Support,13516,0,False,senior,2017
6551,Bruno,Brygoła,28,Warszawa,Support,12295,2,False,senior,2018
6552,Robert,Zacharek,53,Warszawa,Sales,10857,28,False,mid,2011
6553,Mikołaj,Trybuś,52,Warszawa,HR,6663,30,False,junior,2023
6554,Marianna,Kalka,39,Łódź,IT,11093,3,False,mid,2025
6555,Radosław,Kamela,60,Katowice,Operations,8831,15,False,mid,2017
6556,Konrad,Mitoraj,54,Poznań,Operations,12861,12,False,senior,2022
6557,Sandra,Szymańczak,55,Poznań,Support,6476,33,False,junior,2013
6558,Lidia,Posmyk,46,Warszawa,HR,6970,11,False,junior,2017
6559,Miłosz,Pitala,52,Kraków,Sales,19174,17,False,lead,2010
6560,Justyna,Szafarz,46,Białystok,Finance,6354,16,False,junior,2019
6561,Anita,Kiwior,33,Katowice,Marketing,20816,9,True,lead,2024
6562,Mateusz,Żugaj,31,Gdańsk,IT,12731,2,True,mid,2024
6563,Gaja,Augustynek,47,Rzeszów,Operations,9692,14,False,mid,2024
6564,Igor,Myga,64,Poznań,Sales,18293,14,True,senior,2011
6565,Elżbieta,Janka,44,Kraków,Finance,10851,20,False,mid,2017
6566,Tymon,Kłoczko,35,Łódź,HR,8146,0,False,mid,2018
6567,Alex,Makieła,30,Łódź,IT,8777,6,False,junior,2025
6568,Krystian,Mikłaszewicz,53,Warszawa,Sales,9254,12,False,mid,2023
6569,Róża,Skała,47,Gdańsk,IT,7992,2,False,junior,2025
6570,Sonia,Perlik,33,Lublin,Sales,9403,4,False,mid,2022
6571,Alex,Herda,64,Warszawa,IT,10724,33,False,mid,2017
6572,Kalina,Bobryk,54,Lublin,IT,11911,22,False,mid,2023
6573,Angelika,Serzysko,49,Gdańsk,Operations,17282,21,False,lead,2010
6574,Jakub,Żelazo,42,Gdańsk,HR,12415,2,False,senior,2021
6575,Hubert,Wasyluk,60,Kraków,HR,8461,31,False,mid,2022
6576,Aniela,Luberda,40,Łódź,Sales,11150,18,False,mid,2024
6577,Elżbieta,Karyś,51,Warszawa,Finance,7051,4,False,junior,2012
6578,Piotr,Kowaluk,42,Warszawa,IT,11385,7,True,junior,2021
6579,Rafał,Dudko,25,Katowice,Support,13489,3,False,senior,2017
6580,Inga,Dziwak,56,Warszawa,Finance,14045,2,False,senior,2010
6581,Leon,Czuj,29,Lublin,IT,9653,6,False,mid,2025
6582,Albert,Kuncewicz,43,Wrocław,Operations,5331,0,False,junior,2021
6583,Nataniel,Szela,45,Kraków,Sales,13442,16,False,senior,2014
6584,Rafał,Słowiak,38,Białystok,HR,8020,8,False,mid,2013
6585,Aurelia,Makieła,41,Kraków,Marketing,18542,17,False,lead,2021
6586,Leonard,Ciaś,63,Wrocław,Sales,17012,5,False,lead,2017
6587,Dariusz,Marcol,57,Gdańsk,Sales,11854,5,True,mid,2021
6588,Emil,Mikłaszewicz,64,Łódź,IT,10354,27,False,mid,2023
6589,Norbert,Szmaj,29,Poznań,Sales,17858,1,True,senior,2013
6590,Marcel,Kubów,26,Rzeszów,Marketing,14662,3,False,senior,2017
6591,Sonia,Kosman,55,Kraków,Sales,7927,9,False,junior,2022
6592,Agnieszka,Pyza,30,Białystok,IT,11763,8,False,mid,2019
6593,Klara,Szyguła,25,Poznań,IT,6713,2,False,junior,2016
6594,Maks,Sugier,28,Łódź,IT,8737,4,False,junior,2021
6595,Rozalia,Strawa,55,Gdańsk,Sales,9913,26,False,mid,2018
6596,Angelika,Duc,22,Białystok,Finance,10380,0,False,mid,2012
6597,Józef,Kuryłowicz,61,Gdańsk,Support,17226,11,False,lead,2018
6598,Kajetan,Hojda,54,Poznań,HR,8421,29,False,mid,2010
6599,Marianna,Dydak,25,Warszawa,Sales,10402,2,False,mid,2013
6600,Kajetan,Martin,45,Warszawa,Operations,12905,0,False,senior,2020
6601,Gaja,Przewoźnik,25,Wrocław,Finance,9974,3,False,mid,2010
6602,Rozalia,Dziarmaga,44,Poznań,Finance,7375,19,False,junior,2023
6603,Fryderyk,Szyda,43,Gdańsk,Operations,9018,15,False,mid,2013
6604,Justyna,Wisła,60,Kraków,IT,11931,19,False,mid,2011
6605,Ryszard,Famuła,34,Warszawa,Operations,13587,5,False,senior,2010
6606,Oskar,Mieszała,59,Wrocław,Support,4991,7,False,junior,2019
6607,Paweł,Kośnik,33,Kraków,IT,14879,4,True,mid,2011
6608,Kacper,Małas,30,Katowice,IT,10287,6,False,mid,2013
6609,Klara,Hanc,36,Warszawa,Support,12100,13,False,senior,2018
6610,Sonia,Bittner,45,Poznań,Marketing,9464,5,True,junior,2022
6611,Inga,Dziechciarz,35,Lublin,Sales,6428,12,False,junior,2021
6612,Sara,Rubin,48,Białystok,Sales,10976,10,False,mid,2011
6613,Elżbieta,Ludwisiak,64,Warszawa,IT,19778,21,False,lead,2021
6614,Filip,Hawrylak,35,Poznań,Finance,5879,8,False,junior,2020
6615,Aleks,Jargiło,39,Rzeszów,Marketing,10059,7,False,mid,2013
6616,Sandra,Leszkiewicz,57,Wrocław,Support,16821,3,False,lead,2013
6617,Artur,Kyc,40,Lublin,IT,17967,16,False,lead,2019
6618,Agnieszka,Zyzik,39,Lublin,Marketing,8652,13,False,mid,2024
6619,Fryderyk,Ochal,27,Lublin,Support,5279,0,False,junior,2022
6620,Konrad,Demiańczuk,47,Wrocław,Operations,9362,13,False,mid,2017
6621,Natasza,Kołton,62,Białystok,Sales,8275,25,False,junior,2021
6622,Nataniel,Komperda,61,Łódź,HR,5043,38,False,junior,2017
6623,Marcelina,Ziółko,57,Warszawa,Finance,14590,6,False,senior,2019
6624,Ewa,Opoka,61,Wrocław,HR,9747,6,False,mid,2017
6625,Mariusz,Fronia,47,Poznań,IT,14346,6,False,senior,2016
6626,Artur,Kierat,27,Gdańsk,IT,10915,5,False,mid,2023
6627,Ryszard,Parafiniuk,29,Białystok,IT,19444,1,False,lead,2016
6628,Błażej,Gospodarek,41,Lublin,Operations,8719,9,False,mid,2017
6629,Urszula,Tekiela,61,Wrocław,Sales,10468,7,False,mid,2015
6630,Tadeusz,Bitner,32,Kraków,Support,8819,5,False,mid,2016
6631,Urszula,Witas,29,Katowice,Marketing,9446,3,False,mid,2010
6632,Bartek,Kwasek,55,Kraków,Operations,9952,28,False,mid,2014
6633,Marcin,Baum,58,Poznań,Finance,7915,26,False,junior,2011
6634,Mariusz,Fogiel,46,Kraków,HR,8009,3,False,mid,2012
6635,Eliza,Kultys,54,Kraków,HR,8016,2,False,mid,2019
6636,Alex,Grzenia,28,Poznań,Finance,17528,2,False,lead,2010
6637,Alan,Kukawka,26,Warszawa,Finance,14059,3,False,senior,2018
6638,Kornelia,Dybiec,60,Kraków,Support,9131,7,False,mid,2015
6639,Dagmara,Maćczak,23,Wrocław,IT,13947,0,False,senior,2022
6640,Eryk,Małas,65,Kraków,Sales,18542,19,False,lead,2018
6641,Kamila,Pikula,22,Warszawa,Sales,8823,0,True,junior,2025
6642,Mikołaj,Hołysz,29,Warszawa,Support,8116,5,False,mid,2019
6643,Aurelia,Połetek,59,Gdańsk,Marketing,7379,22,False,junior,2016
6644,Hubert,Smorąg,56,Wrocław,IT,14216,31,False,senior,2022
6645,Tobiasz,Preś,49,Lublin,IT,8631,23,False,junior,2012
6646,Tymoteusz,Gendera,46,Warszawa,Finance,9300,17,False,mid,2010
6647,Alex,Bluszcz,60,Białystok,Operations,6577,38,False,junior,2018
6648,Damian,Nikołajuk,38,Warszawa,IT,7571,10,False,junior,2021
6649,Jerzy,Słabosz,29,Lublin,Sales,8916,0,False,mid,2015
6650,Hubert,Korek,53,Rzeszów,Operations,5681,24,False,junior,2016
6651,Ignacy,Fitas,53,Gdańsk,HR,12350,14,False,senior,2014
6652,Aurelia,Doroba,63,Kraków,IT,14960,24,False,senior,2016
6653,Kamila,Gietka,42,Katowice,Marketing,7615,4,False,junior,2016
6654,Robert,Członka,25,Rzeszów,Sales,14050,2,False,senior,2021
6655,Bianka,Miśkowiec,28,Kraków,Sales,9394,1,False,mid,2023
6656,Kazimierz,Jakoniuk,25,Łódź,Sales,14677,3,False,senior,2015
6657,Tomasz,Deluga,51,Łódź,IT,14492,8,False,senior,2013
6658,Szymon,Nikołajuk,46,Warszawa,Sales,9619,9,True,junior,2023
6659,Mateusz,Klyta,45,Warszawa,Sales,10277,13,False,mid,2019
6660,Tola,Furgała,33,Wrocław,Sales,6550,6,False,junior,2015
6661,Antoni,Prygiel,34,Wrocław,Finance,6268,8,False,junior,2020
6662,Inga,Fiołek,58,Białystok,Sales,9061,19,False,mid,2025
6663,Anita,Pietraś,39,Gdańsk,Sales,10430,15,False,mid,2021
6664,Szymon,Maras,42,Lublin,Operations,6364,3,False,junior,2023
6665,Adrian,Chalimoniuk,34,Poznań,Finance,5738,8,False,junior,2016
6666,Maurycy,Matela,27,Warszawa,Sales,7912,5,False,junior,2025
6667,Tadeusz,Jancewicz,44,Łódź,HR,11676,6,True,mid,2016
6668,Borys,Szymocha,43,Katowice,Marketing,10509,9,False,mid,2017
6669,Eryk,Posmyk,61,Rzeszów,Sales,13417,27,False,senior,2021
6670,Andrzej,Łaskawiec,40,Lublin,Support,6091,6,False,junior,2015
6671,Albert,Wyłupek,26,Warszawa,Support,6420,2,False,junior,2010
6672,Robert,Galos,49,Gdańsk,Operations,12621,17,False,senior,2018
6673,Mikołaj,Latek,52,Poznań,HR,15570,3,False,lead,2011
6674,Karol,Szymajda,64,Warszawa,IT,6920,4,False,junior,2014
6675,Michał,Szumiec,35,Wrocław,IT,11210,9,False,mid,2017
6676,Elżbieta,Paszkowiak,30,Kraków,HR,5018,3,False,junior,2015
6677,Paweł,Bereda,48,Warszawa,Marketing,5666,26,False,junior,2019
6678,Róża,Andrys,38,Poznań,HR,8818,10,True,junior,2013
6679,Marcel,Łuczkiewicz,61,Lublin,Sales,8932,25,False,mid,2012
6680,Julian,Sochaj,65,Katowice,IT,11698,7,False,mid,2019
6681,Błażej,Cogiel,33,Łódź,Finance,17600,3,False,lead,2023
6682,Grzegorz,Jamroży,61,Łódź,Operations,5771,2,False,junior,2012
6683,Igor,Rajda,24,Gdańsk,IT,11745,1,False,mid,2013
6684,Olgierd,Srokosz,44,Warszawa,Support,9622,9,False,mid,2023
6685,Nikodem,Suszka,62,Warszawa,IT,11259,10,False,mid,2019
6686,Oskar,Waszczyk,23,Gdańsk,Sales,8286,0,False,junior,2012
6687,Michał,Rzeszut,60,Łódź,Finance,7105,23,False,junior,2016
6688,Wojciech,Młodzik,64,Rzeszów,Support,18027,33,False,lead,2019
6689,Igor,Kuświk,57,Warszawa,IT,8951,29,False,junior,2010
6690,Sandra,Mokwa,24,Wrocław,IT,7838,0,False,junior,2022
6691,Jędrzej,Zybura,35,Warszawa,IT,7034,7,False,junior,2022
6692,Aniela,Pietrewicz,48,Katowice,Support,9909,13,False,mid,2018
6693,Miłosz,Skotarczak,35,Warszawa,IT,8159,1,False,junior,2021
6694,Radosław,Maciocha,27,Kraków,Finance,14148,2,False,senior,2021
6695,Kajetan,Ekert,65,Warszawa,HR,11771,18,False,senior,2011
6696,Nicole,Gadzała,35,Łódź,IT,8197,10,False,junior,2011
6697,Filip,Sondej,57,Katowice,Sales,19289,34,False,lead,2016
6698,Cyprian,Wysota,43,Kraków,IT,11823,16,True,junior,2018
6699,Karina,Szkaradek,43,Warszawa,Marketing,14445,5,False,senior,2023
6700,Inga,Durlik,24,Rzeszów,IT,8597,1,False,junior,2013
6701,Damian,Margas,57,Warszawa,Sales,11195,2,False,mid,2013
6702,Juliusz,Bubel,42,Kraków,IT,16744,3,True,senior,2021
6703,Eryk,Kudlak,22,Łódź,Sales,13461,0,False,senior,2022
6704,Antoni,Klejna,36,Warszawa,IT,10741,12,False,mid,2024
6705,Michał,Trybała,30,Łódź,Marketing,8930,5,False,mid,2019
6706,Ida,Majtczak,43,Łódź,IT,10538,6,False,mid,2010
6707,Marcin,Kuncewicz,56,Łódź,HR,8471,5,False,mid,2022
6708,Dariusz,Kaźmierczyk,55,Warszawa,Operations,13771,21,False,senior,2015
6709,Przemysław,Rzońca,23,Poznań,IT,11073,0,False,mid,2022
6710,Arkadiusz,Kuśka,29,Katowice,Sales,14799,4,False,senior,2010
6711,Borys,Igras,32,Lublin,Sales,13583,0,True,mid,2017
6712,Hubert,Parafiniuk,44,Łódź,Sales,17199,3,True,senior,2016
6713,Jacek,Szymańczak,37,Warszawa,Operations,8979,3,False,mid,2025
6714,Ksawery,Mainka,60,Wrocław,HR,6415,30,False,junior,2025
6715,Nataniel,Cięciwa,44,Katowice,IT,13066,17,True,mid,2011
6716,Bianka,Kontny,65,Kraków,IT,10263,7,False,mid,2020
6717,Gustaw,Pancerz,46,Wrocław,Finance,16775,18,False,lead,2016
6718,Anastazja,Zaniewicz,37,Wrocław,Sales,19299,2,False,lead,2019
6719,Ida,Żuchowicz,56,Wrocław,Finance,9739,19,True,junior,2016
6720,Eryk,Supeł,23,Gdańsk,Marketing,18528,0,False,lead,2013
6721,Tymoteusz,Kaczmar,37,Wrocław,HR,9053,2,False,mid,2023
6722,Konstanty,Gros,53,Kraków,Operations,6346,5,False,junior,2012
6723,Paweł,Han,41,Poznań,Sales,7131,10,False,junior,2016
6724,Julianna,Padło,41,Łódź,Operations,10327,16,False,mid,2016
6725,Leon,Kołodziejak,38,Wrocław,HR,8406,13,False,mid,2021
6726,Gabriel,Stefankiewicz,33,Poznań,Support,7726,1,False,mid,2023
6727,Ada,Laskus,40,Białystok,Support,5012,2,False,junior,2020
6728,Adrianna,Sojda,39,Kraków,Finance,7353,1,False,junior,2020
6729,Gaja,Politowicz,22,Warszawa,Sales,9903,0,False,mid,2013
6730,Jeremi,Wolańczyk,38,Łódź,IT,15125,3,False,senior,2016
6731,Alex,Misiuk,48,Białystok,Marketing,6863,9,False,junior,2018
6732,Dominik,Bejma,65,Warszawa,Sales,18770,20,False,lead,2023
6733,Ernest,Ofiara,52,Poznań,Operations,10440,21,False,mid,2023
6734,Ksawery,Basak,34,Warszawa,IT,15499,0,False,senior,2014
6735,Maks,Pyziak,28,Warszawa,Support,9682,6,False,mid,2013
6736,Wiktor,Raźny,60,Kraków,Sales,11012,36,False,mid,2021
6737,Leon,Soczówka,29,Kraków,Support,11870,4,False,senior,2016
6738,Filip,Knapek,56,Kraków,Marketing,9915,18,False,mid,2015
6739,Iwo,Musiała,32,Kraków,Finance,8846,8,False,mid,2010
6740,Kalina,Raszkiewicz,58,Łódź,Finance,9278,24,False,mid,2015
6741,Liwia,Rząd,43,Warszawa,Sales,8977,14,False,mid,2023
6742,Ewa,Glapiak,58,Lublin,Operations,6976,0,False,junior,2012
6743,Oliwier,Skotarczak,27,Poznań,IT,7069,1,False,junior,2017
6744,Kazimierz,Ofiara,55,Lublin,Marketing,8770,23,False,mid,2014
6745,Daniel,Hallmann,24,Warszawa,Operations,7266,1,False,junior,2014
6746,Andrzej,Młyńczak,36,Gdańsk,Finance,11991,3,True,mid,2017
6747,Przemysław,Moczko,62,Katowice,Finance,10716,39,False,mid,2024
6748,Mariusz,Doroszkiewicz,60,Rzeszów,Finance,10685,10,False,mid,2015
6749,Tymon,Bidas,37,Poznań,HR,6069,12,False,junior,2023
6750,Jędrzej,Samoraj,43,Łódź,Operations,9882,3,False,mid,2018
6751,Mateusz,Sobisz,34,Warszawa,IT,14767,0,False,senior,2019
6752,Mateusz,Skrobot,58,Łódź,IT,11917,7,False,mid,2012
6753,Kornel,Drobnik,26,Warszawa,HR,5394,1,False,junior,2013
6754,Roksana,Ankiewicz,40,Poznań,Marketing,12994,2,True,mid,2023
6755,Kazimierz,Ostręga,37,Kraków,IT,7645,6,False,junior,2020
6756,Jerzy,Mordal,25,Lublin,IT,11919,2,True,junior,2015
6757,Wiktor,Karkut,58,Rzeszów,IT,14580,35,False,senior,2013
6758,Ryszard,Stuglik,48,Gdańsk,Support,8432,2,False,mid,2018
6759,Bruno,Bugiel,25,Warszawa,Operations,16952,2,False,lead,2014
6760,Przemysław,Cebo,37,Warszawa,Support,5905,3,False,junior,2012
6761,Melania,Cywka,24,Białystok,IT,10870,0,False,mid,2018
6762,Igor,Pasiak,29,Białystok,Operations,6433,5,False,junior,2012
6763,Sandra,Zyga,49,Poznań,Support,11858,7,True,mid,2018
6764,Justyna,Pianka,49,Kraków,Sales,13498,13,False,senior,2011
6765,Alex,Kaczka,28,Warszawa,Sales,10186,6,True,junior,2020
6766,Konrad,Zieja,65,Poznań,Sales,13017,7,False,senior,2013
6767,Anastazja,Kawiak,40,Warszawa,Marketing,6583,12,False,junior,2022
6768,Aleksander,Parda,54,Warszawa,Operations,10203,10,False,mid,2013
6769,Sandra,Murach,30,Kraków,IT,11066,3,False,mid,2022
6770,Marcel,Pezda,25,Wrocław,Sales,11072,1,False,mid,2018
6771,Alan,Wocial,51,Katowice,Support,12514,16,False,senior,2017
6772,Arkadiusz,Kościesza,41,Wrocław,IT,9551,15,False,mid,2018
6773,Ernest,Gumieniak,52,Rzeszów,Sales,18918,7,False,lead,2015
6774,Aurelia,Szkoda,28,Warszawa,HR,5774,1,False,junior,2012
6775,Ryszard,Wożniak,41,Katowice,HR,6681,7,False,junior,2019
6776,Aurelia,Furgał,31,Warszawa,Sales,8864,5,False,mid,2010
6777,Marcelina,Fit,27,Poznań,Marketing,9333,4,False,mid,2021
6778,Adrian,Skocz,22,Gdańsk,IT,9679,0,True,junior,2016
6779,Olga,Janowiak,23,Lublin,IT,16935,1,True,senior,2022
6780,Ewelina,Anioła,65,Kraków,Finance,10705,25,False,mid,2014
6781,Maciej,Staciwa,63,Poznań,IT,19643,1,False,lead,2012
6782,Kacper,Thiel,54,Gdańsk,Sales,9950,6,False,mid,2018
6783,Natasza,Dycha,38,Wrocław,Operations,9889,1,False,mid,2015
6784,Urszula,Kuziora,27,Wrocław,IT,14125,1,False,senior,2010
6785,Emil,Miszkiel,59,Rzeszów,Support,8906,4,False,mid,2013
6786,Alex,Narożny,52,Lublin,IT,13756,23,False,senior,2024
6787,Mieszko,Wojtunik,25,Lublin,Support,9493,3,False,mid,2014
6788,Maksymilian,Paleń,28,Wrocław,Sales,10216,5,False,mid,2018
6789,Jędrzej,Galek,63,Kraków,IT,14999,3,False,senior,2024
6790,Franciszek,Dubik,27,Kraków,Support,12839,1,False,senior,2013
6791,Radosław,Pryk,65,Wrocław,Finance,8959,27,False,mid,2012
6792,Agnieszka,Neugebauer,29,Poznań,IT,6572,2,False,junior,2020
6793,Marcel,Gietka,62,Warszawa,Finance,14915,33,False,senior,2015
6794,Mariusz,Prygiel,48,Lublin,IT,9820,5,False,mid,2021
6795,Paweł,Wojtyna,23,Lublin,Sales,6857,0,False,junior,2011
6796,Artur,Witaszek,55,Wrocław,Marketing,7315,26,False,junior,2016
6797,Mateusz,Karczmarz,22,Rzeszów,IT,8531,0,False,junior,2021
6798,Paweł,Jędrasiak,35,Warszawa,Marketing,16184,2,True,senior,2017
6799,Justyna,Mamcarz,59,Warszawa,Sales,8994,34,False,mid,2017
6800,Alan,Kopij,53,Kraków,Marketing,10523,26,False,mid,2010
6801,Rafał,Gałach,28,Kraków,HR,8941,2,True,junior,2024
6802,Leonard,Stoltmann,57,Katowice,Operations,9330,31,True,junior,2011
6803,Julita,Durlik,31,Gdańsk,HR,13976,7,False,senior,2012
6804,Mikołaj,Kuliberda,60,Poznań,IT,18592,36,False,lead,2016
6805,Aleksander,Kurnik,46,Białystok,Finance,9294,4,False,mid,2022
6806,Franciszek,Bukowiec,50,Lublin,Finance,17803,21,False,lead,2015
6807,Igor,Gorgol,60,Łódź,Marketing,12936,26,False,senior,2022
6808,Kornel,Wesoła,61,Kraków,Sales,11011,6,False,mid,2012
6809,Fryderyk,Kalisiak,64,Łódź,HR,6321,40,False,junior,2025
6810,Alan,Wołoch,24,Poznań,Support,6084,1,False,junior,2011
6811,Janina,Kubasiewicz,42,Kraków,Operations,10198,13,True,junior,2022
6812,Ignacy,Byra,50,Łódź,Operations,21351,16,True,lead,2013
6813,Alex,Kurzac,58,Warszawa,Support,8030,12,False,mid,2019
6814,Tymon,Szumacher,32,Kraków,Sales,8003,0,False,junior,2019
6815,Janina,Steuer,35,Katowice,Sales,17107,8,False,lead,2019
6816,Klara,Pochroń,23,Kraków,Sales,9602,1,False,mid,2021
6817,Adrianna,Dacko,50,Wrocław,IT,7452,24,False,junior,2011
6818,Marcel,Margas,54,Kraków,HR,6548,0,False,junior,2019
6819,Liwia,Kopyt,37,Rzeszów,Support,17132,5,True,senior,2020
6820,Aurelia,Aleksa,40,Warszawa,Finance,9270,12,False,mid,2011
6821,Marika,Stoch,52,Gdańsk,IT,19839,18,False,lead,2018
6822,Kazimierz,Wygoda,47,Wrocław,Sales,9179,14,False,mid,2011
6823,Karina,Twardosz,35,Wrocław,Support,13329,11,False,senior,2014
6824,Tomasz,Gorgol,26,Łódź,Sales,16905,0,False,lead,2021
6825,Gustaw,Mytnik,51,Gdańsk,Marketing,16298,24,False,lead,2011
6826,Karol,Bulak,38,Kraków,Operations,6565,9,False,junior,2017
6827,Dagmara,Policht,24,Białystok,Sales,13567,1,False,senior,2010
6828,Andrzej,Ekert,32,Poznań,IT,10368,1,False,mid,2010
6829,Gabriel,Kryza,42,Warszawa,IT,11107,6,False,mid,2010
6830,Igor,Drabczyk,64,Łódź,IT,7643,29,False,junior,2016
6831,Anastazja,Saj,31,Białystok,Sales,10813,3,False,mid,2025
6832,Bruno,Sus,61,Wrocław,Sales,17562,17,False,lead,2018
6833,Przemysław,Graboś,29,Warszawa,Sales,10881,4,False,mid,2011
6834,Ernest,Mrózek,53,Lublin,Support,9111,28,False,mid,2020
6835,Ada,Błaszyk,65,Wrocław,HR,12882,28,True,mid,2015
6836,Cyprian,Skutnik,39,Kraków,Finance,10791,4,False,mid,2021
6837,Tola,Wawrzeńczyk,27,Warszawa,Sales,9651,3,False,mid,2020
6838,Liwia,Chylak,28,Poznań,Finance,8778,0,False,mid,2018
6839,Jędrzej,Parkitna,40,Łódź,Finance,18169,17,False,lead,2016
6840,Fabian,Chadaj,59,Warszawa,Support,10975,28,True,mid,2024
6841,Agnieszka,Kołpak,33,Gdańsk,Finance,13178,7,True,mid,2022
6842,Marcin,Dytrych,50,Kraków,Support,13053,21,False,senior,2010
6843,Dorota,Pindor,64,Rzeszów,Finance,8785,20,False,mid,2022
6844,Adrian,Simon,35,Kraków,Sales,14102,4,False,senior,2013
6845,Dariusz,Karkut,44,Warszawa,Operations,5956,7,False,junior,2014
6846,Aniela,Godzwon,62,Lublin,Sales,10561,39,False,mid,2023
6847,Ida,Naczk,42,Kraków,Operations,16419,3,False,lead,2025
6848,Blanka,Mrózek,22,Gdańsk,Finance,12871,0,True,mid,2021
6849,Krzysztof,Cywka,32,Warszawa,IT,11032,2,False,mid,2020
6850,Kaja,Bik,31,Poznań,Finance,9301,9,False,mid,2020
6851,Norbert,Kominiak,29,Warszawa,Support,9596,6,False,mid,2013
6852,Aurelia,Pęksa,27,Poznań,IT,13638,1,True,mid,2011
6853,Paweł,Chaber,24,Poznań,Finance,13863,2,False,senior,2021
6854,Marcelina,Zys,50,Kraków,Sales,9539,21,False,mid,2017
6855,Dominik,Stebel,60,Rzeszów,Marketing,9187,4,True,junior,2023
6856,Kamil,Kopyt,46,Rzeszów,Sales,15206,18,False,senior,2010
6857,Kacper,Głowienka,55,Poznań,Marketing,10565,17,False,mid,2024
6858,Róża,Wolff,42,Kraków,IT,10276,16,True,junior,2024
6859,Cezary,Mirga,25,Kraków,Operations,6424,1,False,junior,2010
6860,Lidia,Maligłówka,60,Białystok,IT,11648,3,False,mid,2016
6861,Liwia,Pezda,25,Lublin,HR,5858,3,False,junior,2025
6862,Maks,Żurawik,33,Kraków,Support,5036,4,False,junior,2014
6863,Ignacy,Galica,55,Łódź,IT,15378,17,False,senior,2019
6864,Karol,Świstek,59,Lublin,Sales,12127,15,True,mid,2014
6865,Kornelia,Hutnik,30,Katowice,HR,8067,0,True,junior,2021
6866,Krystian,Marach,27,Kraków,HR,9088,1,False,mid,2020
6867,Nela,Hartman,32,Warszawa,Sales,10840,3,False,mid,2025
6868,Apolonia,Araszkiewicz,45,Katowice,IT,11265,2,False,mid,2010
6869,Mikołaj,Krzyszczak,52,Lublin,Sales,6458,7,False,junior,2023
6870,Jeremi,Milcarz,51,Kraków,HR,11817,8,False,senior,2011
6871,Oskar,Janiszek,35,Kraków,Support,5754,2,False,junior,2017
6872,Fryderyk,Sudnik,50,Białystok,IT,11744,22,False,mid,2020
6873,Kaja,Lemieszek,56,Wrocław,Marketing,7667,11,False,junior,2023
6874,Gustaw,Kral,56,Warszawa,Support,5027,9,False,junior,2014
6875,Olga,Janczura,44,Poznań,Sales,17489,11,False,lead,2016
6876,Gaja,Wajdzik,23,Kraków,IT,10851,1,False,mid,2024
6877,Liwia,Bartela,23,Warszawa,Sales,9563,1,False,mid,2019
6878,Anastazja,Nojek,38,Lublin,Finance,10294,10,False,mid,2012
6879,Kornelia,Gieroń,28,Wrocław,Marketing,14356,1,False,senior,2025
6880,Franciszek,Krajniak,35,Warszawa,IT,10799,1,False,mid,2023
6881,Witold,Bereda,36,Rzeszów,Sales,17675,9,False,lead,2013
6882,Borys,Kandziora,22,Kraków,Marketing,7150,0,False,junior,2014
6883,Mikołaj,Baś,46,Łódź,Sales,12567,6,True,mid,2025
6884,Piotr,Dylik,62,Wrocław,IT,10208,4,False,mid,2017
6885,Cezary,Kamieniarz,57,Białystok,Sales,12927,28,False,senior,2025
6886,Wiktor,Fidor,37,Białystok,Operations,17259,13,False,lead,2025
6887,Oskar,Kucharz,24,Lublin,Sales,9279,1,False,mid,2022
6888,Artur,Kwapisiewicz,64,Warszawa,Marketing,13615,40,False,senior,2023
6889,Olga,Kołaczyk,31,Katowice,IT,9994,3,False,mid,2025
6890,Kamila,Smętek,22,Warszawa,Operations,16225,0,False,lead,2021
6891,Borys,Daniec,37,Warszawa,Sales,14271,4,False,senior,2022
6892,Cezary,Judek,25,Wrocław,Operations,8063,0,True,junior,2012
6893,Gabriel,Bors,40,Warszawa,Operations,14315,15,False,senior,2013
6894,Gabriel,Milczarczyk,29,Warszawa,Finance,7150,7,False,junior,2021
6895,Stefan,Zegadło,51,Warszawa,Finance,8996,22,False,mid,2023
6896,Gaja,Nowrot,23,Kraków,IT,14893,0,False,senior,2010
6897,Jakub,Kroczak,47,Wrocław,Operations,9431,6,True,junior,2014
6898,Daniel,Rubin,39,Białystok,Sales,10085,2,False,mid,2023
6899,Malwina,Huczko,41,Wrocław,Finance,9541,12,False,mid,2023
6900,Norbert,Ruman,61,Łódź,HR,7555,7,True,junior,2013
6901,Tadeusz,Gonsior,35,Wrocław,IT,19503,12,False,lead,2013
6902,Jędrzej,Duży,23,Lublin,IT,7831,1,False,junior,2017
6903,Krzysztof,Płoskonka,36,Katowice,IT,10356,7,False,mid,2017
6904,Daniel,Kloska,39,Kraków,IT,8011,10,False,junior,2024
6905,Agnieszka,Kosz,56,Wrocław,IT,17646,26,False,lead,2010
6906,Bartek,Hapka,44,Rzeszów,Sales,6898,19,False,junior,2025
6907,Lidia,Barankiewicz,60,Gdańsk,IT,11867,15,False,mid,2012
6908,Józef,Kobos,40,Rzeszów,Sales,6722,1,False,junior,2012
6909,Kajetan,Gorgol,42,Łódź,IT,14469,11,True,mid,2021
6910,Igor,Ciesiółka,53,Warszawa,Marketing,12114,21,True,mid,2014
6911,Mateusz,Ziajka,34,Katowice,HR,6695,7,False,junior,2020
6912,Maks,Kuk,23,Gdańsk,IT,10721,0,False,mid,2013
6913,Janina,Szlaga,57,Kraków,Support,6023,19,False,junior,2024
6914,Marika,Humeniuk,24,Katowice,Support,8636,0,False,mid,2025
6915,Witold,Hus,64,Wrocław,IT,10706,2,True,junior,2025
6916,Kamil,Denkiewicz,27,Kraków,Sales,10389,1,False,mid,2015
6917,Kacper,Basak,63,Kraków,Operations,10448,41,False,mid,2010
6918,Aleks,Prokurat,49,Warszawa,Finance,5543,22,False,junior,2021
6919,Olaf,Deszcz,46,Warszawa,Operations,12765,12,False,senior,2014
6920,Nela,Klinkosz,27,Poznań,Sales,7278,5,False,junior,2017
6921,Tymon,Żakiewicz,23,Rzeszów,Marketing,9272,1,False,mid,2014
6922,Patryk,Dmoch,54,Warszawa,Marketing,18145,26,False,lead,2020
6923,Emil,Grębowiec,63,Warszawa,Support,10122,25,False,mid,2022
6924,Józef,Pikor,39,Wrocław,Operations,7348,5,False,junior,2014
6925,Marika,Starostka,43,Kraków,IT,10932,10,False,mid,2011
6926,Nataniel,Cydzik,64,Wrocław,Sales,13840,35,False,senior,2019
6927,Juliusz,Nastały,61,Lublin,Sales,13752,6,False,senior,2019
6928,Ada,Suchta,57,Warszawa,Sales,6563,34,False,junior,2024
6929,Dariusz,Hojda,32,Katowice,Finance,13681,7,False,senior,2011
6930,Bartek,Żabka,53,Rzeszów,IT,8081,12,False,junior,2025
6931,Maks,Gaudyn,27,Warszawa,IT,10214,3,False,mid,2011
6932,Józef,Gasz,53,Poznań,HR,8571,14,False,mid,2013
6933,Eliza,Chaba,52,Poznań,Sales,12054,20,True,mid,2010
6934,Gaja,Poczta,22,Warszawa,Operations,5481,0,False,junior,2018
6935,Kamil,Kalisiak,57,Warszawa,IT,7512,1,False,junior,2015
6936,Eliza,Preś,28,Gdańsk,Marketing,11814,2,True,mid,2024
6937,Michał,Radzewicz,53,Kraków,Finance,6683,9,False,junior,2020
6938,Klara,Demiańczuk,46,Białystok,Operations,10297,2,False,mid,2013
6939,Borys,Galos,45,Katowice,IT,10844,22,False,mid,2024
6940,Julian,Komisarczyk,41,Białystok,Sales,13993,15,False,senior,2024
6941,Sonia,Malewicz,29,Gdańsk,IT,10418,2,False,mid,2017
6942,Andrzej,Orzeszek,55,Wrocław,Finance,14690,8,False,senior,2022
6943,Kornelia,Gruza,56,Wrocław,Marketing,6777,4,False,junior,2015
6944,Gabriel,Taranek,51,Warszawa,Operations,9738,27,False,mid,2022
6945,Dawid,Mendak,44,Katowice,Support,17220,14,False,lead,2024
6946,Albert,Naumiuk,50,Gdańsk,Support,17675,21,False,lead,2016
6947,Dominik,Gul,64,Warszawa,Finance,13185,40,True,mid,2014
6948,Inga,Ludwik,34,Katowice,IT,15818,10,False,senior,2017
6949,Aniela,Zys,39,Łódź,Support,13477,14,False,senior,2025
6950,Anna Maria,Smektała,57,Kraków,IT,11730,32,False,mid,2021
6951,Błażej,Stachewicz,38,Katowice,Finance,10383,12,True,junior,2016
6952,Nataniel,Staręga,30,Warszawa,HR,6795,1,False,junior,2015
6953,Kornel,Palak,62,Warszawa,IT,10140,32,False,mid,2021
6954,Julianna,Krzysztofek,43,Katowice,IT,10381,15,False,mid,2025
6955,Jacek,Strycharz,65,Łódź,Marketing,10662,2,False,mid,2010
6956,Rafał,Saternus,48,Łódź,IT,7420,4,False,junior,2019
6957,Elżbieta,Proć,40,Poznań,Operations,10236,2,False,mid,2019
6958,Cyprian,Fraszczyk,56,Warszawa,Finance,9700,25,False,mid,2020
6959,Marcel,Laskus,59,Warszawa,Finance,5692,24,False,junior,2018
6960,Agnieszka,Krüger,28,Gdańsk,Operations,17864,3,False,lead,2015
6961,Mieszko,Majorczyk,39,Wrocław,Sales,9141,0,False,mid,2017
6962,Kamil,Wicha,31,Lublin,Finance,11813,1,True,mid,2024
6963,Sonia,Trawka,29,Kraków,HR,6951,7,False,junior,2015
6964,Tymon,Kowara,24,Białystok,Operations,12091,1,False,senior,2014
6965,Krystian,Sznura,33,Rzeszów,Sales,7082,1,False,junior,2011
6966,Aleks,Elwart,34,Lublin,Sales,10009,4,False,mid,2012
6967,Dagmara,Krauz,52,Białystok,HR,12914,28,False,senior,2021
6968,Miłosz,Kiepura,41,Rzeszów,Support,6093,10,False,junior,2021
6969,Ada,Nowotny,59,Rzeszów,HR,8929,4,False,mid,2023
6970,Wiktor,Skiepko,47,Warszawa,IT,7760,6,False,junior,2022
6971,Gustaw,Podkowa,43,Białystok,HR,5798,0,False,junior,2010
6972,Agnieszka,Drop,26,Wrocław,Finance,7109,4,False,junior,2023
6973,Przemysław,Maćków,61,Gdańsk,Marketing,12605,27,False,senior,2016
6974,Tola,Trznadel,38,Kraków,HR,9742,2,False,mid,2023
6975,Mikołaj,Górnisiewicz,39,Kraków,HR,10570,2,True,mid,2018
6976,Norbert,Durlik,34,Warszawa,Sales,17350,5,True,senior,2016
6977,Kornelia,Rząd,60,Kraków,Marketing,9037,9,False,mid,2014
6978,Jakub,Krochmal,51,Kraków,Marketing,8908,2,True,junior,2023
6979,Iwo,Wołoch,39,Kraków,Sales,22298,7,True,lead,2013
6980,Nataniel,Kubaczyk,58,Wrocław,Support,12269,10,True,mid,2016
6981,Ryszard,Opalach,37,Lublin,Operations,10386,4,False,mid,2017
6982,Nela,Wojtach,30,Poznań,Operations,13488,8,True,mid,2015
6983,Melania,Czupryna,40,Warszawa,Marketing,13067,18,False,senior,2010
6984,Dawid,Frukacz,23,Kraków,Sales,6496,1,False,junior,2018
6985,Jeremi,Boguta,45,Gdańsk,Sales,11147,3,False,mid,2023
6986,Konrad,Baster,22,Warszawa,Sales,9411,0,False,mid,2017
6987,Janina,Grzejszczak,36,Warszawa,Marketing,8537,11,False,mid,2021
6988,Aleks,Simon,37,Łódź,Sales,9362,11,False,mid,2019
6989,Filip,Wojtczuk,44,Warszawa,HR,11614,22,False,senior,2018
6990,Maks,Pyszka,28,Łódź,IT,15755,2,False,senior,2015
6991,Ernest,Gregorek,56,Poznań,IT,8742,34,False,junior,2015
6992,Blanka,Karalus,28,Warszawa,Sales,7566,3,False,junior,2019
6993,Robert,Pacyga,63,Lublin,IT,10391,40,False,mid,2014
6994,Gaja,Dziuban,30,Wrocław,Finance,6379,4,False,junior,2022
6995,Tymoteusz,Letkiewicz,54,Kraków,HR,6635,5,False,junior,2025
6996,Justyna,Bochnak,56,Gdańsk,HR,7869,17,False,mid,2024
6997,Kazimierz,Bochnia,49,Kraków,IT,7726,9,False,junior,2011
6998,Elżbieta,Sławik,46,Katowice,IT,10025,22,False,mid,2018
6999,Ksawery,Supeł,41,Katowice,HR,9862,8,False,mid,2021
7000,Łukasz,Sobstyl,42,Łódź,Sales,13880,0,False,senior,2025
7001,Bianka,Bzymek,30,Katowice,Marketing,16952,8,True,senior,2023
7002,Emil,Ścibisz,33,Warszawa,Marketing,12966,5,False,senior,2010
7003,Karol,Pielka,41,Wrocław,Support,8868,6,False,mid,2025
7004,Nicole,Piksa,32,Gdańsk,IT,13204,4,True,mid,2017
7005,Marcelina,Cydzik,22,Poznań,Marketing,14492,0,False,senior,2011
7006,Grzegorz,Kulczak,54,Poznań,Sales,10854,11,True,junior,2015
7007,Justyna,Prokopczyk,32,Warszawa,IT,14930,0,True,mid,2018
7008,Sebastian,Daraż,31,Łódź,Sales,12003,3,True,mid,2015
7009,Sara,Praczyk,53,Rzeszów,IT,9593,8,False,mid,2010
7010,Jędrzej,Makoś,65,Gdańsk,Support,6179,10,False,junior,2024
7011,Maurycy,Fidura,58,Białystok,IT,14526,36,False,senior,2016
7012,Maks,Ciepła,32,Kraków,Operations,14256,6,False,senior,2010
7013,Roksana,Dębosz,63,Warszawa,IT,9926,29,False,mid,2025
7014,Klara,Bartoszak,28,Białystok,Sales,10361,6,False,mid,2010
7015,Antoni,Waloch,54,Gdańsk,Sales,13462,32,False,senior,2011
7016,Szymon,Maszkiewicz,56,Wrocław,Operations,7089,20,False,junior,2023
7017,Sandra,Janasik,46,Gdańsk,Sales,6986,1,False,junior,2018
7018,Sebastian,Grzelec,29,Warszawa,Support,12661,1,False,senior,2022
7019,Emil,Ziarno,40,Kraków,IT,13587,16,False,senior,2013
7020,Andrzej,Miszkurka,31,Wrocław,HR,8602,5,False,mid,2017
7021,Ida,Dydak,30,Łódź,Sales,13078,7,True,mid,2015
7022,Hubert,Namysł,58,Białystok,Sales,10786,21,False,mid,2012
7023,Inga,Karczmarek,59,Lublin,Sales,12161,19,True,mid,2012
7024,Sylwia,Nazarko,63,Warszawa,Finance,6930,3,False,junior,2014
7025,Gustaw,Kiełbowicz,29,Kraków,Support,5054,7,False,junior,2021
7026,Kamila,Dylong,42,Białystok,Sales,17814,17,False,lead,2013
7027,Olga,Posłuszna,64,Warszawa,Finance,5763,41,False,junior,2020
7028,Jan,Bociek,41,Rzeszów,IT,15637,4,False,senior,2020
7029,Eliza,Nalewajek,61,Białystok,Sales,10382,16,False,mid,2020
7030,Mikołaj,Goś,64,Poznań,IT,11232,37,False,mid,2019
7031,Adam,Bździuch,57,Warszawa,Operations,5095,7,False,junior,2010
7032,Dominik,Borkiewicz,27,Białystok,Operations,12678,4,True,mid,2017
7033,Gaja,Kręcisz,57,Lublin,IT,7587,10,False,junior,2020
7034,Aleks,Pera,27,Gdańsk,Sales,10795,5,False,mid,2020
7035,Karina,Maciejewicz,42,Gdańsk,HR,17141,2,False,lead,2011
7036,Kornel,Perlik,63,Gdańsk,HR,5339,13,False,junior,2010
7037,Stanisław,Bulczak,40,Warszawa,Operations,8023,8,True,junior,2023
7038,Janina,Krzosek,59,Poznań,Sales,9570,20,False,mid,2016
7039,Apolonia,Ceynowa,27,Rzeszów,IT,10679,3,False,mid,2010
7040,Mikołaj,Kurczab,37,Warszawa,Sales,8910,1,False,mid,2023
7041,Gabriel,Palonek,39,Warszawa,Finance,11928,0,True,mid,2024
7042,Julian,Gozdur,61,Warszawa,Operations,8664,24,False,mid,2010
7043,Anastazja,Kopa,56,Łódź,HR,8963,24,False,mid,2016
7044,Artur,Baś,60,Wrocław,Operations,6360,12,False,junior,2018
7045,Marcin,Kij,58,Wrocław,Sales,7480,15,False,junior,2013
7046,Fabian,Wikło,22,Katowice,Marketing,9176,0,False,mid,2015
7047,Jan,Łacina,25,Warszawa,Operations,13151,0,True,mid,2013
7048,Ada,Krzyżostaniak,51,Kraków,Marketing,10375,23,False,mid,2013
7049,Ksawery,Koral,27,Lublin,Marketing,14001,5,False,senior,2024
7050,Krzysztof,Wandzel,48,Lublin,Sales,14859,3,False,senior,2018
7051,Marcin,Dzika,41,Poznań,Operations,5079,4,False,junior,2011
7052,Ignacy,Roskosz,38,Kraków,Finance,14535,4,False,senior,2012
7053,Patryk,Kalarus,33,Lublin,Sales,7604,5,False,junior,2021
7054,Gabriel,Hanc,27,Kraków,Operations,8273,4,False,mid,2018
7055,Lidia,Rybus,23,Białystok,HR,9231,0,False,mid,2015
7056,Dorota,Leśny,63,Warszawa,HR,6370,23,False,junior,2016
7057,Kamila,Gołek,59,Wrocław,Marketing,8821,3,False,mid,2018
7058,Marcel,Szyndler,63,Rzeszów,IT,7813,19,False,junior,2025
7059,Olga,Romejko,59,Wrocław,Support,7969,37,False,mid,2013
7060,Daniel,Kornet,30,Warszawa,Sales,10584,4,False,mid,2017
7061,Marek,Skocz,42,Gdańsk,Marketing,11621,1,True,mid,2014
7062,Inga,Skowyra,31,Katowice,Finance,7987,7,False,junior,2017
7063,Monika,Matula,44,Warszawa,Finance,18332,5,False,lead,2015
7064,Marcel,Banak,48,Warszawa,Operations,9780,10,False,mid,2013
7065,Tymon,Śledzik,34,Kraków,IT,9522,5,False,mid,2012
7066,Michał,Kurach,64,Warszawa,Operations,5235,35,False,junior,2011
7067,Julian,Budych,32,Łódź,IT,15134,5,False,senior,2025
7068,Tadeusz,Ciesiółka,41,Warszawa,Support,13224,0,False,senior,2017
7069,Apolonia,Plewnia,36,Kraków,HR,12826,1,False,senior,2023
7070,Inga,Gortat,33,Wrocław,IT,14585,11,True,mid,2018
7071,Lidia,Szymaniuk,56,Kraków,IT,8904,15,False,junior,2023
7072,Aleks,Bartoś,38,Poznań,IT,18357,11,False,lead,2011
7073,Oskar,Myk,35,Wrocław,Support,6803,2,False,junior,2011
7074,Anastazja,Balawender,51,Warszawa,Support,6069,0,False,junior,2020
7075,Jacek,Ziemann,53,Lublin,IT,19006,16,False,lead,2013
7076,Ernest,Wieja,33,Warszawa,Operations,8062,1,False,mid,2012
7077,Dominik,Musiolik,52,Gdańsk,HR,12900,18,False,senior,2021
7078,Urszula,Dąbroś,52,Wrocław,Sales,9416,28,False,mid,2021
7079,Kaja,Kramer,34,Warszawa,Sales,8976,6,False,mid,2017
7080,Antoni,Latacz,41,Poznań,HR,9320,11,False,mid,2020
7081,Róża,Tułacz,46,Katowice,Marketing,16223,11,False,lead,2011
7082,Sylwia,Rubacha,30,Warszawa,IT,6875,2,False,junior,2022
7083,Mateusz,Miszkurka,46,Warszawa,Marketing,6656,9,False,junior,2012
7084,Emil,Tecław,60,Warszawa,IT,13046,28,True,mid,2015
7085,Sara,Kolbusz,50,Lublin,Support,14069,24,False,senior,2016
7086,Maks,Sławik,25,Wrocław,HR,14977,3,True,senior,2012
7087,Roksana,Morawiak,53,Warszawa,Sales,9874,15,True,junior,2022
7088,Róża,Dorawa,24,Warszawa,Support,13094,0,False,senior,2022
7089,Mateusz,Kwak,48,Łódź,IT,15946,17,False,senior,2021
7090,Maurycy,Gustaw,35,Warszawa,Finance,10668,7,False,mid,2017
7091,Nela,Janczarek,58,Warszawa,HR,12759,11,False,senior,2018
7092,Nataniel,Wiewiórka,55,Rzeszów,Sales,10584,1,False,mid,2021
7093,Anna Maria,Szwiec,51,Kraków,IT,15941,15,False,senior,2015
7094,Ida,Siedlaczek,57,Kraków,IT,7710,6,False,junior,2020
7095,Tymoteusz,Długozima,65,Kraków,Marketing,5469,15,False,junior,2012
7096,Krystian,Szalast,47,Kraków,Operations,12493,1,False,senior,2015
7097,Sylwia,Kózka,31,Łódź,Marketing,6386,2,False,junior,2018
7098,Róża,Klorek,51,Katowice,Sales,14418,25,False,senior,2019
7099,Sebastian,Widłak,41,Kraków,IT,7075,10,False,junior,2012
7100,Emil,Pierchała,38,Warszawa,IT,11872,4,False,mid,2012
7101,Krzysztof,Orawiec,39,Warszawa,Finance,18124,7,False,lead,2013
7102,Karina,Miękina,30,Kraków,HR,12103,3,False,senior,2020
7103,Natasza,Sajnóg,58,Wrocław,Operations,16692,7,True,senior,2024
7104,Grzegorz,Burnat,50,Warszawa,Support,13587,20,False,senior,2010
7105,Dorota,Wykręt,37,Gdańsk,IT,7907,6,False,junior,2016
7106,Anna Maria,Wolan,58,Warszawa,Marketing,12979,7,False,senior,2015
7107,Adrian,Waloszek,55,Łódź,Operations,8053,5,False,mid,2024
7108,Kazimierz,Myk,37,Białystok,HR,9102,9,False,mid,2013
7109,Elżbieta,Andrearczyk,44,Kraków,IT,10866,3,False,mid,2022
7110,Janina,Szpyt,62,Poznań,Support,5363,26,False,junior,2024
7111,Olga,Prucnal,33,Poznań,IT,7602,4,False,junior,2021
7112,Aleksander,Rzońca,48,Warszawa,Operations,18467,26,False,lead,2024
7113,Damian,Płócienniczak,43,Warszawa,HR,8499,6,False,mid,2018
7114,Patryk,Bartman,42,Katowice,IT,7072,10,False,junior,2012
7115,Dominik,Chorążewicz,61,Poznań,Sales,9324,33,False,mid,2011
7116,Lidia,Malara,44,Poznań,Sales,5897,19,False,junior,2014
7117,Jerzy,Hrabia,63,Warszawa,Marketing,5482,11,False,junior,2025
7118,Marek,Szlęk,49,Gdańsk,IT,19154,13,False,lead,2016
7119,Tymoteusz,Preś,57,Wrocław,Finance,8575,10,False,mid,2010
7120,Ernest,Nieścioruk,60,Kraków,Operations,9677,30,False,mid,2015
7121,Sandra,Kokosza,45,Kraków,IT,16871,21,True,senior,2016
7122,Stanisław,Chaberek,45,Warszawa,IT,18313,10,False,lead,2023
7123,Iwo,Ochal,38,Kraków,IT,10844,12,False,mid,2023
7124,Piotr,Kurzaj,41,Gdańsk,HR,4989,9,False,junior,2012
7125,Wojciech,Kiełbik,61,Kraków,Support,16439,16,False,lead,2010
7126,Mariusz,Fronczyk,44,Kraków,IT,11759,11,False,mid,2020
7127,Antoni,Oleszczak,44,Wrocław,Support,6204,10,False,junior,2010
7128,Kazimierz,Froń,44,Łódź,IT,15795,16,False,senior,2019
7129,Aniela,Maleszka,59,Rzeszów,IT,8679,36,False,junior,2023
7130,Łukasz,Jajko,46,Warszawa,IT,10894,16,False,mid,2015
7131,Anita,Paleń,55,Kraków,IT,7365,22,False,junior,2023
7132,Ksawery,Mysiak,28,Katowice,Finance,13456,2,False,senior,2024
7133,Iwo,Waszczyk,23,Poznań,HR,7619,1,False,mid,2011
7134,Monika,Bochnak,64,Warszawa,Sales,12819,40,False,senior,2024
7135,Stefan,Koss,58,Wrocław,Marketing,8541,14,False,mid,2011
7136,Ksawery,Niedośpiał,38,Warszawa,HR,8969,16,False,mid,2018
7137,Miłosz,Witko,32,Wrocław,HR,10929,4,True,mid,2019
7138,Liwia,Lepka,53,Łódź,Operations,7122,6,False,junior,2024
7139,Eryk,Poniedziałek,53,Warszawa,Marketing,14611,22,False,senior,2015
7140,Janina,Drywa,30,Warszawa,Sales,17058,1,False,lead,2022
7141,Patryk,Kopciuch,57,Warszawa,Marketing,6165,33,False,junior,2017
7142,Filip,Gapys,22,Gdańsk,IT,13787,0,True,mid,2015
7143,Sebastian,Odrzywołek,54,Lublin,Support,6570,19,False,junior,2018
7144,Jan,Gruza,28,Katowice,HR,9036,3,False,mid,2024
7145,Kalina,Skonieczka,57,Warszawa,Finance,13468,21,False,senior,2022
7146,Inga,Perlik,26,Wrocław,Sales,7321,0,False,junior,2014
7147,Wojciech,Ignatiuk,41,Warszawa,Sales,19043,2,False,lead,2015
7148,Daniel,Zyga,42,Kraków,Marketing,8559,13,False,mid,2010
7149,Liwia,Chowaniak,29,Łódź,Operations,5831,1,False,junior,2013
7150,Rafał,Ogrodowicz,39,Warszawa,IT,6834,2,False,junior,2024
7151,Nikodem,Wojewodzic,41,Gdańsk,Support,7029,14,False,junior,2023
7152,Lidia,Furga,28,Kraków,IT,13731,4,False,senior,2015
7153,Maks,Dyszy,26,Katowice,Sales,7757,1,False,junior,2010
7154,Melania,Henke,54,Warszawa,IT,14986,1,False,senior,2024
7155,Sebastian,Hałka,39,Kraków,HR,8768,6,False,mid,2024
7156,Krzysztof,Groborz,25,Lublin,Sales,9996,1,False,mid,2022
7157,Marianna,Mętel,47,Warszawa,Operations,8713,13,False,mid,2024
7158,Albert,Bork,31,Katowice,Marketing,14343,2,False,senior,2024
7159,Wojciech,Zięcik,23,Kraków,Operations,17133,1,False,lead,2021
7160,Maksymilian,Pacocha,36,Wrocław,Operations,10332,9,False,mid,2010
7161,Eliza,Zacharczuk,34,Kraków,Marketing,12388,8,False,senior,2014
7162,Oskar,Grygo,57,Białystok,IT,8219,19,False,junior,2014
7163,Sonia,Podeszwa,64,Białystok,Support,8912,24,False,mid,2013
7164,Mikołaj,Wocial,65,Katowice,Finance,16672,43,True,senior,2024
7165,Rozalia,Folta,42,Białystok,Sales,8873,2,False,mid,2023
7166,Michał,Młynarz,23,Poznań,IT,6556,0,False,junior,2015
7167,Aleks,Sugier,60,Wrocław,Sales,9369,30,False,mid,2018
7168,Iwo,Szwiec,49,Warszawa,Sales,9496,10,False,mid,2013
7169,Maurycy,Kuropatwa,30,Wrocław,IT,10811,8,False,mid,2016
7170,Damian,Nowrot,33,Kraków,Sales,13861,11,False,senior,2014
7171,Igor,Kopytko,39,Lublin,Operations,14278,2,False,senior,2012
7172,Aurelia,Frączkiewicz,38,Łódź,Support,8484,8,False,mid,2014
7173,Eliza,Domowicz,33,Kraków,Marketing,16689,8,False,lead,2024
7174,Nela,Mierzwiak,27,Warszawa,Sales,9254,0,False,mid,2017
7175,Blanka,Łakota,63,Katowice,HR,8231,14,False,mid,2012
7176,Adam,Szatko,38,Lublin,HR,9458,11,False,mid,2010
7177,Kamil,Sadowy,25,Białystok,Support,17716,2,False,lead,2018
7178,Natasza,Szabla,38,Łódź,Sales,17621,5,False,lead,2011
7179,Antoni,Feret,35,Lublin,Finance,9368,7,True,junior,2024
7180,Natan,Peciak,39,Warszawa,Support,4913,7,False,junior,2022
7181,Robert,Bubak,64,Katowice,IT,15362,0,False,senior,2025
7182,Józef,Staręga,37,Wrocław,Marketing,13657,13,False,senior,2024
7183,Stanisław,Sławik,53,Białystok,HR,12426,5,False,senior,2017
7184,Gabriel,Nieścior,43,Poznań,Support,8455,7,False,mid,2017
7185,Kornel,Siciarz,56,Warszawa,Finance,14378,18,False,senior,2022
7186,Stanisław,Pik,28,Białystok,Operations,8179,4,True,junior,2024
7187,Anastazja,Kupidura,60,Poznań,Operations,6446,25,False,junior,2015
7188,Sylwia,Ligas,32,Katowice,HR,12342,4,True,mid,2017
7189,Piotr,Jaśko,50,Poznań,Marketing,5293,4,False,junior,2012
7190,Wojciech,Żołnierczyk,29,Kraków,Marketing,9405,7,False,mid,2025
7191,Maksymilian,Wielgo,37,Białystok,Finance,6716,11,False,junior,2018
7192,Bianka,Wojewódka,60,Gdańsk,IT,14009,38,False,senior,2022
7193,Adrian,Pogorzelec,53,Lublin,Marketing,11274,31,True,mid,2015
7194,Maciej,Pysz,40,Warszawa,Marketing,15239,18,True,senior,2016
7195,Piotr,Smagacz,36,Poznań,Operations,6311,4,False,junior,2020
7196,Dorota,Koziatek,65,Warszawa,Sales,20741,1,True,lead,2010
7197,Nataniel,Janc,34,Warszawa,Operations,8901,12,False,mid,2013
7198,Malwina,Kojder,31,Łódź,Operations,10108,9,False,mid,2013
7199,Olaf,Szkoda,61,Wrocław,Operations,8935,34,False,mid,2014
7200,Adam,Kwasek,33,Lublin,Sales,14218,10,True,mid,2014
7201,Konrad,Kopytko,55,Łódź,Sales,13662,15,False,senior,2013
7202,Fryderyk,Chojak,62,Warszawa,Support,10001,2,False,mid,2023
7203,Kacper,Pleban,34,Poznań,Operations,14340,0,False,senior,2018
7204,Karina,Solarek,56,Poznań,Finance,10702,25,False,mid,2023
7205,Tobiasz,Szajner,38,Gdańsk,IT,13673,8,False,senior,2013
7206,Albert,Juraszczyk,43,Wrocław,Support,9581,8,False,mid,2017
7207,Hubert,Kałwak,22,Katowice,Sales,18860,0,False,lead,2019
7208,Marianna,Słysz,33,Warszawa,Marketing,5936,3,False,junior,2025
7209,Sebastian,Reich,45,Kraków,Support,5302,5,False,junior,2017
7210,Monika,Grygo,26,Warszawa,IT,14457,0,False,senior,2015
7211,Leonard,Szyguła,48,Wrocław,Sales,10605,14,False,mid,2024
7212,Eryk,Misiarz,29,Kraków,Marketing,9814,4,False,mid,2020
7213,Justyna,Drygas,62,Katowice,IT,8704,28,False,junior,2017
7214,Marek,Hanke,38,Gdańsk,Sales,13989,13,False,senior,2022
7215,Tomasz,Pawełkiewicz,32,Warszawa,Sales,7395,9,False,junior,2010
7216,Mateusz,Franc,42,Gdańsk,Support,11963,7,False,senior,2012
7217,Klara,Piestrzeniewicz,22,Lublin,Sales,6278,0,False,junior,2015
7218,Julita,Sykała,48,Kraków,Sales,8995,6,False,mid,2016
7219,Aleksander,Florian,33,Łódź,IT,10114,2,False,mid,2015
7220,Bartek,Humeniuk,52,Kraków,Finance,6933,27,False,junior,2019
7221,Witold,Jamrożek,40,Wrocław,Support,16415,15,False,lead,2019
7222,Adam,Flaga,40,Łódź,Finance,14366,14,False,senior,2019
7223,Adam,Cyganik,23,Gdańsk,Finance,17568,1,False,lead,2014
7224,Monika,Jagieło,22,Poznań,Sales,6477,0,False,junior,2016
7225,Ryszard,Szymonik,50,Gdańsk,HR,5336,12,False,junior,2010
7226,Jędrzej,Łepek,56,Katowice,Sales,9524,31,False,mid,2012
7227,Andrzej,Flisiak,33,Białystok,IT,19774,1,False,lead,2013
7228,Adrian,Kudlak,45,Warszawa,Support,8398,13,False,mid,2020
7229,Ewa,Kozon,28,Kraków,IT,8578,4,False,junior,2019
7230,Marcel,Styn,40,Warszawa,Sales,10848,7,False,mid,2018
7231,Igor,Jarczyk,23,Kraków,Marketing,16286,0,True,senior,2017
7232,Iwo,Jaszczur,33,Warszawa,IT,9982,0,False,mid,2014
7233,Gabriel,Karaśkiewicz,40,Wrocław,Finance,18410,15,False,lead,2016
7234,Maurycy,Wons,23,Poznań,Sales,19296,0,False,lead,2016
7235,Borys,Panicz,52,Poznań,Operations,6056,11,False,junior,2013
7236,Emil,Bazylewicz,41,Katowice,Sales,13208,3,False,senior,2019
7237,Bianka,Cherek,42,Warszawa,Marketing,9947,2,False,mid,2021
7238,Andrzej,Czura,37,Gdańsk,IT,8710,10,False,junior,2019
7239,Cezary,Rećko,65,Białystok,Operations,8223,22,False,mid,2013
7240,Rozalia,Pich,25,Warszawa,Finance,10991,3,False,mid,2025
7241,Paweł,Piórek,32,Lublin,Sales,14114,2,False,senior,2011
7242,Mieszko,Czylok,30,Kraków,Marketing,11841,2,True,mid,2015
7243,Klara,Kłósek,52,Lublin,Marketing,9698,5,False,mid,2020
7244,Ada,Marchlewicz,62,Warszawa,Sales,7152,0,False,junior,2018
7245,Maksymilian,Kopciuch,49,Warszawa,Sales,18786,15,False,lead,2016
7246,Sebastian,Stempel,58,Kraków,IT,17518,0,False,lead,2022
7247,Angelika,Podeszwa,49,Poznań,Support,13068,5,True,mid,2011
7248,Norbert,Pędrak,51,Warszawa,Sales,10846,6,False,mid,2022
7249,Bianka,Janczarek,39,Wrocław,HR,5957,17,False,junior,2019
7250,Marcel,Pazdan,38,Warszawa,IT,10983,0,False,mid,2022
7251,Julian,Michalczak,43,Kraków,Sales,9090,0,False,mid,2018
7252,Marek,Nawój,58,Poznań,Operations,12139,11,False,senior,2014
7253,Monika,Fijałek,30,Białystok,IT,18729,3,False,lead,2022
7254,Agnieszka,Początek,34,Białystok,Marketing,9237,6,False,mid,2022
7255,Michał,Grosz,24,Rzeszów,Operations,5429,1,False,junior,2025
7256,Filip,Szlufik,45,Wrocław,Finance,5636,19,False,junior,2018
7257,Konstanty,Szczypiór,42,Łódź,Marketing,7623,12,False,junior,2022
7258,Ernest,Mendyka,28,Kraków,Sales,8279,6,False,junior,2025
7259,Karol,Kanarek,45,Kraków,Operations,9953,10,False,mid,2012
7260,Konstanty,Seweryniak,49,Gdańsk,Sales,9229,22,False,mid,2024
7261,Ernest,Judek,40,Warszawa,IT,15353,9,False,senior,2020
7262,Kacper,Gotfryd,40,Białystok,Support,9325,10,False,mid,2011
7263,Fryderyk,Szajek,55,Poznań,Sales,15013,21,False,senior,2021
7264,Sara,Strojna,48,Łódź,Support,13195,9,False,senior,2019
7265,Artur,Zarzeczna,27,Kraków,Finance,12709,0,False,senior,2012
7266,Fryderyk,Szłapka,63,Rzeszów,IT,15812,22,False,senior,2012
7267,Kornelia,Dobroń,56,Warszawa,Support,11808,3,False,senior,2011
7268,Mikołaj,Andryszczyk,57,Kraków,IT,7636,20,False,junior,2023
7269,Norbert,Mirocha,24,Wrocław,HR,16158,1,False,lead,2017
7270,Rozalia,Fuławka,53,Lublin,IT,10421,21,False,mid,2017
7271,Nataniel,Para,63,Kraków,IT,8593,5,False,junior,2020
7272,Natan,Sugier,58,Białystok,Sales,10413,10,False,mid,2023
7273,Błażej,Antoszczyk,49,Poznań,Finance,5859,10,False,junior,2011
7274,Tola,Kieszek,58,Lublin,Support,7780,1,True,junior,2016
7275,Antoni,Gogola,32,Lublin,Finance,13594,6,True,mid,2022
7276,Justyna,Dzwonnik,38,Białystok,Sales,12388,9,True,mid,2025
7277,Marianna,Bruś,53,Warszawa,Marketing,8862,26,False,mid,2021
7278,Adam,Smyl,25,Lublin,Sales,6624,0,False,junior,2021
7279,Dominik,Jędrys,34,Gdańsk,Operations,8299,7,False,mid,2024
7280,Tobiasz,Głowiak,47,Warszawa,IT,10277,23,False,mid,2016
7281,Stefan,Suchora,55,Łódź,Marketing,5382,1,False,junior,2013
7282,Ewelina,Spychaj,50,Białystok,HR,15405,14,True,senior,2019
7283,Kaja,Dorobek,57,Warszawa,Marketing,10442,24,True,junior,2016
7284,Nicole,Smardz,28,Kraków,Operations,16926,1,False,lead,2018
7285,Eliza,Szykuła,60,Warszawa,Sales,11922,31,True,mid,2017
7286,Miłosz,Czubaszek,50,Warszawa,HR,6172,11,False,junior,2022
7287,Roksana,Pasieczna,55,Warszawa,Marketing,16989,11,False,lead,2014
7288,Marek,Broś,50,Warszawa,Sales,10492,16,False,mid,2016
7289,Bartek,Stoch,45,Łódź,Support,18971,11,True,lead,2012
7290,Jacek,Juszczuk,38,Warszawa,Support,5669,11,False,junior,2010
7291,Witold,Miros,27,Kraków,Marketing,12387,4,True,mid,2018
7292,Rozalia,Golan,45,Gdańsk,HR,7788,21,False,mid,2010
7293,Natan,Szczerek,30,Warszawa,Sales,10651,0,False,mid,2012
7294,Ewa,Bernatowicz,37,Kraków,IT,6906,13,False,junior,2010
7295,Jacek,Nalazek,24,Poznań,Sales,8965,1,False,mid,2011
7296,Cezary,Galos,55,Kraków,IT,10856,18,False,mid,2023
7297,Iwo,Derek,55,Warszawa,Sales,14119,24,False,senior,2018
7298,Bartek,Kołton,40,Warszawa,Support,8579,3,False,mid,2014
7299,Norbert,Pawełko,61,Katowice,Finance,8634,13,False,mid,2024
7300,Kazimierz,Pasztaleniec,22,Poznań,Sales,7169,0,False,junior,2016
7301,Błażej,Hirsch,57,Lublin,Sales,10703,21,True,junior,2025
7302,Kajetan,Leśny,23,Warszawa,IT,11100,0,False,mid,2014
7303,Marcelina,Stosik,51,Warszawa,HR,6384,28,False,junior,2019
7304,Monika,Kus,35,Łódź,Finance,6022,8,False,junior,2020
7305,Roksana,Janowiak,25,Warszawa,Sales,13360,3,False,senior,2017
7306,Maurycy,Zubel,22,Rzeszów,HR,4622,0,False,junior,2017
7307,Dagmara,Lisak,55,Rzeszów,Marketing,12548,3,False,senior,2020
7308,Kalina,Franczuk,32,Poznań,Operations,5495,0,False,junior,2010
7309,Elżbieta,Kawala,39,Warszawa,Marketing,5418,8,False,junior,2017
7310,Jacek,Jędral,38,Lublin,Marketing,13366,1,True,mid,2025
7311,Bianka,Bartel,47,Poznań,Finance,6741,16,False,junior,2014
7312,Wiktor,Sulich,32,Wrocław,Finance,6874,5,False,junior,2021
7313,Grzegorz,Ryczko,49,Kraków,Support,13724,26,False,senior,2025
7314,Jacek,Kuliberda,43,Warszawa,Operations,6670,0,False,junior,2024
7315,Anastazja,Jonczyk,41,Lublin,Marketing,6938,19,False,junior,2022
7316,Olaf,Rosada,25,Poznań,IT,8742,2,False,junior,2024
7317,Tymoteusz,Lenarcik,26,Warszawa,Support,6003,2,False,junior,2024
7318,Franciszek,Warchał,53,Warszawa,HR,8505,28,False,mid,2022
7319,Oliwier,Żyto,35,Kraków,IT,7938,6,False,junior,2016
7320,Piotr,Wiencek,35,Gdańsk,Support,9468,11,False,mid,2016
7321,Dorota,Stoltman,25,Poznań,Sales,10565,3,False,mid,2021
7322,Monika,Ryznar,41,Białystok,Sales,18070,12,True,senior,2025
7323,Alex,Kargol,36,Kraków,Sales,7113,10,False,junior,2013
7324,Bianka,Leżoń,39,Warszawa,Sales,9616,9,False,mid,2023
7325,Olaf,Surdyk,56,Gdańsk,Finance,13121,29,True,mid,2012
7326,Robert,Fabiszak,28,Katowice,Finance,13522,5,True,mid,2019
7327,Kacper,Franaszek,60,Poznań,Operations,6561,34,False,junior,2013
7328,Maks,Dudkowiak,27,Gdańsk,IT,14559,2,True,mid,2024
7329,Aleksander,Kapałka,30,Lublin,Marketing,18276,7,False,lead,2016
7330,Marek,Łepek,63,Wrocław,Sales,9046,7,False,mid,2022
7331,Dominik,Choroś,25,Rzeszów,Operations,9972,2,False,mid,2023
7332,Dorota,Leśny,61,Kraków,Marketing,10459,0,False,mid,2014
7333,Kamil,Łusiak,26,Kraków,Finance,12505,4,False,senior,2014
7334,Igor,Stawinoga,64,Łódź,IT,8440,15,False,junior,2017
7335,Gabriel,Kopyto,30,Wrocław,Operations,16741,5,False,lead,2017
7336,Anita,Olkowicz,24,Poznań,Sales,13051,0,False,senior,2020
7337,Urszula,Cabała,48,Katowice,Support,6513,22,False,junior,2014
7338,Marianna,Brachman,27,Łódź,Operations,5273,5,False,junior,2012
7339,Ryszard,Widuch,55,Łódź,Operations,14319,24,False,senior,2025
7340,Szymon,Stachelek,56,Łódź,HR,8276,13,False,mid,2013
7341,Olgierd,Grzenia,57,Warszawa,Finance,5514,6,False,junior,2025
7342,Kalina,Bieniak,34,Kraków,Marketing,13600,4,False,senior,2018
7343,Mariusz,Graj,22,Wrocław,Marketing,14479,0,False,senior,2022
7344,Gustaw,Dankiewicz,30,Poznań,IT,10864,4,True,junior,2017
7345,Antoni,Abramczuk,61,Warszawa,Finance,8592,18,False,mid,2024
7346,Leonard,Seta,56,Kraków,Support,13894,16,False,senior,2019
7347,Aleks,Wojaczek,25,Wrocław,Sales,5823,1,False,junior,2014
7348,Tola,Ziemkiewicz,28,Wrocław,Finance,17875,4,False,lead,2015
7349,Dominik,Ziarek,50,Łódź,Operations,6110,18,False,junior,2021
7350,Bruno,Słoka,29,Poznań,Sales,11831,0,True,mid,2016
7351,Jędrzej,Pitura,22,Kraków,IT,6921,0,False,junior,2010
7352,Apolonia,Kurbiel,65,Warszawa,Finance,9916,42,False,mid,2018
7353,Elżbieta,Jachimczyk,33,Kraków,IT,11368,3,False,mid,2014
7354,Mieszko,Wołos,41,Gdańsk,Sales,9593,16,False,mid,2015
7355,Albert,Bela,32,Lublin,IT,17245,5,True,senior,2024
7356,Janina,Witas,50,Gdańsk,IT,10543,8,False,mid,2025
7357,Krystian,Kasak,29,Lublin,HR,17511,3,False,lead,2020
7358,Maksymilian,Nałęcz,30,Warszawa,Marketing,5856,2,False,junior,2011
7359,Artur,Salwin,24,Gdańsk,IT,10044,2,False,mid,2011
7360,Nela,Motak,34,Poznań,Sales,10327,3,False,mid,2016
7361,Krystyna,Daniec,44,Warszawa,HR,12482,1,False,senior,2016
7362,Sandra,Cudzich,47,Kraków,Marketing,9587,12,False,mid,2022
7363,Marcel,Hirsch,61,Gdańsk,Sales,10115,19,False,mid,2013
7364,Liwia,Mostek,36,Kraków,Operations,9014,11,False,mid,2015
7365,Mikołaj,Błażejak,60,Warszawa,Operations,8639,24,False,mid,2016
7366,Natasza,Galos,27,Poznań,Finance,10215,4,False,mid,2022
7367,Anna Maria,Mazek,36,Warszawa,Sales,16134,3,True,senior,2013
7368,Monika,Zaucha,43,Wrocław,IT,15402,8,False,senior,2024
7369,Cezary,Gasik,22,Kraków,Sales,12867,0,True,mid,2011
7370,Aurelia,Zioła,49,Rzeszów,Finance,12243,11,True,mid,2023
7371,Andrzej,Cymer,52,Łódź,HR,7571,21,False,mid,2024
7372,Andrzej,Fitrzyk,44,Warszawa,IT,11192,7,False,mid,2015
7373,Olgierd,Mitek,58,Łódź,HR,4944,13,False,junior,2020
7374,Agnieszka,Skrzecz,56,Rzeszów,IT,10726,9,True,junior,2025
7375,Oliwier,Małyszka,47,Wrocław,Finance,9991,1,False,mid,2023
7376,Tadeusz,Barczuk,27,Białystok,Marketing,6422,1,False,junior,2018
7377,Kalina,Mikita,28,Katowice,Operations,8838,2,False,mid,2014
7378,Maksymilian,Szalast,45,Gdańsk,Operations,5916,21,False,junior,2025
7379,Melania,Mortka,35,Łódź,IT,13420,12,True,mid,2012
7380,Igor,Kucab,27,Łódź,Finance,9579,5,False,mid,2024
7381,Karina,Tomal,55,Białystok,IT,16759,27,True,senior,2012
7382,Olaf,Śliż,28,Kraków,IT,10086,3,False,mid,2022
7383,Sandra,Morcinek,60,Łódź,Sales,17032,31,False,lead,2013
7384,Nicole,Żabka,43,Gdańsk,Finance,12585,7,False,senior,2021
7385,Hubert,Rapa,39,Gdańsk,Operations,9225,2,False,mid,2020
7386,Andrzej,Pęciak,64,Białystok,HR,12775,7,False,senior,2014
7387,Kalina,Maziarczyk,31,Kraków,IT,10181,7,False,mid,2020
7388,Janina,Szara,54,Warszawa,IT,10915,13,False,mid,2024
7389,Sebastian,Szkatuła,65,Warszawa,Sales,8921,17,True,junior,2019
7390,Robert,Czulak,63,Kraków,IT,18117,37,False,lead,2021
7391,Stefan,Larysz,38,Wrocław,Operations,20371,14,True,lead,2011
7392,Jędrzej,Grygo,54,Wrocław,Finance,9029,4,True,junior,2021
7393,Maksymilian,Stasica,65,Rzeszów,HR,9086,28,False,mid,2018
7394,Sandra,Wiertel,31,Lublin,Sales,7982,8,False,junior,2025
7395,Tymon,Burnat,47,Poznań,Operations,10123,19,False,mid,2019
7396,Anastazja,Mitera,26,Kraków,Sales,11266,1,True,junior,2016
7397,Konrad,Kleinschmidt,53,Warszawa,IT,15102,2,False,senior,2018
7398,Grzegorz,Westfal,35,Kraków,Support,6886,6,False,junior,2025
7399,Agnieszka,Podkowa,25,Białystok,Finance,10576,2,False,mid,2018
7400,Leon,Pizoń,53,Poznań,Support,15915,23,False,lead,2023
7401,Sandra,Powała,38,Wrocław,Sales,7899,13,False,junior,2021
7402,Bianka,Mytnik,47,Wrocław,Finance,7194,23,False,junior,2024
7403,Natasza,Kawulok,50,Kraków,IT,10876,16,False,mid,2016
7404,Oskar,Byra,61,Gdańsk,Support,7037,13,False,junior,2016
7405,Filip,Goska,30,Kraków,Sales,14426,6,False,senior,2013
7406,Kornelia,Słomian,62,Lublin,Operations,12542,23,False,senior,2016
7407,Leon,Kijas,47,Katowice,IT,6825,17,False,junior,2024
7408,Adrian,Syldatk,26,Poznań,Sales,10451,4,False,mid,2013
7409,Liwia,Bąkiewicz,31,Wrocław,HR,6278,0,False,junior,2022
7410,Kaja,Świstek,36,Katowice,Finance,10760,11,False,mid,2013
7411,Hubert,Mizak,35,Łódź,IT,6738,9,False,junior,2019
7412,Dagmara,Frączkiewicz,33,Poznań,Marketing,7448,1,False,junior,2015
7413,Gustaw,Nasiadka,23,Wrocław,Support,9741,1,False,mid,2011
7414,Natan,Bieniak,27,Kraków,Finance,6391,1,False,junior,2025
7415,Natan,Kosowicz,62,Kraków,IT,14031,30,False,senior,2014
7416,Dominik,Serzysko,61,Warszawa,IT,17670,9,True,senior,2020
7417,Aleksander,Dybka,52,Warszawa,Sales,7735,28,False,junior,2019
7418,Maks,Śliż,60,Warszawa,IT,18050,5,False,lead,2016
7419,Kalina,Kornak,48,Kraków,IT,11272,18,False,mid,2017
7420,Aniela,Cyrulik,27,Łódź,Marketing,9222,1,False,mid,2016
7421,Justyna,Capała,37,Katowice,Operations,13657,13,False,senior,2012
7422,Malwina,Hasiak,41,Łódź,IT,7994,1,False,junior,2023
7423,Łukasz,Kopyść,27,Poznań,Sales,12847,5,False,senior,2022
7424,Grzegorz,Indyka,61,Białystok,Operations,7369,38,False,junior,2015
7425,Julianna,Kornet,32,Gdańsk,Marketing,6604,3,False,junior,2016
7426,Apolonia,Tlałka,63,Warszawa,Operations,7291,41,False,junior,2012
7427,Krystian,Wenzel,22,Warszawa,Operations,7038,0,False,junior,2019
7428,Jan,Siebert,50,Warszawa,Sales,6895,16,False,junior,2013
7429,Tola,Lipowicz,22,Białystok,HR,9489,0,False,mid,2019
7430,Agnieszka,Toś,30,Kraków,Operations,10248,4,False,mid,2018
7431,Kazimierz,Jaźwiec,52,Warszawa,Sales,9577,23,False,mid,2012
7432,Kajetan,Beker,25,Białystok,Sales,12996,0,True,mid,2017
7433,Julianna,Aleksander,59,Łódź,IT,14770,28,False,senior,2012
7434,Patryk,Gosek,23,Kraków,HR,17097,0,False,lead,2016
7435,Radosław,Neugebauer,28,Katowice,Finance,17653,0,False,lead,2012
7436,Cyprian,Jacak,57,Poznań,Finance,14711,29,False,senior,2023
7437,Sylwia,Wereda,27,Wrocław,Sales,11106,5,False,mid,2023
7438,Anna Maria,Siarkiewicz,30,Katowice,Sales,11036,0,False,mid,2012
7439,Apolonia,Broniek,25,Białystok,IT,11659,0,False,mid,2014
7440,Marianna,Suchoń,44,Warszawa,Finance,13460,18,True,mid,2023
7441,Kazimierz,Biernacik,57,Kraków,IT,15568,10,False,senior,2010
7442,Alex,Świć,24,Wrocław,IT,11215,1,False,mid,2010
7443,Kajetan,Widuch,45,Gdańsk,Sales,9156,1,False,mid,2025
7444,Maciej,Obiała,22,Warszawa,HR,4589,0,False,junior,2024
7445,Nikodem,Jambor,57,Kraków,IT,14177,34,False,senior,2018
7446,Eliza,Batóg,40,Łódź,HR,5216,3,False,junior,2012
7447,Aurelia,Dej,25,Poznań,IT,10378,1,False,mid,2020
7448,Jędrzej,Słabosz,56,Katowice,Operations,6918,8,False,junior,2019
7449,Mieszko,Wendt,64,Lublin,Finance,14581,5,False,senior,2016
7450,Leon,Szynkiewicz,32,Lublin,HR,16776,8,False,lead,2017
7451,Stefan,Gul,43,Łódź,Sales,10860,8,True,junior,2014
7452,Ada,Groborz,41,Wrocław,HR,8708,11,False,mid,2017
7453,Artur,Kozieja,34,Lublin,IT,7888,3,False,junior,2012
7454,Alan,Majorczyk,54,Poznań,HR,9260,7,False,mid,2014
7455,Robert,Kudlak,60,Lublin,Marketing,10643,9,False,mid,2018
7456,Dominik,Rusnak,61,Łódź,Marketing,18015,4,False,lead,2016
7457,Konstanty,Wichłacz,37,Lublin,Operations,7172,6,False,junior,2022
7458,Patryk,Szczubełek,44,Poznań,Operations,11640,10,True,mid,2014
7459,Bianka,Patoła,22,Poznań,HR,9861,0,False,mid,2014
7460,Apolonia,Dejneka,50,Warszawa,IT,10646,19,False,mid,2022
7461,Alan,Kiełek,42,Łódź,Operations,9044,2,False,mid,2023
7462,Maciej,Kamyk,29,Łódź,IT,8574,2,False,junior,2017
7463,Rozalia,Łodej,39,Lublin,Operations,6725,0,False,junior,2011
7464,Eryk,Wawszczak,28,Łódź,Marketing,7007,5,False,junior,2017
7465,Marika,Ogrodowicz,41,Wrocław,IT,14407,19,False,senior,2017
7466,Szymon,Nyk,61,Kraków,IT,14037,29,False,senior,2022
7467,Gabriel,Ziętal,28,Łódź,HR,7692,6,True,junior,2011
7468,Anita,Rejmer,30,Poznań,Marketing,8542,5,False,mid,2017
7469,Sara,Horbacz,43,Warszawa,Sales,9895,1,False,mid,2010
7470,Hubert,Zaguła,64,Wrocław,Sales,10916,33,False,mid,2018
7471,Agnieszka,Erdmann,30,Gdańsk,Support,11355,3,True,mid,2023
7472,Kamil,Zawodnik,41,Kraków,IT,8591,5,False,junior,2019
7473,Ignacy,Gleba,26,Białystok,Marketing,14211,3,False,senior,2024
7474,Kornelia,Neugebauer,63,Poznań,Sales,17614,37,False,lead,2014
7475,Błażej,Śmieszek,22,Warszawa,Support,9605,0,False,mid,2010
7476,Sebastian,Widłak,38,Warszawa,Marketing,16097,11,True,senior,2018
7477,Oliwier,Materek,61,Wrocław,Sales,9385,17,False,mid,2022
7478,Maksymilian,Taranek,55,Warszawa,Marketing,6044,30,False,junior,2013
7479,Borys,Woźniczko,38,Warszawa,Support,8135,0,True,junior,2010
7480,Igor,Loska,36,Warszawa,HR,6030,9,False,junior,2024
7481,Damian,Krystkowiak,56,Lublin,Support,5951,27,False,junior,2019
7482,Józef,Wajdzik,36,Kraków,HR,9461,0,False,mid,2020
7483,Agnieszka,Kornak,44,Warszawa,IT,15684,0,False,senior,2013
7484,Ida,Kudra,47,Wrocław,IT,8611,2,False,junior,2010
7485,Wojciech,Piotrak,53,Lublin,Support,13259,14,False,senior,2017
7486,Jędrzej,Bacik,44,Poznań,Finance,7196,10,False,junior,2016
7487,Piotr,Laskus,62,Warszawa,Support,9851,34,False,mid,2017
7488,Oskar,Kuciak,31,Kraków,HR,8075,2,False,mid,2025
7489,Angelika,Siergiej,40,Kraków,Sales,6874,0,False,junior,2021
7490,Rafał,Stempel,57,Łódź,IT,9907,3,True,junior,2021
7491,Dagmara,Węgrzyk,63,Łódź,Operations,12380,17,False,senior,2018
7492,Piotr,Wasyluk,37,Poznań,Operations,10368,5,False,mid,2011
7493,Mateusz,Mrozowicz,59,Kraków,Support,4970,36,False,junior,2016
7494,Sebastian,Szwałek,31,Wrocław,Operations,13675,4,False,senior,2013
7495,Albert,Mądrzyk,36,Wrocław,Operations,8240,3,False,mid,2015
7496,Borys,Plizga,42,Lublin,Marketing,10450,10,False,mid,2013
7497,Konrad,Bobrowicz,38,Łódź,Finance,12953,3,False,senior,2011
7498,Natasza,Warych,50,Warszawa,Marketing,8972,8,False,mid,2023
7499,Ada,Ciaś,48,Gdańsk,Marketing,5635,11,False,junior,2010
7500,Daniel,Kopyść,54,Wrocław,HR,13028,11,False,senior,2023
7501,Sonia,Podpora,44,Gdańsk,Support,12458,18,True,mid,2016
7502,Adrian,Augustynek,36,Katowice,Finance,13324,7,False,senior,2021
7503,Dawid,Palonek,36,Warszawa,Finance,8745,7,True,junior,2011
7504,Bruno,Goral,60,Katowice,HR,9708,21,False,mid,2022
7505,Justyna,Rohde,35,Warszawa,Finance,7536,2,False,junior,2019
7506,Marika,Kozdroń,52,Gdańsk,Finance,9834,8,False,mid,2014
7507,Nikodem,Puch,28,Kraków,IT,8579,3,False,junior,2024
7508,Kajetan,Bernatowicz,39,Katowice,Marketing,9802,0,False,mid,2018
7509,Sandra,Wesoła,52,Białystok,Finance,13876,25,False,senior,2022
7510,Błażej,Jeszka,32,Kraków,Marketing,13894,1,False,senior,2024
7511,Fryderyk,Goworek,27,Lublin,Operations,9956,4,False,mid,2011
7512,Janina,Kiljan,27,Gdańsk,Finance,9263,1,False,mid,2014
7513,Nataniel,Poczta,29,Białystok,Support,7974,7,False,mid,2019
7514,Liwia,Moczko,38,Warszawa,Marketing,9116,15,False,mid,2024
7515,Grzegorz,Nazarko,46,Wrocław,IT,15384,18,False,senior,2022
7516,Radosław,Fogiel,31,Wrocław,Support,5604,4,False,junior,2011
7517,Jerzy,Maciuszek,24,Rzeszów,IT,11775,1,False,mid,2012
7518,Aleks,Druszcz,52,Warszawa,Sales,9705,16,False,mid,2015
7519,Ada,Kołsut,26,Wrocław,Operations,12573,0,True,mid,2014
7520,Kamila,Detka,46,Gdańsk,Sales,17279,20,False,lead,2011
7521,Maurycy,Kutek,44,Gdańsk,Finance,14187,21,False,senior,2020
7522,Karina,Kapera,22,Wrocław,Marketing,10626,0,False,mid,2015
7523,Patryk,Simon,59,Wrocław,Support,12106,14,False,senior,2022
7524,Kamil,Tyma,48,Łódź,Sales,21622,4,True,lead,2014
7525,Stefan,Giedrojć,58,Lublin,IT,11248,25,False,mid,2025
7526,Adrianna,Niklewicz,50,Gdańsk,Finance,9024,26,False,mid,2025
7527,Witold,Kinal,37,Katowice,Finance,6551,12,False,junior,2010
7528,Kaja,Lindner,63,Łódź,Support,6750,35,False,junior,2011
7529,Kajetan,Cholewka,28,Białystok,Operations,8018,0,False,mid,2025
7530,Alex,Andryszczyk,60,Poznań,Sales,18858,0,False,lead,2022
7531,Oliwier,Milczarczyk,29,Łódź,Finance,9200,2,False,mid,2010
7532,Ewa,Osojca,30,Warszawa,Support,5904,8,False,junior,2022
7533,Hubert,Maciejuk,49,Wrocław,IT,18972,2,False,lead,2023
7534,Karina,Machniak,47,Lublin,Finance,16714,13,False,lead,2019
7535,Marika,Czuj,35,Warszawa,Marketing,14338,8,False,senior,2018
7536,Klara,Grabas,23,Wrocław,Sales,6843,0,False,junior,2021
7537,Marek,Kozaczuk,50,Kraków,Finance,18826,14,False,lead,2018
7538,Aleks,Kryszkiewicz,25,Lublin,HR,4696,3,False,junior,2014
7539,Dorota,Wacławczyk,49,Wrocław,HR,13191,8,False,senior,2024
7540,Kalina,Surdyk,60,Warszawa,Sales,18558,16,False,lead,2023
7541,Melania,Hrabia,56,Lublin,IT,9617,2,False,mid,2012
7542,Kazimierz,Piejko,50,Wrocław,Support,11432,18,True,mid,2015
7543,Alex,Małys,22,Kraków,Marketing,8735,0,False,mid,2016
7544,Kamila,Krzeszowiec,54,Kraków,IT,10773,10,True,junior,2013
7545,Sara,Drewicz,32,Łódź,Finance,16944,4,False,lead,2014
7546,Blanka,Porwoł,23,Rzeszów,Sales,12834,0,True,mid,2013
7547,Mikołaj,Wałek,27,Wrocław,HR,8782,1,False,mid,2013
7548,Ada,Preś,50,Wrocław,Sales,10041,24,False,mid,2020
7549,Borys,Boba,23,Poznań,Sales,10811,0,False,mid,2014
7550,Aleksander,Indyk,25,Warszawa,Marketing,13860,1,False,senior,2013
7551,Adrianna,Dąbrówka,41,Poznań,Support,14065,7,False,senior,2019
7552,Borys,Kaczmarkiewicz,50,Gdańsk,Support,10056,1,False,mid,2013
7553,Leon,Klejna,57,Lublin,IT,8869,8,False,junior,2011
7554,Gabriel,Bas,53,Kraków,Finance,8721,6,False,mid,2022
7555,Kamil,Jeszka,56,Kraków,Support,8111,33,False,mid,2014
7556,Kornel,Babiuch,63,Poznań,Operations,14217,29,False,senior,2025
7557,Rozalia,Danilczuk,43,Poznań,Operations,13030,2,False,senior,2015
7558,Michał,Dryka,58,Warszawa,Sales,10821,28,False,mid,2016
7559,Fryderyk,Woszczyna,36,Warszawa,Support,5493,8,False,junior,2015
7560,Józef,Danieluk,63,Łódź,Sales,14032,26,False,senior,2013
7561,Bianka,Burchardt,22,Białystok,Operations,12137,0,False,senior,2022
7562,Franciszek,Nojek,45,Łódź,Marketing,9263,17,False,mid,2025
7563,Nikodem,Kucab,55,Kraków,IT,13666,4,True,mid,2024
7564,Julita,Bicz,63,Kraków,Operations,9297,18,False,mid,2012
7565,Damian,Srokosz,62,Lublin,IT,6853,16,False,junior,2015
7566,Julita,Wołkowicz,39,Łódź,Finance,6535,7,False,junior,2025
7567,Olaf,Portka,47,Warszawa,HR,7653,3,False,mid,2011
7568,Miłosz,Pyziak,43,Kraków,Operations,8861,12,False,mid,2018
7569,Kornel,Stroka,25,Białystok,Operations,8930,3,False,mid,2015
7570,Przemysław,Martin,46,Warszawa,Operations,12421,6,False,senior,2020
7571,Witold,Mateusiak,25,Poznań,IT,6809,1,False,junior,2017
7572,Piotr,Ptok,35,Łódź,Operations,10106,7,True,junior,2023
7573,Michał,Wiekiera,23,Kraków,IT,8373,1,False,junior,2016
7574,Anna Maria,Kazek,39,Gdańsk,Operations,5597,10,False,junior,2020
7575,Nela,Joszko,43,Gdańsk,IT,9662,17,False,mid,2014
7576,Ada,Pietrusiak,52,Rzeszów,Marketing,10006,16,False,mid,2023
7577,Damian,Maćków,45,Białystok,IT,9726,23,False,mid,2023
7578,Emil,Drywa,60,Katowice,IT,17645,22,False,lead,2020
7579,Olaf,Fitas,35,Warszawa,Finance,10767,1,False,mid,2020
7580,Witold,Hałat,61,Warszawa,IT,14034,28,False,senior,2014
7581,Jeremi,Bittner,62,Poznań,IT,10370,34,False,mid,2020
7582,Marcel,Dywan,62,Gdańsk,HR,5687,11,False,junior,2021
7583,Albert,Kołpak,24,Kraków,Sales,10906,2,False,mid,2011
7584,Blanka,Opioła,46,Kraków,Operations,7163,18,False,junior,2019
7585,Jeremi,Kurzac,61,Kraków,HR,14658,34,True,senior,2014
7586,Karol,Flaga,46,Warszawa,Sales,12998,18,False,senior,2021
7587,Wojciech,Jonik,65,Rzeszów,Sales,6567,41,False,junior,2010
7588,Urszula,Ważny,53,Warszawa,Support,8070,29,False,mid,2020
7589,Bartek,Klepka,36,Gdańsk,IT,8404,0,False,junior,2024
7590,Rozalia,Węgrzynek,25,Poznań,IT,7759,2,False,junior,2013
7591,Krystian,Armata,31,Warszawa,IT,10518,7,False,mid,2014
7592,Julianna,Droś,44,Poznań,HR,11571,16,False,senior,2019
7593,Kamila,Kiryluk,27,Kraków,IT,6959,3,False,junior,2012
7594,Fabian,Wrochna,42,Kraków,Support,7763,9,False,mid,2014
7595,Kazimierz,Drewicz,65,Łódź,IT,15092,19,False,senior,2012
7596,Ida,Bender,22,Białystok,Sales,7805,0,False,junior,2017
7597,Michał,Pacyga,22,Łódź,Sales,16842,0,False,lead,2024
7598,Jacek,Hojda,34,Kraków,IT,7722,7,False,junior,2010
7599,Ksawery,Dziechciarz,40,Warszawa,IT,19239,9,False,lead,2016
7600,Błażej,Bacia,63,Warszawa,HR,4847,19,False,junior,2015
7601,Aurelia,Wojtalewicz,60,Warszawa,IT,8696,1,False,junior,2023
7602,Albert,Jeske,49,Wrocław,Finance,10554,14,False,mid,2016
7603,Marianna,Gruszczyk,46,Rzeszów,IT,6887,7,False,junior,2023
7604,Borys,Tomys,54,Lublin,Operations,5006,22,False,junior,2025
7605,Melania,Widłak,24,Wrocław,Support,11932,0,False,senior,2015
7606,Karina,Fit,52,Białystok,IT,15390,22,False,senior,2017
7607,Ewelina,Lelito,27,Katowice,HR,15618,2,False,lead,2015
7608,Andrzej,Pietraś,37,Gdańsk,Sales,14568,4,False,senior,2019
7609,Kacper,Pędzik,64,Poznań,Support,8342,28,False,mid,2018
7610,Kamila,Pacia,59,Łódź,IT,9521,10,False,mid,2022
7611,Inga,Waloszczyk,26,Gdańsk,HR,12122,4,True,mid,2014
7612,Dominik,Sośniak,50,Warszawa,Finance,17968,8,False,lead,2015
7613,Artur,Ochota,46,Lublin,Marketing,20332,2,True,lead,2017
7614,Szymon,Lepa,62,Warszawa,Marketing,8392,33,False,mid,2015
7615,Jerzy,Pielach,42,Gdańsk,HR,5727,12,False,junior,2019
7616,Leonard,Sutor,25,Warszawa,IT,7790,2,False,junior,2022
7617,Sylwia,Kandzia,31,Wrocław,HR,4609,6,False,junior,2010
7618,Fabian,Kapustka,50,Białystok,Operations,8041,5,False,mid,2021
7619,Julian,Hamrol,35,Gdańsk,Sales,14693,1,False,senior,2019
7620,Karol,Ciesielczyk,52,Łódź,Operations,9972,12,False,mid,2015
7621,Melania,Dziewit,41,Warszawa,Sales,13095,5,False,senior,2015
7622,Nikodem,Kosznik,56,Katowice,Support,12767,31,True,mid,2014
7623,Marika,Wandas,49,Lublin,Sales,8067,3,False,junior,2024
7624,Witold,Tlałka,50,Lublin,Marketing,10268,19,False,mid,2012
7625,Julian,Gendera,59,Warszawa,Marketing,10076,19,False,mid,2021
7626,Lidia,Sapała,47,Kraków,IT,14268,2,False,senior,2014
7627,Nicole,Pacholik,42,Poznań,HR,20050,16,True,lead,2015
7628,Jerzy,Żok,39,Białystok,HR,5295,14,False,junior,2023
7629,Anastazja,Świętoń,42,Warszawa,HR,16027,2,False,lead,2010
7630,Klara,Szpara,52,Katowice,Finance,8965,16,False,mid,2023
7631,Natan,Drożdżal,59,Białystok,Operations,16980,24,False,lead,2016
7632,Krystian,Rychert,46,Warszawa,Finance,10792,4,False,mid,2012
7633,Kazimierz,Goik,35,Gdańsk,Support,8526,12,False,mid,2020
7634,Sylwia,Wardzała,40,Białystok,IT,10775,7,False,mid,2021
7635,Kalina,Sierżant,56,Poznań,Operations,5565,26,False,junior,2019
7636,Jan,Wyrostek,25,Warszawa,Operations,12089,2,False,senior,2022
7637,Nikodem,Wiekiera,63,Warszawa,Sales,17093,24,True,senior,2015
7638,Melania,Joniak,63,Gdańsk,Marketing,10356,16,True,junior,2017
7639,Marika,Hnat,32,Lublin,IT,22186,2,True,lead,2022
7640,Sonia,Rudzik,47,Warszawa,Sales,13545,21,False,senior,2012
7641,Marek,Przewoźniak,38,Białystok,Operations,10414,16,False,mid,2013
7642,Marcelina,Białach,52,Katowice,Support,5757,17,False,junior,2016
7643,Karina,Wasążnik,46,Warszawa,IT,15047,2,False,senior,2022
7644,Dagmara,Sarota,62,Warszawa,Finance,5714,19,False,junior,2017
7645,Maksymilian,Trybus,40,Białystok,Sales,10197,4,False,mid,2022
7646,Kaja,Kubów,49,Warszawa,Marketing,17834,23,False,lead,2012
7647,Igor,Łasak,48,Wrocław,Marketing,10294,0,False,mid,2025
7648,Hubert,Taczała,49,Katowice,Support,6931,13,False,junior,2015
7649,Bartek,Fiedoruk,65,Warszawa,Operations,9929,39,False,mid,2017
7650,Angelika,Kozok,23,Poznań,IT,8539,1,False,junior,2014
7651,Marcel,Granat,53,Lublin,Operations,7394,12,False,junior,2019
7652,Konrad,Myszor,47,Katowice,IT,15023,11,False,senior,2022
7653,Oliwier,Ostapiuk,42,Łódź,Sales,11065,17,False,mid,2023
7654,Kaja,Judek,57,Lublin,Marketing,16804,18,True,senior,2018
7655,Alan,Franków,28,Wrocław,Sales,10661,6,False,mid,2016
7656,Anna Maria,Fura,57,Wrocław,Finance,10420,4,False,mid,2014
7657,Sebastian,Galuba,55,Wrocław,IT,13428,5,True,mid,2015
7658,Krystyna,Downar,52,Warszawa,Operations,17163,27,False,lead,2025
7659,Blanka,Zysk,35,Wrocław,Sales,14370,12,False,senior,2021
7660,Gustaw,Pyć,59,Lublin,IT,6828,26,False,junior,2025
7661,Justyna,Kozar,44,Gdańsk,IT,8307,7,False,junior,2021
7662,Jeremi,Damek,29,Kraków,Support,12859,1,False,senior,2018
7663,Kazimierz,Grzelec,25,Warszawa,Sales,6547,3,False,junior,2023
7664,Mariusz,Letkiewicz,61,Wrocław,Sales,10663,26,False,mid,2017
7665,Leon,Tylus,35,Warszawa,Support,12516,2,False,senior,2012
7666,Aleks,Sapała,58,Warszawa,IT,13792,26,False,senior,2014
7667,Gabriel,Rolek,24,Gdańsk,Sales,10678,0,False,mid,2013
7668,Mariusz,Szulczyk,45,Gdańsk,Marketing,8260,13,False,mid,2012
7669,Iwo,Macha,32,Poznań,Support,12746,9,False,senior,2021
7670,Marcelina,Karpik,40,Wrocław,Finance,12940,2,False,senior,2021
7671,Kornel,Pyś,24,Łódź,Finance,10747,0,False,mid,2020
7672,Łukasz,Bik,34,Kraków,Finance,7138,0,False,junior,2020
7673,Anna Maria,Smoczyk,61,Lublin,Operations,5075,11,False,junior,2022
7674,Lidia,Patora,44,Poznań,Finance,9716,21,False,mid,2018
7675,Alex,Sobstyl,30,Łódź,IT,7089,0,False,junior,2010
7676,Kajetan,Popielarczyk,46,Poznań,Support,20746,23,True,lead,2010
7677,Natasza,Samul,39,Rzeszów,Sales,14085,13,True,mid,2013
7678,Jan,Otremba,53,Warszawa,Finance,9463,24,True,junior,2011
7679,Rafał,Glanc,38,Poznań,Support,9194,12,False,mid,2010
7680,Patryk,Rapa,65,Wrocław,Finance,12916,40,False,senior,2017
7681,Róża,Folta,49,Warszawa,Marketing,8357,25,False,mid,2022
7682,Patryk,Paliga,26,Kraków,IT,6600,0,False,junior,2022
7683,Roksana,Sieg,37,Warszawa,HR,8589,8,False,mid,2022
7684,Damian,Świątkiewicz,22,Wrocław,IT,8820,0,False,junior,2019
7685,Nataniel,Smorąg,35,Katowice,Marketing,9711,4,False,mid,2022
7686,Melania,Garczyk,49,Lublin,Sales,9711,27,False,mid,2015
7687,Artur,Matyszczak,37,Warszawa,Support,10105,5,False,mid,2025
7688,Bartek,Handzel,46,Warszawa,Operations,7057,2,False,junior,2010
7689,Jacek,Fit,57,Łódź,Marketing,6559,29,False,junior,2012
7690,Marianna,Stawczyk,29,Poznań,Support,14775,3,True,senior,2018
7691,Norbert,Balawender,43,Wrocław,Operations,10461,20,False,mid,2012
7692,Olga,Gula,60,Warszawa,Support,9999,15,True,junior,2021
7693,Melania,Migoń,59,Warszawa,IT,18752,3,True,senior,2024
7694,Ksawery,Choroś,47,Poznań,IT,14141,11,False,senior,2022
7695,Tola,Kolanek,43,Rzeszów,Sales,9192,0,False,mid,2021
7696,Paweł,Józefczak,59,Kraków,IT,7543,11,False,junior,2018
7697,Przemysław,Korkosz,23,Białystok,IT,10224,1,False,mid,2014
7698,Kajetan,Bobryk,30,Poznań,Finance,14713,0,False,senior,2022
7699,Sylwia,Kazek,26,Białystok,IT,7882,4,False,junior,2013
7700,Hubert,Solis,40,Warszawa,IT,7644,7,False,junior,2021
7701,Angelika,Lampa,46,Kraków,Sales,8956,23,True,junior,2023
7702,Ernest,Skierka,29,Warszawa,Sales,21193,7,True,lead,2017
7703,Aurelia,Burzec,55,Warszawa,Support,7943,19,False,mid,2021
7704,Tola,Węgrzynek,51,Wrocław,Sales,13565,1,False,senior,2020
7705,Jacek,Zawartka,52,Warszawa,Operations,10356,0,False,mid,2015
7706,Lidia,Oślizło,60,Łódź,Marketing,10403,0,False,mid,2012
7707,Alan,Pietrasiak,26,Warszawa,Support,5441,3,False,junior,2023
7708,Jerzy,Kieszek,26,Wrocław,Marketing,10237,3,False,mid,2011
7709,Tomasz,Idzi,31,Warszawa,Operations,12399,2,False,senior,2010
7710,Tymon,Wawrzynek,56,Warszawa,IT,8870,13,False,junior,2012
7711,Leon,Zbróg,41,Lublin,IT,10545,7,False,mid,2012
7712,Jakub,Szaj,43,Łódź,Marketing,16886,7,False,lead,2017
7713,Igor,Szumna,25,Warszawa,Sales,15015,3,False,senior,2025
7714,Mikołaj,Rosłon,33,Wrocław,IT,9667,8,False,mid,2019
7715,Apolonia,Zawartka,31,Łódź,Sales,14206,3,True,mid,2010
7716,Monika,Barszczak,22,Katowice,Sales,14686,0,False,senior,2024
7717,Natasza,Loska,24,Poznań,Finance,14904,2,False,senior,2012
7718,Emil,Męcik,34,Kraków,IT,11386,8,False,mid,2018
7719,Ignacy,Karłowicz,38,Warszawa,Sales,13498,10,False,senior,2017
7720,Melania,Gendek,35,Warszawa,Marketing,6685,4,False,junior,2020
7721,Albert,Maciejuk,26,Gdańsk,Sales,12193,0,True,mid,2010
7722,Ernest,Wiewiórka,55,Kraków,IT,8938,28,False,junior,2023
7723,Lidia,Kreczmer,40,Gdańsk,Finance,9887,12,False,mid,2018
7724,Fabian,Patoła,53,Kraków,Support,17940,31,False,lead,2013
7725,Angelika,Zaucha,50,Kraków,IT,11646,25,False,mid,2012
7726,Liwia,Kiedrowicz,29,Łódź,IT,13967,0,False,senior,2025
7727,Bruno,Granat,38,Katowice,IT,9863,9,False,mid,2021
7728,Konstanty,Mytnik,65,Kraków,IT,8521,43,False,junior,2011
7729,Julian,Merda,62,Kraków,Sales,19158,17,False,lead,2015
7730,Justyna,Frydrychowicz,37,Rzeszów,IT,9556,0,False,mid,2013
7731,Sara,Kołsut,52,Poznań,Support,5371,20,False,junior,2020
7732,Iwo,Trawka,32,Lublin,Support,15592,4,True,senior,2011
7733,Ignacy,Jachna,46,Łódź,HR,16314,22,False,lead,2010
7734,Justyna,Kontny,55,Kraków,Marketing,8863,30,False,mid,2018
7735,Nataniel,Kubowicz,35,Białystok,Marketing,8664,5,False,mid,2017
7736,Szymon,Ziegert,34,Łódź,Finance,6599,3,False,junior,2016
7737,Dariusz,Nesterowicz,30,Wrocław,IT,8213,3,False,junior,2025
7738,Roksana,Ufniarz,57,Łódź,Sales,14773,33,False,senior,2015
7739,Mieszko,Komander,25,Gdańsk,Sales,7900,2,False,junior,2018
7740,Kaja,Drobnik,31,Katowice,Marketing,13904,7,False,senior,2019
7741,Melania,Westfal,44,Katowice,Operations,13068,11,False,senior,2010
7742,Rafał,Pietraś,35,Białystok,Finance,9591,4,False,mid,2019
7743,Mariusz,Komsta,22,Rzeszów,Sales,10192,0,False,mid,2016
7744,Mateusz,Kraszkiewicz,32,Gdańsk,IT,8766,8,False,junior,2010
7745,Sara,Zegar,26,Lublin,Sales,12577,0,True,mid,2016
7746,Anna Maria,Gasik,23,Warszawa,Finance,6898,0,False,junior,2024
7747,Jan,Szwałek,32,Wrocław,IT,6812,10,False,junior,2023
7748,Fabian,Kazimierczyk,26,Lublin,Support,6466,4,False,junior,2018
7749,Patryk,Bany,25,Rzeszów,IT,9808,3,False,mid,2019
7750,Iwo,Dudczak,24,Białystok,IT,12995,1,True,mid,2019
7751,Bartek,Czapiga,59,Warszawa,IT,15656,29,False,senior,2020
7752,Jeremi,Kielan,44,Białystok,Operations,13669,13,False,senior,2010
7753,Jacek,Soczewka,33,Lublin,Marketing,13550,3,True,mid,2014
7754,Malwina,Gryta,28,Warszawa,Sales,15912,0,True,senior,2020
7755,Aleksander,Juraszczyk,26,Warszawa,IT,8633,0,False,junior,2012
7756,Iwo,Sklorz,38,Gdańsk,Finance,20863,14,True,lead,2022
7757,Adam,Kukawka,30,Warszawa,Sales,18644,3,False,lead,2022
7758,Antoni,Ciuruś,54,Warszawa,Operations,13121,21,False,senior,2020
7759,Natasza,Bartela,54,Kraków,Operations,9953,9,False,mid,2016
7760,Agnieszka,Glenc,37,Warszawa,Marketing,16605,7,False,lead,2022
7761,Tymoteusz,Winnik,64,Warszawa,HR,12999,25,False,senior,2017
7762,Inga,Smyl,63,Białystok,Sales,17165,2,False,lead,2019
7763,Paweł,Kuzia,22,Warszawa,HR,9558,0,True,junior,2013
7764,Leonard,Kozaczuk,56,Kraków,HR,13210,31,False,senior,2017
7765,Marcin,Buchholz,50,Gdańsk,Marketing,10144,1,False,mid,2016
7766,Kajetan,Zgoła,51,Kraków,Finance,9815,22,False,mid,2021
7767,Adrian,Bartocha,38,Warszawa,Marketing,13430,13,False,senior,2024
7768,Sandra,Fraszczyk,47,Gdańsk,HR,6864,12,False,junior,2010
7769,Ignacy,Wołczyk,58,Wrocław,Sales,9202,5,False,mid,2021
7770,Sara,Czajor,28,Katowice,Finance,6717,2,False,junior,2011
7771,Stanisław,Śliz,25,Rzeszów,Operations,16031,2,False,lead,2018
7772,Patryk,Tonder,46,Łódź,Sales,10347,18,False,mid,2024
7773,Inga,Lang,51,Białystok,Marketing,9394,11,False,mid,2010
7774,Eryk,Kurpanik,24,Kraków,IT,17703,0,True,senior,2010
7775,Kacper,Gzyl,62,Poznań,IT,10607,5,False,mid,2015
7776,Alex,Władyka,23,Warszawa,IT,8925,0,False,junior,2019
7777,Alan,Musiała,36,Warszawa,Support,5046,4,False,junior,2021
7778,Dariusz,Palonek,51,Poznań,HR,12480,14,False,senior,2024
7779,Bartek,Krauz,31,Łódź,IT,7368,3,False,junior,2022
7780,Olga,Sobstyl,26,Kraków,Sales,11226,4,False,mid,2021
7781,Stanisław,Samson,35,Łódź,Support,13885,11,False,senior,2020
7782,Eryk,Haremza,37,Katowice,Sales,12906,10,True,mid,2013
7783,Nela,Skała,40,Warszawa,IT,10675,7,False,mid,2017
7784,Cezary,Tlałka,22,Wrocław,IT,9986,0,False,mid,2019
7785,Tymoteusz,Panicz,41,Katowice,Marketing,9763,4,False,mid,2016
7786,Aleksander,Kucharz,37,Poznań,Marketing,12656,15,True,mid,2010
7787,Konrad,Przeklasa,55,Warszawa,HR,12612,0,False,senior,2021
7788,Dorota,Melka,22,Łódź,IT,15093,0,False,senior,2021
7789,Tymoteusz,Kasiak,37,Lublin,HR,6557,15,False,junior,2011
7790,Jakub,Witoń,60,Lublin,Sales,9022,35,False,mid,2021
7791,Jacek,Domka,28,Kraków,Support,9184,6,False,mid,2021
7792,Nataniel,Piaścik,38,Warszawa,HR,9914,15,False,mid,2020
7793,Cyprian,Kozica,23,Wrocław,IT,10725,0,False,mid,2011
7794,Nicole,Pasztaleniec,31,Kraków,HR,4668,1,False,junior,2019
7795,Dawid,Matejuk,46,Warszawa,HR,7584,0,False,mid,2023
7796,Marcelina,Kaczan,48,Warszawa,Sales,17020,13,False,lead,2021
7797,Oliwier,Wiech,42,Warszawa,Marketing,12669,15,True,mid,2020
7798,Grzegorz,Lelonek,62,Rzeszów,Operations,7459,18,False,junior,2016
7799,Dawid,Mich,26,Łódź,Sales,11966,1,True,mid,2016
7800,Alex,Kościesza,56,Białystok,Support,7806,31,False,mid,2011
7801,Michał,Maszkiewicz,50,Rzeszów,Sales,9185,23,False,mid,2022
7802,Alan,Małysiak,57,Łódź,Finance,18260,28,False,lead,2019
7803,Mateusz,Smalec,34,Wrocław,IT,18422,3,False,lead,2012
7804,Mariusz,Nalewajek,64,Katowice,Sales,12903,11,True,mid,2011
7805,Maksymilian,Sabak,45,Gdańsk,HR,6616,9,False,junior,2018
7806,Witold,Stryjek,52,Lublin,IT,7379,21,False,junior,2025
7807,Rafał,Piestrzeniewicz,33,Warszawa,Operations,12950,5,False,senior,2021
7808,Adrian,Kędziorek,55,Warszawa,IT,10420,18,False,mid,2011
7809,Mikołaj,Toś,32,Łódź,IT,8132,0,False,junior,2011
7810,Stefan,Kubowicz,29,Kraków,Marketing,5402,7,False,junior,2021
7811,Konstanty,Wasil,28,Lublin,Support,9243,5,False,mid,2012
7812,Sylwia,Piotrowiak,41,Wrocław,HR,9525,5,False,mid,2025
7813,Klara,Twardosz,22,Łódź,IT,9718,0,False,mid,2015
7814,Rafał,Wakuła,63,Gdańsk,IT,15912,25,False,senior,2025
7815,Ksawery,Wojtalik,38,Białystok,HR,9513,16,False,mid,2020
7816,Gustaw,Radzio,35,Katowice,Support,11645,1,True,mid,2024
7817,Monika,Dykas,33,Wrocław,Operations,9054,5,False,mid,2016
7818,Tomasz,Mikołajewicz,41,Warszawa,IT,9626,17,False,mid,2010
7819,Maks,Ciesielka,32,Białystok,IT,8393,4,False,junior,2022
7820,Dariusz,Ryndak,23,Rzeszów,IT,19017,1,False,lead,2025
7821,Angelika,Olearczyk,56,Warszawa,IT,8553,30,False,junior,2019
7822,Alan,Pyda,33,Katowice,Support,8308,1,False,mid,2012
7823,Janina,Karkut,61,Katowice,HR,6781,16,False,junior,2012
7824,Marcin,Łodej,34,Wrocław,Sales,10006,6,False,mid,2012
7825,Nicole,Karpik,62,Kraków,Sales,10649,9,False,mid,2019
7826,Justyna,Wysota,27,Białystok,HR,8479,2,False,mid,2016
7827,Stefan,Działo,34,Poznań,IT,11605,0,False,mid,2015
7828,Cyprian,Kidawa,39,Poznań,Marketing,17396,5,False,lead,2024
7829,Nela,Zyzik,62,Białystok,Support,5558,14,False,junior,2019
7830,Cezary,Stefanik,46,Gdańsk,Operations,9021,8,False,mid,2013
7831,Ida,Nijak,27,Katowice,IT,6803,0,False,junior,2012
7832,Nikodem,Rudolf,44,Poznań,IT,11797,18,False,mid,2023
7833,Przemysław,Celuch,46,Poznań,IT,11021,1,False,mid,2013
7834,Robert,Mirocha,26,Kraków,IT,10583,1,False,mid,2019
7835,Oliwier,Kacperczyk,45,Warszawa,Finance,5729,14,False,junior,2012
7836,Daniel,Buchalik,63,Kraków,IT,13732,13,False,senior,2013
7837,Sebastian,Pancerz,40,Rzeszów,Finance,6629,2,False,junior,2020
7838,Julianna,Jędrasiak,65,Katowice,Operations,17808,17,False,lead,2017
7839,Mariusz,Letkiewicz,63,Wrocław,Marketing,7279,12,False,junior,2024
7840,Albert,Parus,47,Warszawa,Operations,8301,11,False,mid,2023
7841,Julianna,Hałat,47,Gdańsk,Support,8294,25,False,mid,2022
7842,Kazimierz,Solich,38,Warszawa,IT,9881,4,True,junior,2019
7843,Paweł,Broszkiewicz,52,Lublin,IT,15987,29,False,senior,2019
7844,Maurycy,Smal,43,Gdańsk,Marketing,17774,6,False,lead,2019
7845,Mateusz,Szuta,40,Warszawa,HR,7614,3,False,mid,2020
7846,Sandra,Zbróg,36,Katowice,Marketing,12853,8,False,senior,2010
7847,Józef,Wieczerzak,51,Łódź,Marketing,10096,24,False,mid,2023
7848,Oskar,Wolff,43,Kraków,IT,9590,18,False,mid,2024
7849,Maurycy,Gonet,55,Białystok,Marketing,8693,4,False,mid,2023
7850,Miłosz,Tekieli,53,Kraków,Sales,10954,4,False,mid,2023
7851,Inga,Kałwa,49,Poznań,HR,13754,15,False,senior,2015
7852,Michał,Świerkot,23,Rzeszów,Operations,18113,0,False,lead,2021
7853,Agnieszka,Siebert,51,Warszawa,Operations,6181,19,False,junior,2012
7854,Aurelia,Milka,64,Wrocław,Operations,16366,23,False,lead,2013
7855,Justyna,Jędra,56,Łódź,Marketing,7391,5,False,junior,2025
7856,Blanka,Winnik,34,Warszawa,Operations,12033,4,True,mid,2022
7857,Andrzej,Szałaj,48,Łódź,Marketing,9496,14,False,mid,2019
7858,Mariusz,Czuj,23,Rzeszów,Support,5876,0,False,junior,2015
7859,Natan,Mroczko,65,Gdańsk,Operations,9409,24,False,mid,2024
7860,Blanka,Morka,28,Gdańsk,Sales,12889,1,False,senior,2011
7861,Maciej,Sabak,28,Kraków,IT,10609,3,False,mid,2011
7862,Jerzy,Fuławka,33,Wrocław,Support,8474,3,False,mid,2011
7863,Dorota,Dybaś,34,Kraków,Finance,5710,8,False,junior,2018
7864,Sandra,Strawa,22,Lublin,Marketing,14507,0,False,senior,2015
7865,Cezary,Orzeszek,31,Gdańsk,Support,13511,5,False,senior,2023
7866,Blanka,Apanowicz,32,Łódź,Sales,13542,1,False,senior,2024
7867,Antoni,Sumera,30,Katowice,IT,15009,7,False,senior,2018
7868,Ida,Szóstak,59,Gdańsk,IT,14371,0,True,mid,2020
7869,Radosław,Bzdęga,64,Kraków,Support,7948,15,False,mid,2016
7870,Gaja,Wieja,22,Warszawa,HR,9310,0,False,mid,2011
7871,Anna Maria,Bicz,39,Gdańsk,IT,9845,13,False,mid,2012
7872,Nicole,Gregorczuk,49,Wrocław,Sales,16919,27,False,lead,2011
7873,Sebastian,Zatoń,39,Warszawa,Marketing,7480,14,False,junior,2015
7874,Józef,Mik,35,Białystok,Operations,13299,9,True,mid,2024
7875,Mikołaj,Wiech,52,Kraków,IT,14208,1,False,senior,2018
7876,Fabian,Suchojad,40,Białystok,IT,7084,7,False,junior,2013
7877,Julian,Hołysz,23,Poznań,Operations,16145,0,False,lead,2015
7878,Mieszko,Lepak,43,Warszawa,IT,14381,21,False,senior,2013
7879,Ewa,Łobacz,54,Warszawa,Operations,17871,7,False,lead,2013
7880,Róża,Borysewicz,41,Gdańsk,Operations,13258,17,False,senior,2021
7881,Tymon,Gortat,23,Gdańsk,Marketing,17824,0,False,lead,2021
7882,Tymoteusz,Bok,57,Poznań,Sales,10024,6,False,mid,2023
7883,Norbert,Hyży,63,Lublin,IT,8700,28,False,junior,2022
7884,Daniel,Księżak,38,Warszawa,Finance,12883,5,False,senior,2025
7885,Gabriel,Toborek,40,Lublin,Sales,10022,4,False,mid,2011
7886,Tomasz,Gadzina,48,Białystok,HR,14787,13,True,senior,2023
7887,Andrzej,Golda,64,Warszawa,Sales,13269,2,False,senior,2013
7888,Dagmara,Ptok,28,Wrocław,IT,14893,5,True,mid,2022
7889,Mariusz,Durlik,61,Warszawa,Finance,9239,10,False,mid,2010
7890,Malwina,Sykut,32,Warszawa,HR,9922,0,False,mid,2014
7891,Mieszko,Dmoch,39,Gdańsk,Marketing,5217,8,False,junior,2021
7892,Natasza,Leśna,49,Wrocław,IT,11113,27,False,mid,2013
7893,Kamila,Matyjasek,53,Katowice,Marketing,12763,11,False,senior,2025
7894,Bruno,Łuczyk,65,Lublin,Sales,8994,13,True,junior,2019
7895,Albert,Trepczyk,39,Warszawa,HR,5949,12,False,junior,2025
7896,Marcelina,Wiewiórka,26,Łódź,Marketing,8806,4,False,mid,2012
7897,Andrzej,Fuławka,38,Warszawa,IT,17817,4,False,lead,2017
7898,Patryk,Goss,49,Kraków,IT,11525,21,False,mid,2011
7899,Hubert,Groth,34,Lublin,HR,12401,8,False,senior,2018
7900,Łukasz,Fierek,31,Wrocław,Operations,10330,4,False,mid,2014
7901,Arkadiusz,Rolak,30,Wrocław,Operations,12191,2,True,mid,2011
7902,Ryszard,Niesporek,23,Białystok,Marketing,12867,1,False,senior,2018
7903,Kaja,Habdas,29,Kraków,Operations,6489,4,False,junior,2023
7904,Kamila,Kręgiel,41,Warszawa,Sales,16972,13,False,lead,2012
7905,Wojciech,Wysota,30,Kraków,Support,10068,0,False,mid,2025
7906,Marika,Ryguła,61,Kraków,Finance,9648,17,False,mid,2022
7907,Julianna,Łuszczak,64,Wrocław,Finance,10855,27,False,mid,2012
7908,Borys,Kaziród,36,Warszawa,Support,12840,4,False,senior,2010
7909,Kajetan,Wojtiuk,35,Warszawa,IT,10547,2,False,mid,2021
7910,Marek,Żero,34,Łódź,Marketing,5745,11,False,junior,2013
7911,Olgierd,Barłóg,41,Warszawa,Sales,5975,12,False,junior,2011
7912,Nela,Zawalich,43,Gdańsk,Sales,6109,16,False,junior,2019
7913,Jakub,Kuder,47,Gdańsk,IT,8471,18,False,junior,2023
7914,Ewa,Nałęcz,44,Gdańsk,IT,11707,6,False,mid,2016
7915,Olaf,Pazik,38,Warszawa,Finance,7918,2,False,junior,2020
7916,Sonia,Mrózek,25,Kraków,Support,20460,1,True,lead,2018
7917,Aleksander,Mzyk,24,Gdańsk,HR,12111,0,False,senior,2011
7918,Emil,Mrotek,64,Kraków,Support,8108,35,False,mid,2014
7919,Tomasz,Elsner,28,Gdańsk,Sales,10308,2,False,mid,2015
7920,Ernest,Kala,39,Wrocław,Finance,9387,2,False,mid,2022
7921,Grzegorz,Wójt,24,Warszawa,Sales,12331,0,True,mid,2011
7922,Krystian,Szyda,64,Kraków,Sales,6975,15,False,junior,2018
7923,Fabian,Piskor,61,Warszawa,IT,9800,7,False,mid,2019
7924,Karina,Bielas,56,Warszawa,Support,13372,7,False,senior,2025
7925,Robert,Niećko,33,Poznań,Sales,7335,6,False,junior,2016
7926,Kajetan,Gierak,56,Lublin,Finance,10952,16,False,mid,2022
7927,Ewa,Zyga,51,Łódź,IT,6805,7,False,junior,2015
7928,Eliza,Drożdżal,41,Łódź,Finance,7976,6,False,junior,2013
7929,Dominik,Bobko,34,Rzeszów,IT,14630,11,False,senior,2018
7930,Karol,Duszczyk,22,Lublin,HR,5037,0,False,junior,2010
7931,Oskar,Długozima,43,Gdańsk,HR,5400,17,False,junior,2016
7932,Olga,Haponiuk,49,Kraków,IT,7273,1,False,junior,2021
7933,Bartek,Patrzałek,37,Kraków,Finance,16758,6,False,lead,2024
7934,Alex,Błądek,44,Łódź,Finance,10005,3,False,mid,2014
7935,Aurelia,Krystkowiak,43,Katowice,Sales,7338,10,False,junior,2012
7936,Ernest,Migda,31,Łódź,Marketing,12208,3,False,senior,2020
7937,Agnieszka,Jakubaszek,22,Warszawa,Marketing,15721,0,True,senior,2018
7938,Ada,Kala,65,Wrocław,Operations,9654,43,False,mid,2024
7939,Blanka,Gregorek,34,Warszawa,Sales,17531,1,False,lead,2022
7940,Mikołaj,Świerkosz,37,Wrocław,HR,10825,6,True,mid,2015
7941,Kaja,Bekus,27,Łódź,Sales,6581,2,False,junior,2017
7942,Oliwier,Halik,58,Wrocław,IT,7110,16,False,junior,2013
7943,Aniela,Szmaj,44,Gdańsk,Operations,11220,13,True,mid,2015
7944,Mariusz,Reichel,57,Wrocław,Support,6923,29,False,junior,2012
7945,Lidia,Lisoń,35,Poznań,Support,10112,3,False,mid,2014
7946,Józef,Broniek,39,Kraków,HR,20737,9,True,lead,2019
7947,Ewelina,Fojt,35,Gdańsk,IT,11094,12,False,mid,2010
7948,Kamil,Mućko,47,Wrocław,Sales,6249,22,False,junior,2014
7949,Kajetan,Saran,59,Łódź,Sales,9941,18,False,mid,2021
7950,Ewelina,Andziak,38,Łódź,Operations,8498,11,False,mid,2023
7951,Ernest,Cąkała,54,Warszawa,Sales,10072,24,False,mid,2013
7952,Maksymilian,Popielarczyk,62,Wrocław,HR,9628,11,False,mid,2014
7953,Jan,Stróż,51,Łódź,HR,7998,15,True,junior,2018
7954,Tola,Ryczko,29,Kraków,Finance,8895,3,False,mid,2013
7955,Konrad,Syldatk,56,Lublin,IT,18547,32,False,lead,2024
7956,Agnieszka,Roszko,22,Warszawa,Sales,18732,0,False,lead,2014
7957,Franciszek,Cholewka,44,Warszawa,Marketing,13274,16,False,senior,2015
7958,Ryszard,Brach,50,Poznań,IT,9874,3,False,mid,2015
7959,Marcel,Godzwon,56,Warszawa,Operations,6252,23,False,junior,2019
7960,Marika,Nalewajek,50,Katowice,Marketing,16708,11,False,lead,2016
7961,Dariusz,Filas,52,Warszawa,IT,10004,0,False,mid,2015
7962,Leonard,Deryło,45,Poznań,IT,9530,0,False,mid,2017
7963,Kaja,Ruchała,45,Kraków,Operations,6820,16,False,junior,2020
7964,Gustaw,Maszkiewicz,27,Rzeszów,Marketing,12945,4,False,senior,2018
7965,Szymon,Sporek,45,Wrocław,Sales,6754,4,False,junior,2021
7966,Cezary,Soliwoda,60,Gdańsk,Marketing,14319,4,False,senior,2020
7967,Gustaw,Błażejczak,44,Gdańsk,Sales,12936,5,False,senior,2015
7968,Urszula,Gruchot,45,Poznań,Finance,9787,20,False,mid,2019
7969,Adrianna,Zajko,30,Kraków,Marketing,14052,2,False,senior,2015
7970,Radosław,Wołoszczuk,58,Poznań,Marketing,6847,7,False,junior,2024
7971,Piotr,Andrys,37,Łódź,Marketing,9954,7,False,mid,2016
7972,Kamil,Komisarczyk,31,Gdańsk,Finance,6949,3,False,junior,2021
7973,Piotr,Madura,52,Warszawa,Operations,8489,25,False,mid,2022
7974,Ewa,Pyszka,48,Kraków,Finance,7436,4,False,junior,2018
7975,Tymoteusz,Niechciał,57,Kraków,Sales,5866,24,False,junior,2016
7976,Ewelina,Klamka,48,Lublin,Finance,6022,12,False,junior,2022
7977,Hubert,Hajdasz,62,Warszawa,Finance,9556,32,False,mid,2010
7978,Tymon,Grygorcewicz,43,Warszawa,Sales,19037,7,False,lead,2020
7979,Anastazja,Graś,33,Gdańsk,Finance,9142,2,False,mid,2024
7980,Jacek,Łapaj,39,Kraków,HR,9030,13,True,junior,2015
7981,Róża,Goik,55,Kraków,IT,11909,28,True,junior,2018
7982,Andrzej,Żuberek,64,Kraków,Operations,10473,36,False,mid,2025
7983,Anna Maria,Iskierka,25,Łódź,HR,6436,3,False,junior,2012
7984,Róża,Masny,62,Kraków,HR,7897,11,False,mid,2020
7985,Igor,Stachelek,43,Lublin,HR,11063,20,True,mid,2024
7986,Mariusz,Kuzia,57,Wrocław,IT,6623,11,False,junior,2017
7987,Tymon,Zera,60,Warszawa,Finance,6005,22,False,junior,2021
7988,Oskar,Nogieć,30,Rzeszów,IT,13724,2,False,senior,2023
7989,Ida,Ragus,23,Białystok,Operations,13570,1,False,senior,2022
7990,Maksymilian,Rogal,51,Gdańsk,IT,11253,0,False,mid,2011
7991,Emil,Gregorek,43,Kraków,Finance,16438,1,True,senior,2015
7992,Blanka,Dulewicz,57,Łódź,IT,7648,17,False,junior,2011
7993,Daniel,Pyś,51,Warszawa,Sales,6585,19,False,junior,2020
7994,Juliusz,Calik,36,Katowice,Operations,9437,1,False,mid,2021
7995,Maksymilian,Kiciak,32,Łódź,IT,6823,2,False,junior,2019
7996,Kornelia,Przybycień,57,Łódź,Sales,7375,6,False,junior,2021
7997,Eryk,Zasępa,56,Gdańsk,Sales,10479,14,False,mid,2020
7998,Robert,Krzywoń,48,Wrocław,Support,13031,0,False,senior,2022
7999,Ida,Brojek,54,Rzeszów,Operations,9535,17,False,mid,2025
8000,Andrzej,Praczyk,58,Warszawa,Support,8735,27,False,mid,2018
8001,Franciszek,Pleśniak,63,Warszawa,Finance,6765,38,False,junior,2020
8002,Anita,Borzym,51,Kraków,Sales,13490,27,False,senior,2017
8003,Przemysław,Pacholik,25,Poznań,Operations,13581,3,False,senior,2020
8004,Justyna,Miszkiel,65,Łódź,IT,9807,2,False,mid,2012
8005,Daniel,Kleina,54,Lublin,Support,10997,15,True,mid,2013
8006,Nela,Pastuła,63,Warszawa,IT,9513,14,False,mid,2018
8007,Aleksander,Adrian,39,Lublin,IT,7049,8,False,junior,2021
8008,Blanka,Swatek,47,Rzeszów,Support,9059,15,True,junior,2012
8009,Ryszard,Wiesiołek,27,Wrocław,Marketing,9846,0,False,mid,2021
8010,Jan,Kubrak,55,Kraków,IT,7207,8,False,junior,2010
8011,Nikodem,Wiatrak,22,Poznań,Marketing,10131,0,False,mid,2023
8012,Urszula,Langier,41,Wrocław,Finance,10576,3,False,mid,2021
8013,Adrian,Miszkiel,42,Rzeszów,Marketing,16342,13,True,senior,2017
8014,Cezary,Gryska,44,Warszawa,IT,10322,9,False,mid,2014
8015,Alex,Rawa,51,Białystok,Operations,14488,13,False,senior,2011
8016,Borys,Zyguła,37,Wrocław,IT,21196,14,True,lead,2020
8017,Kacper,Tabisz,34,Łódź,Operations,8853,12,False,mid,2020
8018,Arkadiusz,Michniak,56,Rzeszów,Marketing,7553,20,False,junior,2018
8019,Wiktor,Dębniak,24,Kraków,Operations,6937,2,False,junior,2014
8020,Stefan,Preś,36,Gdańsk,Operations,10197,9,False,mid,2012
8021,Róża,Drynda,28,Warszawa,Marketing,16392,4,False,lead,2024
8022,Sandra,Krzysztoszek,46,Warszawa,Marketing,13688,24,False,senior,2020
8023,Gaja,Cymer,56,Warszawa,IT,19294,29,False,lead,2024
8024,Rozalia,Kiwior,48,Wrocław,Marketing,13728,18,False,senior,2018
8025,Lidia,Kozdroń,59,Białystok,Support,8420,25,False,mid,2025
8026,Bartek,Pytko,35,Lublin,IT,18366,12,True,senior,2013
8027,Cyprian,Wochnik,31,Lublin,Support,9485,1,False,mid,2015
8028,Mieszko,Labocha,60,Wrocław,Sales,10756,24,False,mid,2017
8029,Sara,Miodek,38,Lublin,Marketing,9826,5,False,mid,2020
8030,Marcelina,Warzybok,65,Lublin,Sales,7451,18,False,junior,2020
8031,Sonia,Karpik,54,Warszawa,IT,18439,15,False,lead,2016
8032,Ewelina,Wieja,24,Warszawa,Sales,7027,1,False,junior,2021
8033,Alan,Beck,48,Katowice,HR,12557,8,False,senior,2010
8034,Tobiasz,Kurzyna,41,Warszawa,Support,20283,9,True,lead,2019
8035,Olga,Feret,28,Warszawa,IT,7553,3,False,junior,2024
8036,Anita,Gąbka,39,Katowice,IT,8116,4,False,junior,2010
8037,Ada,Wyrwał,45,Warszawa,Operations,13715,21,False,senior,2010
8038,Mieszko,Lewko,30,Warszawa,Sales,10876,8,False,mid,2010
8039,Nikodem,Nitek,50,Warszawa,IT,6573,25,False,junior,2024
8040,Liwia,Rudowicz,51,Lublin,Finance,7103,4,False,junior,2024
8041,Emil,Siemion,36,Białystok,Sales,10587,4,False,mid,2011
8042,Jędrzej,Dulas,27,Warszawa,Sales,10121,5,False,mid,2018
8043,Roksana,Madejczyk,58,Łódź,Finance,14533,4,False,senior,2015
8044,Marcin,Niewiara,29,Łódź,Support,9362,2,False,mid,2012
8045,Janina,Płoskonka,52,Poznań,Marketing,9184,3,False,mid,2025
8046,Maks,Sobiło,30,Katowice,HR,16790,0,False,lead,2018
8047,Kornelia,Dubis,51,Warszawa,HR,9896,2,True,junior,2023
8048,Michał,Karpiak,35,Warszawa,IT,13490,4,True,mid,2022
8049,Ryszard,Paleń,31,Wrocław,IT,11967,5,False,mid,2017
8050,Marika,Kiljan,22,Rzeszów,Support,9256,0,False,mid,2015
8051,Albert,Zaczyk,40,Wrocław,IT,6643,0,False,junior,2023
8052,Adrian,Bodzak,65,Katowice,Operations,8375,4,False,mid,2016
8053,Marcel,Rawa,31,Wrocław,IT,11076,9,False,mid,2013
8054,Ewa,Owsiak,41,Warszawa,IT,7987,11,False,junior,2011
8055,Bruno,Kurnik,36,Katowice,IT,10224,13,False,mid,2020
8056,Anita,Bartoś,26,Łódź,Operations,5399,2,False,junior,2012
8057,Kajetan,Kosznik,30,Lublin,IT,7483,4,False,junior,2016
8058,Damian,Łabaj,56,Warszawa,Finance,6154,29,False,junior,2024
8059,Blanka,Głownia,60,Kraków,Marketing,17984,22,False,lead,2019
8060,Kalina,Szalast,63,Gdańsk,HR,6461,6,False,junior,2014
8061,Przemysław,Downar,43,Katowice,IT,19893,19,False,lead,2019
8062,Konstanty,Cegła,27,Białystok,Support,16742,1,False,lead,2020
8063,Olgierd,Rosada,45,Warszawa,Finance,13547,4,False,senior,2014
8064,Dominik,Leszczak,32,Lublin,IT,13462,8,True,mid,2022
8065,Alex,Ornat,34,Kraków,Operations,8963,2,False,mid,2016
8066,Julita,Dobroń,34,Kraków,IT,7430,10,False,junior,2013
8067,Kamila,Koziatek,26,Łódź,Sales,10522,0,False,mid,2025
8068,Olga,Kuza,61,Katowice,IT,11017,3,False,mid,2015
8069,Marcelina,Kinder,31,Warszawa,Sales,18144,1,True,senior,2016
8070,Aniela,Ciuk,64,Gdańsk,IT,9691,3,False,mid,2012
8071,Kajetan,Żuchowicz,34,Gdańsk,Sales,14531,8,False,senior,2010
8072,Stefan,Goral,32,Lublin,Sales,14467,0,False,senior,2013
8073,Ewelina,Ciechowicz,56,Warszawa,HR,6627,7,False,junior,2023
8074,Józef,Husak,33,Białystok,Sales,7284,8,False,junior,2024
8075,Marcelina,Bacia,53,Wrocław,Sales,9530,27,False,mid,2018
8076,Tymoteusz,Ograbek,40,Warszawa,IT,8854,13,False,junior,2022
8077,Oskar,Fogel,39,Łódź,Support,6632,16,False,junior,2010
8078,Elżbieta,Złotnik,31,Poznań,Finance,6126,9,False,junior,2018
8079,Sandra,Szram,57,Kraków,Finance,6348,35,False,junior,2022
8080,Klara,Walus,34,Katowice,HR,8962,10,False,mid,2022
8081,Antoni,Jama,48,Rzeszów,HR,8610,21,False,mid,2018
8082,Artur,Kuśka,43,Wrocław,Sales,9571,8,False,mid,2015
8083,Nela,Hyży,48,Kraków,Finance,5788,6,False,junior,2012
8084,Anita,Sudnik,52,Lublin,Finance,17693,11,False,lead,2019
8085,Kalina,Nowek,64,Poznań,HR,9648,27,False,mid,2021
8086,Arkadiusz,Różak,52,Warszawa,IT,6558,3,False,junior,2015
8087,Witold,Szóstak,32,Gdańsk,Operations,6711,10,False,junior,2010
8088,Nicole,Korgul,46,Lublin,IT,11905,11,False,mid,2021
8089,Natasza,Frymus,23,Wrocław,Operations,7105,1,False,junior,2019
8090,Tomasz,Kycia,56,Warszawa,IT,15300,25,False,senior,2020
8091,Michał,Katana,50,Warszawa,Marketing,10651,12,False,mid,2010
8092,Tobiasz,Skałka,62,Gdańsk,Sales,17758,2,False,lead,2011
8093,Apolonia,Żmija,36,Gdańsk,Operations,12918,6,True,mid,2018
8094,Eryk,Nieradzik,49,Kraków,IT,15820,14,False,senior,2024
8095,Miłosz,Wasilewicz,25,Katowice,IT,10317,2,False,mid,2016
8096,Leonard,Maślankiewicz,34,Lublin,IT,11424,12,True,junior,2014
8097,Tadeusz,Przewoźna,65,Gdańsk,Finance,10552,31,False,mid,2021
8098,Natasza,Jachimczyk,37,Warszawa,Operations,5199,8,False,junior,2013
8099,Ksawery,Kolber,43,Rzeszów,IT,14193,16,False,senior,2016
8100,Adrian,Zioła,27,Rzeszów,Sales,10178,0,False,mid,2025
8101,Wiktor,Doroszuk,52,Kraków,IT,13689,16,True,mid,2014
8102,Antoni,Szczubełek,23,Wrocław,Operations,5674,0,False,junior,2022
8103,Aurelia,Bazyluk,36,Warszawa,Sales,14115,11,True,mid,2024
8104,Róża,Dreszer,50,Poznań,IT,7017,23,False,junior,2024
8105,Sara,Dybiec,27,Białystok,Marketing,11992,5,True,mid,2013
8106,Kajetan,Bartoszak,59,Katowice,Sales,10499,17,False,mid,2017
8107,Nela,Toma,39,Kraków,IT,13927,6,False,senior,2022
8108,Kamil,Haponiuk,62,Kraków,HR,13411,34,False,senior,2019
8109,Kornel,Mądrzyk,43,Lublin,Support,6536,14,False,junior,2018
8110,Damian,Pronobis,65,Warszawa,Operations,10457,29,False,mid,2010
8111,Marcelina,Stefankiewicz,50,Warszawa,Finance,9093,2,True,junior,2013
8112,Krzysztof,Słupek,43,Katowice,IT,7504,11,False,junior,2024
8113,Filip,Chojak,50,Warszawa,Marketing,13577,21,False,senior,2023
8114,Kalina,Maślach,27,Warszawa,IT,9633,1,False,mid,2022
8115,Angelika,Kapcia,37,Wrocław,HR,12565,4,False,senior,2019
8116,Ernest,Drózd,24,Warszawa,IT,8944,0,False,junior,2025
8117,Urszula,Szykuła,59,Wrocław,Marketing,13540,33,True,mid,2022
8118,Julita,Łapacz,48,Łódź,Sales,19119,21,False,lead,2015
8119,Ewelina,Strójwąs,53,Łódź,Operations,10023,12,False,mid,2011
8120,Szymon,Jaźwiec,58,Białystok,Support,11767,31,False,senior,2025
8121,Karina,Żabka,64,Kraków,Support,7988,36,False,mid,2010
8122,Stanisław,Bryndza,28,Lublin,HR,5282,6,False,junior,2012
8123,Ewa,Sugier,61,Warszawa,Support,13318,21,False,senior,2025
8124,Maciej,Penkala,40,Wrocław,Operations,16729,8,False,lead,2014
8125,Blanka,Sobieszczyk,63,Kraków,Finance,7632,21,False,junior,2019
8126,Apolonia,Gill,54,Białystok,Sales,13974,0,False,senior,2015
8127,Monika,Sadłocha,22,Rzeszów,Marketing,6104,0,False,junior,2024
8128,Marcel,Hanc,28,Lublin,HR,13604,2,False,senior,2011
8129,Tymon,Kopiczko,29,Wrocław,Support,18188,3,False,lead,2015
8130,Błażej,Pacura,56,Katowice,Operations,13717,18,False,senior,2020
8131,Elżbieta,Pyszny,53,Białystok,IT,9946,14,False,mid,2015
8132,Kamil,Stefankiewicz,31,Warszawa,Operations,10226,0,False,mid,2011
8133,Alan,Rubaj,43,Białystok,IT,6645,12,False,junior,2017
8134,Klara,Styn,32,Łódź,IT,18281,10,False,lead,2024
8135,Natan,Iwanow,56,Poznań,IT,7637,1,False,junior,2014
8136,Andrzej,Dyjach,58,Lublin,HR,12903,14,True,mid,2016
8137,Karina,Mol,33,Łódź,Sales,7027,0,False,junior,2018
8138,Błażej,Rawa,65,Warszawa,Finance,10596,37,True,junior,2021
8139,Kornel,Monkiewicz,42,Warszawa,IT,8065,15,False,junior,2018
8140,Wojciech,Podgórny,28,Rzeszów,IT,14196,2,False,senior,2019
8141,Marika,Dyrek,29,Lublin,Marketing,8452,3,False,mid,2012
8142,Andrzej,Taczała,23,Warszawa,Marketing,5695,0,False,junior,2016
8143,Robert,Czupryn,58,Warszawa,Marketing,10277,36,False,mid,2013
8144,Gustaw,Goik,40,Kraków,IT,13600,5,True,mid,2012
8145,Sara,Pabiś,47,Katowice,Sales,7190,2,False,junior,2017
8146,Aniela,Kidawa,65,Warszawa,Sales,18017,9,False,lead,2015
8147,Robert,Skonieczka,64,Kraków,Marketing,6525,34,False,junior,2013
8148,Jacek,Sieg,63,Łódź,IT,11418,39,False,mid,2012
8149,Piotr,Koniec,53,Łódź,Sales,6220,26,False,junior,2013
8150,Sebastian,Kramer,44,Warszawa,IT,15326,8,False,senior,2011
8151,Angelika,Majorczyk,27,Białystok,IT,7735,5,False,junior,2014
8152,Szymon,Michniak,23,Kraków,Support,4821,1,False,junior,2010
8153,Leonard,Torbus,61,Warszawa,Sales,7307,35,False,junior,2014
8154,Olgierd,Dzienisz,63,Gdańsk,IT,18017,36,False,lead,2011
8155,Aleks,Dyka,62,Wrocław,Marketing,8587,20,False,mid,2023
8156,Damian,Adamiuk,50,Rzeszów,Finance,6772,26,False,junior,2018
8157,Norbert,Buchalik,23,Kraków,Sales,6627,0,False,junior,2017
8158,Monika,Tekiela,63,Gdańsk,Finance,12309,10,True,mid,2010
8159,Gustaw,Rymarz,47,Poznań,Sales,10589,17,False,mid,2013
8160,Hubert,Pachla,58,Lublin,Marketing,16758,11,False,lead,2014
8161,Aleks,Matula,56,Kraków,IT,8255,22,False,junior,2022
8162,Ernest,Fidler,55,Warszawa,HR,8032,16,False,mid,2015
8163,Olaf,Faryna,43,Warszawa,Marketing,6389,17,False,junior,2020
8164,Bruno,Rasała,63,Łódź,Sales,10740,39,False,mid,2011
8165,Emil,Kochel,43,Kraków,Operations,13981,21,False,senior,2014
8166,Janina,Rykała,59,Gdańsk,IT,7412,7,False,junior,2018
8167,Robert,Litwinowicz,44,Kraków,IT,7066,7,False,junior,2023
8168,Apolonia,Skubała,60,Łódź,IT,13222,29,True,mid,2011
8169,Eliza,Kacperek,54,Warszawa,Finance,10644,21,False,mid,2010
8170,Malwina,Łakota,34,Kraków,Operations,6493,4,False,junior,2012
8171,Alan,Basista,59,Łódź,Operations,12142,30,False,senior,2018
8172,Marcin,Miksza,40,Łódź,Marketing,12773,9,False,senior,2010
8173,Nela,Śliz,59,Wrocław,Support,9855,23,True,junior,2016
8174,Angelika,Maszczyk,26,Lublin,Sales,15190,0,False,senior,2019
8175,Albert,Jaracz,39,Poznań,IT,7872,4,False,junior,2024
8176,Ada,Pęksa,40,Rzeszów,Support,9380,4,False,mid,2017
8177,Alan,Bąbol,22,Kraków,Sales,13045,0,True,mid,2024
8178,Anna Maria,Saczuk,56,Warszawa,Finance,13190,24,False,senior,2012
8179,Tymoteusz,Rogacz,22,Gdańsk,IT,16928,0,True,senior,2013
8180,Fryderyk,Makieła,54,Kraków,IT,14040,18,True,mid,2021
8181,Wiktor,Czupryn,45,Gdańsk,Operations,9209,12,True,junior,2016
8182,Artur,Strycharz,34,Lublin,IT,10709,5,False,mid,2010
8183,Gabriel,Wojtak,51,Wrocław,Support,13352,21,False,senior,2019
8184,Krystian,Batóg,27,Rzeszów,Support,17093,2,False,lead,2014
8185,Ignacy,Fijałek,54,Lublin,Finance,14443,12,False,senior,2024
8186,Konrad,Dyszy,38,Warszawa,Operations,9490,3,False,mid,2023
8187,Sonia,Klupś,65,Białystok,Finance,16370,25,True,senior,2017
8188,Nicole,Nehring,46,Wrocław,Finance,13230,11,True,mid,2023
8189,Bartek,Merda,51,Kraków,Operations,10394,18,False,mid,2023
8190,Anna Maria,Rolak,31,Warszawa,Sales,10092,3,False,mid,2012
8191,Olaf,Szczepan,44,Poznań,Support,5865,13,False,junior,2024
8192,Ksawery,Pachuta,50,Poznań,IT,8198,20,False,junior,2011
8193,Filip,Frelich,29,Rzeszów,Support,15884,0,False,lead,2021
8194,Oskar,Achtelik,35,Kraków,IT,13908,4,False,senior,2023
8195,Dorota,Rohde,65,Białystok,Sales,9026,42,False,mid,2022
8196,Jeremi,Jędrys,28,Wrocław,Sales,14341,4,False,senior,2010
8197,Ewelina,Łaszczyk,55,Białystok,HR,11605,23,False,senior,2016
8198,Julita,Kasznia,46,Lublin,IT,11157,6,False,mid,2015
8199,Maksymilian,Pajdak,31,Gdańsk,Sales,9716,7,True,junior,2023
8200,Adam,Fras,46,Rzeszów,Finance,18987,23,False,lead,2011
8201,Nicole,Zinkiewicz,46,Warszawa,Sales,14826,21,False,senior,2015
8202,Witold,Pronobis,64,Łódź,Finance,10382,12,False,mid,2023
8203,Juliusz,Skomra,48,Katowice,Support,9406,11,False,mid,2018
8204,Grzegorz,Petrus,23,Warszawa,Marketing,5720,0,False,junior,2016
8205,Andrzej,Szajna,38,Kraków,Finance,13575,8,False,senior,2012
8206,Agnieszka,Rok,51,Łódź,IT,11651,13,True,junior,2012
8207,Maciej,Zera,23,Poznań,Operations,17000,1,False,lead,2016
8208,Cezary,Zaborek,55,Warszawa,Sales,10236,1,False,mid,2022
8209,Konstanty,Walo,48,Warszawa,IT,6664,15,False,junior,2020
8210,Rafał,Kosak,27,Poznań,Finance,10149,4,False,mid,2015
8211,Wiktor,Syroka,41,Gdańsk,Finance,8760,19,False,mid,2011
8212,Angelika,Świerkosz,34,Lublin,Sales,18962,0,False,lead,2022
8213,Stanisław,Drygała,35,Katowice,Support,11914,8,True,mid,2018
8214,Olaf,Ćwierz,28,Wrocław,Sales,6624,3,False,junior,2010
8215,Janina,Wawrzeńczyk,47,Poznań,IT,9861,6,False,mid,2010
8216,Elżbieta,Hajdas,40,Poznań,Support,13659,16,False,senior,2018
8217,Marcelina,Mikosz,65,Łódź,Finance,9536,37,False,mid,2011
8218,Julita,Sowała,32,Kraków,Finance,14705,4,False,senior,2014
8219,Mikołaj,Rećko,51,Kraków,HR,8577,18,False,mid,2018
8220,Wojciech,Polaszek,43,Lublin,Sales,18592,17,False,lead,2016
8221,Malwina,Przybycień,63,Gdańsk,Sales,17106,3,False,lead,2018
8222,Sara,Igras,44,Poznań,Operations,9645,21,False,mid,2023
8223,Lidia,Kopczyk,36,Wrocław,IT,8184,6,False,junior,2016
8224,Oskar,Sydor,50,Kraków,IT,10306,19,False,mid,2016
8225,Julianna,Wołos,57,Gdańsk,Finance,9865,22,False,mid,2024
8226,Ada,Szyndler,24,Białystok,Operations,12138,2,False,senior,2017
8227,Nicole,Rychel,39,Lublin,IT,7817,6,False,junior,2022
8228,Elżbieta,Kałwak,33,Kraków,IT,15330,1,False,senior,2012
8229,Kamil,Prasek,33,Kraków,HR,11782,0,False,senior,2017
8230,Sara,Gąsienica,62,Wrocław,IT,10045,34,False,mid,2024
8231,Eryk,Kuczak,24,Wrocław,HR,16455,0,False,lead,2013
8232,Agnieszka,Dzienis,65,Gdańsk,Marketing,8261,3,False,mid,2022
8233,Iwo,Dynak,24,Wrocław,HR,8822,2,False,mid,2017
8234,Kalina,Wocial,39,Białystok,Support,16162,11,False,lead,2021
8235,Jeremi,Tabiś,63,Warszawa,Finance,12832,41,False,senior,2010
8236,Kajetan,Cymer,65,Łódź,IT,13588,5,False,senior,2017
8237,Dorota,Wawak,47,Poznań,Finance,5660,15,False,junior,2012
8238,Ida,Kosno,48,Warszawa,IT,18613,19,False,lead,2014
8239,Radosław,Ledzion,24,Łódź,HR,4536,1,False,junior,2018
8240,Ewelina,Niedźwiadek,30,Poznań,Operations,12314,4,False,senior,2023
8241,Cyprian,Kurzydło,55,Warszawa,IT,10509,14,False,mid,2022
8242,Melania,Ułanowicz,53,Kraków,Support,8782,22,False,mid,2022
8243,Fabian,Karwan,46,Katowice,Sales,9023,15,False,mid,2010
8244,Monika,Duczmal,53,Kraków,Sales,10823,13,False,mid,2019
8245,Grzegorz,Cyroń,49,Kraków,Marketing,21322,27,True,lead,2015
8246,Jan,Lorens,45,Kraków,Operations,9426,21,False,mid,2018
8247,Apolonia,Graj,32,Gdańsk,Sales,6840,8,False,junior,2015
8248,Anastazja,Heller,28,Kraków,Sales,9953,0,False,mid,2024
8249,Kajetan,Szelest,59,Gdańsk,IT,15634,16,False,senior,2023
8250,Kornelia,Beck,25,Poznań,Operations,14349,0,False,senior,2017
8251,Emil,Klamka,64,Wrocław,Finance,10235,37,False,mid,2010
8252,Sara,Czupryn,23,Warszawa,Sales,7484,1,False,junior,2020
8253,Julita,Labocha,40,Gdańsk,Support,12585,16,False,senior,2010
8254,Grzegorz,Solarczyk,45,Wrocław,HR,15825,6,False,lead,2022
8255,Dominik,Husak,53,Lublin,Support,6969,2,False,junior,2011
8256,Jerzy,Matus,44,Łódź,HR,9899,20,False,mid,2015
8257,Norbert,Tarasek,45,Kraków,IT,8787,16,False,junior,2024
8258,Norbert,Kuryś,38,Warszawa,Sales,8962,10,False,mid,2021
8259,Liwia,Opyrchał,55,Poznań,Operations,9556,30,False,mid,2012
8260,Paweł,Buszta,57,Wrocław,Marketing,15624,17,True,senior,2025
8261,Radosław,Sarniak,57,Rzeszów,Operations,12122,28,False,senior,2020
8262,Nikodem,Zasępa,47,Warszawa,Support,6432,13,False,junior,2016
8263,Marcin,Kłoczko,24,Kraków,Marketing,18218,0,False,lead,2023
8264,Damian,Wojtyś,43,Poznań,Finance,9374,7,False,mid,2023
8265,Ewa,Martyn,23,Lublin,IT,18181,0,False,lead,2018
8266,Alan,Sorbian,42,Wrocław,HR,9577,17,False,mid,2019
8267,Damian,Kuzior,38,Kraków,Sales,9633,3,False,mid,2015
8268,Damian,Matejczyk,52,Warszawa,Operations,10183,23,False,mid,2011
8269,Eliza,Kuk,54,Poznań,IT,17546,9,False,lead,2015
8270,Gaja,Małysiak,34,Poznań,HR,8505,3,False,mid,2014
8271,Urszula,Bas,53,Warszawa,Support,5992,11,False,junior,2013
8272,Cezary,Proch,28,Gdańsk,Support,6527,3,False,junior,2012
8273,Błażej,Macha,54,Kraków,Support,6607,23,False,junior,2013
8274,Emil,Korda,46,Kraków,Support,7132,6,False,junior,2022
8275,Tymon,Gonet,31,Wrocław,Operations,13350,7,True,mid,2012
8276,Józef,Hajdasz,58,Łódź,HR,8599,10,False,mid,2011
8277,Maks,Kut,30,Lublin,Marketing,9120,6,False,mid,2020
8278,Jędrzej,Mirończuk,64,Poznań,Sales,13669,35,False,senior,2021
8279,Norbert,Barszczak,63,Białystok,Operations,7247,19,False,junior,2019
8280,Sylwia,Dubik,32,Katowice,Sales,6533,0,False,junior,2025
8281,Urszula,Masiak,46,Wrocław,HR,9176,14,False,mid,2023
8282,Olga,Stypuła,57,Rzeszów,Support,7123,33,False,junior,2014
8283,Kalina,Materek,65,Rzeszów,Support,12530,19,False,senior,2025
8284,Sebastian,Krzykała,35,Rzeszów,Marketing,14331,3,False,senior,2013
8285,Jacek,Kwoka,60,Gdańsk,Support,8297,19,False,mid,2010
8286,Ksawery,Skutnik,55,Poznań,Finance,7841,18,False,junior,2014
8287,Juliusz,Fedak,27,Łódź,Finance,9630,2,False,mid,2015
8288,Mariusz,Jurczuk,58,Warszawa,Operations,7091,27,False,junior,2024
8289,Kazimierz,Ciepła,23,Warszawa,IT,8026,0,False,junior,2014
8290,Fryderyk,Kopyto,26,Kraków,IT,15388,1,False,senior,2023
8291,Dagmara,Kmak,31,Łódź,Support,17134,9,False,lead,2018
8292,Ksawery,Sierpień,45,Białystok,Finance,13276,13,False,senior,2024
8293,Przemysław,Szpyt,25,Lublin,Sales,7334,3,False,junior,2021
8294,Nela,Wawrzyńczyk,52,Kraków,Sales,17328,24,False,lead,2020
8295,Jacek,Szczypek,50,Warszawa,IT,9793,17,True,junior,2021
8296,Igor,Macias,63,Łódź,Marketing,10438,25,False,mid,2012
8297,Miłosz,Matejczyk,54,Białystok,Sales,18052,31,True,senior,2013
8298,Malwina,Głowiak,55,Gdańsk,Finance,7562,27,False,junior,2024
8299,Tola,Moniuszko,26,Warszawa,Operations,8724,4,False,mid,2013
8300,Aleksander,Panasewicz,22,Kraków,Sales,15139,0,False,senior,2019
8301,Tobiasz,Wesoła,24,Białystok,Sales,8957,1,False,mid,2011
8302,Ada,Synak,34,Lublin,Support,15959,7,False,lead,2019
8303,Konstanty,Czapiga,49,Warszawa,IT,7701,27,False,junior,2015
8304,Julianna,Strug,35,Poznań,Finance,13064,7,False,senior,2017
8305,Stanisław,Kroll,29,Rzeszów,Support,7773,4,False,mid,2021
8306,Adam,Jaśkowiec,48,Rzeszów,Support,13288,22,False,senior,2015
8307,Cyprian,Wajdzik,36,Rzeszów,Support,5279,6,False,junior,2013
8308,Julita,Nyk,38,Wrocław,IT,15550,16,False,senior,2022
8309,Monika,Fit,30,Poznań,IT,8632,8,False,junior,2020
8310,Kamil,Opyrchał,34,Warszawa,HR,9254,5,False,mid,2017
8311,Łukasz,Wójs,53,Białystok,Operations,8579,18,False,mid,2019
8312,Wojciech,Zajko,43,Warszawa,Sales,9687,21,False,mid,2016
8313,Klara,Pal,58,Warszawa,Marketing,12846,7,False,senior,2017
8314,Krystian,Bork,61,Lublin,HR,15333,11,True,senior,2025
8315,Krystian,Tondera,25,Kraków,HR,16874,2,False,lead,2019
8316,Radosław,Panasiewicz,53,Warszawa,Support,9424,20,False,mid,2011
8317,Ksawery,Kordys,52,Warszawa,Sales,13280,1,False,senior,2018
8318,Dawid,Korpal,65,Poznań,IT,8380,6,False,junior,2023
8319,Andrzej,Dworniczak,53,Łódź,Support,15983,22,True,senior,2019
8320,Anita,Podleśna,43,Warszawa,Operations,8879,15,False,mid,2024
8321,Robert,Ogonek,35,Lublin,Marketing,17023,2,False,lead,2024
8322,Liwia,Krzyk,31,Gdańsk,Sales,9469,4,False,mid,2015
8323,Aleks,Tuzimek,46,Warszawa,Sales,9791,18,False,mid,2023
8324,Michał,Wasil,60,Warszawa,Sales,18216,10,False,lead,2021
8325,Krzysztof,Bąbol,37,Warszawa,Sales,14880,9,False,senior,2021
8326,Jędrzej,Henke,37,Wrocław,HR,9523,15,True,junior,2018
8327,Olgierd,Wygoda,57,Gdańsk,IT,15508,25,False,senior,2022
8328,Adrianna,Politowicz,60,Warszawa,HR,6956,8,False,junior,2017
8329,Bruno,Wiencek,29,Kraków,Sales,5905,0,False,junior,2020
8330,Kazimierz,Fidura,24,Kraków,IT,19978,2,False,lead,2010
8331,Olaf,Kubasiewicz,48,Białystok,Finance,6160,24,False,junior,2024
8332,Olgierd,Danel,22,Łódź,IT,8954,0,False,junior,2013
8333,Konrad,Kuban,53,Gdańsk,Finance,18777,6,False,lead,2013
8334,Robert,Micał,51,Kraków,Sales,18075,15,False,lead,2025
8335,Michał,Chwedoruk,58,Warszawa,Operations,9484,28,False,mid,2019
8336,Ignacy,Majtyka,42,Warszawa,IT,11665,2,False,mid,2014
8337,Klara,Gerlach,55,Katowice,Finance,13929,15,True,mid,2024
8338,Ewa,Kujda,38,Poznań,Finance,14761,3,False,senior,2025
8339,Ada,Mostek,44,Gdańsk,Support,16466,15,False,lead,2016
8340,Franciszek,Stwora,25,Białystok,Operations,9666,3,False,mid,2013
8341,Liwia,Saj,46,Kraków,Marketing,12226,10,False,senior,2011
8342,Ida,Ścibior,61,Warszawa,Finance,16588,13,False,lead,2023
8343,Kacper,Organiściak,63,Gdańsk,Sales,9147,27,False,mid,2019
8344,Justyna,Płaneta,27,Warszawa,Sales,13527,5,False,senior,2022
8345,Dorota,Humeniuk,34,Łódź,IT,15942,11,False,senior,2014
8346,Arkadiusz,Broncel,57,Kraków,Sales,7564,3,False,junior,2020
8347,Julita,Kabala,63,Katowice,Finance,6255,33,False,junior,2021
8348,Ryszard,Kuboń,51,Kraków,Finance,9411,16,True,junior,2010
8349,Józef,Wasyluk,42,Kraków,Finance,8863,7,True,junior,2013
8350,Krzysztof,Balcewicz,33,Poznań,Sales,19099,3,False,lead,2011
8351,Igor,Salwin,26,Warszawa,Sales,7501,1,False,junior,2021
8352,Tomasz,Duniec,30,Warszawa,Operations,5731,1,False,junior,2011
8353,Kamil,Gryciuk,44,Gdańsk,Sales,10690,22,True,junior,2013
8354,Damian,Janduła,42,Katowice,Sales,9058,16,True,junior,2020
8355,Ida,Piekara,23,Lublin,Marketing,5510,1,False,junior,2013
8356,Dawid,Pasiak,32,Katowice,HR,8244,8,False,mid,2022
8357,Roksana,Ligas,51,Gdańsk,Sales,5833,25,False,junior,2024
8358,Rafał,Gregorczuk,61,Gdańsk,IT,6940,37,False,junior,2012
8359,Wojciech,Cymbała,24,Kraków,HR,9554,1,False,mid,2013
8360,Kornelia,Kamyszek,53,Warszawa,Sales,14011,20,False,senior,2017
8361,Jacek,Nieborak,43,Warszawa,HR,6208,19,False,junior,2015
8362,Aniela,Stark,41,Gdańsk,IT,10440,15,False,mid,2016
8363,Krystian,Polnik,64,Warszawa,Operations,8286,19,False,mid,2025
8364,Kornel,Kijas,57,Wrocław,Support,8806,12,False,mid,2011
8365,Grzegorz,Słomiany,62,Poznań,HR,7911,40,False,mid,2021
8366,Aurelia,Boba,44,Poznań,IT,10978,14,False,mid,2025
8367,Agnieszka,Amanowicz,49,Rzeszów,Finance,21097,13,True,lead,2013
8368,Kornelia,Stark,24,Katowice,IT,7929,1,False,junior,2017
8369,Michał,Gryka,57,Lublin,IT,11412,24,False,mid,2010
8370,Aurelia,Pszczółka,22,Łódź,Sales,18556,0,False,lead,2010
8371,Jan,Krzyżostaniak,25,Łódź,HR,9297,2,True,junior,2019
8372,Tobiasz,Talaśka,55,Białystok,IT,7649,6,False,junior,2023
8373,Mateusz,Koziatek,60,Warszawa,Operations,9408,10,False,mid,2013
8374,Kazimierz,Klekot,59,Lublin,Sales,6572,33,False,junior,2018
8375,Krystian,Bek,61,Kraków,HR,16152,19,False,lead,2024
8376,Artur,Stawczyk,51,Wrocław,IT,19977,15,False,lead,2023
8377,Arkadiusz,Dunal,29,Warszawa,IT,8517,6,False,junior,2024
8378,Róża,Supernak,26,Gdańsk,Finance,10871,4,False,mid,2015
8379,Ksawery,Dumin,58,Warszawa,Operations,5576,15,False,junior,2020
8380,Aurelia,Szafarz,57,Katowice,Sales,10498,19,True,junior,2015
8381,Aurelia,Fijak,62,Rzeszów,HR,6117,21,False,junior,2010
8382,Rafał,Pindral,43,Gdańsk,Support,9188,0,False,mid,2021
8383,Tymon,Wałęsa,32,Katowice,Finance,10788,8,False,mid,2018
8384,Norbert,Bączkiewicz,23,Kraków,IT,13598,1,True,mid,2013
8385,Oskar,Kwasek,48,Warszawa,Finance,14541,21,False,senior,2024
8386,Ewelina,Steciuk,36,Warszawa,Support,8497,0,False,mid,2011
8387,Maciej,Bidas,29,Lublin,Sales,10635,2,False,mid,2010
8388,Hubert,Dziduch,38,Katowice,IT,10517,16,False,mid,2024
8389,Nataniel,Wiszowaty,40,Warszawa,HR,11712,8,False,senior,2016
8390,Arkadiusz,Budzich,52,Katowice,Support,11751,3,True,mid,2017
8391,Jędrzej,Bastek,54,Warszawa,IT,10091,9,False,mid,2013
8392,Nikodem,Danisz,42,Lublin,IT,11243,4,False,mid,2025
8393,Emil,Heller,58,Poznań,Marketing,17270,23,True,senior,2023
8394,Kaja,Kafel,60,Warszawa,IT,8409,28,False,junior,2017
8395,Jerzy,Szarejko,49,Poznań,Operations,18387,10,False,lead,2018
8396,Maks,Sprawka,59,Łódź,IT,13950,9,False,senior,2010
8397,Sebastian,Niedojadło,62,Poznań,IT,7851,35,False,junior,2024
8398,Monika,Baranowicz,26,Łódź,Marketing,5652,4,False,junior,2025
8399,Albert,Ziemkiewicz,48,Poznań,Sales,9782,11,False,mid,2024
8400,Sara,Heba,46,Łódź,Finance,9955,0,False,mid,2020
8401,Nikodem,Zapadka,25,Kraków,IT,14460,3,True,mid,2015
8402,Franciszek,Durlej,48,Katowice,Support,16819,8,False,lead,2019
8403,Monika,Nóżka,35,Lublin,Sales,7081,4,False,junior,2012
8404,Konrad,Zarzeczna,25,Poznań,Operations,9011,3,False,mid,2020
8405,Fryderyk,Szczap,53,Lublin,Sales,14929,0,False,senior,2016
8406,Marcel,Jamroży,32,Rzeszów,IT,8108,0,False,junior,2020
8407,Tymoteusz,Lelito,40,Warszawa,IT,11936,7,False,mid,2015
8408,Elżbieta,Cyba,55,Warszawa,Sales,9169,29,False,mid,2017
8409,Eliza,Bubel,41,Gdańsk,Finance,11917,17,True,mid,2010
8410,Miłosz,Bąbel,61,Warszawa,Finance,20005,34,True,lead,2020
8411,Nikodem,Tułacz,53,Warszawa,Finance,10367,6,False,mid,2013
8412,Marika,Cyrulik,22,Wrocław,Operations,9463,0,False,mid,2023
8413,Maurycy,Bodych,45,Kraków,Sales,8172,17,False,junior,2012
8414,Alex,Gordon,63,Wrocław,Sales,7537,3,False,junior,2019
8415,Rafał,Kuświk,45,Warszawa,Operations,9226,13,False,mid,2024
8416,Tomasz,Skiepko,49,Warszawa,Finance,13057,20,False,senior,2013
8417,Dorota,Gamoń,65,Rzeszów,Marketing,17213,15,False,lead,2022
8418,Malwina,Micał,55,Lublin,Operations,14054,15,False,senior,2015
8419,Apolonia,Pietrasz,58,Łódź,IT,12845,28,True,mid,2012
8420,Agnieszka,Marcol,35,Gdańsk,IT,8627,5,False,junior,2019
8421,Jan,Cukier,60,Poznań,IT,10643,18,False,mid,2019
8422,Sandra,Wojtunik,53,Kraków,Finance,7844,12,False,junior,2020
8423,Oskar,Szafarz,45,Białystok,Sales,10670,8,False,mid,2022
8424,Olgierd,Lament,24,Łódź,Operations,10047,1,True,junior,2013
8425,Wiktor,Ślimak,53,Gdańsk,Support,8812,5,False,mid,2019
8426,Radosław,Radziewicz,33,Warszawa,Finance,17211,10,False,lead,2018
8427,Karol,Polnik,53,Kraków,Sales,18321,2,False,lead,2020
8428,Tobiasz,Brachman,39,Warszawa,IT,17861,15,False,lead,2022
8429,Natasza,Paśnik,57,Wrocław,Sales,9804,2,False,mid,2025
8430,Jacek,Lelonek,62,Poznań,HR,9825,28,False,mid,2017
8431,Kazimierz,Denkiewicz,58,Łódź,HR,8985,6,False,mid,2019
8432,Julian,Hirsch,29,Kraków,Operations,8472,4,False,mid,2012
8433,Witold,Rok,55,Kraków,HR,4573,33,False,junior,2023
8434,Sylwia,Zysk,28,Warszawa,Operations,10093,6,False,mid,2012
8435,Hubert,Nojek,23,Lublin,Support,4988,1,False,junior,2021
8436,Marcin,Chwedoruk,24,Wrocław,Finance,6907,2,False,junior,2019
8437,Natasza,Maciejczuk,46,Rzeszów,Support,8158,9,False,mid,2025
8438,Piotr,Paliga,44,Warszawa,Support,16199,5,True,senior,2021
8439,Gaja,Dryka,23,Kraków,Finance,11883,1,True,mid,2014
8440,Nikodem,Szyma,52,Warszawa,Operations,8792,30,False,mid,2025
8441,Gustaw,Dzieża,60,Kraków,Sales,9431,8,False,mid,2017
8442,Urszula,Wizner,54,Warszawa,Sales,12985,7,False,senior,2011
8443,Damian,Klaja,53,Warszawa,IT,7534,16,False,junior,2016
8444,Tymoteusz,Szmurło,32,Wrocław,Support,8572,3,False,mid,2020
8445,Eliza,Warych,46,Gdańsk,HR,17471,15,False,lead,2015
8446,Grzegorz,Brejnak,30,Kraków,Sales,17813,2,False,lead,2017
8447,Kamil,Bryczek,36,Warszawa,Finance,13388,4,False,senior,2015
8448,Miłosz,Glapiak,30,Kraków,IT,10949,2,False,mid,2016
8449,Sonia,Węgrzynowicz,41,Warszawa,Finance,13577,8,True,mid,2012
8450,Norbert,Bondaruk,54,Gdańsk,Support,12282,5,False,senior,2018
8451,Mariusz,Stempel,29,Rzeszów,Finance,10017,2,False,mid,2015
8452,Błażej,Dankiewicz,30,Kraków,IT,11911,8,False,mid,2025
8453,Kazimierz,Utrata,38,Lublin,Sales,14469,1,False,senior,2024
8454,Szymon,Trzpil,50,Warszawa,Support,10133,17,False,mid,2019
8455,Antoni,Kobel,40,Warszawa,Support,13597,8,False,senior,2017
8456,Natasza,Loba,53,Warszawa,Operations,9039,9,False,mid,2016
8457,Julian,Wielgos,34,Wrocław,Marketing,9096,7,False,mid,2025
8458,Aleksander,Ziemak,56,Rzeszów,IT,6938,21,False,junior,2022
8459,Albert,Irla,43,Lublin,Finance,7061,6,False,junior,2022
8460,Anna Maria,Kapral,50,Warszawa,Sales,14761,11,False,senior,2012
8461,Damian,Śleziak,45,Łódź,IT,10427,19,False,mid,2017
8462,Bartek,Ryndak,45,Gdańsk,Operations,5501,12,False,junior,2016
8463,Artur,Baka,43,Katowice,IT,10566,17,False,mid,2012
8464,Sandra,Ciepłuch,26,Lublin,IT,10024,1,False,mid,2014
8465,Kamil,Węgrzyniak,24,Wrocław,Support,16416,0,False,lead,2014
8466,Marcelina,Gordon,62,Warszawa,Operations,14278,27,False,senior,2023
8467,Julita,Szumiło,48,Poznań,Sales,6962,7,False,junior,2023
8468,Łukasz,Błasik,36,Gdańsk,Operations,9758,14,False,mid,2013
8469,Jakub,Szpara,58,Katowice,Sales,9153,10,False,mid,2010
8470,Lidia,Mulawa,30,Łódź,Sales,8858,8,False,mid,2017
8471,Juliusz,Kuran,31,Warszawa,Marketing,10250,7,False,mid,2022
8472,Kazimierz,Wincenciak,34,Warszawa,Support,7753,10,False,mid,2022
8473,Rozalia,Zielke,42,Kraków,Marketing,7694,6,False,junior,2012
8474,Patryk,Aleksa,28,Wrocław,Operations,8302,5,False,mid,2020
8475,Anastazja,Kalinka,27,Lublin,Operations,9691,5,False,mid,2020
8476,Anita,Hyjek,60,Wrocław,Finance,7434,9,False,junior,2014
8477,Hubert,Neubauer,49,Poznań,IT,7315,18,False,junior,2015
8478,Ida,Fijoł,32,Warszawa,Sales,7976,6,False,junior,2019
8479,Julian,Koss,64,Warszawa,Marketing,18082,12,False,lead,2017
8480,Karol,Bronka,29,Warszawa,Sales,19259,0,False,lead,2017
8481,Patryk,Ochał,28,Łódź,HR,5615,6,False,junior,2015
8482,Olga,Sochaj,54,Wrocław,Finance,5585,9,False,junior,2025
8483,Paweł,Synak,31,Rzeszów,Marketing,8717,8,False,mid,2013
8484,Artur,Roczniak,24,Katowice,IT,17692,0,False,lead,2025
8485,Daniel,Jarmużek,54,Łódź,HR,8132,19,False,mid,2011
8486,Emil,Cymer,59,Rzeszów,Operations,9747,28,False,mid,2017
8487,Marcelina,Dacko,28,Rzeszów,HR,8640,0,True,junior,2014
8488,Tola,Roskosz,30,Katowice,IT,10558,3,False,mid,2025
8489,Eliza,Roś,33,Warszawa,Support,8503,10,False,mid,2017
8490,Cezary,Wiza,30,Wrocław,Sales,18064,7,False,lead,2018
8491,Adrian,Skubis,54,Białystok,Operations,6173,14,False,junior,2016
8492,Kaja,Zadora,48,Warszawa,IT,15443,0,False,senior,2022
8493,Tymon,Sygut,36,Poznań,Finance,6794,11,False,junior,2025
8494,Filip,Nitek,45,Kraków,IT,9633,17,True,junior,2013
8495,Ernest,Siedlarz,35,Gdańsk,IT,10816,12,False,mid,2024
8496,Franciszek,Koloch,57,Rzeszów,IT,7879,33,False,junior,2023
8497,Konrad,Pałac,30,Lublin,Marketing,6394,3,False,junior,2014
8498,Bartek,Betka,31,Warszawa,HR,8078,6,False,mid,2016
8499,Filip,Prokurat,22,Wrocław,HR,9225,0,False,mid,2010
8500,Marek,Fiedoruk,47,Warszawa,Support,8675,3,False,mid,2019
8501,Ewa,Kolber,33,Kraków,Support,6796,1,False,junior,2016
8502,Mateusz,Kukawka,58,Warszawa,Sales,7569,1,False,junior,2010
8503,Karina,Romejko,31,Łódź,Sales,10215,6,False,mid,2013
8504,Mieszko,Mrózek,62,Lublin,Finance,7249,40,False,junior,2013
8505,Aurelia,Lejk,31,Katowice,Marketing,10459,4,False,mid,2020
8506,Aniela,Kozłowicz,59,Kraków,Finance,10273,29,False,mid,2021
8507,Agnieszka,Milewczyk,60,Rzeszów,Sales,7018,2,False,junior,2023
8508,Błażej,Cydzik,61,Poznań,HR,16783,17,False,lead,2024
8509,Monika,Piaścik,46,Lublin,Marketing,5367,7,False,junior,2011
8510,Konstanty,Kołpak,28,Wrocław,IT,10152,1,False,mid,2012
8511,Ida,Staciwa,37,Kraków,Operations,9178,15,True,junior,2023
8512,Natan,Andrukiewicz,45,Kraków,IT,17753,7,False,lead,2020
8513,Daniel,Micał,52,Poznań,Sales,8978,4,False,mid,2011
8514,Cyprian,Zemanek,31,Kraków,IT,8489,0,False,junior,2024
8515,Ada,Burzec,58,Gdańsk,IT,17976,1,True,senior,2016
8516,Krystyna,Spadło,33,Kraków,Operations,9517,3,False,mid,2020
8517,Patryk,Druszcz,22,Poznań,Sales,16618,0,True,senior,2012
8518,Cyprian,Fabiańczyk,60,Kraków,Sales,10643,34,False,mid,2022
8519,Eliza,Bobryk,39,Gdańsk,Marketing,9927,13,True,junior,2020
8520,Wiktor,Hein,26,Warszawa,Finance,9524,3,False,mid,2025
8521,Dariusz,Prostak,34,Warszawa,Marketing,5688,7,False,junior,2021
8522,Szymon,Kutek,31,Wrocław,Operations,8243,3,False,mid,2010
8523,Hubert,Klamka,22,Kraków,Finance,6894,0,False,junior,2025
8524,Olaf,Gronostaj,47,Poznań,Marketing,9526,7,False,mid,2019
8525,Kamil,Tułacz,63,Łódź,Finance,17133,12,False,lead,2010
8526,Krystyna,Jachimczyk,35,Warszawa,Sales,21840,7,True,lead,2011
8527,Gustaw,Byra,50,Białystok,Finance,9490,7,False,mid,2012
8528,Mieszko,Siemek,49,Wrocław,IT,9557,26,False,mid,2018
8529,Aniela,Zaniewicz,46,Warszawa,HR,7765,20,False,mid,2018
8530,Bianka,Bartocha,58,Kraków,Marketing,20792,12,True,lead,2012
8531,Dorota,Mydlarz,45,Katowice,Finance,6123,19,False,junior,2023
8532,Ewa,Kultys,63,Kraków,Support,5947,11,False,junior,2013
8533,Apolonia,Gasik,61,Rzeszów,Support,14856,16,True,senior,2023
8534,Julian,Merda,46,Kraków,IT,8059,0,False,junior,2012
8535,Borys,Smykała,48,Kraków,Operations,6547,18,False,junior,2016
8536,Kacper,Augustynek,40,Warszawa,IT,14273,10,False,senior,2015
8537,Maks,Okła,46,Lublin,Operations,9236,8,True,junior,2018
8538,Krystian,Zbroszczyk,48,Lublin,Sales,13264,3,False,senior,2020
8539,Liwia,Janoszek,61,Wrocław,Marketing,13193,6,True,mid,2018
8540,Franciszek,Olewniczak,58,Łódź,Sales,10535,6,False,mid,2010
8541,Ewelina,Godzik,64,Warszawa,HR,17109,34,False,lead,2010
8542,Rozalia,Ragan,31,Warszawa,IT,11894,9,False,mid,2024
8543,Liwia,Kumorek,26,Rzeszów,Sales,10148,2,False,mid,2011
8544,Mariusz,Szuta,23,Warszawa,Sales,7625,0,False,junior,2023
8545,Oskar,Łukasz,41,Kraków,Sales,6136,14,False,junior,2022
8546,Leon,Krzysztoszek,43,Kraków,Finance,7883,12,False,junior,2021
8547,Artur,Gietka,26,Warszawa,Operations,14055,1,False,senior,2010
8548,Krystian,Sommerfeld,33,Katowice,Operations,16623,6,False,lead,2019
8549,Kaja,Szarzec,53,Poznań,HR,9229,18,False,mid,2012
8550,Ksawery,Widłak,60,Poznań,Sales,14340,17,False,senior,2017
8551,Franciszek,Masłoń,43,Warszawa,IT,10049,21,False,mid,2024
8552,Gustaw,Hanus,30,Kraków,IT,13239,1,True,mid,2011
8553,Angelika,Picheta,44,Łódź,HR,8302,16,False,mid,2022
8554,Lidia,Zapiór,62,Warszawa,Sales,13661,40,False,senior,2012
8555,Kazimierz,Margol,36,Kraków,IT,11592,11,False,mid,2015
8556,Radosław,Pajda,61,Białystok,IT,18467,21,False,lead,2020
8557,Igor,Gubernat,32,Gdańsk,IT,10258,2,True,junior,2017
8558,Dagmara,Druszcz,27,Rzeszów,Sales,10651,0,False,mid,2010
8559,Fabian,Radke,38,Rzeszów,IT,18212,16,False,lead,2010
8560,Gaja,Świątkiewicz,46,Lublin,Sales,7069,21,False,junior,2017
8561,Stanisław,Tatarczuk,32,Lublin,IT,8946,8,False,junior,2016
8562,Klara,Chwedoruk,56,Białystok,HR,12294,29,True,mid,2019
8563,Julian,Mikiciuk,58,Rzeszów,Finance,6231,5,False,junior,2024
8564,Miłosz,Kempny,35,Gdańsk,IT,15683,0,False,senior,2025
8565,Andrzej,Ziemann,25,Gdańsk,Sales,11137,3,False,mid,2014
8566,Damian,Zięciak,39,Wrocław,Operations,5359,1,False,junior,2023
8567,Sandra,Palak,56,Wrocław,Support,16128,2,False,lead,2024
8568,Tola,Solarczyk,45,Łódź,Finance,10562,20,False,mid,2010
8569,Witold,Drożdżal,49,Kraków,IT,18981,13,False,lead,2021
8570,Nataniel,Drózd,36,Białystok,IT,19519,4,False,lead,2012
8571,Artur,Mazik,48,Katowice,Finance,10819,2,False,mid,2020
8572,Sebastian,Troka,38,Łódź,Sales,9101,6,False,mid,2023
8573,Blanka,Trznadel,59,Kraków,Marketing,5673,33,False,junior,2021
8574,Janina,Kretek,58,Kraków,Support,8824,11,False,mid,2014
8575,Krystian,Zagrodnik,32,Katowice,Sales,6217,9,False,junior,2023
8576,Sara,Dorociak,48,Poznań,Finance,5883,24,False,junior,2010
8577,Jacek,Pacholik,58,Lublin,Sales,7588,10,False,junior,2022
8578,Arkadiusz,Działak,42,Katowice,Operations,9357,11,False,mid,2025
8579,Ignacy,Koniecko,32,Kraków,Marketing,6484,9,False,junior,2012
8580,Fabian,Korta,51,Rzeszów,Support,16642,12,False,lead,2025
8581,Paweł,Maciuk,31,Lublin,Operations,8783,7,True,junior,2021
8582,Natasza,Gosek,61,Katowice,Marketing,8390,14,True,junior,2010
8583,Monika,Owsianka,60,Warszawa,Sales,17544,38,False,lead,2018
8584,Marcel,Migoń,55,Łódź,IT,7836,27,False,junior,2010
8585,Agnieszka,Kusek,51,Warszawa,Operations,15237,14,True,senior,2018
8586,Wojciech,Bobik,43,Poznań,Sales,10342,21,False,mid,2017
8587,Cyprian,Maciuszek,55,Kraków,HR,7964,19,False,mid,2023
8588,Jeremi,Drop,46,Białystok,Marketing,15980,5,True,senior,2024
8589,Fryderyk,Wosiak,36,Katowice,Marketing,7159,6,False,junior,2011
8590,Juliusz,Staniaszek,55,Łódź,Operations,9865,4,False,mid,2025
8591,Roksana,Strawa,56,Wrocław,IT,10740,14,True,junior,2022
8592,Janina,Moroń,38,Wrocław,Operations,19179,11,True,lead,2014
8593,Ada,Krauza,48,Gdańsk,Finance,17248,13,False,lead,2025
8594,Aleks,Zyguła,42,Kraków,Sales,21327,14,True,lead,2021
8595,Angelika,Tokarek,30,Kraków,Operations,10324,1,False,mid,2018
8596,Dawid,Wypiór,39,Warszawa,Support,6958,14,False,junior,2023
8597,Olgierd,Frączkiewicz,48,Kraków,Sales,13454,16,False,senior,2021
8598,Anastazja,Kiciak,38,Warszawa,Sales,13410,10,False,senior,2018
8599,Kornelia,Niećko,23,Rzeszów,Marketing,5499,0,False,junior,2014
8600,Adam,Wojsław,32,Gdańsk,IT,7781,9,False,junior,2011
8601,Paweł,Kaluga,28,Lublin,IT,7764,0,False,junior,2014
8602,Konstanty,Miecznik,65,Lublin,HR,6477,37,False,junior,2018
8603,Jacek,Wojtera,61,Białystok,IT,11015,6,False,mid,2013
8604,Apolonia,Cymer,29,Wrocław,Marketing,8326,0,False,mid,2015
8605,Sandra,Pokusa,40,Wrocław,Operations,6222,2,False,junior,2024
8606,Iwo,Dyszy,63,Wrocław,IT,14617,35,False,senior,2022
8607,Karol,Fikus,50,Warszawa,Operations,6989,19,False,junior,2015
8608,Oskar,Grzywnowicz,26,Białystok,Sales,13027,4,False,senior,2022
8609,Ada,Pelka,54,Wrocław,IT,18515,16,False,lead,2019
8610,Janina,Karaśkiewicz,45,Wrocław,Marketing,10080,21,False,mid,2016
8611,Borys,Kościesza,28,Warszawa,HR,5784,0,False,junior,2022
8612,Justyna,Wałaszek,52,Katowice,Support,8619,8,False,mid,2013
8613,Cezary,Uliasz,35,Warszawa,Marketing,16518,2,False,lead,2016
8614,Ada,Domka,48,Lublin,Support,4840,16,False,junior,2019
8615,Sylwia,Kulczak,49,Rzeszów,Finance,14310,0,False,senior,2019
8616,Eliza,Budzich,24,Lublin,Sales,5987,1,False,junior,2013
8617,Fryderyk,Truchan,54,Gdańsk,IT,11977,30,False,mid,2010
8618,Dominik,Sypień,56,Kraków,Marketing,10050,16,False,mid,2013
8619,Oskar,Cal,26,Warszawa,HR,15337,2,True,senior,2023
8620,Patryk,Pyć,27,Kraków,Operations,6023,1,False,junior,2015
8621,Tadeusz,Cis,32,Gdańsk,Support,10081,3,False,mid,2024
8622,Elżbieta,Heczko,58,Katowice,IT,15222,5,False,senior,2022
8623,Sandra,Dulik,27,Wrocław,IT,15267,4,False,senior,2024
8624,Kamila,Czenczek,55,Wrocław,Sales,9062,4,False,mid,2023
8625,Maciej,Stawowczyk,56,Łódź,Sales,13623,11,True,mid,2016
8626,Monika,Cichos,32,Warszawa,IT,18075,1,False,lead,2012
8627,Róża,Witka,44,Katowice,Operations,14485,3,False,senior,2022
8628,Angelika,Janiga,31,Katowice,Sales,8124,7,False,junior,2014
8629,Blanka,Dywan,57,Poznań,Finance,10332,16,True,junior,2018
8630,Kornelia,Łachut,22,Kraków,Support,10770,0,True,mid,2023
8631,Szymon,Lesner,28,Poznań,Sales,12851,1,False,senior,2013
8632,Nicole,Wawszczyk,39,Lublin,Operations,8414,8,False,mid,2021
8633,Szymon,Mieloch,55,Białystok,Support,12101,8,False,senior,2014
8634,Kornel,Hajda,65,Kraków,Marketing,10505,22,False,mid,2012
8635,Aleks,Procek,59,Łódź,IT,14589,31,False,senior,2015
8636,Antoni,Sadoch,29,Białystok,IT,6772,5,False,junior,2010
8637,Agnieszka,Rejmak,59,Poznań,IT,15046,4,False,senior,2021
8638,Iwo,Andruszko,34,Gdańsk,IT,11413,9,False,mid,2017
8639,Mieszko,Nicewicz,32,Lublin,Support,13400,6,False,senior,2024
8640,Witold,Kleina,50,Kraków,IT,7060,6,False,junior,2025
8641,Adrianna,Gosik,65,Kraków,IT,9796,39,False,mid,2022
8642,Franciszek,Zajko,31,Kraków,Sales,10059,7,False,mid,2023
8643,Róża,Łachacz,23,Rzeszów,IT,12595,1,True,mid,2022
8644,Błażej,Sporysz,47,Warszawa,IT,19531,12,False,lead,2014
8645,Miłosz,Oślizło,61,Warszawa,Marketing,8226,19,False,mid,2011
8646,Dagmara,Stypka,26,Warszawa,Sales,17557,2,True,senior,2020
8647,Krystyna,Pęksa,59,Rzeszów,Sales,9402,23,False,mid,2023
8648,Kazimierz,Cyrulik,32,Warszawa,Support,8903,3,False,mid,2016
8649,Blanka,Sado,31,Warszawa,IT,15093,2,False,senior,2015
8650,Nataniel,Reichel,40,Łódź,IT,10875,1,False,mid,2018
8651,Tymoteusz,Usarek,44,Łódź,Operations,8074,16,False,mid,2025
8652,Sonia,Cłapa,62,Kraków,HR,6190,4,False,junior,2024
8653,Dawid,Miotke,41,Wrocław,Sales,9975,3,False,mid,2010
8654,Maks,Małas,62,Kraków,IT,11014,34,False,mid,2010
8655,Julita,Kremer,51,Wrocław,HR,8514,10,False,mid,2015
8656,Olaf,Januchta,28,Warszawa,Finance,9628,2,False,mid,2011
8657,Norbert,Smętek,40,Kraków,HR,7805,6,False,mid,2023
8658,Tomasz,Jaśkowiec,25,Łódź,IT,10855,0,False,mid,2023
8659,Olga,Szmelter,53,Warszawa,IT,9898,10,False,mid,2024
8660,Sonia,Jaśkowiec,56,Poznań,Marketing,13794,4,False,senior,2021
8661,Daniel,Golisz,63,Kraków,Sales,9277,35,False,mid,2012
8662,Fryderyk,Garncarek,59,Wrocław,Finance,13627,14,False,senior,2012
8663,Błażej,Kalista,32,Poznań,Sales,13893,2,False,senior,2019
8664,Ada,Ciężka,52,Wrocław,HR,9968,25,True,junior,2011
8665,Natan,Ludwisiak,38,Poznań,Finance,10632,1,False,mid,2017
8666,Monika,Szumna,42,Warszawa,IT,13392,10,True,mid,2012
8667,Olgierd,Dejneka,60,Białystok,IT,15887,5,False,senior,2020
8668,Damian,Matynia,36,Warszawa,Support,9436,5,True,junior,2023
8669,Kazimierz,Oleszko,47,Łódź,Finance,7105,22,False,junior,2023
8670,Kamil,Warczak,24,Warszawa,Sales,6081,2,False,junior,2012
8671,Elżbieta,Kędziorek,26,Warszawa,Finance,10039,0,False,mid,2012
8672,Dorota,Gierat,43,Kraków,IT,15326,11,False,senior,2012
8673,Melania,Szambelan,63,Warszawa,Support,6835,17,False,junior,2025
8674,Melania,Lempart,48,Poznań,Sales,12903,9,False,senior,2018
8675,Kajetan,Hejna,61,Warszawa,Marketing,10255,20,True,junior,2021
8676,Igor,Augustynek,40,Warszawa,IT,8790,12,False,junior,2013
8677,Tomasz,Wiech,28,Warszawa,HR,5437,1,False,junior,2023
8678,Olga,Cichos,49,Gdańsk,Finance,6906,16,False,junior,2024
8679,Błażej,Dworczak,43,Kraków,Operations,12232,5,False,senior,2021
8680,Cyprian,Chlebda,48,Kraków,Operations,8598,4,False,mid,2011
8681,Maks,Marach,56,Wrocław,Marketing,13883,5,False,senior,2015
8682,Łukasz,Majewicz,61,Kraków,Operations,9776,15,False,mid,2012
8683,Paweł,Szylar,34,Katowice,IT,7333,6,False,junior,2025
8684,Gustaw,Jeszka,38,Warszawa,IT,8599,4,False,junior,2022
8685,Nicole,Malarczyk,24,Poznań,Operations,8381,0,False,mid,2021
8686,Kazimierz,Zyguła,45,Rzeszów,IT,11534,10,False,mid,2023
8687,Sara,Sobolak,41,Łódź,IT,14881,13,False,senior,2024
8688,Maciej,Mrozowicz,54,Łódź,Support,10073,23,False,mid,2020
8689,Krystyna,Kowalak,29,Gdańsk,Operations,12540,0,True,mid,2010
8690,Jacek,Kwasek,35,Lublin,Operations,5548,13,False,junior,2020
8691,Anastazja,Dzierwa,28,Wrocław,IT,6637,0,False,junior,2017
8692,Borys,Bryzek,36,Warszawa,Finance,14215,0,False,senior,2023
8693,Artur,Szumiło,57,Wrocław,IT,17867,35,False,lead,2011
8694,Przemysław,Luks,54,Gdańsk,Support,19339,3,True,lead,2023
8695,Bartek,Łuszczyk,53,Katowice,Sales,7197,10,False,junior,2024
8696,Andrzej,Kobos,24,Rzeszów,Operations,8314,0,True,junior,2011
8697,Karina,Wosiak,25,Rzeszów,Operations,8167,1,False,mid,2020
8698,Monika,Kazior,56,Rzeszów,Sales,11227,14,False,mid,2018
8699,Dagmara,Pedrycz,37,Wrocław,Finance,7787,15,False,junior,2020
8700,Nicole,Mędrala,35,Białystok,Support,8539,9,False,mid,2022
8701,Klara,Kałwa,59,Łódź,Support,5260,14,False,junior,2021
8702,Eliza,Krzyśko,48,Łódź,Finance,16715,8,True,senior,2016
8703,Blanka,Strama,36,Kraków,IT,19834,13,False,lead,2023
8704,Aurelia,Orpel,45,Warszawa,Operations,6868,3,False,junior,2014
8705,Tobiasz,Pyś,43,Rzeszów,IT,13651,13,False,senior,2011
8706,Robert,Smolka,59,Warszawa,Operations,16942,9,True,senior,2025
8707,Dariusz,Idzi,29,Warszawa,Support,9680,5,False,mid,2019
8708,Błażej,Raźniak,32,Warszawa,Marketing,7576,1,False,junior,2015
8709,Leonard,Knysak,49,Kraków,IT,9661,23,False,mid,2025
8710,Marek,Gregorowicz,34,Wrocław,IT,13485,9,True,mid,2023
8711,Rozalia,Maksimowicz,56,Wrocław,HR,16076,33,False,lead,2017
8712,Igor,Kurz,22,Wrocław,Finance,14406,0,False,senior,2025
8713,Łukasz,Butrym,24,Rzeszów,IT,11581,2,False,mid,2021
8714,Witold,Dyjach,26,Warszawa,IT,6832,3,False,junior,2019
8715,Julita,Bejm,38,Poznań,IT,14629,4,False,senior,2011
8716,Hubert,Grzech,37,Kraków,HR,8249,4,False,mid,2014
8717,Dorota,Ciastek,45,Lublin,Sales,9550,11,False,mid,2010
8718,Lidia,Szkup,52,Łódź,HR,5170,9,False,junior,2025
8719,Jędrzej,Wyrobek,54,Gdańsk,Operations,18133,12,False,lead,2013
8720,Olaf,Prasek,32,Białystok,Finance,13603,9,False,senior,2010
8721,Nataniel,Krywult,23,Poznań,Finance,16093,0,True,senior,2012
8722,Bianka,Drobot,45,Lublin,Sales,7709,22,False,junior,2019
8723,Artur,Białous,38,Kraków,Marketing,5569,1,False,junior,2015
8724,Cezary,Motak,30,Wrocław,Sales,13437,2,False,senior,2024
8725,Mikołaj,Nalewajek,32,Katowice,Sales,8940,4,False,mid,2017
8726,Monika,Klinger,54,Wrocław,HR,8813,13,False,mid,2015
8727,Tola,Zaniewicz,34,Warszawa,Sales,13539,2,False,senior,2015
8728,Wiktor,Siwa,62,Warszawa,HR,12908,26,False,senior,2013
8729,Michał,Kmak,40,Łódź,Finance,17822,11,False,lead,2020
8730,Adrianna,Waloch,36,Białystok,HR,17841,8,False,lead,2013
8731,Adam,Szumna,62,Białystok,IT,11380,33,False,mid,2018
8732,Mieszko,Sutor,39,Rzeszów,HR,11929,11,False,senior,2013
8733,Tymon,Morys,26,Katowice,Operations,12335,1,False,senior,2015
8734,Maks,Jarosiewicz,28,Wrocław,Operations,13853,6,False,senior,2023
8735,Jacek,Sadlak,30,Katowice,Sales,17209,5,False,lead,2010
8736,Iwo,Mikłaszewicz,31,Lublin,IT,14290,9,True,mid,2020
8737,Antoni,Feliniak,31,Rzeszów,Support,6938,8,False,junior,2025
8738,Marika,Hartman,26,Poznań,IT,11777,0,False,mid,2011
8739,Łukasz,Pioch,25,Kraków,Support,11555,3,True,mid,2017
8740,Przemysław,Muzyk,46,Lublin,Operations,5863,4,False,junior,2022
8741,Aniela,Lament,39,Kraków,Marketing,9673,13,False,mid,2014
8742,Julita,Duchnik,22,Gdańsk,Finance,9369,0,False,mid,2014
8743,Emil,Panuś,45,Wrocław,Marketing,8433,14,False,mid,2025
8744,Jerzy,Nieradko,52,Warszawa,IT,9662,5,False,mid,2022
8745,Apolonia,Kubrak,48,Białystok,IT,11494,4,False,mid,2010
8746,Julian,Peda,26,Warszawa,Sales,17296,1,True,senior,2015
8747,Rozalia,Dzikiewicz,30,Łódź,Sales,9716,2,False,mid,2012
8748,Julianna,Sura,53,Poznań,Marketing,9318,21,False,mid,2011
8749,Jan,Sarniak,44,Białystok,Support,9566,7,False,mid,2010
8750,Mikołaj,Lisoń,65,Białystok,Operations,13658,12,False,senior,2025
8751,Maurycy,Kulon,31,Warszawa,Finance,14855,8,False,senior,2018
8752,Ignacy,Chaba,65,Lublin,IT,14878,25,False,senior,2025
8753,Wojciech,Szkaradek,55,Warszawa,Sales,18688,9,False,lead,2011
8754,Wiktor,Wawrzyn,56,Wrocław,Finance,9448,14,False,mid,2022
8755,Klara,Włodyka,41,Poznań,Sales,7001,9,False,junior,2020
8756,Miłosz,Pela,58,Poznań,IT,6521,36,False,junior,2011
8757,Eryk,Niedźwiadek,59,Wrocław,Finance,7657,12,False,junior,2012
8758,Kajetan,Płodzień,52,Lublin,Support,8642,26,False,mid,2012
8759,Grzegorz,Rzońca,62,Białystok,HR,11615,11,False,senior,2010
8760,Anastazja,Klus,34,Łódź,Finance,10448,0,False,mid,2023
8761,Ignacy,Morek,25,Poznań,IT,10523,1,False,mid,2014
8762,Dawid,Lesik,29,Poznań,IT,13662,5,False,senior,2016
8763,Olga,Panasiewicz,61,Kraków,Marketing,9311,8,False,mid,2017
8764,Tobiasz,Sieczko,62,Poznań,Sales,6788,24,False,junior,2022
8765,Kalina,Czubaszek,30,Warszawa,Support,8996,8,False,mid,2010
8766,Lidia,Kuśka,49,Gdańsk,Marketing,5466,27,False,junior,2010
8767,Cyprian,Janiuk,65,Gdańsk,Marketing,12152,42,True,mid,2012
8768,Patryk,Witoń,59,Kraków,Sales,13621,7,False,senior,2010
8769,Maks,Rok,50,Katowice,Marketing,10406,8,False,mid,2022
8770,Kornelia,Kielich,40,Warszawa,Support,12105,12,False,senior,2015
8771,Iwo,Zadka,50,Kraków,IT,14810,14,False,senior,2014
8772,Tomasz,Szłapka,36,Wrocław,IT,12912,14,True,mid,2019
8773,Robert,Gryka,63,Katowice,Finance,9473,7,False,mid,2017
8774,Ksawery,Burzawa,35,Łódź,IT,15879,8,False,senior,2011
8775,Nataniel,Chachaj,24,Białystok,Marketing,8441,0,False,mid,2018
8776,Maksymilian,Boba,29,Warszawa,Sales,17402,5,False,lead,2011
8777,Aniela,Gregorczuk,62,Gdańsk,IT,11001,0,True,junior,2025
8778,Patryk,Osada,63,Warszawa,Marketing,12835,2,False,senior,2023
8779,Juliusz,Sidorczuk,37,Warszawa,Sales,17758,0,False,lead,2025
8780,Stanisław,Makar,26,Warszawa,Sales,14449,3,False,senior,2013
8781,Stanisław,Pietrusiewicz,31,Poznań,Operations,8503,5,False,mid,2015
8782,Mariusz,Armata,34,Warszawa,Finance,16315,3,True,senior,2011
8783,Alan,Cierpisz,56,Łódź,Finance,8826,11,False,mid,2012
8784,Liwia,Kotala,40,Łódź,HR,13584,0,False,senior,2010
8785,Jan,Słyk,40,Lublin,IT,8735,1,False,junior,2013
8786,Ernest,Gonet,32,Kraków,IT,10550,8,False,mid,2014
8787,Antoni,Potok,64,Warszawa,Marketing,14245,9,False,senior,2013
8788,Nicole,Tórz,46,Łódź,Support,13187,5,False,senior,2023
8789,Mariusz,Matula,43,Poznań,IT,13994,14,False,senior,2023
8790,Krzysztof,Felisiak,35,Łódź,IT,9593,13,False,mid,2022
8791,Rafał,Satora,63,Kraków,IT,11096,7,True,junior,2019
8792,Sonia,Ulewicz,42,Warszawa,IT,17763,10,False,lead,2014
8793,Julita,Owsiak,39,Wrocław,Support,9369,8,False,mid,2020
8794,Mieszko,Rawa,37,Warszawa,Marketing,7690,14,False,junior,2017
8795,Marcin,Kryk,33,Katowice,Operations,6806,10,False,junior,2024
8796,Mariusz,Panasiewicz,23,Kraków,IT,6771,1,False,junior,2025
8797,Kajetan,Gasz,25,Łódź,Sales,6443,0,False,junior,2013
8798,Monika,Stochaj,45,Białystok,Support,18060,11,False,lead,2017
8799,Kajetan,Kierat,22,Warszawa,IT,11776,0,True,junior,2010
8800,Krystian,Nocek,41,Rzeszów,Operations,8534,2,True,junior,2022
8801,Sara,Ochnio,29,Łódź,IT,9698,0,False,mid,2014
8802,Piotr,Zaczyk,58,Białystok,Operations,9797,24,False,mid,2010
8803,Ignacy,Zawartka,34,Warszawa,Finance,10932,4,False,mid,2016
8804,Fabian,Góraj,41,Wrocław,HR,8899,17,True,junior,2024
8805,Dominik,Moskalik,41,Wrocław,HR,6636,15,False,junior,2022
8806,Grzegorz,Szczap,38,Łódź,Operations,5953,7,False,junior,2013
8807,Eliza,Klinkosz,56,Poznań,Sales,12606,6,True,mid,2015
8808,Oskar,Wochna,46,Warszawa,IT,7658,6,False,junior,2014
8809,Eryk,Klos,38,Białystok,IT,7349,0,False,junior,2013
8810,Marcin,Niebudek,25,Lublin,Support,8542,0,False,mid,2015
8811,Natan,Gawliczek,40,Łódź,HR,6897,15,False,junior,2022
8812,Krystyna,Stwora,52,Gdańsk,IT,15830,28,False,senior,2024
8813,Tobiasz,Gierasimiuk,33,Poznań,Operations,7187,8,False,junior,2018
8814,Adrianna,Przybycień,24,Lublin,IT,8748,1,False,junior,2021
8815,Bianka,Szelest,62,Kraków,Sales,14912,28,False,senior,2023
8816,Natan,Wojak,51,Lublin,Sales,13150,10,True,mid,2019
8817,Dariusz,Tylus,31,Gdańsk,IT,19006,2,False,lead,2021
8818,Tadeusz,Karol,52,Katowice,IT,13692,14,False,senior,2020
8819,Marika,Kulisz,36,Katowice,Marketing,14469,6,False,senior,2023
8820,Olga,Patyna,39,Łódź,Support,8421,7,False,mid,2011
8821,Maurycy,Rycerz,28,Wrocław,Marketing,10541,4,False,mid,2018
8822,Malwina,Surdel,63,Białystok,Finance,12941,16,False,senior,2014
8823,Tola,Hajda,53,Warszawa,Finance,14177,3,False,senior,2014
8824,Angelika,Miara,53,Białystok,Finance,10821,8,True,junior,2023
8825,Kazimierz,Bugiel,52,Wrocław,Finance,9135,8,False,mid,2021
8826,Sylwia,Jędraszek,30,Łódź,Finance,10319,6,False,mid,2020
8827,Ewelina,Mesjasz,50,Poznań,IT,13531,13,False,senior,2011
8828,Kamila,Taczała,44,Łódź,HR,12532,13,False,senior,2010
8829,Inga,Bernatek,52,Warszawa,Operations,13878,25,False,senior,2015
8830,Ksawery,Podpora,64,Poznań,Support,12579,28,False,senior,2017
8831,Kazimierz,Samiec,44,Warszawa,IT,10526,19,False,mid,2014
8832,Adrianna,Bryda,37,Warszawa,Marketing,12824,4,True,mid,2016
8833,Konrad,Bryndza,53,Rzeszów,Sales,11207,4,False,mid,2017
8834,Marianna,Wujec,56,Łódź,Support,8766,13,False,mid,2016
8835,Justyna,Glegoła,39,Poznań,Marketing,18488,10,False,lead,2019
8836,Karol,Glenc,25,Kraków,IT,15670,1,False,senior,2024
8837,Szymon,Szyba,22,Katowice,Operations,12466,0,False,senior,2024
8838,Paweł,Glonek,36,Warszawa,IT,6712,2,False,junior,2023
8839,Melania,Rogacz,30,Kraków,IT,15820,3,False,senior,2017
8840,Tobiasz,Konrad,57,Rzeszów,IT,8493,34,False,junior,2016
8841,Sonia,Ceran,64,Katowice,IT,8750,42,False,junior,2015
8842,Stefan,Stypka,61,Gdańsk,HR,15777,37,False,lead,2019
8843,Adam,Anioła,55,Gdańsk,IT,11499,0,False,mid,2018
8844,Maciej,Łągiewka,47,Rzeszów,IT,6652,9,False,junior,2023
8845,Dawid,Siemek,37,Warszawa,Operations,6203,12,False,junior,2014
8846,Julianna,Nitek,55,Białystok,Sales,17245,2,False,lead,2014
8847,Anita,Sporek,61,Kraków,Finance,18365,18,False,lead,2025
8848,Tymoteusz,Zdancewicz,60,Poznań,Support,11866,36,False,senior,2013
8849,Jędrzej,Huczko,37,Wrocław,Operations,7425,0,False,junior,2013
8850,Franciszek,Kopytko,59,Gdańsk,Finance,14364,6,False,senior,2024
8851,Antoni,Laszuk,35,Warszawa,IT,7434,1,False,junior,2023
8852,Emil,Siwczak,32,Wrocław,Sales,22109,2,True,lead,2010
8853,Rafał,Szyguła,37,Warszawa,IT,8581,4,False,junior,2023
8854,Julita,Kośka,61,Wrocław,IT,10763,4,False,mid,2012
8855,Justyna,Jargieło,59,Poznań,Marketing,20883,20,True,lead,2020
8856,Apolonia,Koziarz,54,Katowice,Marketing,10283,16,False,mid,2012
8857,Kajetan,Beker,62,Kraków,Marketing,17689,2,False,lead,2017
8858,Leonard,Furmankiewicz,40,Gdańsk,Operations,12868,15,False,senior,2011
8859,Aleksander,Neska,65,Warszawa,Marketing,6151,34,False,junior,2018
8860,Oskar,Holc,44,Lublin,Sales,13722,12,True,mid,2015
8861,Daniel,Andrukiewicz,46,Lublin,Operations,12922,14,False,senior,2022
8862,Borys,Kamieniak,30,Gdańsk,IT,13620,5,False,senior,2015
8863,Alex,Kupidura,52,Lublin,Finance,9160,3,False,mid,2014
8864,Gabriel,Judek,48,Białystok,Support,20616,6,True,lead,2013
8865,Gabriel,Szczerek,46,Katowice,Sales,7952,17,False,junior,2013
8866,Bartek,Denkiewicz,53,Wrocław,HR,4550,6,False,junior,2016
8867,Fryderyk,Zagrodnik,42,Poznań,Finance,16977,14,False,lead,2016
8868,Oliwier,Pietrak,63,Gdańsk,Finance,9572,40,False,mid,2019
8869,Jan,Seidel,23,Gdańsk,Sales,9703,0,False,mid,2012
8870,Kornel,Wojtalik,43,Łódź,Sales,10709,5,True,junior,2019
8871,Tobiasz,Rajczak,49,Warszawa,Finance,8539,11,False,mid,2015
8872,Olaf,Dzieża,63,Poznań,Finance,6166,0,False,junior,2016
8873,Blanka,Orman,32,Lublin,Sales,9940,0,False,mid,2024
8874,Marcin,Kosz,22,Białystok,Support,5995,0,False,junior,2011
8875,Witold,Dyczko,26,Warszawa,HR,8470,1,False,mid,2014
8876,Robert,Omiotek,25,Białystok,Marketing,10013,0,False,mid,2020
8877,Kaja,Łukasz,31,Kraków,Finance,14036,1,False,senior,2019
8878,Anita,Puch,36,Gdańsk,Marketing,5310,1,False,junior,2025
8879,Fabian,Kierepka,49,Poznań,Sales,10725,20,False,mid,2023
8880,Jeremi,Melka,30,Gdańsk,Finance,9286,0,False,mid,2018
8881,Mateusz,Bieszke,57,Kraków,IT,8146,13,False,junior,2010
8882,Klara,Glegoła,29,Warszawa,Sales,10224,7,False,mid,2011
8883,Konstanty,Kwapis,36,Wrocław,Sales,7909,10,False,junior,2013
8884,Rafał,Łaś,44,Wrocław,Marketing,7694,14,False,junior,2023
8885,Ada,Suchta,57,Warszawa,IT,11671,0,True,junior,2013
8886,Mateusz,Ciepluch,60,Łódź,Finance,13860,29,False,senior,2019
8887,Ewa,Kargol,40,Gdańsk,HR,12509,1,True,mid,2015
8888,Adrianna,Błądek,26,Kraków,IT,8629,4,False,junior,2019
8889,Artur,Drózd,57,Wrocław,Marketing,8842,8,False,mid,2011
8890,Oliwier,Sycz,57,Poznań,IT,8000,31,False,junior,2022
8891,Damian,Miąsko,36,Białystok,Support,17691,12,False,lead,2023
8892,Marika,Bryja,54,Warszawa,IT,13653,9,True,mid,2025
8893,Grzegorz,Grupa,41,Katowice,Sales,14132,6,False,senior,2024
8894,Arkadiusz,Klinkosz,44,Lublin,IT,10910,10,True,junior,2018
8895,Juliusz,Hanusiak,26,Lublin,Support,12822,1,False,senior,2018
8896,Ewa,Wendt,37,Gdańsk,Marketing,11760,4,True,mid,2015
8897,Julita,Kasper,29,Katowice,Operations,8940,2,True,junior,2014
8898,Ryszard,Liss,62,Rzeszów,Sales,9042,8,False,mid,2015
8899,Nicole,Piejko,65,Gdańsk,IT,6969,27,False,junior,2010
8900,Dominik,Krenc,55,Warszawa,Operations,7030,18,False,junior,2025
8901,Ignacy,Gryszkiewicz,65,Warszawa,IT,10285,41,False,mid,2025
8902,Ksawery,Bodziony,52,Łódź,IT,18870,6,False,lead,2025
8903,Dagmara,Łaszczyk,32,Łódź,IT,10415,2,False,mid,2022
8904,Sonia,Warwas,60,Katowice,Support,8568,5,False,mid,2011
8905,Hubert,Sito,63,Lublin,Sales,12019,34,True,mid,2013
8906,Piotr,Bracha,52,Łódź,Marketing,9014,9,False,mid,2025
8907,Malwina,Gieroń,22,Warszawa,IT,7397,0,False,junior,2022
8908,Kamil,Proch,32,Białystok,IT,10015,8,False,mid,2025
8909,Piotr,Lazarek,52,Rzeszów,Sales,6090,20,False,junior,2017
8910,Tobiasz,Szłapka,64,Gdańsk,Operations,9340,27,False,mid,2024
8911,Karol,Irla,26,Gdańsk,IT,9795,3,False,mid,2010
8912,Krzysztof,Dybiec,26,Poznań,Support,17235,0,False,lead,2025
8913,Justyna,Zapora,38,Lublin,Operations,8351,9,False,mid,2025
8914,Leonard,Liedtke,28,Poznań,Sales,14742,3,False,senior,2015
8915,Julian,Buszkiewicz,37,Warszawa,Operations,8599,4,False,mid,2016
8916,Gaja,Mandrysz,23,Wrocław,Support,11905,1,False,senior,2024
8917,Maciej,Waraksa,32,Lublin,Sales,18983,6,False,lead,2021
8918,Nela,Maszkiewicz,54,Łódź,IT,7081,21,False,junior,2021
8919,Rafał,Szymków,36,Wrocław,Sales,11001,9,False,mid,2025
8920,Nikodem,Bazela,40,Warszawa,HR,8322,5,True,junior,2018
8921,Alex,Szymonik,31,Gdańsk,IT,14757,6,False,senior,2018
8922,Nicole,Makieła,41,Kraków,Support,5962,17,False,junior,2020
8923,Marcin,Lica,63,Warszawa,Sales,10808,33,False,mid,2015
8924,Iwo,Nikel,57,Kraków,Marketing,18400,24,False,lead,2010
8925,Nataniel,Szaruga,53,Łódź,Marketing,8709,12,False,mid,2010
8926,Ksawery,Megger,51,Warszawa,Support,7853,3,False,mid,2015
8927,Adam,Ziemann,49,Warszawa,IT,10701,9,False,mid,2014
8928,Fryderyk,Faruga,24,Wrocław,Finance,7263,0,False,junior,2022
8929,Aleks,Składanek,51,Łódź,HR,8610,11,False,mid,2024
8930,Wiktor,Koziatek,50,Katowice,IT,15830,26,False,senior,2022
8931,Daniel,Strama,48,Poznań,Support,7721,21,True,junior,2018
8932,Eryk,Filak,44,Katowice,Sales,9834,19,False,mid,2011
8933,Monika,Orkisz,38,Warszawa,Operations,18450,11,False,lead,2015
8934,Monika,Thiel,44,Gdańsk,Marketing,13621,2,False,senior,2021
8935,Andrzej,Stuglik,49,Katowice,IT,19364,10,False,lead,2013
8936,Liwia,Puła,62,Kraków,Sales,9890,12,False,mid,2023
8937,Dagmara,Linkiewicz,52,Warszawa,IT,18891,15,False,lead,2011
8938,Julian,Matyjaszek,31,Rzeszów,Support,9278,7,False,mid,2016
8939,Alex,Oszust,65,Warszawa,HR,5290,6,False,junior,2024
8940,Kamil,Buszta,55,Lublin,IT,6773,20,False,junior,2012
8941,Wiktor,Wyroba,59,Rzeszów,IT,10807,1,False,mid,2015
8942,Eliza,Kopytko,65,Katowice,Support,9601,15,False,mid,2023
8943,Kacper,Łakota,29,Poznań,HR,9456,1,False,mid,2016
8944,Alan,Gałach,54,Poznań,IT,10078,19,True,junior,2012
8945,Kazimierz,Kościołek,32,Białystok,Finance,7641,4,False,junior,2022
8946,Piotr,Wawrzynek,28,Katowice,Finance,9497,4,False,mid,2016
8947,Paweł,Jasica,51,Warszawa,Finance,6735,7,False,junior,2024
8948,Jerzy,Kucz,47,Warszawa,Finance,18005,0,False,lead,2017
8949,Fryderyk,Staś,37,Kraków,HR,6012,13,False,junior,2025
8950,Sylwia,Franczuk,58,Warszawa,Marketing,13695,34,True,mid,2016
8951,Tobiasz,Sporysz,43,Warszawa,IT,19358,5,False,lead,2021
8952,Nicole,Hinca,43,Wrocław,Operations,20172,9,True,lead,2025
8953,Artur,Roda,44,Warszawa,Support,9825,21,False,mid,2010
8954,Piotr,Torbus,57,Kraków,Support,6305,29,False,junior,2016
8955,Inga,Dybka,56,Warszawa,Sales,10321,26,True,junior,2016
8956,Michał,Kosman,43,Lublin,Finance,8685,21,False,mid,2020
8957,Lidia,Szałata,48,Wrocław,Operations,9181,1,False,mid,2012
8958,Ernest,Sochaj,60,Poznań,Operations,6071,24,False,junior,2018
8959,Tobiasz,Olearczyk,50,Warszawa,Finance,9518,9,False,mid,2015
8960,Marek,Olszyna,64,Warszawa,HR,13708,4,False,senior,2021
8961,Marika,Wardziak,34,Warszawa,Finance,8961,8,False,mid,2021
8962,Iwo,Majerczyk,27,Poznań,IT,19885,3,False,lead,2015
8963,Agnieszka,Wenda,51,Katowice,Sales,10720,16,False,mid,2022
8964,Marcin,Uziębło,51,Łódź,Marketing,6768,22,False,junior,2011
8965,Julita,Dej,55,Gdańsk,Support,12285,20,False,senior,2013
8966,Olgierd,Szyja,46,Gdańsk,HR,17050,6,False,lead,2018
8967,Julian,Jaszczyszyn,55,Kraków,IT,10665,1,True,junior,2014
8968,Tymoteusz,Wota,64,Warszawa,IT,17706,24,False,lead,2021
8969,Juliusz,Omiotek,56,Lublin,HR,9764,15,False,mid,2010
8970,Miłosz,Łabno,56,Wrocław,IT,10500,14,False,mid,2015
8971,Michał,Doroz,50,Warszawa,Marketing,17829,12,False,lead,2014
8972,Radosław,Stanaszek,45,Warszawa,Marketing,16887,0,False,lead,2022
8973,Maciej,Bojarczuk,28,Łódź,Marketing,12534,0,True,mid,2023
8974,Klara,Palej,25,Gdańsk,Marketing,8994,3,False,mid,2023
8975,Rozalia,Jargiło,53,Kraków,HR,7695,15,False,mid,2012
8976,Olaf,Mizak,58,Warszawa,Marketing,8780,30,True,junior,2024
8977,Hubert,Machniak,32,Kraków,IT,6891,2,False,junior,2017
8978,Maks,Majorek,57,Kraków,Support,7764,8,False,mid,2020
8979,Olga,Sąsiadek,56,Kraków,Sales,6370,25,False,junior,2022
8980,Urszula,Kudłacik,49,Gdańsk,Sales,7539,4,False,junior,2022
8981,Aniela,Lada,36,Lublin,HR,6233,9,False,junior,2016
8982,Tobiasz,Spychaj,35,Gdańsk,IT,17610,8,False,lead,2010
8983,Dariusz,Rogal,33,Warszawa,Operations,9679,3,False,mid,2010
8984,Arkadiusz,Wojtach,61,Warszawa,Marketing,6219,12,False,junior,2022
8985,Blanka,Marcińczyk,29,Warszawa,Sales,6852,2,False,junior,2020
8986,Liwia,Zagrodnik,62,Białystok,Support,8032,17,False,mid,2020
8987,Andrzej,Wałdoch,32,Łódź,Sales,14225,3,False,senior,2010
8988,Rafał,Pawełko,46,Kraków,IT,14401,14,False,senior,2024
8989,Eryk,Czerniakiewicz,23,Warszawa,HR,12694,0,False,senior,2017
8990,Dariusz,Gładka,60,Kraków,Operations,13373,0,False,senior,2017
8991,Marcelina,Hołota,34,Łódź,Finance,5553,11,False,junior,2013
8992,Kalina,Zadora,33,Kraków,Operations,6587,8,False,junior,2019
8993,Norbert,Kluczyk,43,Warszawa,Operations,12234,19,False,senior,2022
8994,Kamila,Walentynowicz,51,Katowice,Sales,17631,29,False,lead,2019
8995,Natasza,Pilipczuk,48,Wrocław,Operations,13620,17,False,senior,2012
8996,Rozalia,Klemens,31,Poznań,HR,9190,1,False,mid,2025
8997,Aniela,Mendyka,33,Warszawa,Finance,10301,3,False,mid,2025
8998,Klara,Machoń,31,Kraków,Support,13410,7,False,senior,2022
8999,Ksawery,Szarejko,57,Rzeszów,IT,14012,31,False,senior,2013
9000,Natan,Zyzik,56,Poznań,Marketing,13827,1,False,senior,2014
9001,Damian,Ekert,34,Rzeszów,Sales,10034,11,False,mid,2014
9002,Ernest,Wydmuch,65,Kraków,Finance,21369,40,True,lead,2017
9003,Kornelia,Trzmiel,44,Kraków,Finance,10708,5,False,mid,2010
9004,Sara,Buśko,45,Białystok,Operations,8036,7,False,mid,2010
9005,Gabriel,Durys,39,Białystok,Operations,16008,13,False,lead,2010
9006,Nicole,Małż,28,Kraków,IT,15784,4,False,senior,2025
9007,Tymoteusz,Leszczuk,32,Wrocław,Finance,7366,6,False,junior,2021
9008,Sylwia,Mandrysz,30,Kraków,Marketing,9565,0,False,mid,2018
9009,Marcin,Walocha,27,Łódź,IT,14258,2,False,senior,2018
9010,Blanka,Jędraszek,51,Kraków,Sales,8180,9,False,junior,2020
9011,Konrad,Dawidczyk,61,Wrocław,HR,12714,31,False,senior,2023
9012,Klara,Januchta,65,Białystok,IT,10334,23,False,mid,2015
9013,Roksana,Słobodzian,63,Poznań,Support,10044,35,False,mid,2025
9014,Adrian,Irla,57,Lublin,Sales,6727,19,False,junior,2021
9015,Ada,Klatka,30,Lublin,Sales,10968,8,False,mid,2015
9016,Liwia,Reiter,35,Rzeszów,Operations,11622,1,True,mid,2021
9017,Piotr,Gierach,31,Warszawa,Support,6816,0,False,junior,2010
9018,Patryk,Wołodźko,40,Gdańsk,Sales,11025,5,False,mid,2015
9019,Wiktor,Szczudło,42,Poznań,IT,8316,7,False,junior,2020
9020,Michał,Pawliczek,63,Warszawa,IT,17119,2,True,senior,2013
9021,Mikołaj,Basa,51,Łódź,Operations,8353,29,False,mid,2023
9022,Tomasz,Madzia,63,Białystok,Sales,9373,11,False,mid,2015
9023,Maurycy,Naczk,37,Poznań,Operations,17276,7,False,lead,2022
9024,Krystian,Matusewicz,26,Łódź,Support,9207,0,False,mid,2024
9025,Norbert,Fogiel,26,Warszawa,Sales,10067,0,False,mid,2012
9026,Wiktor,Sip,45,Warszawa,HR,12718,6,True,mid,2016
9027,Jędrzej,Kazubek,26,Lublin,Sales,7738,1,False,junior,2011
9028,Adrianna,Ciapa,41,Wrocław,Operations,8239,18,True,junior,2025
9029,Natan,Koćwin,30,Białystok,Sales,6089,6,False,junior,2023
9030,Tymoteusz,Wojciech,40,Wrocław,IT,10878,1,False,mid,2019
9031,Emil,Kroll,40,Katowice,Sales,7775,11,False,junior,2014
9032,Melania,Golus,61,Białystok,Sales,17531,16,True,senior,2023
9033,Krystian,Heller,40,Kraków,Marketing,6492,15,False,junior,2020
9034,Urszula,Szynkiewicz,53,Wrocław,IT,10396,19,False,mid,2016
9035,Ewelina,Pawela,53,Katowice,IT,11761,22,False,mid,2015
9036,Kalina,Kwak,35,Poznań,IT,11069,8,False,mid,2024
9037,Melania,Sankiewicz,44,Katowice,Marketing,10673,13,False,mid,2015
9038,Natasza,Jaremek,41,Warszawa,IT,11836,14,False,mid,2024
9039,Konstanty,Pawlaczek,44,Warszawa,Marketing,6933,20,False,junior,2025
9040,Witold,Kuryłowicz,63,Warszawa,Marketing,17974,27,False,lead,2014
9041,Tymon,Barczuk,61,Gdańsk,Support,12450,18,False,senior,2025
9042,Patryk,Nieścioruk,30,Łódź,Finance,10688,4,False,mid,2025
9043,Maciej,Rduch,42,Kraków,Sales,6628,2,False,junior,2017
9044,Fryderyk,Czak,47,Warszawa,Sales,12923,24,False,senior,2012
9045,Fryderyk,Kapuścik,41,Wrocław,Marketing,10077,8,False,mid,2025
9046,Alan,Cymbała,64,Białystok,HR,9108,4,False,mid,2012
9047,Michał,Kabza,38,Białystok,Finance,12845,1,False,senior,2019
9048,Olgierd,Rutowicz,28,Białystok,HR,15511,6,True,senior,2021
9049,Janina,Mleczek,30,Warszawa,Finance,14489,3,False,senior,2016
9050,Grzegorz,Klin,64,Wrocław,IT,10881,3,False,mid,2017
9051,Michał,Kloch,30,Wrocław,IT,7555,6,False,junior,2017
9052,Nicole,Jonak,62,Gdańsk,IT,8931,39,False,junior,2013
9053,Natan,Leśko,55,Katowice,Operations,12703,0,True,mid,2025
9054,Leonard,Fornalik,37,Katowice,Finance,9914,0,False,mid,2023
9055,Kajetan,Chochół,63,Wrocław,HR,6353,15,False,junior,2023
9056,Radosław,Nytko,31,Wrocław,Support,13984,8,False,senior,2015
9057,Kamila,Halama,48,Łódź,Finance,6206,7,False,junior,2021
9058,Kamil,Siedlik,41,Katowice,HR,9670,1,False,mid,2012
9059,Konrad,Wisła,48,Warszawa,IT,6875,16,False,junior,2014
9060,Kazimierz,Flisiak,51,Katowice,Marketing,5889,15,False,junior,2025
9061,Karol,Szafarz,56,Poznań,Sales,6367,16,False,junior,2024
9062,Anastazja,Oleszko,44,Kraków,Marketing,12434,16,False,senior,2020
9063,Tola,Feluś,56,Białystok,Sales,14551,0,False,senior,2019
9064,Alan,Brejnak,50,Białystok,HR,9409,1,False,mid,2020
9065,Iwo,Wojtyś,34,Poznań,Sales,6537,11,False,junior,2019
9066,Ida,Beśka,44,Poznań,Sales,14948,12,False,senior,2012
9067,Angelika,Jurczuk,62,Rzeszów,IT,8734,30,False,junior,2013
9068,Marika,Sobisz,58,Warszawa,Sales,7269,17,False,junior,2017
9069,Leon,Solarek,35,Poznań,Finance,9655,6,False,mid,2020
9070,Tadeusz,Gawłowicz,39,Wrocław,Sales,9658,1,False,mid,2014
9071,Norbert,Szabla,36,Lublin,Marketing,10246,11,False,mid,2022
9072,Adrianna,Orwat,64,Łódź,Marketing,9197,17,False,mid,2021
9073,Natan,Szyc,46,Poznań,Operations,7089,12,False,junior,2015
9074,Jeremi,Bittner,33,Wrocław,Marketing,7133,7,False,junior,2025
9075,Róża,Galos,51,Poznań,HR,6571,15,False,junior,2020
9076,Maksymilian,Gołoś,25,Warszawa,IT,13865,3,False,senior,2011
9077,Bianka,Mirocha,64,Katowice,Finance,12578,16,False,senior,2012
9078,Adrian,Miąsik,44,Warszawa,HR,7872,9,False,mid,2015
9079,Mateusz,Starostka,62,Łódź,Finance,8925,11,False,mid,2018
9080,Anita,Patalas,29,Rzeszów,Sales,14106,4,False,senior,2013
9081,Emil,Kłosowicz,29,Rzeszów,IT,10241,5,False,mid,2016
9082,Ksawery,Kapcia,27,Łódź,IT,11736,2,False,mid,2010
9083,Fryderyk,Wódka,58,Kraków,Sales,9259,26,True,junior,2019
9084,Piotr,Kryszczuk,36,Gdańsk,Operations,17132,5,True,senior,2011
9085,Jeremi,Molek,48,Poznań,IT,14204,10,True,mid,2020
9086,Albert,Gajowiak,57,Wrocław,IT,14917,19,False,senior,2019
9087,Dariusz,Młocek,22,Warszawa,HR,5814,0,False,junior,2018
9088,Ida,Czosnyka,62,Poznań,Operations,12395,0,False,senior,2024
9089,Kaja,Kubrak,52,Gdańsk,IT,10260,5,False,mid,2017
9090,Cyprian,Syroka,65,Wrocław,IT,15207,18,False,senior,2012
9091,Mieszko,Wikło,64,Wrocław,IT,8115,28,False,junior,2022
9092,Robert,Sankiewicz,50,Gdańsk,Support,12826,27,True,mid,2019
9093,Eryk,Szatanik,51,Łódź,Support,9197,25,False,mid,2016
9094,Ryszard,Sadura,44,Wrocław,IT,9718,18,False,mid,2018
9095,Karol,Mirończuk,64,Łódź,Operations,9421,30,False,mid,2022
9096,Karol,Łacina,33,Katowice,IT,14612,2,True,mid,2012
9097,Alex,Kuźnia,62,Kraków,IT,10798,18,False,mid,2015
9098,Apolonia,Szumna,46,Katowice,Operations,12863,1,True,mid,2020
9099,Oliwier,Matulewicz,25,Gdańsk,HR,8093,3,False,mid,2015
9100,Hubert,Hutyra,26,Wrocław,Sales,10851,3,False,mid,2012
9101,Dominik,Macias,54,Gdańsk,Finance,7264,12,False,junior,2018
9102,Igor,Wojtalik,30,Rzeszów,Support,13940,6,False,senior,2013
9103,Mariusz,Samson,37,Gdańsk,Marketing,10073,10,False,mid,2015
9104,Marcin,Mleczek,51,Lublin,IT,10547,4,False,mid,2013
9105,Marek,Ficoń,41,Katowice,Marketing,8846,14,False,mid,2022
9106,Dawid,Tałaj,53,Gdańsk,Finance,14393,3,False,senior,2025
9107,Igor,Rychel,27,Katowice,IT,11220,5,False,mid,2011
9108,Bartek,Knych,38,Łódź,IT,7094,2,False,junior,2014
9109,Cyprian,Cąkała,55,Łódź,Sales,14891,1,False,senior,2010
9110,Wojciech,Herbut,26,Poznań,Marketing,17513,1,True,senior,2023
9111,Janina,Franków,53,Białystok,Finance,10265,15,False,mid,2021
9112,Róża,Goworek,35,Rzeszów,Support,12408,7,False,senior,2025
9113,Kornel,Drgas,41,Warszawa,IT,19312,19,False,lead,2020
9114,Dominik,Wardziak,22,Warszawa,Support,13239,0,False,senior,2011
9115,Marcel,Waniek,28,Lublin,Sales,12110,2,True,mid,2012
9116,Sebastian,Bzymek,62,Poznań,Operations,9999,34,False,mid,2011
9117,Maksymilian,Mich,37,Warszawa,Marketing,13169,5,False,senior,2022
9118,Tomasz,Gasek,24,Wrocław,HR,13118,1,False,senior,2023
9119,Tomasz,Smoter,37,Warszawa,Support,6776,9,False,junior,2018
9120,Kornelia,Konat,55,Wrocław,HR,9972,10,False,mid,2015
9121,Jerzy,Kuświk,32,Katowice,IT,10544,7,False,mid,2022
9122,Franciszek,Skrobot,51,Poznań,Sales,9807,11,False,mid,2025
9123,Maksymilian,Piskor,29,Kraków,Operations,13262,1,True,mid,2024
9124,Kazimierz,Mętel,29,Poznań,Support,8534,6,False,mid,2024
9125,Liwia,Handzel,47,Warszawa,IT,8253,2,False,junior,2018
9126,Lidia,Karol,43,Łódź,HR,12164,7,False,senior,2024
9127,Konrad,Cięciwa,30,Lublin,HR,6771,4,False,junior,2024
9128,Anastazja,Świerad,62,Warszawa,IT,11621,37,False,mid,2014
9129,Daniel,Gradek,61,Poznań,Support,6203,10,False,junior,2022
9130,Stefan,Domińczak,56,Kraków,Finance,19850,26,True,lead,2022
9131,Tola,Kaluga,44,Białystok,Finance,11619,10,True,mid,2017
9132,Stanisław,Bartuś,42,Warszawa,Operations,8209,11,False,mid,2023
9133,Daniel,Jędraszczyk,47,Wrocław,Marketing,7166,20,False,junior,2015
9134,Jan,Kawala,62,Wrocław,IT,7375,6,False,junior,2011
9135,Kajetan,Kliber,23,Łódź,Sales,18969,1,False,lead,2014
9136,Błażej,Stanaszek,37,Rzeszów,IT,11545,13,False,mid,2024
9137,Rozalia,Dylik,32,Katowice,IT,12951,1,True,mid,2023
9138,Rafał,Hasiak,43,Warszawa,HR,7916,2,False,mid,2020
9139,Marcel,Kułach,34,Łódź,IT,11583,5,False,mid,2024
9140,Igor,Łągiewka,27,Białystok,IT,18939,3,False,lead,2020
9141,Daniel,Worach,64,Lublin,Marketing,7366,23,False,junior,2010
9142,Kazimierz,Gołota,25,Gdańsk,Marketing,16736,2,False,lead,2021
9143,Olaf,Świgoń,44,Katowice,Sales,6500,21,False,junior,2016
9144,Ewa,Kasiak,33,Białystok,Marketing,12229,10,False,senior,2014
9145,Tola,Łuszczyk,43,Białystok,IT,14137,16,True,mid,2012
9146,Klara,Lelito,37,Poznań,Finance,6545,4,False,junior,2025
9147,Stefan,Walkusz,63,Białystok,Operations,10103,16,True,junior,2013
9148,Marianna,Matuszyk,29,Wrocław,Sales,15087,0,False,senior,2025
9149,Mieszko,Mycek,48,Poznań,HR,8311,26,False,mid,2019
9150,Tadeusz,Potaczek,62,Kraków,Operations,12897,12,False,senior,2024
9151,Jan,Rompa,24,Poznań,Support,11510,0,True,mid,2022
9152,Iwo,Hornik,27,Poznań,Support,10789,1,True,mid,2020
9153,Miłosz,Kijanka,25,Łódź,Finance,5961,1,False,junior,2022
9154,Stanisław,Siedlaczek,37,Białystok,HR,9347,15,False,mid,2017
9155,Anastazja,Basista,48,Kraków,Operations,16095,25,True,senior,2014
9156,Stanisław,Boryczko,49,Warszawa,Operations,12525,25,False,senior,2022
9157,Kornelia,Kwinta,61,Lublin,IT,6606,38,False,junior,2014
9158,Adrianna,Rykała,33,Warszawa,Sales,9132,9,False,mid,2012
9159,Dawid,Sobisz,22,Gdańsk,Operations,8046,0,False,mid,2023
9160,Julianna,Miros,44,Lublin,Sales,10355,13,False,mid,2018
9161,Olgierd,Nawrotek,44,Białystok,Marketing,18009,19,False,lead,2012
9162,Wiktor,Zięcik,35,Białystok,IT,7721,0,False,junior,2015
9163,Błażej,Białasik,32,Kraków,IT,7494,1,False,junior,2017
9164,Alex,Kunka,24,Kraków,Support,9237,0,False,mid,2010
9165,Maurycy,Maras,34,Gdańsk,Marketing,14263,0,False,senior,2025
9166,Malwina,Kościołek,63,Warszawa,Finance,5581,11,False,junior,2015
9167,Sonia,Morka,42,Warszawa,Sales,10582,11,False,mid,2015
9168,Marika,Madzia,36,Warszawa,IT,10735,13,False,mid,2017
9169,Inga,Stebel,53,Kraków,Finance,7498,15,False,junior,2023
9170,Rafał,Bobel,37,Gdańsk,Support,5639,0,False,junior,2015
9171,Julianna,Forma,42,Kraków,Finance,9559,4,False,mid,2012
9172,Maciej,Jakóbik,36,Warszawa,IT,7984,9,False,junior,2022
9173,Maks,Dąbrówka,61,Kraków,IT,6916,19,False,junior,2017
9174,Roksana,Boguś,59,Łódź,HR,9007,33,False,mid,2017
9175,Marcelina,Golenia,34,Warszawa,Support,16467,11,False,lead,2019
9176,Olga,Roj,22,Warszawa,IT,10874,0,False,mid,2014
9177,Marcelina,Sośniak,26,Warszawa,HR,15593,1,True,senior,2021
9178,Marcin,Iwanow,27,Lublin,HR,7629,2,False,mid,2016
9179,Ernest,Giedrojć,30,Warszawa,Sales,11044,1,False,mid,2018
9180,Szymon,Fiutak,32,Wrocław,HR,7783,3,False,mid,2023
9181,Sebastian,Oczkowicz,58,Białystok,Sales,10395,34,False,mid,2016
9182,Alex,Baumgart,65,Warszawa,Marketing,12952,24,False,senior,2023
9183,Krystian,Holewa,43,Wrocław,Sales,9738,11,False,mid,2020
9184,Dariusz,Romańczyk,64,Rzeszów,IT,15750,22,False,senior,2019
9185,Justyna,Lenc,51,Warszawa,IT,11952,29,False,mid,2018
9186,Tymoteusz,Barteczko,39,Kraków,IT,11549,12,True,junior,2019
9187,Tola,Zacharek,40,Warszawa,Marketing,12219,15,False,senior,2012
9188,Przemysław,Grzelczyk,65,Warszawa,Sales,9023,10,False,mid,2010
9189,Kacper,Ziemann,50,Warszawa,Support,5293,24,False,junior,2016
9190,Natasza,Grzela,31,Poznań,Sales,10888,5,False,mid,2010
9191,Jeremi,Staciwa,25,Kraków,Sales,7147,0,False,junior,2018
9192,Konrad,Przerwa,26,Rzeszów,IT,8184,0,False,junior,2011
9193,Sonia,Kapka,49,Kraków,Sales,9290,24,False,mid,2025
9194,Damian,Kiepura,32,Warszawa,IT,11316,9,False,mid,2014
9195,Krystyna,Grunt,35,Gdańsk,Sales,14660,12,False,senior,2023
9196,Olaf,Kunysz,45,Białystok,Finance,7434,18,False,junior,2021
9197,Ada,Czapiga,43,Białystok,Operations,14136,18,False,senior,2025
9198,Sonia,Poreda,30,Białystok,Sales,14575,4,False,senior,2016
9199,Justyna,Jargiło,35,Lublin,HR,9186,7,False,mid,2024
9200,Damian,Fudalej,35,Katowice,IT,14879,2,False,senior,2017
9201,Stanisław,Pleskot,47,Łódź,IT,7221,9,False,junior,2014
9202,Dominik,Samul,23,Rzeszów,Support,9373,1,False,mid,2015
9203,Kazimierz,Zegadło,39,Białystok,IT,9944,2,False,mid,2014
9204,Malwina,Tadeusiak,37,Łódź,HR,8939,2,True,junior,2014
9205,Aleks,Tylus,43,Kraków,Operations,17028,8,False,lead,2017
9206,Marek,Nojek,41,Warszawa,IT,11065,6,False,mid,2014
9207,Anastazja,Haponiuk,24,Warszawa,Marketing,10625,1,True,junior,2019
9208,Przemysław,Sobstyl,61,Poznań,HR,13618,8,False,senior,2017
9209,Marika,Sus,44,Wrocław,Finance,8804,4,False,mid,2018
9210,Norbert,Fitas,60,Warszawa,Finance,10518,30,False,mid,2011
9211,Damian,Gryga,37,Warszawa,HR,9372,4,False,mid,2014
9212,Fabian,Maron,27,Warszawa,Finance,7111,5,False,junior,2010
9213,Marianna,Cieciora,61,Katowice,Operations,5155,1,False,junior,2019
9214,Marcel,Stąpór,23,Warszawa,Operations,8372,0,False,mid,2021
9215,Adrian,Wawrzyn,32,Katowice,Operations,7006,1,False,junior,2013
9216,Ryszard,Drobek,52,Łódź,HR,13147,16,False,senior,2012
9217,Mariusz,Zemanek,45,Poznań,Support,6280,13,False,junior,2020
9218,Hubert,Nyk,63,Kraków,Sales,10498,1,True,junior,2015
9219,Sylwia,Winnik,55,Rzeszów,Marketing,7198,22,False,junior,2019
9220,Wiktor,Boś,60,Katowice,Sales,10725,10,False,mid,2012
9221,Adrianna,Lipowicz,26,Wrocław,Finance,16980,1,False,lead,2017
9222,Urszula,Wojak,37,Warszawa,Support,6489,3,False,junior,2019
9223,Nikodem,Szajda,42,Lublin,Operations,10339,9,False,mid,2010
9224,Jerzy,Miąsik,39,Warszawa,IT,10424,15,False,mid,2025
9225,Jędrzej,Wojtaszak,59,Rzeszów,HR,12395,7,True,mid,2022
9226,Lidia,Ziarno,50,Kraków,Operations,12121,1,False,senior,2020
9227,Konstanty,Hawro,52,Łódź,IT,11069,14,False,mid,2014
9228,Cyprian,Roś,47,Kraków,Sales,7800,0,False,junior,2018
9229,Kornel,Nawój,24,Łódź,IT,10716,2,False,mid,2019
9230,Eryk,Pacocha,26,Poznań,Sales,19015,1,False,lead,2015
9231,Kazimierz,Kilar,37,Wrocław,Finance,8741,11,False,mid,2022
9232,Anita,Kosela,28,Gdańsk,Sales,9655,3,False,mid,2012
9233,Tola,Sarniak,25,Warszawa,HR,8941,0,False,mid,2010
9234,Marek,Drewnik,51,Kraków,Marketing,10272,25,False,mid,2024
9235,Witold,Wołoszyk,29,Poznań,Operations,8923,6,False,mid,2014
9236,Sylwia,Moniuszko,28,Warszawa,Sales,14269,0,True,mid,2014
9237,Kacper,Madzia,29,Lublin,Sales,10895,6,False,mid,2018
9238,Apolonia,Wójs,51,Poznań,Sales,6852,19,False,junior,2022
9239,Patryk,Biernacik,60,Wrocław,IT,9645,0,False,mid,2017
9240,Tymon,Krzyżostaniak,36,Białystok,Marketing,13058,8,False,senior,2015
9241,Kazimierz,Jaroszuk,33,Wrocław,HR,8056,3,False,mid,2024
9242,Liwia,Dziadowicz,24,Katowice,HR,9726,1,False,mid,2024
9243,Marcelina,Piwowarek,31,Wrocław,Operations,9807,0,False,mid,2025
9244,Cezary,Samul,47,Katowice,Finance,18566,15,False,lead,2025
9245,Aniela,Rubacha,29,Poznań,HR,12363,3,False,senior,2025
9246,Eryk,Lenc,30,Wrocław,Finance,17870,0,False,lead,2023
9247,Jacek,Lukas,54,Kraków,Support,8692,24,False,mid,2022
9248,Julian,Nagel,51,Warszawa,Marketing,14224,27,False,senior,2021
9249,Stanisław,Kuk,22,Warszawa,Marketing,5429,0,False,junior,2018
9250,Witold,Kochman,35,Warszawa,Operations,11025,8,True,mid,2010
9251,Jakub,Job,45,Wrocław,IT,10814,22,False,mid,2019
9252,Maurycy,Ławniczek,33,Warszawa,Support,9508,5,False,mid,2019
9253,Karina,Kordys,35,Wrocław,IT,14311,13,False,senior,2015
9254,Tymon,Kurbiel,44,Poznań,IT,11942,15,False,mid,2021
9255,Jeremi,Kuryś,64,Wrocław,HR,9929,14,False,mid,2016
9256,Ada,Bartel,65,Katowice,IT,8882,27,False,junior,2010
9257,Julita,Pagacz,38,Białystok,Support,6994,0,False,junior,2012
9258,Rafał,Doktór,54,Warszawa,Operations,6482,18,False,junior,2025
9259,Ignacy,Kapera,41,Warszawa,Sales,9445,7,False,mid,2014
9260,Stanisław,Mycek,57,Kraków,Sales,14853,25,False,senior,2015
9261,Eryk,Piaseczna,28,Poznań,Sales,9203,0,False,mid,2011
9262,Dorota,Sochaj,24,Kraków,IT,10942,2,False,mid,2024
9263,Witold,Bancerz,23,Lublin,Operations,5608,1,False,junior,2018
9264,Albert,Twardy,35,Warszawa,HR,17638,12,False,lead,2021
9265,Mateusz,Zacharczuk,42,Lublin,Sales,7432,14,False,junior,2010
9266,Robert,Walencik,56,Warszawa,Marketing,9734,22,False,mid,2013
9267,Julian,Szczesiak,39,Kraków,Operations,14438,7,False,senior,2020
9268,Szymon,Kozaczuk,48,Wrocław,IT,16752,19,True,senior,2017
9269,Sandra,Fiołek,49,Gdańsk,Operations,8833,22,False,mid,2025
9270,Leonard,Bobko,34,Lublin,IT,7250,6,False,junior,2025
9271,Tymon,Fras,52,Łódź,Operations,13177,6,True,mid,2019
9272,Fryderyk,Dziób,39,Gdańsk,IT,9912,17,False,mid,2019
9273,Damian,Moneta,40,Warszawa,Support,9016,1,False,mid,2024
9274,Sara,Krauza,54,Wrocław,Support,7791,9,False,mid,2015
9275,Jędrzej,Dybaś,32,Wrocław,Operations,17417,0,False,lead,2019
9276,Jacek,Strzoda,24,Warszawa,Marketing,8200,1,False,mid,2013
9277,Jacek,Kaczmar,48,Lublin,Marketing,17679,8,False,lead,2011
9278,Agnieszka,Wendt,48,Łódź,IT,14696,1,True,mid,2022
9279,Miłosz,Smagała,44,Warszawa,IT,17785,16,False,lead,2019
9280,Hubert,Jędrasiak,47,Białystok,Sales,6642,10,False,junior,2015
9281,Kacper,Stanisławczyk,32,Wrocław,Support,12996,0,False,senior,2010
9282,Mikołaj,Godzwon,27,Wrocław,Sales,14611,4,False,senior,2020
9283,Arkadiusz,Pleban,23,Łódź,IT,10251,1,False,mid,2014
9284,Malwina,Bany,42,Wrocław,Sales,7704,1,False,junior,2019
9285,Julian,Pułka,56,Białystok,IT,18405,2,False,lead,2023
9286,Albert,Głownia,23,Poznań,Finance,8577,1,False,mid,2023
9287,Szymon,Klyta,49,Poznań,Finance,14435,1,False,senior,2016
9288,Justyna,Krajniak,58,Warszawa,IT,7832,35,False,junior,2015
9289,Kazimierz,Wołkowicz,30,Gdańsk,Finance,13268,1,True,mid,2014
9290,Kajetan,Stachelek,65,Kraków,IT,11185,18,False,mid,2012
9291,Filip,Zawiasa,35,Kraków,Operations,7480,7,False,junior,2025
9292,Ryszard,Karsznia,55,Kraków,IT,8365,20,False,junior,2019
9293,Sylwia,Golisz,37,Łódź,IT,19056,7,False,lead,2021
9294,Nicole,Kotlarek,39,Białystok,IT,11867,10,False,mid,2020
9295,Apolonia,Fik,30,Poznań,Sales,10639,7,False,mid,2015
9296,Adrian,Smagacz,44,Białystok,IT,14399,1,False,senior,2010
9297,Wiktor,Kuropatwa,31,Katowice,IT,14815,0,False,senior,2016
9298,Sebastian,Warych,54,Warszawa,IT,11418,18,False,mid,2020
9299,Paweł,Zinkiewicz,50,Lublin,Support,13242,10,False,senior,2012
9300,Miłosz,Dzienisz,24,Warszawa,Sales,10108,0,False,mid,2011
9301,Marek,Mainka,65,Lublin,IT,14809,8,True,mid,2022
9302,Olgierd,Maksimowicz,33,Katowice,Marketing,7240,9,False,junior,2025
9303,Natan,Sacharczuk,23,Kraków,Finance,9971,1,True,junior,2020
9304,Klara,Kaszkowiak,30,Warszawa,Operations,12421,7,False,senior,2021
9305,Krzysztof,Tabiś,53,Katowice,HR,11562,22,False,senior,2018
9306,Blanka,Roter,42,Warszawa,HR,13535,8,False,senior,2014
9307,Stanisław,Klyszcz,60,Łódź,Sales,10551,9,False,mid,2022
9308,Urszula,Soczewka,26,Lublin,Finance,15554,0,True,senior,2024
9309,Ewa,Leszcz,39,Warszawa,Finance,9126,17,False,mid,2011
9310,Marcin,Hołota,34,Wrocław,Finance,9798,1,False,mid,2015
9311,Dawid,Nocek,29,Gdańsk,Support,5847,6,False,junior,2019
9312,Nikodem,Zagozda,44,Rzeszów,HR,9597,0,False,mid,2013
9313,Damian,Sycz,42,Gdańsk,Sales,10285,11,False,mid,2013
9314,Robert,Sadza,41,Łódź,IT,10094,4,False,mid,2015
9315,Tadeusz,Parzyszek,29,Warszawa,Support,5574,2,False,junior,2023
9316,Dagmara,Drywa,22,Kraków,Support,5236,0,False,junior,2013
9317,Mikołaj,Czuryło,40,Warszawa,Marketing,9069,4,False,mid,2020
9318,Artur,Kozon,36,Warszawa,Sales,7044,8,False,junior,2023
9319,Maciej,Truchan,49,Kraków,HR,9946,0,False,mid,2011
9320,Borys,Krauza,63,Kraków,IT,8061,13,False,junior,2011
9321,Jerzy,Fijak,44,Łódź,IT,9863,22,False,mid,2012
9322,Sebastian,Gustaw,45,Wrocław,Operations,12717,21,False,senior,2017
9323,Alex,Jędrasiak,54,Warszawa,IT,12895,27,True,mid,2022
9324,Tobiasz,Laszkiewicz,26,Warszawa,Operations,6793,4,False,junior,2018
9325,Ewa,Patalas,32,Białystok,IT,8519,6,False,junior,2021
9326,Apolonia,Truchel,45,Katowice,Finance,9141,2,False,mid,2015
9327,Aleks,Zamora,60,Katowice,Operations,5028,37,False,junior,2012
9328,Szymon,Brygoła,58,Łódź,IT,11654,5,False,mid,2015
9329,Urszula,Leśna,53,Katowice,Finance,10532,29,False,mid,2020
9330,Krzysztof,Tatarek,62,Wrocław,IT,14345,35,True,mid,2025
9331,Ksawery,Tondera,40,Kraków,Finance,9377,8,False,mid,2025
9332,Piotr,Radke,43,Kraków,Sales,11006,19,False,mid,2013
9333,Olaf,Sypuła,54,Rzeszów,Sales,14856,0,False,senior,2018
9334,Marika,Pych,64,Białystok,HR,7642,17,False,mid,2024
9335,Nataniel,Jasnoch,28,Kraków,Sales,13609,5,False,senior,2013
9336,Maksymilian,Ziegler,24,Łódź,IT,10574,1,False,mid,2021
9337,Leonard,Osik,49,Katowice,IT,9730,8,False,mid,2017
9338,Leon,Malon,55,Warszawa,Marketing,8959,11,False,mid,2014
9339,Bruno,Leszczyk,47,Wrocław,Support,4837,24,False,junior,2021
9340,Julita,Piszcz,29,Łódź,Operations,5340,1,False,junior,2015
9341,Ryszard,Migała,31,Rzeszów,Finance,9542,2,False,mid,2014
9342,Dagmara,Maszczyk,44,Białystok,Sales,7012,22,False,junior,2015
9343,Apolonia,Wódka,32,Kraków,IT,10388,3,True,junior,2015
9344,Damian,Chołody,61,Warszawa,HR,9312,30,False,mid,2013
9345,Ksawery,Jakimiak,56,Poznań,HR,5094,5,False,junior,2024
9346,Juliusz,Pacholak,63,Rzeszów,IT,9975,17,False,mid,2025
9347,Konrad,Loska,57,Poznań,HR,6582,20,False,junior,2018
9348,Robert,Jeszke,63,Warszawa,IT,13942,24,True,mid,2022
9349,Ignacy,Polnik,60,Łódź,IT,9717,9,False,mid,2017
9350,Stefan,Dulas,61,Warszawa,Sales,12234,7,True,mid,2013
9351,Antoni,Olma,53,Kraków,Operations,9922,2,False,mid,2017
9352,Ida,Dumin,52,Wrocław,IT,9515,9,False,mid,2014
9353,Olga,Leonowicz,24,Gdańsk,Sales,17127,1,False,lead,2023
9354,Daniel,Rabiej,65,Wrocław,Sales,17067,14,False,lead,2011
9355,Maciej,Goss,50,Wrocław,Support,5749,15,False,junior,2012
9356,Dominik,Kawulok,65,Lublin,Finance,10750,25,False,mid,2019
9357,Gabriel,Pagacz,62,Warszawa,HR,6577,19,False,junior,2022
9358,Nicole,Miętka,40,Wrocław,Support,5995,11,False,junior,2013
9359,Radosław,Mazepa,33,Warszawa,Operations,9821,6,False,mid,2017
9360,Bruno,Bzdęga,28,Kraków,HR,9708,2,False,mid,2016
9361,Tola,Kamyszek,33,Wrocław,Sales,10489,1,True,junior,2021
9362,Emil,Zegar,23,Kraków,Support,6406,1,False,junior,2025
9363,Marcelina,Majdak,53,Wrocław,Support,6971,4,False,junior,2015
9364,Olaf,Krüger,49,Warszawa,HR,5256,22,False,junior,2025
9365,Iwo,Wałdoch,22,Kraków,Operations,9950,0,False,mid,2015
9366,Apolonia,Buśko,42,Wrocław,Sales,20852,17,True,lead,2010
9367,Fabian,Wika,57,Łódź,Finance,16965,17,False,lead,2021
9368,Przemysław,Grymuza,62,Katowice,IT,10014,19,False,mid,2025
9369,Grzegorz,Stoltman,45,Kraków,Marketing,8300,14,False,mid,2023
9370,Józef,Trzepizur,28,Łódź,Operations,14497,0,False,senior,2021
9371,Sonia,Słonka,31,Katowice,Operations,10210,9,False,mid,2010
9372,Tobiasz,Słonka,32,Lublin,IT,8615,3,False,junior,2018
9373,Arkadiusz,Wasilewicz,65,Kraków,Sales,10913,23,False,mid,2019
9374,Kamila,Steciuk,47,Gdańsk,IT,11639,1,False,mid,2013
9375,Leon,Steckiewicz,42,Warszawa,Operations,8210,10,False,mid,2019
9376,Malwina,Żugaj,52,Katowice,Operations,11756,20,True,mid,2018
9377,Gaja,Suchoń,30,Kraków,Finance,18880,5,False,lead,2016
9378,Witold,Brańka,34,Kraków,IT,15740,3,False,senior,2021
9379,Dominik,Stanclik,34,Lublin,Sales,12890,8,False,senior,2018
9380,Jakub,Ruman,50,Poznań,Support,15799,14,False,lead,2014
9381,Antoni,Fogt,53,Warszawa,IT,17667,29,True,senior,2022
9382,Franciszek,Berdzik,38,Gdańsk,IT,11269,1,False,mid,2013
9383,Mateusz,Sklorz,54,Kraków,HR,7968,21,False,mid,2022
9384,Jakub,Kojder,40,Łódź,Support,12818,5,True,mid,2011
9385,Sara,Baumgart,55,Lublin,Sales,15101,10,False,senior,2020
9386,Nicole,Jarosik,30,Białystok,Marketing,16693,1,True,senior,2019
9387,Patryk,Kiełbowicz,49,Gdańsk,Marketing,7531,7,False,junior,2018
9388,Leonard,Wacławczyk,31,Białystok,Support,20613,7,True,lead,2010
9389,Rafał,Szachniewicz,46,Łódź,HR,8305,19,False,mid,2024
9390,Mariusz,Karpiel,25,Kraków,IT,11999,0,False,mid,2023
9391,Konstanty,Grycz,43,Gdańsk,Support,12727,2,False,senior,2023
9392,Michał,Macioł,33,Łódź,IT,10895,9,False,mid,2015
9393,Filip,Płocharczyk,26,Gdańsk,Finance,6806,4,False,junior,2018
9394,Ignacy,Pacyga,22,Wrocław,IT,14513,0,False,senior,2010
9395,Julian,Bobryk,50,Kraków,IT,11880,7,False,mid,2024
9396,Agnieszka,Więcławek,38,Białystok,Operations,9435,1,False,mid,2022
9397,Gabriel,Tułacz,39,Gdańsk,IT,15861,8,False,senior,2017
9398,Antoni,Bobik,37,Poznań,Sales,11038,8,False,mid,2011
9399,Lidia,Szmurło,22,Warszawa,Sales,7397,0,False,junior,2021
9400,Bartek,Rabiej,34,Poznań,Marketing,13584,1,False,senior,2023
9401,Dawid,Bystrek,30,Lublin,IT,7000,7,False,junior,2014
9402,Marek,Ćmiel,56,Białystok,Sales,6787,15,False,junior,2024
9403,Elżbieta,Kryza,43,Gdańsk,Finance,9959,5,False,mid,2017
9404,Dagmara,Rogula,60,Gdańsk,IT,11756,4,False,mid,2017
9405,Jeremi,Drozda,37,Wrocław,Operations,8891,4,False,mid,2018
9406,Sylwia,Huczek,55,Wrocław,Operations,12481,6,False,senior,2015
9407,Wiktor,Gęgotek,42,Warszawa,HR,8760,15,False,mid,2023
9408,Marcin,Ochnik,62,Lublin,Sales,13947,3,True,mid,2010
9409,Wiktor,Kaliciak,55,Warszawa,Operations,13480,21,True,mid,2017
9410,Albert,Glapiak,61,Łódź,Sales,8162,25,False,junior,2016
9411,Piotr,Klęczar,43,Lublin,Finance,10592,0,False,mid,2014
9412,Kornelia,Borzych,24,Warszawa,HR,8890,1,False,mid,2024
9413,Roksana,Makosz,59,Gdańsk,IT,14062,26,False,senior,2015
9414,Tymoteusz,Kunc,38,Kraków,IT,10819,0,True,junior,2019
9415,Aurelia,Bieniak,35,Gdańsk,Sales,8817,1,True,junior,2019
9416,Aleksander,Styn,22,Poznań,Operations,10391,0,True,junior,2021
9417,Wiktor,Duras,55,Lublin,Finance,17188,29,True,senior,2017
9418,Konstanty,Rysz,38,Katowice,Support,7849,1,False,mid,2011
9419,Ryszard,Botor,44,Gdańsk,IT,8815,14,False,junior,2013
9420,Malwina,Szeszko,54,Lublin,Finance,9061,10,True,junior,2023
9421,Cezary,Drywa,57,Katowice,HR,8676,4,False,mid,2019
9422,Jeremi,Miąsik,30,Lublin,Support,5990,3,False,junior,2022
9423,Rafał,Kiljan,25,Gdańsk,IT,8530,1,False,junior,2019
9424,Adrianna,Turoń,47,Poznań,Sales,17150,16,False,lead,2021
9425,Jakub,Cierpka,44,Warszawa,Marketing,7580,2,False,junior,2024
9426,Aleksander,Fiutak,60,Poznań,Marketing,17224,29,True,senior,2019
9427,Sylwia,Prokurat,28,Wrocław,Operations,8916,3,False,mid,2016
9428,Justyna,Waloch,49,Kraków,Marketing,6548,19,False,junior,2025
9429,Marika,Kaletka,33,Warszawa,HR,5738,0,False,junior,2013
9430,Jerzy,Kajdan,29,Poznań,IT,19906,4,False,lead,2017
9431,Franciszek,Kasper,37,Wrocław,Marketing,6383,2,False,junior,2014
9432,Dariusz,Janasik,35,Łódź,Marketing,10687,12,False,mid,2016
9433,Leonard,Sterna,53,Kraków,Finance,7776,7,False,junior,2020
9434,Natasza,Staniczek,28,Łódź,Support,4989,6,False,junior,2023
9435,Miłosz,Dydak,39,Warszawa,Support,13339,1,False,senior,2014
9436,Mariusz,Łaskawiec,29,Gdańsk,Finance,12501,1,True,mid,2012
9437,Bianka,Czerner,28,Warszawa,Sales,9259,2,False,mid,2015
9438,Tymon,Salawa,22,Rzeszów,Support,8993,0,True,junior,2010
9439,Mieszko,Kubrak,26,Łódź,Support,14774,3,True,senior,2021
9440,Tymoteusz,Patoka,53,Lublin,IT,10409,21,False,mid,2012
9441,Blanka,Cetera,43,Gdańsk,Operations,12951,7,False,senior,2014
9442,Roksana,Milczarczyk,55,Warszawa,Marketing,13192,9,False,senior,2018
9443,Aleks,Skała,52,Katowice,Finance,18321,26,False,lead,2013
9444,Anastazja,Kossak,60,Wrocław,Operations,9811,14,False,mid,2016
9445,Rozalia,Martynowicz,22,Łódź,Operations,13174,0,False,senior,2011
9446,Olgierd,Doroz,22,Kraków,Support,9467,0,False,mid,2018
9447,Dawid,Smela,62,Wrocław,Finance,12097,24,True,mid,2025
9448,Iwo,Mielke,53,Warszawa,IT,15070,20,False,senior,2020
9449,Sebastian,Gołoś,43,Warszawa,Sales,9096,13,True,junior,2021
9450,Maurycy,Buś,61,Gdańsk,HR,7693,0,True,junior,2015
9451,Roksana,Kunka,30,Kraków,Finance,7013,8,False,junior,2022
9452,Rozalia,Kuśmider,49,Katowice,Operations,9746,6,True,junior,2020
9453,Leon,Nickel,57,Kraków,Sales,21402,3,True,lead,2023
9454,Maciej,Majnusz,41,Wrocław,HR,12865,9,True,mid,2014
9455,Dorota,Magryta,36,Warszawa,Sales,6937,0,False,junior,2014
9456,Tymon,Wardzała,56,Kraków,Marketing,14146,17,False,senior,2019
9457,Cyprian,Dziduch,63,Łódź,IT,14303,10,False,senior,2025
9458,Damian,Kozień,59,Rzeszów,IT,10847,17,True,junior,2023
9459,Anita,Lalak,55,Warszawa,Support,8754,30,False,mid,2022
9460,Gabriel,Madajczyk,41,Łódź,Operations,9649,9,True,junior,2023
9461,Ewa,Golon,65,Warszawa,Sales,11189,33,False,mid,2024
9462,Sandra,Wójs,59,Poznań,Support,12468,14,False,senior,2021
9463,Kamil,Dawiec,52,Białystok,IT,10018,4,True,junior,2022
9464,Inga,Kargol,24,Wrocław,HR,12372,1,True,mid,2020
9465,Angelika,Uliasz,55,Warszawa,Marketing,18081,7,False,lead,2021
9466,Aurelia,Bosek,26,Wrocław,IT,8715,1,False,junior,2018
9467,Juliusz,Galica,54,Warszawa,IT,14188,2,False,senior,2025
9468,Leon,Trochim,63,Poznań,Sales,9077,3,False,mid,2025
9469,Olaf,Maron,55,Łódź,Operations,12237,15,False,senior,2013
9470,Józef,Sajda,45,Wrocław,IT,14254,23,False,senior,2017
9471,Oliwier,Matejczyk,30,Warszawa,Support,13311,6,False,senior,2016
9472,Mariusz,Elert,32,Gdańsk,Operations,20116,0,True,lead,2014
9473,Ewa,Sznura,35,Łódź,Sales,10512,4,False,mid,2012
9474,Kamila,Rup,55,Wrocław,Marketing,14293,17,False,senior,2021
9475,Aurelia,Zmarzły,52,Łódź,Marketing,7624,6,False,junior,2019
9476,Kalina,Wesoła,57,Wrocław,HR,8343,18,False,mid,2011
9477,Dominik,Walenciak,61,Katowice,IT,7140,9,False,junior,2025
9478,Agnieszka,Sulik,38,Katowice,Support,16883,0,False,lead,2025
9479,Rafał,Zawodnik,39,Poznań,IT,7976,7,False,junior,2024
9480,Jakub,Odrzywołek,63,Katowice,Support,12040,27,False,senior,2021
9481,Dorota,Potok,25,Wrocław,HR,6794,1,False,junior,2014
9482,Dominik,Judek,27,Wrocław,Sales,9807,4,False,mid,2023
9483,Julian,Armatys,27,Warszawa,Finance,9413,4,False,mid,2011
9484,Norbert,Dybiec,34,Warszawa,HR,16977,2,False,lead,2016
9485,Olga,Świerkosz,60,Katowice,Support,6029,28,False,junior,2023
9486,Nikodem,Ćwirko,23,Łódź,Support,7709,0,False,mid,2015
9487,Patryk,Marko,31,Katowice,Sales,8993,5,False,mid,2024
9488,Rafał,Jurczuk,27,Katowice,Support,8049,0,False,mid,2017
9489,Kacper,Bachanek,62,Warszawa,Support,6153,0,False,junior,2019
9490,Gustaw,Łapacz,36,Łódź,HR,9260,3,False,mid,2020
9491,Nikodem,Mich,47,Wrocław,Marketing,12905,1,False,senior,2012
9492,Wojciech,Samul,47,Warszawa,HR,16264,7,False,lead,2015
9493,Iwo,Pikor,36,Poznań,HR,8575,14,False,mid,2016
9494,Ignacy,Midura,58,Łódź,IT,15056,27,False,senior,2011
9495,Maurycy,Pinda,51,Lublin,IT,7946,18,False,junior,2010
9496,Olga,Pesta,51,Warszawa,Support,9388,2,False,mid,2021
9497,Gaja,Morka,34,Gdańsk,Marketing,12458,11,False,senior,2021
9498,Cyprian,Drewniok,63,Warszawa,Marketing,9135,12,False,mid,2021
9499,Mariusz,Wlizło,37,Kraków,Sales,9127,8,True,junior,2020
9500,Emil,Sadłocha,32,Warszawa,Marketing,10359,10,False,mid,2023
9501,Julianna,Siembab,29,Wrocław,Sales,9557,5,False,mid,2018
9502,Tola,Kargol,47,Wrocław,HR,9643,22,False,mid,2023
9503,Marika,Domżał,34,Łódź,Sales,9223,12,False,mid,2015
9504,Sonia,Wochnik,48,Gdańsk,Operations,12275,12,True,mid,2024
9505,Nataniel,Bachanek,47,Katowice,Marketing,17457,8,False,lead,2014
9506,Juliusz,Gawłowicz,57,Warszawa,Sales,14181,11,False,senior,2021
9507,Lidia,Schwarz,27,Katowice,Marketing,10183,1,False,mid,2015
9508,Ernest,Żołądkiewicz,50,Lublin,IT,9590,5,False,mid,2022
9509,Julita,Dumin,49,Warszawa,Finance,9956,0,True,junior,2011
9510,Oskar,Wąsiewicz,29,Warszawa,Support,8555,2,True,junior,2019
9511,Julianna,Biesek,28,Łódź,Sales,13847,3,True,mid,2025
9512,Nataniel,Woszczak,52,Poznań,HR,7625,26,False,mid,2018
9513,Marika,Sprawka,31,Rzeszów,Finance,9716,0,False,mid,2025
9514,Fryderyk,Bernatowicz,55,Łódź,Marketing,5511,26,False,junior,2014
9515,Ada,Dering,30,Warszawa,IT,10311,6,False,mid,2013
9516,Dawid,Ciapa,54,Warszawa,Support,11864,30,False,senior,2015
9517,Iwo,Jarmuż,31,Lublin,Marketing,13109,1,False,senior,2015
9518,Tomasz,Bartocha,33,Katowice,Operations,6207,4,False,junior,2010
9519,Andrzej,Gadzina,63,Warszawa,IT,8167,31,False,junior,2014
9520,Patryk,Gawliczek,37,Katowice,Sales,8905,4,False,mid,2014
9521,Fryderyk,Buk,58,Warszawa,IT,17583,7,False,lead,2016
9522,Natan,Frączkiewicz,59,Gdańsk,Support,13038,11,False,senior,2011
9523,Natasza,Loba,46,Białystok,Sales,17058,8,False,lead,2014
9524,Kazimierz,Laszczyk,61,Wrocław,IT,12623,37,True,mid,2020
9525,Bianka,Klemczak,54,Warszawa,Finance,13713,15,False,senior,2022
9526,Aniela,Betlej,34,Poznań,Support,9896,5,True,junior,2020
9527,Klara,Grzelczyk,61,Wrocław,IT,14555,15,False,senior,2011
9528,Mateusz,Molga,58,Łódź,Marketing,16991,20,False,lead,2015
9529,Hubert,Wandas,63,Katowice,Support,9041,17,False,mid,2010
9530,Antoni,Majsterek,47,Katowice,Operations,14119,18,False,senior,2010
9531,Sara,Wiszowaty,32,Poznań,IT,19438,5,False,lead,2010
9532,Nela,Swatek,47,Kraków,Finance,7165,12,False,junior,2025
9533,Marcelina,Miszkiel,57,Warszawa,Marketing,9494,24,False,mid,2013
9534,Sylwia,Bąkiewicz,31,Warszawa,IT,14334,7,False,senior,2023
9535,Julita,Supernak,25,Rzeszów,Operations,18034,3,False,lead,2010
9536,Franciszek,Żołądź,63,Wrocław,Marketing,12317,20,True,mid,2012
9537,Janina,Pyć,39,Łódź,Sales,21053,5,True,lead,2020
9538,Eliza,Waszczyk,23,Gdańsk,Sales,7253,1,False,junior,2012
9539,Tymoteusz,Żelazek,39,Warszawa,IT,6601,1,False,junior,2021
9540,Gustaw,Czosnyka,24,Kraków,IT,11218,2,False,mid,2019
9541,Miłosz,Brach,42,Rzeszów,Sales,8940,16,False,mid,2022
9542,Aleks,Boksa,36,Warszawa,Sales,9579,14,False,mid,2019
9543,Kornel,Prostak,39,Wrocław,Sales,10510,11,False,mid,2014
9544,Kamil,Jaje,42,Wrocław,Sales,14317,17,False,senior,2011
9545,Marcin,Członka,29,Warszawa,IT,11895,1,False,mid,2023
9546,Igor,Sajewicz,52,Wrocław,IT,14043,14,False,senior,2024
9547,Karina,Niemira,47,Kraków,Operations,9813,7,False,mid,2019
9548,Witold,Masiak,36,Gdańsk,Operations,9821,1,False,mid,2012
9549,Tobiasz,Sztuba,27,Wrocław,HR,6985,3,False,junior,2017
9550,Kajetan,Wygoda,57,Lublin,Marketing,7595,25,False,junior,2016
9551,Albert,Szymonik,64,Poznań,Sales,10659,41,False,mid,2014
9552,Emil,Molka,52,Warszawa,Operations,18130,11,False,lead,2022
9553,Artur,Barłóg,31,Rzeszów,Operations,9031,0,False,mid,2025
9554,Janina,Ptok,64,Poznań,HR,17318,29,False,lead,2018
9555,Anastazja,Proch,44,Kraków,IT,11171,7,False,mid,2019
9556,Sara,Pietrewicz,48,Lublin,HR,6134,22,False,junior,2024
9557,Oliwier,Kroll,31,Katowice,HR,8894,0,False,mid,2021
9558,Leon,Sławik,23,Warszawa,Operations,8000,0,False,mid,2020
9559,Adrian,Gal,45,Kraków,Sales,13058,15,False,senior,2014
9560,Sylwia,Jurczuk,36,Warszawa,Finance,14502,7,False,senior,2022
9561,Monika,Chowaniak,55,Warszawa,Finance,10874,22,False,mid,2011
9562,Dariusz,Koloch,61,Warszawa,Marketing,5594,20,False,junior,2023
9563,Kornelia,Legutko,55,Łódź,Sales,9287,27,False,mid,2020
9564,Anna Maria,Wons,28,Warszawa,Sales,9634,5,False,mid,2021
9565,Leonard,Krzysztoszek,56,Łódź,Marketing,16907,14,True,senior,2025
9566,Inga,Majak,24,Wrocław,IT,10586,2,False,mid,2021
9567,Sandra,Kuk,36,Katowice,Finance,5859,0,False,junior,2021
9568,Filip,Kość,31,Łódź,Marketing,7401,7,False,junior,2013
9569,Justyna,Majdan,37,Gdańsk,HR,17653,6,False,lead,2011
9570,Kaja,Samul,29,Poznań,Marketing,10059,0,False,mid,2019
9571,Wiktor,Pietryga,28,Warszawa,Support,13435,1,False,senior,2024
9572,Błażej,Nazarko,39,Poznań,IT,10555,10,False,mid,2014
9573,Maurycy,Cimoch,23,Lublin,Sales,6331,1,False,junior,2010
9574,Blanka,Krasa,32,Rzeszów,Operations,6302,8,False,junior,2014
9575,Andrzej,Grzeszkowiak,31,Katowice,HR,8456,0,False,mid,2010
9576,Sebastian,Łapacz,33,Wrocław,IT,6757,5,False,junior,2020
9577,Szymon,Fiedoruk,41,Warszawa,IT,10682,13,False,mid,2019
9578,Dawid,Wojewodzic,28,Warszawa,IT,10349,4,False,mid,2016
9579,Daniel,Kopała,63,Wrocław,Finance,7137,22,False,junior,2021
9580,Konrad,Hubert,56,Łódź,Sales,10024,17,False,mid,2024
9581,Inga,Ścibior,48,Rzeszów,Operations,6162,5,False,junior,2022
9582,Dagmara,Szabla,53,Białystok,IT,11455,13,False,mid,2022
9583,Malwina,Świątkiewicz,29,Warszawa,Operations,12342,7,False,senior,2025
9584,Daniel,Turczyk,32,Wrocław,HR,6582,10,False,junior,2020
9585,Klara,Lindner,23,Gdańsk,Sales,12180,0,True,mid,2010
9586,Melania,Gajownik,28,Kraków,Support,4753,0,False,junior,2013
9587,Jerzy,Albin,60,Łódź,Sales,8080,37,False,junior,2017
9588,Tymon,Mendyka,41,Gdańsk,Finance,17445,0,True,senior,2012
9589,Łukasz,Pyś,56,Lublin,Sales,7087,29,False,junior,2011
9590,Kamila,Godyń,65,Lublin,Sales,8977,23,False,mid,2015
9591,Mariusz,Jędruch,38,Łódź,Sales,17649,8,False,lead,2025
9592,Apolonia,Oczkowicz,40,Poznań,Sales,6706,5,False,junior,2010
9593,Bartek,Rabiej,41,Kraków,Sales,6606,4,False,junior,2017
9594,Anna Maria,Szara,32,Lublin,IT,8749,1,False,junior,2022
9595,Cezary,Maruszczyk,62,Warszawa,Finance,13907,32,False,senior,2023
9596,Liwia,Kus,28,Kraków,Finance,9841,0,False,mid,2022
9597,Emil,Zadworny,30,Warszawa,Finance,9357,7,False,mid,2012
9598,Sebastian,Cegła,56,Kraków,Operations,6224,16,False,junior,2016
9599,Andrzej,Stoltman,43,Kraków,IT,8765,12,False,junior,2011
9600,Malwina,Kara,28,Wrocław,IT,15269,6,False,senior,2022
9601,Bruno,Kolarz,45,Wrocław,IT,8015,8,False,junior,2022
9602,Lidia,Siembab,41,Warszawa,Finance,6086,2,False,junior,2012
9603,Malwina,Okraska,23,Kraków,Operations,12812,1,True,mid,2013
9604,Oskar,Felisiak,54,Białystok,Operations,14381,14,False,senior,2014
9605,Tobiasz,Lewek,31,Łódź,Sales,10627,9,True,junior,2021
9606,Rozalia,Sarota,64,Rzeszów,Sales,19253,32,False,lead,2012
9607,Wojciech,Tofil,65,Gdańsk,Marketing,10092,39,True,junior,2023
9608,Hubert,Tonder,59,Białystok,IT,14465,27,False,senior,2018
9609,Apolonia,Luks,53,Kraków,Operations,5487,27,False,junior,2020
9610,Krzysztof,Burkiewicz,63,Poznań,IT,10839,41,True,junior,2011
9611,Ida,Młyńczak,61,Poznań,Operations,19395,0,True,lead,2018
9612,Sylwia,Ciereszko,23,Warszawa,HR,7584,1,False,mid,2011
9613,Witold,Chojna,54,Warszawa,Support,8857,8,False,mid,2022
9614,Klara,Mirgos,31,Kraków,Sales,10583,2,False,mid,2015
9615,Olgierd,Koss,27,Gdańsk,IT,10387,4,False,mid,2020
9616,Błażej,Tomys,58,Wrocław,Operations,5251,14,False,junior,2024
9617,Stanisław,Dzienniak,26,Wrocław,HR,10817,4,True,mid,2018
9618,Kornelia,Kalota,40,Kraków,Sales,14457,0,False,senior,2024
9619,Kazimierz,Staniewicz,34,Warszawa,IT,8079,11,False,junior,2010
9620,Ewa,Jop,33,Łódź,Support,11834,7,True,mid,2011
9621,Eryk,Pachnik,61,Łódź,Finance,16520,32,False,lead,2017
9622,Mariusz,Suszka,59,Warszawa,IT,7893,12,False,junior,2016
9623,Aniela,Golczyk,58,Poznań,Marketing,6975,12,False,junior,2021
9624,Artur,Kalinka,59,Wrocław,Marketing,7512,32,False,junior,2012
9625,Hubert,Majos,34,Wrocław,Support,13099,6,False,senior,2017
9626,Apolonia,Kobel,50,Poznań,Finance,7065,19,False,junior,2014
9627,Kalina,Zięciak,38,Lublin,Sales,7818,16,False,junior,2013
9628,Damian,Frączkiewicz,35,Kraków,Sales,6004,1,False,junior,2019
9629,Angelika,Puła,35,Warszawa,Marketing,8588,4,False,mid,2015
9630,Sonia,Pindral,56,Warszawa,IT,15417,33,False,senior,2011
9631,Igor,Poreda,63,Kraków,IT,18130,20,False,lead,2020
9632,Antoni,Krzysztofek,59,Lublin,IT,10631,22,False,mid,2019
9633,Wiktor,Mordal,35,Warszawa,Support,8149,11,False,mid,2010
9634,Karol,Stochel,43,Gdańsk,Marketing,13305,0,False,senior,2011
9635,Tymon,Tomzik,56,Rzeszów,IT,10376,5,False,mid,2022
9636,Maciej,Nyk,59,Katowice,IT,11031,15,False,mid,2012
9637,Konstanty,Gendek,42,Warszawa,Finance,7926,6,False,junior,2019
9638,Konstanty,Dłubak,26,Łódź,Operations,5391,2,False,junior,2024
9639,Cyprian,Kiepura,39,Warszawa,Sales,9293,11,False,mid,2025
9640,Julita,Świerad,28,Kraków,Operations,11774,5,True,mid,2019
9641,Arkadiusz,Kosiec,24,Rzeszów,IT,11905,2,False,mid,2015
9642,Natasza,Knapek,46,Katowice,Marketing,10425,4,False,mid,2013
9643,Ada,Chwalisz,45,Wrocław,Support,8525,14,False,mid,2024
9644,Julianna,Kryszczuk,55,Wrocław,Sales,13059,32,True,mid,2024
9645,Melania,Zyga,45,Katowice,IT,7353,11,False,junior,2020
9646,Anita,Pusz,62,Kraków,Sales,6223,1,False,junior,2013
9647,Natasza,Stróż,32,Kraków,Sales,10875,4,False,mid,2014
9648,Tomasz,Domurad,30,Lublin,Marketing,12623,1,False,senior,2011
9649,Marika,Czupryn,57,Warszawa,Sales,13001,34,False,senior,2022
9650,Ewelina,Kacperczyk,48,Katowice,Operations,8384,25,False,mid,2018
9651,Wiktor,Wojtera,25,Warszawa,Marketing,10458,0,False,mid,2022
9652,Cezary,Gmur,22,Warszawa,IT,10573,0,False,mid,2025
9653,Stefan,Sieg,23,Łódź,HR,6987,1,False,junior,2018
9654,Ida,Mak,64,Gdańsk,Finance,8995,38,False,mid,2022
9655,Jędrzej,Karsznia,23,Gdańsk,IT,11785,0,False,mid,2024
9656,Tadeusz,Matwiejczyk,23,Białystok,HR,9210,0,False,mid,2017
9657,Rafał,Swaczyna,43,Rzeszów,Support,6475,9,False,junior,2024
9658,Norbert,Zimoląg,55,Kraków,HR,5912,21,False,junior,2012
9659,Józef,Wereda,57,Warszawa,HR,5314,25,False,junior,2020
9660,Klara,Widłak,22,Warszawa,Support,6798,0,False,junior,2013
9661,Błażej,Detka,46,Katowice,Sales,8901,4,False,mid,2020
9662,Kaja,Ryguła,49,Kraków,Sales,9592,21,False,mid,2014
9663,Rafał,Szymków,63,Katowice,Finance,9346,4,False,mid,2014
9664,Sebastian,Dziurdzia,45,Warszawa,Sales,9175,13,False,mid,2024
9665,Gustaw,Kunysz,48,Warszawa,Sales,9277,25,False,mid,2010
9666,Olgierd,Kamieniak,30,Łódź,IT,11914,0,False,mid,2017
9667,Rozalia,Martin,48,Warszawa,Marketing,9220,10,False,mid,2012
9668,Kazimierz,Turlej,61,Wrocław,Support,8997,1,False,mid,2018
9669,Marcelina,Ziegler,31,Białystok,Finance,5717,2,False,junior,2024
9670,Angelika,Gierek,53,Rzeszów,IT,15166,18,False,senior,2017
9671,Ignacy,Cyba,52,Warszawa,Operations,9589,26,False,mid,2011
9672,Aleks,Nehring,65,Lublin,IT,11018,38,False,mid,2021
9673,Witold,Zarzeczna,53,Poznań,Sales,8802,29,False,mid,2021
9674,Natan,Janiuk,32,Warszawa,Sales,9403,2,False,mid,2023
9675,Sonia,Zadora,22,Wrocław,IT,11963,0,False,mid,2023
9676,Andrzej,Kruzel,52,Lublin,HR,9388,4,False,mid,2022
9677,Karina,Ochał,54,Poznań,Sales,6462,2,False,junior,2020
9678,Jeremi,Skonieczka,58,Wrocław,IT,11980,33,False,mid,2021
9679,Róża,Zaczyk,40,Poznań,Sales,11132,3,False,mid,2022
9680,Cyprian,Rurarz,51,Poznań,Sales,7553,26,False,junior,2021
9681,Juliusz,Kudlak,43,Kraków,Support,17770,10,False,lead,2017
9682,Wojciech,Szałaj,26,Warszawa,Support,5637,2,False,junior,2015
9683,Marcel,Miękina,28,Lublin,IT,10986,4,False,mid,2017
9684,Krystyna,Gendek,24,Łódź,Finance,9577,1,False,mid,2016
9685,Jakub,Bryja,36,Warszawa,Sales,10818,10,False,mid,2019
9686,Rafał,Kolek,33,Poznań,Marketing,17544,5,False,lead,2023
9687,Juliusz,Karaśkiewicz,46,Poznań,Operations,17492,21,False,lead,2014
9688,Agnieszka,Cieniuch,41,Łódź,Sales,12809,1,True,mid,2017
9689,Janina,Drobot,39,Łódź,Finance,5698,15,False,junior,2019
9690,Jacek,Łusiak,41,Wrocław,IT,11257,2,False,mid,2011
9691,Nicole,Dębosz,34,Białystok,Marketing,17458,0,False,lead,2017
9692,Konrad,Migała,46,Poznań,IT,14810,7,False,senior,2025
9693,Mikołaj,Ciepła,60,Warszawa,Sales,8276,12,False,junior,2017
9694,Marika,Gwizdek,56,Rzeszów,Sales,7727,16,False,junior,2010
9695,Dominik,Szkoła,36,Lublin,Marketing,11471,13,True,mid,2013
9696,Justyna,Piskor,54,Gdańsk,Finance,21091,9,True,lead,2015
9697,Jędrzej,Kostro,27,Białystok,HR,9135,3,False,mid,2025
9698,Sebastian,Troć,23,Katowice,Support,14835,1,True,senior,2011
9699,Marcel,Paprotny,56,Rzeszów,IT,15213,2,False,senior,2010
9700,Mikołaj,Saternus,47,Warszawa,Sales,10370,5,True,junior,2025
9701,Krzysztof,Lang,22,Katowice,IT,11174,0,False,mid,2023
9702,Dominik,Elert,36,Wrocław,HR,5586,11,False,junior,2011
9703,Julita,Wałek,52,Katowice,Sales,9379,18,False,mid,2014
9704,Hubert,Gosik,22,Kraków,Sales,6333,0,False,junior,2010
9705,Patryk,Katana,52,Kraków,Marketing,10525,26,False,mid,2016
9706,Kaja,Kierepka,31,Warszawa,Sales,9628,5,False,mid,2025
9707,Maciej,Glica,24,Wrocław,Operations,12349,0,False,senior,2023
9708,Nicole,Jędruch,49,Łódź,Marketing,7318,4,False,junior,2018
9709,Mateusz,Duczmal,52,Gdańsk,Sales,7525,20,False,junior,2013
9710,Natan,Zębik,53,Rzeszów,Marketing,10390,20,False,mid,2012
9711,Jacek,Fit,38,Kraków,IT,21710,3,True,lead,2020
9712,Kornelia,Kopyt,51,Łódź,Operations,5776,0,False,junior,2017
9713,Jerzy,Zimniak,51,Warszawa,Sales,10523,10,False,mid,2012
9714,Anita,Gregorczuk,36,Poznań,IT,15332,1,False,senior,2011
9715,Cezary,Pleban,27,Wrocław,Marketing,6715,3,False,junior,2019
9716,Maks,Fogiel,32,Kraków,IT,11342,5,False,mid,2010
9717,Marek,Miodek,61,Lublin,Finance,7897,19,False,junior,2020
9718,Michał,Guzdek,63,Warszawa,Support,18083,17,False,lead,2020
9719,Janina,Grubba,57,Poznań,Operations,9255,9,False,mid,2023
9720,Borys,Nazar,34,Gdańsk,Marketing,8760,0,False,mid,2020
9721,Ernest,Łukowiak,29,Rzeszów,Sales,8201,3,False,junior,2012
9722,Rozalia,Małas,24,Kraków,Sales,15225,0,False,senior,2017
9723,Kacper,Abramczuk,45,Gdańsk,Sales,7106,9,False,junior,2019
9724,Tomasz,Szczerek,45,Lublin,IT,10612,6,False,mid,2010
9725,Jeremi,Jośko,58,Katowice,Support,9687,7,False,mid,2019
9726,Ada,Uryga,35,Poznań,IT,7944,8,False,junior,2024
9727,Patryk,Wojak,46,Wrocław,Sales,17258,16,True,senior,2013
9728,Kalina,Michniak,36,Gdańsk,IT,10397,1,False,mid,2016
9729,Tadeusz,Brzeźniak,62,Łódź,HR,8195,32,False,mid,2017
9730,Leon,Franiak,46,Warszawa,HR,8677,7,False,mid,2012
9731,Tymoteusz,Zimniak,28,Lublin,Sales,10680,6,False,mid,2017
9732,Konstanty,Łaszcz,56,Poznań,Finance,17735,26,False,lead,2020
9733,Jakub,Jaskóła,28,Kraków,Operations,9800,0,False,mid,2012
9734,Norbert,Nazarewicz,23,Warszawa,Operations,5547,0,False,junior,2025
9735,Elżbieta,Serwach,42,Warszawa,Finance,9752,3,False,mid,2025
9736,Ernest,Hubert,54,Katowice,IT,10104,15,False,mid,2019
9737,Bruno,Gosek,63,Łódź,IT,10711,23,False,mid,2022
9738,Oskar,Jachimczak,62,Rzeszów,IT,9627,6,False,mid,2012
9739,Maksymilian,Stasica,57,Gdańsk,Operations,6984,7,False,junior,2014
9740,Sara,Bartuś,65,Warszawa,Sales,8007,34,False,junior,2018
9741,Krystian,Huczko,38,Gdańsk,IT,10048,15,False,mid,2014
9742,Ernest,Langiewicz,23,Kraków,Marketing,15856,1,True,senior,2024
9743,Fryderyk,Matulewicz,40,Poznań,Finance,9022,6,False,mid,2025
9744,Rozalia,Duc,38,Katowice,IT,14854,7,False,senior,2010
9745,Jeremi,Hendzel,32,Gdańsk,IT,10363,4,True,junior,2019
9746,Marika,Toborek,44,Lublin,Operations,7490,1,False,junior,2015
9747,Anna Maria,Czupryn,63,Gdańsk,HR,16163,24,False,lead,2023
9748,Kazimierz,Legutko,26,Wrocław,HR,9728,3,False,mid,2014
9749,Sonia,Kierat,33,Warszawa,IT,11258,10,False,mid,2012
9750,Tobiasz,Srokosz,35,Katowice,IT,11902,9,False,mid,2024
9751,Sara,Fronczyk,39,Białystok,Support,9422,9,False,mid,2010
9752,Gabriel,Kempka,50,Wrocław,Support,9352,26,False,mid,2019
9753,Julian,Koćwin,40,Białystok,IT,14447,4,False,senior,2021
9754,Igor,Czuj,65,Łódź,Support,12941,36,True,mid,2020
9755,Albert,Moroń,29,Wrocław,Marketing,9622,1,False,mid,2018
9756,Olga,Magier,30,Lublin,Marketing,16774,3,False,lead,2021
9757,Przemysław,Śliz,50,Rzeszów,Operations,17645,8,False,lead,2025
9758,Maks,Polasik,41,Kraków,Finance,12758,12,False,senior,2018
9759,Jacek,Pyszka,36,Kraków,IT,6536,4,False,junior,2021
9760,Aleks,Płocharczyk,26,Katowice,Support,9230,0,False,mid,2010
9761,Jerzy,Kubasiak,65,Rzeszów,Finance,9200,18,False,mid,2020
9762,Natasza,Drywa,41,Katowice,Sales,17427,4,False,lead,2023
9763,Sylwia,Ćwierz,22,Łódź,Marketing,9385,0,False,mid,2010
9764,Wiktor,Sośniak,42,Łódź,Operations,8809,14,False,mid,2016
9765,Michał,Prażmo,44,Poznań,Sales,6168,5,False,junior,2012
9766,Anita,Majerczyk,25,Rzeszów,Support,13822,3,False,senior,2023
9767,Olgierd,Kasak,49,Lublin,Operations,16998,27,False,lead,2021
9768,Michał,Dziadowicz,64,Lublin,Sales,7703,35,False,junior,2013
9769,Justyna,Gadzina,64,Kraków,Finance,6464,28,False,junior,2021
9770,Adrianna,Mosiołek,44,Warszawa,Operations,9003,3,False,mid,2018
9771,Dawid,Nikołajuk,47,Warszawa,Operations,9064,13,False,mid,2010
9772,Juliusz,Żynda,55,Poznań,Support,5837,5,False,junior,2023
9773,Olaf,Maksym,22,Warszawa,Finance,7201,0,False,junior,2017
9774,Dariusz,Kolanko,62,Katowice,IT,19587,7,False,lead,2018
9775,Malwina,Tylka,56,Łódź,Sales,11268,23,False,mid,2017
9776,Alan,Rup,55,Kraków,IT,15162,6,False,senior,2022
9777,Janina,Glazik,59,Kraków,IT,6935,25,False,junior,2010
9778,Eliza,Stąpór,29,Białystok,Support,8119,4,False,mid,2024
9779,Liwia,Antoszczyk,64,Kraków,Marketing,15485,12,True,senior,2016
9780,Konrad,Prystupa,54,Warszawa,Sales,15811,28,True,senior,2023
9781,Piotr,Baumgart,28,Łódź,Marketing,7204,3,False,junior,2013
9782,Dariusz,Wawryniuk,52,Lublin,Finance,8741,15,False,mid,2012
9783,Olaf,Kasperczak,46,Kraków,Support,9562,5,False,mid,2025
9784,Damian,Trybuś,30,Łódź,Sales,17596,8,False,lead,2025
9785,Bianka,Filas,31,Rzeszów,Finance,10691,5,False,mid,2016
9786,Iwo,Stypa,53,Kraków,Support,4888,20,False,junior,2015
9787,Anna Maria,Micał,53,Kraków,Operations,13443,1,False,senior,2025
9788,Aniela,Szurek,47,Katowice,Finance,14542,2,False,senior,2015
9789,Gustaw,Kosz,34,Lublin,HR,12829,10,False,senior,2019
9790,Justyna,Widłak,52,Łódź,IT,9544,15,False,mid,2025
9791,Daniel,Guźniczak,40,Łódź,IT,11638,17,False,mid,2016
9792,Kalina,Padło,58,Katowice,Finance,17153,31,True,senior,2022
9793,Leon,Koniecko,42,Kraków,HR,11427,18,True,mid,2015
9794,Krzysztof,Płócienniczak,34,Gdańsk,Support,7019,1,False,junior,2013
9795,Tomasz,Namysł,38,Warszawa,Marketing,8621,5,False,mid,2021
9796,Mikołaj,Dorobek,60,Kraków,Marketing,10175,24,False,mid,2016
9797,Kajetan,Nowotny,51,Kraków,Finance,6320,22,False,junior,2018
9798,Krystyna,Gumienna,32,Lublin,Support,7104,4,False,junior,2011
9799,Kaja,Cheba,22,Poznań,Operations,6633,0,False,junior,2014
9800,Leon,Księżak,39,Warszawa,IT,9714,0,False,mid,2010
9801,Kacper,Smolec,65,Warszawa,Sales,8261,36,False,junior,2015
9802,Konrad,Piwowarek,42,Warszawa,Support,5346,15,False,junior,2012
9803,Igor,Rohde,56,Białystok,IT,11511,10,False,mid,2017
9804,Oskar,Maksym,29,Katowice,IT,11066,7,False,mid,2011
9805,Kajetan,Kręgiel,36,Lublin,Operations,6674,6,False,junior,2015
9806,Marcel,Citko,32,Warszawa,IT,11901,9,False,mid,2020
9807,Marcelina,Jędrys,50,Rzeszów,IT,13295,3,True,mid,2010
9808,Leonard,Kuziora,62,Kraków,HR,9746,23,False,mid,2025
9809,Kajetan,Fijak,41,Lublin,Finance,7696,16,False,junior,2016
9810,Ewelina,Lenda,65,Katowice,Support,5699,43,False,junior,2010
9811,Andrzej,Wołodźko,30,Poznań,Operations,8026,1,False,mid,2016
9812,Mateusz,Matejczyk,48,Wrocław,IT,15915,3,False,senior,2019
9813,Alan,Peda,52,Rzeszów,Operations,16527,7,False,lead,2011
9814,Jeremi,Korab,40,Wrocław,IT,14206,16,False,senior,2021
9815,Michał,Furga,52,Warszawa,Sales,10469,25,False,mid,2025
9816,Dorota,Cheba,28,Warszawa,Finance,8538,4,False,mid,2015
9817,Adam,Pierchała,64,Wrocław,Sales,13367,26,False,senior,2024
9818,Łukasz,Komuda,35,Białystok,Marketing,12928,9,False,senior,2010
9819,Franciszek,Gradek,58,Białystok,IT,7356,4,False,junior,2012
9820,Marcin,Łaszczyk,64,Katowice,Sales,10188,28,False,mid,2011
9821,Adrian,Dybiec,65,Łódź,IT,8522,34,False,junior,2017
9822,Leonard,Pasiak,23,Kraków,Marketing,9345,0,False,mid,2015
9823,Konstanty,Gryska,39,Rzeszów,Sales,14517,3,False,senior,2024
9824,Andrzej,Freitag,31,Lublin,IT,9575,0,False,mid,2013
9825,Tymoteusz,Plak,39,Kraków,Support,5409,15,False,junior,2011
9826,Kamil,Feliniak,55,Warszawa,IT,12806,23,True,mid,2024
9827,Witold,Fiedoruk,40,Gdańsk,Finance,18168,17,False,lead,2023
9828,Maciej,Samul,52,Kraków,Sales,9061,7,False,mid,2021
9829,Albert,Nabiałek,32,Poznań,Support,7952,3,False,mid,2014
9830,Jakub,Steinke,58,Wrocław,Marketing,5632,2,False,junior,2021
9831,Róża,Czopik,26,Wrocław,Support,5694,3,False,junior,2019
9832,Marika,Kuban,35,Gdańsk,HR,8692,10,False,mid,2023
9833,Ewa,Galica,43,Kraków,IT,6692,20,False,junior,2013
9834,Rozalia,Łaskawiec,42,Rzeszów,HR,9109,4,False,mid,2011
9835,Olga,Kobel,37,Lublin,Operations,9673,1,False,mid,2016
9836,Anna Maria,Gwara,61,Lublin,IT,19909,26,False,lead,2013
9837,Angelika,Kurczak,60,Gdańsk,Marketing,17165,16,False,lead,2018
9838,Aurelia,Czenczek,35,Gdańsk,Sales,7495,13,False,junior,2017
9839,Olga,Kajdas,24,Kraków,Operations,6912,1,False,junior,2011
9840,Iwo,Piaseczna,47,Lublin,Operations,8329,3,False,mid,2024
9841,Kalina,Kumorek,65,Wrocław,Sales,9621,4,False,mid,2018
9842,Nela,Szwaj,63,Lublin,HR,5174,5,False,junior,2018
9843,Sonia,Byra,30,Warszawa,Support,13799,7,False,senior,2019
9844,Piotr,Szczubełek,33,Katowice,Support,12498,10,True,mid,2020
9845,Wojciech,Kryk,47,Rzeszów,Operations,8460,25,False,mid,2018
9846,Leonard,Potoczek,36,Poznań,Operations,5341,6,False,junior,2024
9847,Radosław,Reich,42,Lublin,Sales,16853,19,False,lead,2011
9848,Klara,Ostafin,31,Poznań,Support,6315,5,False,junior,2011
9849,Albert,Długajczyk,32,Kraków,HR,15968,5,False,lead,2010
9850,Mariusz,Buśko,32,Kraków,IT,8849,2,False,junior,2014
9851,Jędrzej,Fura,31,Gdańsk,IT,18945,8,True,senior,2025
9852,Konrad,Rembacz,33,Warszawa,IT,6713,6,False,junior,2010
9853,Kacper,Ochnik,31,Łódź,IT,6534,3,False,junior,2011
9854,Justyna,Berek,46,Warszawa,Support,6359,4,False,junior,2011
9855,Tymon,Mirończuk,23,Lublin,Marketing,5845,1,False,junior,2018
9856,Tola,Baum,51,Warszawa,Operations,8063,22,False,mid,2015
9857,Sebastian,Kolonko,51,Gdańsk,IT,10598,12,False,mid,2020
9858,Emil,Pioch,24,Warszawa,Operations,17772,2,False,lead,2014
9859,Andrzej,Garczarek,51,Łódź,Sales,7157,17,False,junior,2016
9860,Kacper,Czylok,58,Białystok,HR,5591,33,False,junior,2011
9861,Olaf,Świerkot,26,Kraków,Sales,10996,1,False,mid,2021
9862,Iwo,Łyczek,48,Łódź,Finance,6428,9,False,junior,2013
9863,Blanka,Kowara,31,Katowice,Sales,10640,4,False,mid,2011
9864,Roksana,Olkowicz,46,Rzeszów,Operations,17848,20,False,lead,2017
9865,Gabriel,Szramka,38,Warszawa,Operations,6561,10,False,junior,2012
9866,Adrian,Bieszke,48,Warszawa,IT,15761,5,False,senior,2012
9867,Mikołaj,Ambrożewicz,60,Katowice,Support,5925,29,False,junior,2020
9868,Tymon,Jędral,31,Katowice,HR,4743,0,False,junior,2021
9869,Oskar,Kapera,32,Warszawa,Sales,8850,6,False,mid,2024
9870,Mariusz,Lizoń,46,Warszawa,Marketing,6771,23,False,junior,2017
9871,Nataniel,Białous,64,Kraków,Marketing,15901,42,True,senior,2014
9872,Ernest,Zdonek,22,Lublin,Marketing,14481,0,False,senior,2023
9873,Kornelia,Rajchel,59,Poznań,Support,8985,23,True,junior,2025
9874,Gustaw,Litwa,23,Gdańsk,Operations,10127,0,False,mid,2015
9875,Ida,Zyzik,25,Warszawa,Sales,6248,0,False,junior,2011
9876,Malwina,Szyc,57,Rzeszów,Operations,5460,3,False,junior,2010
9877,Malwina,Miszkiewicz,34,Poznań,Sales,13989,8,False,senior,2013
9878,Maks,Basa,51,Warszawa,Finance,8821,16,False,mid,2022
9879,Eryk,Kędziorek,33,Warszawa,Finance,7001,11,False,junior,2021
9880,Dorota,Krzywonos,36,Gdańsk,Support,11939,8,True,mid,2015
9881,Mateusz,Smętek,33,Warszawa,Sales,13366,11,False,senior,2017
9882,Tymon,Taranek,52,Białystok,Support,8742,2,False,mid,2022
9883,Melania,Kostek,35,Warszawa,HR,6158,2,False,junior,2011
9884,Stanisław,Langa,41,Kraków,HR,4597,15,False,junior,2010
9885,Apolonia,Kowaluk,22,Kraków,Support,11976,0,False,senior,2023
9886,Angelika,Wiese,63,Łódź,Marketing,8384,3,False,mid,2018
9887,Szymon,Borysiak,37,Warszawa,Support,5582,0,False,junior,2021
9888,Olga,Rezler,24,Warszawa,HR,12403,2,False,senior,2021
9889,Róża,Dela,53,Warszawa,Sales,6303,18,False,junior,2017
9890,Arkadiusz,Szyda,38,Gdańsk,IT,13644,5,True,mid,2024
9891,Leonard,Machoń,37,Wrocław,Support,10070,0,False,mid,2013
9892,Eliza,Maruszczyk,44,Lublin,IT,15084,21,False,senior,2019
9893,Marcel,Garczyk,63,Warszawa,IT,11088,6,False,mid,2013
9894,Monika,Krauza,34,Kraków,HR,7846,6,True,junior,2024
9895,Ada,Laskus,64,Katowice,HR,6927,40,False,junior,2021
9896,Ida,Szołtysik,41,Katowice,HR,13080,8,False,senior,2017
9897,Krystyna,Klus,65,Warszawa,IT,8100,8,False,junior,2014
9898,Sylwia,Małocha,49,Warszawa,IT,14725,17,False,senior,2019
9899,Krzysztof,Poleszak,52,Gdańsk,Support,18091,13,False,lead,2022
9900,Albert,Skierka,65,Poznań,HR,9763,10,False,mid,2020
9901,Monika,Domińczak,31,Gdańsk,IT,15131,5,False,senior,2015
9902,Cezary,Stanaszek,44,Łódź,Operations,12013,5,True,mid,2013
9903,Julian,Roda,42,Kraków,IT,10296,7,False,mid,2012
9904,Konrad,Gruszczyk,35,Warszawa,Marketing,14181,5,False,senior,2020
9905,Ernest,Giec,26,Katowice,Support,5459,3,False,junior,2023
9906,Kamila,Zimniak,30,Białystok,Operations,16428,1,False,lead,2019
9907,Maciej,Sych,45,Łódź,HR,6606,14,False,junior,2023
9908,Emil,Rykała,47,Gdańsk,Support,12779,0,False,senior,2022
9909,Łukasz,Wrześniak,28,Poznań,Operations,9379,0,False,mid,2015
9910,Sandra,Zięcik,44,Poznań,Support,12051,9,True,mid,2011
9911,Eryk,Grycz,55,Warszawa,Operations,10202,23,False,mid,2010
9912,Krystian,Kołak,34,Warszawa,HR,11807,0,True,mid,2024
9913,Krystyna,Skonieczka,56,Warszawa,Sales,20254,29,True,lead,2012
9914,Juliusz,Karpik,59,Białystok,Support,7882,19,False,mid,2011
9915,Jakub,Ciepłuch,34,Rzeszów,Support,15559,6,True,senior,2014
9916,Miłosz,Sarota,57,Gdańsk,Marketing,9578,30,False,mid,2023
9917,Piotr,Żurawik,25,Lublin,Support,10124,3,False,mid,2013
9918,Karina,Wołodźko,43,Kraków,Sales,13041,5,False,senior,2010
9919,Wiktor,Rup,28,Warszawa,IT,15102,3,False,senior,2018
9920,Roksana,Kuba,39,Wrocław,IT,14516,7,False,senior,2010
9921,Anastazja,Początek,23,Katowice,IT,11657,1,False,mid,2015
9922,Maksymilian,Dobrosz,34,Lublin,Finance,7598,5,False,junior,2017
9923,Róża,Manista,26,Wrocław,Marketing,6870,0,False,junior,2018
9924,Cyprian,Gałaj,38,Katowice,IT,6773,8,False,junior,2025
9925,Mariusz,Langiewicz,25,Warszawa,IT,8892,3,False,junior,2019
9926,Natasza,Rudolf,30,Warszawa,IT,14367,6,False,senior,2010
9927,Aurelia,Dułak,32,Kraków,IT,14124,9,False,senior,2017
9928,Krystyna,Stark,59,Warszawa,IT,6554,35,False,junior,2012
9929,Kornel,Fitas,33,Kraków,IT,8124,10,False,junior,2010
9930,Arkadiusz,Czura,31,Kraków,Operations,10443,5,False,mid,2013
9931,Marcin,Grund,50,Łódź,IT,7824,3,False,junior,2020
9932,Julianna,Proć,41,Kraków,Operations,10212,0,False,mid,2023
9933,Konstanty,Hutyra,58,Warszawa,IT,8024,6,False,junior,2022
9934,Gaja,Cisoń,65,Łódź,Marketing,6214,36,False,junior,2025
9935,Andrzej,Pakos,42,Katowice,Support,8028,20,False,mid,2017
9936,Michał,Witko,39,Kraków,Support,8806,5,False,mid,2017
9937,Karina,Białk,23,Kraków,Sales,8846,1,False,mid,2021
9938,Kornel,Peszko,27,Gdańsk,Finance,13690,5,False,senior,2013
9939,Radosław,Grosz,49,Warszawa,IT,10804,3,False,mid,2023
9940,Olga,Irzyk,63,Wrocław,IT,18051,5,False,lead,2022
9941,Tola,Mendyka,56,Warszawa,IT,8441,26,False,junior,2022
9942,Juliusz,Łój,64,Wrocław,Sales,6954,38,False,junior,2016
9943,Tymon,Hawro,28,Kraków,Finance,5735,0,False,junior,2024
9944,Artur,Usarek,40,Łódź,IT,15443,16,False,senior,2022
9945,Borys,Wójs,54,Poznań,Sales,16801,4,False,lead,2012
9946,Witold,Franas,63,Lublin,Sales,11290,11,True,junior,2011
9947,Marcin,Kazimierczuk,48,Kraków,IT,9590,5,False,mid,2016
9948,Rozalia,Mortka,24,Lublin,Operations,15593,1,True,senior,2025
9949,Olgierd,Kunda,44,Rzeszów,Operations,7294,22,False,junior,2010
9950,Blanka,Klaja,26,Katowice,Operations,18307,1,False,lead,2019
9951,Nicole,Bogaczyk,53,Lublin,Marketing,12922,16,False,senior,2020
9952,Radosław,Sacharczuk,38,Gdańsk,Sales,13108,5,True,mid,2024
9953,Andrzej,Świgoń,47,Gdańsk,IT,7716,18,False,junior,2025
9954,Karina,Waraksa,62,Warszawa,Finance,10935,1,False,mid,2021
9955,Wiktor,Berek,61,Warszawa,HR,7854,3,False,mid,2024
9956,Jędrzej,Stark,41,Białystok,Operations,9476,1,False,mid,2011
9957,Adam,Gnyp,52,Gdańsk,Support,15701,0,True,senior,2017
9958,Olga,Hadaś,58,Rzeszów,Operations,5029,31,False,junior,2016
9959,Kornelia,Herok,64,Poznań,Marketing,18584,13,False,lead,2020
9960,Urszula,Wojtczuk,58,Łódź,Sales,14341,4,False,senior,2022
9961,Antoni,Miotke,36,Poznań,IT,8550,9,False,junior,2010
9962,Leonard,Wita,52,Katowice,Sales,10254,7,False,mid,2013
9963,Norbert,Pik,39,Łódź,HR,9107,2,False,mid,2011
9964,Ada,Kielich,50,Wrocław,Marketing,13699,21,False,senior,2010
9965,Marika,Pioch,53,Wrocław,Marketing,17407,23,False,lead,2025
9966,Julianna,Połom,53,Warszawa,Operations,14293,3,False,senior,2021
9967,Olga,Jas,58,Wrocław,IT,9870,28,False,mid,2017
9968,Marek,Kasper,61,Rzeszów,IT,7702,11,False,junior,2022
9969,Andrzej,Kuder,46,Rzeszów,HR,9871,18,False,mid,2024
9970,Leon,Fechner,64,Poznań,IT,8649,36,False,junior,2012
9971,Damian,Cieplucha,36,Wrocław,IT,7641,10,False,junior,2011
9972,Arkadiusz,Wandas,62,Kraków,IT,9945,1,False,mid,2019
9973,Albert,Oziębło,37,Wrocław,Finance,13931,2,True,mid,2018
9974,Karol,Martyka,23,Lublin,Support,8271,0,False,mid,2012
9975,Karol,Kawula,49,Lublin,Sales,9564,16,False,mid,2022
9976,Mateusz,Wojaczek,32,Kraków,Operations,6091,1,False,junior,2025
9977,Rozalia,Sadłocha,30,Wrocław,HR,13910,1,False,senior,2016
9978,Anastazja,Mikłaszewicz,48,Białystok,IT,11393,22,True,junior,2014
9979,Tomasz,Lulek,47,Poznań,IT,17705,0,False,lead,2019
9980,Krystian,Irzyk,38,Poznań,IT,9745,2,False,mid,2025
9981,Jakub,Wojtalewicz,31,Gdańsk,Sales,11141,7,False,mid,2018
9982,Kajetan,Witas,62,Katowice,Marketing,14335,3,False,senior,2015
9983,Łukasz,Góraj,46,Białystok,Support,7059,13,False,junior,2017
9984,Dariusz,Bochnak,63,Warszawa,Marketing,8358,24,False,mid,2010
9985,Maurycy,Hapka,32,Katowice,Support,8614,2,False,mid,2019
9986,Anita,Mieszała,59,Wrocław,HR,7742,12,False,mid,2025
9987,Maciej,Pastuszko,60,Poznań,Sales,11062,33,False,mid,2013
9988,Fabian,Skierka,60,Gdańsk,Sales,6802,22,False,junior,2019
9989,Oskar,Ostapiuk,53,Warszawa,Operations,9758,28,False,mid,2016
9990,Janina,Kawula,62,Kraków,Marketing,8559,13,False,mid,2015
9991,Maciej,Pasich,57,Gdańsk,HR,16558,1,False,lead,2014
9992,Jakub,Urynowicz,25,Warszawa,HR,5179,3,False,junior,2011
9993,Eryk,Graboń,44,Warszawa,Operations,9717,12,False,mid,2010
9994,Alan,Jędral,51,Łódź,Sales,16817,11,False,lead,2017
9995,Kamila,Rozynek,35,Łódź,Sales,10683,8,False,mid,2017
9996,Marika,Froń,34,Poznań,Sales,6127,8,False,junior,2024
9997,Cezary,Wandas,31,Rzeszów,Support,17903,3,False,lead,2013
9998,Aleks,Zapora,44,Gdańsk,Sales,6201,3,False,junior,2010
9999,Anna Maria,Ośka,23,Katowice,Operations,5065,0,False,junior,2018
10000,Ryszard,Kuśka,36,Kraków,Operations,6669,1,False,junior,2016
