dataset_size,dataset_file,query_name,field,operator,value,strategy,workers,repeat,build_time_seconds,search_time_seconds,total_time_seconds,result_count,equal_to_linear,error
1000,employees_1000.csv,id_eq_100,id,==,100,linear,-,1,0.000000000,0.000041500,0.000041500,1,True,
1000,employees_1000.csv,id_eq_100,id,==,100,indexed,-,1,0.000126600,0.000001800,0.000128400,1,True,
1000,employees_1000.csv,id_eq_100,id,==,100,parallel,1,1,0.000000000,0.586590400,0.586590400,1,True,
1000,employees_1000.csv,id_eq_100,id,==,100,parallel,2,1,0.000000000,0.618577700,0.618577700,1,True,
1000,employees_1000.csv,id_eq_100,id,==,100,parallel,4,1,0.000000000,0.622962900,0.622962900,1,True,
1000,employees_1000.csv,id_eq_100,id,==,100,parallel,8,1,0.000000000,0.796053000,0.796053000,1,True,
1000,employees_1000.csv,id_eq_100,id,==,100,parallel,12,1,0.000000000,1.002334800,1.002334800,1,True,
1000,employees_1000.csv,id_eq_100,id,==,100,distributed,1,1,0.000000000,0.014327500,0.014327500,1,True,
1000,employees_1000.csv,id_eq_100,id,==,100,distributed,2,1,0.000000000,0.010321900,0.010321900,1,True,
1000,employees_1000.csv,id_eq_100,id,==,100,distributed,4,1,0.000000000,0.010722800,0.010722800,1,True,
1000,employees_1000.csv,id_eq_100,id,==,100,distributed,8,1,0.000000000,0.010681100,0.010681100,1,True,
1000,employees_1000.csv,id_eq_100,id,==,100,distributed,12,1,0.000000000,0.012292200,0.012292200,1,True,
1000,employees_1000.csv,id_eq_100,id,==,100,linear,-,2,0.000000000,0.000061600,0.000061600,1,True,
1000,employees_1000.csv,id_eq_100,id,==,100,indexed,-,2,0.001202900,0.000004200,0.001207100,1,True,
1000,employees_1000.csv,id_eq_100,id,==,100,parallel,1,2,0.000000000,0.659095800,0.659095800,1,True,
1000,employees_1000.csv,id_eq_100,id,==,100,parallel,2,2,0.000000000,0.645654700,0.645654700,1,True,
1000,employees_1000.csv,id_eq_100,id,==,100,parallel,4,2,0.000000000,0.660239600,0.660239600,1,True,
1000,employees_1000.csv,id_eq_100,id,==,100,parallel,8,2,0.000000000,0.891245900,0.891245900,1,True,
1000,employees_1000.csv,id_eq_100,id,==,100,parallel,12,2,0.000000000,1.028375200,1.028375200,1,True,
1000,employees_1000.csv,id_eq_100,id,==,100,distributed,1,2,0.000000000,0.007144100,0.007144100,1,True,
1000,employees_1000.csv,id_eq_100,id,==,100,distributed,2,2,0.000000000,0.004202800,0.004202800,1,True,
1000,employees_1000.csv,id_eq_100,id,==,100,distributed,4,2,0.000000000,0.006679000,0.006679000,1,True,
1000,employees_1000.csv,id_eq_100,id,==,100,distributed,8,2,0.000000000,0.004831700,0.004831700,1,True,
1000,employees_1000.csv,id_eq_100,id,==,100,distributed,12,2,0.000000000,0.012329200,0.012329200,1,True,
1000,employees_1000.csv,id_eq_100,id,==,100,linear,-,3,0.000000000,0.000060500,0.000060500,1,True,
1000,employees_1000.csv,id_eq_100,id,==,100,indexed,-,3,0.000156600,0.000001500,0.000158100,1,True,
1000,employees_1000.csv,id_eq_100,id,==,100,parallel,1,3,0.000000000,0.690760200,0.690760200,1,True,
1000,employees_1000.csv,id_eq_100,id,==,100,parallel,2,3,0.000000000,0.648912500,0.648912500,1,True,
1000,employees_1000.csv,id_eq_100,id,==,100,parallel,4,3,0.000000000,0.650221300,0.650221300,1,True,
1000,employees_1000.csv,id_eq_100,id,==,100,parallel,8,3,0.000000000,0.821584900,0.821584900,1,True,
1000,employees_1000.csv,id_eq_100,id,==,100,parallel,12,3,0.000000000,0.978338000,0.978338000,1,True,
1000,employees_1000.csv,id_eq_100,id,==,100,distributed,1,3,0.000000000,0.005395600,0.005395600,1,True,
1000,employees_1000.csv,id_eq_100,id,==,100,distributed,2,3,0.000000000,0.003832800,0.003832800,1,True,
1000,employees_1000.csv,id_eq_100,id,==,100,distributed,4,3,0.000000000,0.003910600,0.003910600,1,True,
1000,employees_1000.csv,id_eq_100,id,==,100,distributed,8,3,0.000000000,0.004061300,0.004061300,1,True,
1000,employees_1000.csv,id_eq_100,id,==,100,distributed,12,3,0.000000000,0.004681200,0.004681200,1,True,
1000,employees_1000.csv,city_eq_warszawa,city,==,Warszawa,linear,-,1,0.000000000,0.000060300,0.000060300,239,True,
1000,employees_1000.csv,city_eq_warszawa,city,==,Warszawa,indexed,-,1,0.000101900,0.000000800,0.000102700,239,True,
1000,employees_1000.csv,city_eq_warszawa,city,==,Warszawa,parallel,1,1,0.000000000,0.575581800,0.575581800,239,True,
1000,employees_1000.csv,city_eq_warszawa,city,==,Warszawa,parallel,2,1,0.000000000,0.593811600,0.593811600,239,True,
1000,employees_1000.csv,city_eq_warszawa,city,==,Warszawa,parallel,4,1,0.000000000,0.662947700,0.662947700,239,True,
1000,employees_1000.csv,city_eq_warszawa,city,==,Warszawa,parallel,8,1,0.000000000,0.807052400,0.807052400,239,True,
1000,employees_1000.csv,city_eq_warszawa,city,==,Warszawa,parallel,12,1,0.000000000,1.001188200,1.001188200,239,True,
1000,employees_1000.csv,city_eq_warszawa,city,==,Warszawa,distributed,1,1,0.000000000,0.006595500,0.006595500,239,True,
1000,employees_1000.csv,city_eq_warszawa,city,==,Warszawa,distributed,2,1,0.000000000,0.004174200,0.004174200,239,True,
1000,employees_1000.csv,city_eq_warszawa,city,==,Warszawa,distributed,4,1,0.000000000,0.004225500,0.004225500,239,True,
1000,employees_1000.csv,city_eq_warszawa,city,==,Warszawa,distributed,8,1,0.000000000,0.004642300,0.004642300,239,True,
1000,employees_1000.csv,city_eq_warszawa,city,==,Warszawa,distributed,12,1,0.000000000,0.005145500,0.005145500,239,True,
1000,employees_1000.csv,city_eq_warszawa,city,==,Warszawa,linear,-,2,0.000000000,0.000112000,0.000112000,239,True,
1000,employees_1000.csv,city_eq_warszawa,city,==,Warszawa,indexed,-,2,0.000110700,0.000001300,0.000112000,239,True,
1000,employees_1000.csv,city_eq_warszawa,city,==,Warszawa,parallel,1,2,0.000000000,0.588893700,0.588893700,239,True,
1000,employees_1000.csv,city_eq_warszawa,city,==,Warszawa,parallel,2,2,0.000000000,0.590903200,0.590903200,239,True,
1000,employees_1000.csv,city_eq_warszawa,city,==,Warszawa,parallel,4,2,0.000000000,0.636028100,0.636028100,239,True,
1000,employees_1000.csv,city_eq_warszawa,city,==,Warszawa,parallel,8,2,0.000000000,0.821232300,0.821232300,239,True,
1000,employees_1000.csv,city_eq_warszawa,city,==,Warszawa,parallel,12,2,0.000000000,1.024883100,1.024883100,239,True,
1000,employees_1000.csv,city_eq_warszawa,city,==,Warszawa,distributed,1,2,0.000000000,0.006610800,0.006610800,239,True,
1000,employees_1000.csv,city_eq_warszawa,city,==,Warszawa,distributed,2,2,0.000000000,0.004302600,0.004302600,239,True,
1000,employees_1000.csv,city_eq_warszawa,city,==,Warszawa,distributed,4,2,0.000000000,0.012740300,0.012740300,239,True,
1000,employees_1000.csv,city_eq_warszawa,city,==,Warszawa,distributed,8,2,0.000000000,0.006705700,0.006705700,239,True,
1000,employees_1000.csv,city_eq_warszawa,city,==,Warszawa,distributed,12,2,0.000000000,0.006810800,0.006810800,239,True,
1000,employees_1000.csv,city_eq_warszawa,city,==,Warszawa,linear,-,3,0.000000000,0.000079200,0.000079200,239,True,
1000,employees_1000.csv,city_eq_warszawa,city,==,Warszawa,indexed,-,3,0.000097600,0.000001200,0.000098800,239,True,
1000,employees_1000.csv,city_eq_warszawa,city,==,Warszawa,parallel,1,3,0.000000000,0.598576100,0.598576100,239,True,
1000,employees_1000.csv,city_eq_warszawa,city,==,Warszawa,parallel,2,3,0.000000000,0.611564900,0.611564900,239,True,
1000,employees_1000.csv,city_eq_warszawa,city,==,Warszawa,parallel,4,3,0.000000000,0.658907600,0.658907600,239,True,
1000,employees_1000.csv,city_eq_warszawa,city,==,Warszawa,parallel,8,3,0.000000000,0.830695000,0.830695000,239,True,
1000,employees_1000.csv,city_eq_warszawa,city,==,Warszawa,parallel,12,3,0.000000000,1.015907700,1.015907700,239,True,
1000,employees_1000.csv,city_eq_warszawa,city,==,Warszawa,distributed,1,3,0.000000000,0.006170600,0.006170600,239,True,
1000,employees_1000.csv,city_eq_warszawa,city,==,Warszawa,distributed,2,3,0.000000000,0.004332600,0.004332600,239,True,
1000,employees_1000.csv,city_eq_warszawa,city,==,Warszawa,distributed,4,3,0.000000000,0.004752900,0.004752900,239,True,
1000,employees_1000.csv,city_eq_warszawa,city,==,Warszawa,distributed,8,3,0.000000000,0.013044500,0.013044500,239,True,
1000,employees_1000.csv,city_eq_warszawa,city,==,Warszawa,distributed,12,3,0.000000000,0.006055000,0.006055000,239,True,
1000,employees_1000.csv,department_eq_it,department,==,IT,linear,-,1,0.000000000,0.000063400,0.000063400,239,True,
1000,employees_1000.csv,department_eq_it,department,==,IT,indexed,-,1,0.000107300,0.000001500,0.000108800,239,True,
1000,employees_1000.csv,department_eq_it,department,==,IT,parallel,1,1,0.000000000,0.594929200,0.594929200,239,True,
1000,employees_1000.csv,department_eq_it,department,==,IT,parallel,2,1,0.000000000,0.593891900,0.593891900,239,True,
1000,employees_1000.csv,department_eq_it,department,==,IT,parallel,4,1,0.000000000,0.651720700,0.651720700,239,True,
1000,employees_1000.csv,department_eq_it,department,==,IT,parallel,8,1,0.000000000,0.824417900,0.824417900,239,True,
1000,employees_1000.csv,department_eq_it,department,==,IT,parallel,12,1,0.000000000,1.052249500,1.052249500,239,True,
1000,employees_1000.csv,department_eq_it,department,==,IT,distributed,1,1,0.000000000,0.006097600,0.006097600,239,True,
1000,employees_1000.csv,department_eq_it,department,==,IT,distributed,2,1,0.000000000,0.012337000,0.012337000,239,True,
1000,employees_1000.csv,department_eq_it,department,==,IT,distributed,4,1,0.000000000,0.004036500,0.004036500,239,True,
1000,employees_1000.csv,department_eq_it,department,==,IT,distributed,8,1,0.000000000,0.004554800,0.004554800,239,True,
1000,employees_1000.csv,department_eq_it,department,==,IT,distributed,12,1,0.000000000,0.005246900,0.005246900,239,True,
1000,employees_1000.csv,department_eq_it,department,==,IT,linear,-,2,0.000000000,0.000076500,0.000076500,239,True,
1000,employees_1000.csv,department_eq_it,department,==,IT,indexed,-,2,0.000138400,0.000001300,0.000139700,239,True,
1000,employees_1000.csv,department_eq_it,department,==,IT,parallel,1,2,0.000000000,0.608907900,0.608907900,239,True,
1000,employees_1000.csv,department_eq_it,department,==,IT,parallel,2,2,0.000000000,0.656200300,0.656200300,239,True,
1000,employees_1000.csv,department_eq_it,department,==,IT,parallel,4,2,0.000000000,0.729796400,0.729796400,239,True,
1000,employees_1000.csv,department_eq_it,department,==,IT,parallel,8,2,0.000000000,0.958450400,0.958450400,239,True,
1000,employees_1000.csv,department_eq_it,department,==,IT,parallel,12,2,0.000000000,1.082827000,1.082827000,239,True,
1000,employees_1000.csv,department_eq_it,department,==,IT,distributed,1,2,0.000000000,0.014742100,0.014742100,239,True,
1000,employees_1000.csv,department_eq_it,department,==,IT,distributed,2,2,0.000000000,0.010061200,0.010061200,239,True,
1000,employees_1000.csv,department_eq_it,department,==,IT,distributed,4,2,0.000000000,0.007431100,0.007431100,239,True,
1000,employees_1000.csv,department_eq_it,department,==,IT,distributed,8,2,0.000000000,0.014466000,0.014466000,239,True,
1000,employees_1000.csv,department_eq_it,department,==,IT,distributed,12,2,0.000000000,0.016813200,0.016813200,239,True,
1000,employees_1000.csv,department_eq_it,department,==,IT,linear,-,3,0.000000000,0.000130200,0.000130200,239,True,
1000,employees_1000.csv,department_eq_it,department,==,IT,indexed,-,3,0.000176100,0.000001500,0.000177600,239,True,
1000,employees_1000.csv,department_eq_it,department,==,IT,parallel,1,3,0.000000000,0.629134000,0.629134000,239,True,
1000,employees_1000.csv,department_eq_it,department,==,IT,parallel,2,3,0.000000000,0.698013500,0.698013500,239,True,
1000,employees_1000.csv,department_eq_it,department,==,IT,parallel,4,3,0.000000000,0.652209900,0.652209900,239,True,
1000,employees_1000.csv,department_eq_it,department,==,IT,parallel,8,3,0.000000000,0.867497500,0.867497500,239,True,
1000,employees_1000.csv,department_eq_it,department,==,IT,parallel,12,3,0.000000000,1.053943300,1.053943300,239,True,
1000,employees_1000.csv,department_eq_it,department,==,IT,distributed,1,3,0.000000000,0.009677800,0.009677800,239,True,
1000,employees_1000.csv,department_eq_it,department,==,IT,distributed,2,3,0.000000000,0.007885500,0.007885500,239,True,
1000,employees_1000.csv,department_eq_it,department,==,IT,distributed,4,3,0.000000000,0.009518300,0.009518300,239,True,
1000,employees_1000.csv,department_eq_it,department,==,IT,distributed,8,3,0.000000000,0.011424200,0.011424200,239,True,
1000,employees_1000.csv,department_eq_it,department,==,IT,distributed,12,3,0.000000000,0.022296800,0.022296800,239,True,
1000,employees_1000.csv,salary_gt_12000,salary,>,12000,linear,-,1,0.000000000,0.000093600,0.000093600,313,True,
1000,employees_1000.csv,salary_gt_12000,salary,>,12000,indexed,-,1,0.000000000,0.000385600,0.000385600,313,True,
1000,employees_1000.csv,salary_gt_12000,salary,>,12000,parallel,1,1,0.000000000,0.695646800,0.695646800,313,True,
1000,employees_1000.csv,salary_gt_12000,salary,>,12000,parallel,2,1,0.000000000,0.646794400,0.646794400,313,True,
1000,employees_1000.csv,salary_gt_12000,salary,>,12000,parallel,4,1,0.000000000,0.679369800,0.679369800,313,True,
1000,employees_1000.csv,salary_gt_12000,salary,>,12000,parallel,8,1,0.000000000,0.875338200,0.875338200,313,True,
1000,employees_1000.csv,salary_gt_12000,salary,>,12000,parallel,12,1,0.000000000,1.102916200,1.102916200,313,True,
1000,employees_1000.csv,salary_gt_12000,salary,>,12000,distributed,1,1,0.000000000,0.010934900,0.010934900,313,True,
1000,employees_1000.csv,salary_gt_12000,salary,>,12000,distributed,2,1,0.000000000,0.007224900,0.007224900,313,True,
1000,employees_1000.csv,salary_gt_12000,salary,>,12000,distributed,4,1,0.000000000,0.007829300,0.007829300,313,True,
1000,employees_1000.csv,salary_gt_12000,salary,>,12000,distributed,8,1,0.000000000,0.012643300,0.012643300,313,True,
1000,employees_1000.csv,salary_gt_12000,salary,>,12000,distributed,12,1,0.000000000,0.021436700,0.021436700,313,True,
1000,employees_1000.csv,salary_gt_12000,salary,>,12000,linear,-,2,0.000000000,0.000120900,0.000120900,313,True,
1000,employees_1000.csv,salary_gt_12000,salary,>,12000,indexed,-,2,0.000000000,0.000354700,0.000354700,313,True,
1000,employees_1000.csv,salary_gt_12000,salary,>,12000,parallel,1,2,0.000000000,0.866029900,0.866029900,313,True,
1000,employees_1000.csv,salary_gt_12000,salary,>,12000,parallel,2,2,0.000000000,0.665373100,0.665373100,313,True,
1000,employees_1000.csv,salary_gt_12000,salary,>,12000,parallel,4,2,0.000000000,0.685041300,0.685041300,313,True,
1000,employees_1000.csv,salary_gt_12000,salary,>,12000,parallel,8,2,0.000000000,0.879923600,0.879923600,313,True,
1000,employees_1000.csv,salary_gt_12000,salary,>,12000,parallel,12,2,0.000000000,1.070081700,1.070081700,313,True,
1000,employees_1000.csv,salary_gt_12000,salary,>,12000,distributed,1,2,0.000000000,0.010546400,0.010546400,313,True,
1000,employees_1000.csv,salary_gt_12000,salary,>,12000,distributed,2,2,0.000000000,0.006986200,0.006986200,313,True,
1000,employees_1000.csv,salary_gt_12000,salary,>,12000,distributed,4,2,0.000000000,0.009250900,0.009250900,313,True,
1000,employees_1000.csv,salary_gt_12000,salary,>,12000,distributed,8,2,0.000000000,0.019986600,0.019986600,313,True,
1000,employees_1000.csv,salary_gt_12000,salary,>,12000,distributed,12,2,0.000000000,0.021668500,0.021668500,313,True,
1000,employees_1000.csv,salary_gt_12000,salary,>,12000,linear,-,3,0.000000000,0.000118500,0.000118500,313,True,
1000,employees_1000.csv,salary_gt_12000,salary,>,12000,indexed,-,3,0.000000000,0.000325400,0.000325400,313,True,
1000,employees_1000.csv,salary_gt_12000,salary,>,12000,parallel,1,3,0.000000000,0.737502700,0.737502700,313,True,
1000,employees_1000.csv,salary_gt_12000,salary,>,12000,parallel,2,3,0.000000000,0.627082600,0.627082600,313,True,
1000,employees_1000.csv,salary_gt_12000,salary,>,12000,parallel,4,3,0.000000000,0.700226400,0.700226400,313,True,
1000,employees_1000.csv,salary_gt_12000,salary,>,12000,parallel,8,3,0.000000000,0.860170100,0.860170100,313,True,
1000,employees_1000.csv,salary_gt_12000,salary,>,12000,parallel,12,3,0.000000000,1.095938700,1.095938700,313,True,
1000,employees_1000.csv,salary_gt_12000,salary,>,12000,distributed,1,3,0.000000000,0.010783900,0.010783900,313,True,
1000,employees_1000.csv,salary_gt_12000,salary,>,12000,distributed,2,3,0.000000000,0.008849400,0.008849400,313,True,
1000,employees_1000.csv,salary_gt_12000,salary,>,12000,distributed,4,3,0.000000000,0.007643400,0.007643400,313,True,
1000,employees_1000.csv,salary_gt_12000,salary,>,12000,distributed,8,3,0.000000000,0.010615700,0.010615700,313,True,
1000,employees_1000.csv,salary_gt_12000,salary,>,12000,distributed,12,3,0.000000000,0.019286100,0.019286100,313,True,
1000,employees_1000.csv,age_ge_40,age,>=,40,linear,-,1,0.000000000,0.000100400,0.000100400,600,True,
1000,employees_1000.csv,age_ge_40,age,>=,40,indexed,-,1,0.000000000,0.000270900,0.000270900,600,True,
1000,employees_1000.csv,age_ge_40,age,>=,40,parallel,1,1,0.000000000,0.734493900,0.734493900,600,True,
1000,employees_1000.csv,age_ge_40,age,>=,40,parallel,2,1,0.000000000,0.666975500,0.666975500,600,True,
1000,employees_1000.csv,age_ge_40,age,>=,40,parallel,4,1,0.000000000,0.655274700,0.655274700,600,True,
1000,employees_1000.csv,age_ge_40,age,>=,40,parallel,8,1,0.000000000,0.875306000,0.875306000,600,True,
1000,employees_1000.csv,age_ge_40,age,>=,40,parallel,12,1,0.000000000,1.072628100,1.072628100,600,True,
1000,employees_1000.csv,age_ge_40,age,>=,40,distributed,1,1,0.000000000,0.014621800,0.014621800,600,True,
1000,employees_1000.csv,age_ge_40,age,>=,40,distributed,2,1,0.000000000,0.008408100,0.008408100,600,True,
1000,employees_1000.csv,age_ge_40,age,>=,40,distributed,4,1,0.000000000,0.008195800,0.008195800,600,True,
1000,employees_1000.csv,age_ge_40,age,>=,40,distributed,8,1,0.000000000,0.013885300,0.013885300,600,True,
1000,employees_1000.csv,age_ge_40,age,>=,40,distributed,12,1,0.000000000,0.020363300,0.020363300,600,True,
1000,employees_1000.csv,age_ge_40,age,>=,40,linear,-,2,0.000000000,0.000129400,0.000129400,600,True,
1000,employees_1000.csv,age_ge_40,age,>=,40,indexed,-,2,0.000000000,0.000312400,0.000312400,600,True,
1000,employees_1000.csv,age_ge_40,age,>=,40,parallel,1,2,0.000000000,0.663467500,0.663467500,600,True,
1000,employees_1000.csv,age_ge_40,age,>=,40,parallel,2,2,0.000000000,0.644810800,0.644810800,600,True,
1000,employees_1000.csv,age_ge_40,age,>=,40,parallel,4,2,0.000000000,0.672152600,0.672152600,600,True,
1000,employees_1000.csv,age_ge_40,age,>=,40,parallel,8,2,0.000000000,0.887607200,0.887607200,600,True,
1000,employees_1000.csv,age_ge_40,age,>=,40,parallel,12,2,0.000000000,1.068821000,1.068821000,600,True,
1000,employees_1000.csv,age_ge_40,age,>=,40,distributed,1,2,0.000000000,0.013733100,0.013733100,600,True,
1000,employees_1000.csv,age_ge_40,age,>=,40,distributed,2,2,0.000000000,0.007662300,0.007662300,600,True,
1000,employees_1000.csv,age_ge_40,age,>=,40,distributed,4,2,0.000000000,0.007733500,0.007733500,600,True,
1000,employees_1000.csv,age_ge_40,age,>=,40,distributed,8,2,0.000000000,0.013070900,0.013070900,600,True,
1000,employees_1000.csv,age_ge_40,age,>=,40,distributed,12,2,0.000000000,0.016539100,0.016539100,600,True,
1000,employees_1000.csv,age_ge_40,age,>=,40,linear,-,3,0.000000000,0.000139800,0.000139800,600,True,
1000,employees_1000.csv,age_ge_40,age,>=,40,indexed,-,3,0.000000000,0.000242400,0.000242400,600,True,
1000,employees_1000.csv,age_ge_40,age,>=,40,parallel,1,3,0.000000000,0.638053800,0.638053800,600,True,
1000,employees_1000.csv,age_ge_40,age,>=,40,parallel,2,3,0.000000000,0.668842700,0.668842700,600,True,
1000,employees_1000.csv,age_ge_40,age,>=,40,parallel,4,3,0.000000000,0.685554300,0.685554300,600,True,
1000,employees_1000.csv,age_ge_40,age,>=,40,parallel,8,3,0.000000000,0.869956200,0.869956200,600,True,
1000,employees_1000.csv,age_ge_40,age,>=,40,parallel,12,3,0.000000000,1.090184600,1.090184600,600,True,
1000,employees_1000.csv,age_ge_40,age,>=,40,distributed,1,3,0.000000000,0.011101200,0.011101200,600,True,
1000,employees_1000.csv,age_ge_40,age,>=,40,distributed,2,3,0.000000000,0.008304600,0.008304600,600,True,
1000,employees_1000.csv,age_ge_40,age,>=,40,distributed,4,3,0.000000000,0.008615400,0.008615400,600,True,
1000,employees_1000.csv,age_ge_40,age,>=,40,distributed,8,3,0.000000000,0.010641700,0.010641700,600,True,
1000,employees_1000.csv,age_ge_40,age,>=,40,distributed,12,3,0.000000000,0.015910200,0.015910200,600,True,
1000,employees_1000.csv,is_manager_eq_true,is_manager,==,True,linear,-,1,0.000000000,0.000091200,0.000091200,102,True,
1000,employees_1000.csv,is_manager_eq_true,is_manager,==,True,indexed,-,1,0.000162200,0.000001700,0.000163900,102,True,
1000,employees_1000.csv,is_manager_eq_true,is_manager,==,True,parallel,1,1,0.000000000,0.653476200,0.653476200,102,True,
1000,employees_1000.csv,is_manager_eq_true,is_manager,==,True,parallel,2,1,0.000000000,0.660171300,0.660171300,102,True,
1000,employees_1000.csv,is_manager_eq_true,is_manager,==,True,parallel,4,1,0.000000000,0.669366200,0.669366200,102,True,
1000,employees_1000.csv,is_manager_eq_true,is_manager,==,True,parallel,8,1,0.000000000,0.848706300,0.848706300,102,True,
1000,employees_1000.csv,is_manager_eq_true,is_manager,==,True,parallel,12,1,0.000000000,1.071376900,1.071376900,102,True,
1000,employees_1000.csv,is_manager_eq_true,is_manager,==,True,distributed,1,1,0.000000000,0.009339800,0.009339800,102,True,
1000,employees_1000.csv,is_manager_eq_true,is_manager,==,True,distributed,2,1,0.000000000,0.007576600,0.007576600,102,True,
1000,employees_1000.csv,is_manager_eq_true,is_manager,==,True,distributed,4,1,0.000000000,0.006641200,0.006641200,102,True,
1000,employees_1000.csv,is_manager_eq_true,is_manager,==,True,distributed,8,1,0.000000000,0.013728800,0.013728800,102,True,
1000,employees_1000.csv,is_manager_eq_true,is_manager,==,True,distributed,12,1,0.000000000,0.016004500,0.016004500,102,True,
1000,employees_1000.csv,is_manager_eq_true,is_manager,==,True,linear,-,2,0.000000000,0.000100600,0.000100600,102,True,
1000,employees_1000.csv,is_manager_eq_true,is_manager,==,True,indexed,-,2,0.000180200,0.000001500,0.000181700,102,True,
1000,employees_1000.csv,is_manager_eq_true,is_manager,==,True,parallel,1,2,0.000000000,0.665409600,0.665409600,102,True,
1000,employees_1000.csv,is_manager_eq_true,is_manager,==,True,parallel,2,2,0.000000000,0.633863200,0.633863200,102,True,
1000,employees_1000.csv,is_manager_eq_true,is_manager,==,True,parallel,4,2,0.000000000,0.654521800,0.654521800,102,True,
1000,employees_1000.csv,is_manager_eq_true,is_manager,==,True,parallel,8,2,0.000000000,0.846228600,0.846228600,102,True,
1000,employees_1000.csv,is_manager_eq_true,is_manager,==,True,parallel,12,2,0.000000000,1.078043700,1.078043700,102,True,
1000,employees_1000.csv,is_manager_eq_true,is_manager,==,True,distributed,1,2,0.000000000,0.010965200,0.010965200,102,True,
1000,employees_1000.csv,is_manager_eq_true,is_manager,==,True,distributed,2,2,0.000000000,0.007014400,0.007014400,102,True,
1000,employees_1000.csv,is_manager_eq_true,is_manager,==,True,distributed,4,2,0.000000000,0.007212300,0.007212300,102,True,
1000,employees_1000.csv,is_manager_eq_true,is_manager,==,True,distributed,8,2,0.000000000,0.012412100,0.012412100,102,True,
1000,employees_1000.csv,is_manager_eq_true,is_manager,==,True,distributed,12,2,0.000000000,0.014402600,0.014402600,102,True,
1000,employees_1000.csv,is_manager_eq_true,is_manager,==,True,linear,-,3,0.000000000,0.000095200,0.000095200,102,True,
1000,employees_1000.csv,is_manager_eq_true,is_manager,==,True,indexed,-,3,0.000137400,0.000001500,0.000138900,102,True,
1000,employees_1000.csv,is_manager_eq_true,is_manager,==,True,parallel,1,3,0.000000000,0.671303800,0.671303800,102,True,
1000,employees_1000.csv,is_manager_eq_true,is_manager,==,True,parallel,2,3,0.000000000,0.638589500,0.638589500,102,True,
1000,employees_1000.csv,is_manager_eq_true,is_manager,==,True,parallel,4,3,0.000000000,0.654186100,0.654186100,102,True,
1000,employees_1000.csv,is_manager_eq_true,is_manager,==,True,parallel,8,3,0.000000000,0.843192600,0.843192600,102,True,
1000,employees_1000.csv,is_manager_eq_true,is_manager,==,True,parallel,12,3,0.000000000,1.098380600,1.098380600,102,True,
1000,employees_1000.csv,is_manager_eq_true,is_manager,==,True,distributed,1,3,0.000000000,0.010816800,0.010816800,102,True,
1000,employees_1000.csv,is_manager_eq_true,is_manager,==,True,distributed,2,3,0.000000000,0.006379500,0.006379500,102,True,
1000,employees_1000.csv,is_manager_eq_true,is_manager,==,True,distributed,4,3,0.000000000,0.008381000,0.008381000,102,True,
1000,employees_1000.csv,is_manager_eq_true,is_manager,==,True,distributed,8,3,0.000000000,0.010288500,0.010288500,102,True,
1000,employees_1000.csv,is_manager_eq_true,is_manager,==,True,distributed,12,3,0.000000000,0.014872400,0.014872400,102,True,
1000,employees_1000.csv,last_name_contains_ski,last_name,contains,ski,linear,-,1,0.000000000,0.000139300,0.000139300,2,True,
1000,employees_1000.csv,last_name_contains_ski,last_name,contains,ski,indexed,-,1,0.000000000,0.000400700,0.000400700,2,True,
1000,employees_1000.csv,last_name_contains_ski,last_name,contains,ski,parallel,1,1,0.000000000,0.705737200,0.705737200,2,True,
1000,employees_1000.csv,last_name_contains_ski,last_name,contains,ski,parallel,2,1,0.000000000,0.641842100,0.641842100,2,True,
1000,employees_1000.csv,last_name_contains_ski,last_name,contains,ski,parallel,4,1,0.000000000,0.682132900,0.682132900,2,True,
1000,employees_1000.csv,last_name_contains_ski,last_name,contains,ski,parallel,8,1,0.000000000,0.889120300,0.889120300,2,True,
1000,employees_1000.csv,last_name_contains_ski,last_name,contains,ski,parallel,12,1,0.000000000,1.079259100,1.079259100,2,True,
1000,employees_1000.csv,last_name_contains_ski,last_name,contains,ski,distributed,1,1,0.000000000,0.008971200,0.008971200,2,True,
1000,employees_1000.csv,last_name_contains_ski,last_name,contains,ski,distributed,2,1,0.000000000,0.006086800,0.006086800,2,True,
1000,employees_1000.csv,last_name_contains_ski,last_name,contains,ski,distributed,4,1,0.000000000,0.006375500,0.006375500,2,True,
1000,employees_1000.csv,last_name_contains_ski,last_name,contains,ski,distributed,8,1,0.000000000,0.011670500,0.011670500,2,True,
1000,employees_1000.csv,last_name_contains_ski,last_name,contains,ski,distributed,12,1,0.000000000,0.016607900,0.016607900,2,True,
1000,employees_1000.csv,last_name_contains_ski,last_name,contains,ski,linear,-,2,0.000000000,0.000163000,0.000163000,2,True,
1000,employees_1000.csv,last_name_contains_ski,last_name,contains,ski,indexed,-,2,0.000000000,0.000435400,0.000435400,2,True,
1000,employees_1000.csv,last_name_contains_ski,last_name,contains,ski,parallel,1,2,0.000000000,0.724258500,0.724258500,2,True,
1000,employees_1000.csv,last_name_contains_ski,last_name,contains,ski,parallel,2,2,0.000000000,0.619986800,0.619986800,2,True,
1000,employees_1000.csv,last_name_contains_ski,last_name,contains,ski,parallel,4,2,0.000000000,0.655977900,0.655977900,2,True,
1000,employees_1000.csv,last_name_contains_ski,last_name,contains,ski,parallel,8,2,0.000000000,0.882411400,0.882411400,2,True,
1000,employees_1000.csv,last_name_contains_ski,last_name,contains,ski,parallel,12,2,0.000000000,1.105452000,1.105452000,2,True,
1000,employees_1000.csv,last_name_contains_ski,last_name,contains,ski,distributed,1,2,0.000000000,0.009761900,0.009761900,2,True,
1000,employees_1000.csv,last_name_contains_ski,last_name,contains,ski,distributed,2,2,0.000000000,0.006994700,0.006994700,2,True,
1000,employees_1000.csv,last_name_contains_ski,last_name,contains,ski,distributed,4,2,0.000000000,0.008067000,0.008067000,2,True,
1000,employees_1000.csv,last_name_contains_ski,last_name,contains,ski,distributed,8,2,0.000000000,0.011685700,0.011685700,2,True,
1000,employees_1000.csv,last_name_contains_ski,last_name,contains,ski,distributed,12,2,0.000000000,0.040965700,0.040965700,2,True,
1000,employees_1000.csv,last_name_contains_ski,last_name,contains,ski,linear,-,3,0.000000000,0.000160600,0.000160600,2,True,
1000,employees_1000.csv,last_name_contains_ski,last_name,contains,ski,indexed,-,3,0.000000000,0.000391900,0.000391900,2,True,
1000,employees_1000.csv,last_name_contains_ski,last_name,contains,ski,parallel,1,3,0.000000000,0.718479700,0.718479700,2,True,
1000,employees_1000.csv,last_name_contains_ski,last_name,contains,ski,parallel,2,3,0.000000000,0.682365100,0.682365100,2,True,
1000,employees_1000.csv,last_name_contains_ski,last_name,contains,ski,parallel,4,3,0.000000000,0.713008300,0.713008300,2,True,
1000,employees_1000.csv,last_name_contains_ski,last_name,contains,ski,parallel,8,3,0.000000000,0.953043200,0.953043200,2,True,
1000,employees_1000.csv,last_name_contains_ski,last_name,contains,ski,parallel,12,3,0.000000000,1.149975200,1.149975200,2,True,
1000,employees_1000.csv,last_name_contains_ski,last_name,contains,ski,distributed,1,3,0.000000000,0.009323700,0.009323700,2,True,
1000,employees_1000.csv,last_name_contains_ski,last_name,contains,ski,distributed,2,3,0.000000000,0.007356000,0.007356000,2,True,
1000,employees_1000.csv,last_name_contains_ski,last_name,contains,ski,distributed,4,3,0.000000000,0.007620200,0.007620200,2,True,
1000,employees_1000.csv,last_name_contains_ski,last_name,contains,ski,distributed,8,3,0.000000000,0.011161900,0.011161900,2,True,
1000,employees_1000.csv,last_name_contains_ski,last_name,contains,ski,distributed,12,3,0.000000000,0.020009400,0.020009400,2,True,
5000,employees_5000.csv,id_eq_100,id,==,100,linear,-,1,0.000000000,0.000390100,0.000390100,1,True,
5000,employees_5000.csv,id_eq_100,id,==,100,indexed,-,1,0.001363700,0.000002500,0.001366200,1,True,
5000,employees_5000.csv,id_eq_100,id,==,100,parallel,1,1,0.000000000,0.719172800,0.719172800,1,True,
5000,employees_5000.csv,id_eq_100,id,==,100,parallel,2,1,0.000000000,0.685941000,0.685941000,1,True,
5000,employees_5000.csv,id_eq_100,id,==,100,parallel,4,1,0.000000000,0.747928700,0.747928700,1,True,
5000,employees_5000.csv,id_eq_100,id,==,100,parallel,8,1,0.000000000,0.917684400,0.917684400,1,True,
5000,employees_5000.csv,id_eq_100,id,==,100,parallel,12,1,0.000000000,1.089992500,1.089992500,1,True,
5000,employees_5000.csv,id_eq_100,id,==,100,distributed,1,1,0.000000000,0.014078100,0.014078100,1,True,
5000,employees_5000.csv,id_eq_100,id,==,100,distributed,2,1,0.000000000,0.011691900,0.011691900,1,True,
5000,employees_5000.csv,id_eq_100,id,==,100,distributed,4,1,0.000000000,0.022162400,0.022162400,1,True,
5000,employees_5000.csv,id_eq_100,id,==,100,distributed,8,1,0.000000000,0.008064500,0.008064500,1,True,
5000,employees_5000.csv,id_eq_100,id,==,100,distributed,12,1,0.000000000,0.007537900,0.007537900,1,True,
5000,employees_5000.csv,id_eq_100,id,==,100,linear,-,2,0.000000000,0.000468000,0.000468000,1,True,
5000,employees_5000.csv,id_eq_100,id,==,100,indexed,-,2,0.000543500,0.000001300,0.000544800,1,True,
5000,employees_5000.csv,id_eq_100,id,==,100,parallel,1,2,0.000000000,0.677323700,0.677323700,1,True,
5000,employees_5000.csv,id_eq_100,id,==,100,parallel,2,2,0.000000000,0.661280300,0.661280300,1,True,
5000,employees_5000.csv,id_eq_100,id,==,100,parallel,4,2,0.000000000,0.697616000,0.697616000,1,True,
5000,employees_5000.csv,id_eq_100,id,==,100,parallel,8,2,0.000000000,0.914729900,0.914729900,1,True,
5000,employees_5000.csv,id_eq_100,id,==,100,parallel,12,2,0.000000000,1.092661600,1.092661600,1,True,
5000,employees_5000.csv,id_eq_100,id,==,100,distributed,1,2,0.000000000,0.025620300,0.025620300,1,True,
5000,employees_5000.csv,id_eq_100,id,==,100,distributed,2,2,0.000000000,0.010242700,0.010242700,1,True,
5000,employees_5000.csv,id_eq_100,id,==,100,distributed,4,2,0.000000000,0.022419400,0.022419400,1,True,
5000,employees_5000.csv,id_eq_100,id,==,100,distributed,8,2,0.000000000,0.007586500,0.007586500,1,True,
5000,employees_5000.csv,id_eq_100,id,==,100,distributed,12,2,0.000000000,0.008444800,0.008444800,1,True,
5000,employees_5000.csv,id_eq_100,id,==,100,linear,-,3,0.000000000,0.000299100,0.000299100,1,True,
5000,employees_5000.csv,id_eq_100,id,==,100,indexed,-,3,0.000561500,0.000001600,0.000563100,1,True,
5000,employees_5000.csv,id_eq_100,id,==,100,parallel,1,3,0.000000000,0.639643900,0.639643900,1,True,
5000,employees_5000.csv,id_eq_100,id,==,100,parallel,2,3,0.000000000,0.641135200,0.641135200,1,True,
5000,employees_5000.csv,id_eq_100,id,==,100,parallel,4,3,0.000000000,0.667701900,0.667701900,1,True,
5000,employees_5000.csv,id_eq_100,id,==,100,parallel,8,3,0.000000000,0.864200000,0.864200000,1,True,
5000,employees_5000.csv,id_eq_100,id,==,100,parallel,12,3,0.000000000,1.115128300,1.115128300,1,True,
5000,employees_5000.csv,id_eq_100,id,==,100,distributed,1,3,0.000000000,0.014472300,0.014472300,1,True,
5000,employees_5000.csv,id_eq_100,id,==,100,distributed,2,3,0.000000000,0.010938900,0.010938900,1,True,
5000,employees_5000.csv,id_eq_100,id,==,100,distributed,4,3,0.000000000,0.011029400,0.011029400,1,True,
5000,employees_5000.csv,id_eq_100,id,==,100,distributed,8,3,0.000000000,0.008306500,0.008306500,1,True,
5000,employees_5000.csv,id_eq_100,id,==,100,distributed,12,3,0.000000000,0.007358200,0.007358200,1,True,
5000,employees_5000.csv,city_eq_warszawa,city,==,Warszawa,linear,-,1,0.000000000,0.000317300,0.000317300,1132,True,
5000,employees_5000.csv,city_eq_warszawa,city,==,Warszawa,indexed,-,1,0.000454400,0.000001300,0.000455700,1132,True,
5000,employees_5000.csv,city_eq_warszawa,city,==,Warszawa,parallel,1,1,0.000000000,0.640915200,0.640915200,1132,True,
5000,employees_5000.csv,city_eq_warszawa,city,==,Warszawa,parallel,2,1,0.000000000,0.617003900,0.617003900,1132,True,
5000,employees_5000.csv,city_eq_warszawa,city,==,Warszawa,parallel,4,1,0.000000000,0.693089900,0.693089900,1132,True,
5000,employees_5000.csv,city_eq_warszawa,city,==,Warszawa,parallel,8,1,0.000000000,0.862495200,0.862495200,1132,True,
5000,employees_5000.csv,city_eq_warszawa,city,==,Warszawa,parallel,12,1,0.000000000,1.079369000,1.079369000,1132,True,
5000,employees_5000.csv,city_eq_warszawa,city,==,Warszawa,distributed,1,1,0.000000000,0.017601600,0.017601600,1132,True,
5000,employees_5000.csv,city_eq_warszawa,city,==,Warszawa,distributed,2,1,0.000000000,0.012758300,0.012758300,1132,True,
5000,employees_5000.csv,city_eq_warszawa,city,==,Warszawa,distributed,4,1,0.000000000,0.021555600,0.021555600,1132,True,
5000,employees_5000.csv,city_eq_warszawa,city,==,Warszawa,distributed,8,1,0.000000000,0.009703000,0.009703000,1132,True,
5000,employees_5000.csv,city_eq_warszawa,city,==,Warszawa,distributed,12,1,0.000000000,0.010151500,0.010151500,1132,True,
5000,employees_5000.csv,city_eq_warszawa,city,==,Warszawa,linear,-,2,0.000000000,0.000350000,0.000350000,1132,True,
5000,employees_5000.csv,city_eq_warszawa,city,==,Warszawa,indexed,-,2,0.000501200,0.000001200,0.000502400,1132,True,
5000,employees_5000.csv,city_eq_warszawa,city,==,Warszawa,parallel,1,2,0.000000000,0.681395000,0.681395000,1132,True,
5000,employees_5000.csv,city_eq_warszawa,city,==,Warszawa,parallel,2,2,0.000000000,0.645736700,0.645736700,1132,True,
5000,employees_5000.csv,city_eq_warszawa,city,==,Warszawa,parallel,4,2,0.000000000,0.664008500,0.664008500,1132,True,
5000,employees_5000.csv,city_eq_warszawa,city,==,Warszawa,parallel,8,2,0.000000000,0.852951300,0.852951300,1132,True,
5000,employees_5000.csv,city_eq_warszawa,city,==,Warszawa,parallel,12,2,0.000000000,1.100483500,1.100483500,1132,True,
5000,employees_5000.csv,city_eq_warszawa,city,==,Warszawa,distributed,1,2,0.000000000,0.017542600,0.017542600,1132,True,
5000,employees_5000.csv,city_eq_warszawa,city,==,Warszawa,distributed,2,2,0.000000000,0.014079200,0.014079200,1132,True,
5000,employees_5000.csv,city_eq_warszawa,city,==,Warszawa,distributed,4,2,0.000000000,0.021861400,0.021861400,1132,True,
5000,employees_5000.csv,city_eq_warszawa,city,==,Warszawa,distributed,8,2,0.000000000,0.010874300,0.010874300,1132,True,
5000,employees_5000.csv,city_eq_warszawa,city,==,Warszawa,distributed,12,2,0.000000000,0.010900500,0.010900500,1132,True,
5000,employees_5000.csv,city_eq_warszawa,city,==,Warszawa,linear,-,3,0.000000000,0.000539000,0.000539000,1132,True,
5000,employees_5000.csv,city_eq_warszawa,city,==,Warszawa,indexed,-,3,0.000511600,0.000001600,0.000513200,1132,True,
5000,employees_5000.csv,city_eq_warszawa,city,==,Warszawa,parallel,1,3,0.000000000,1.034942200,1.034942200,1132,True,
5000,employees_5000.csv,city_eq_warszawa,city,==,Warszawa,parallel,2,3,0.000000000,0.652043600,0.652043600,1132,True,
5000,employees_5000.csv,city_eq_warszawa,city,==,Warszawa,parallel,4,3,0.000000000,0.705633200,0.705633200,1132,True,
5000,employees_5000.csv,city_eq_warszawa,city,==,Warszawa,parallel,8,3,0.000000000,0.860037700,0.860037700,1132,True,
5000,employees_5000.csv,city_eq_warszawa,city,==,Warszawa,parallel,12,3,0.000000000,1.069865600,1.069865600,1132,True,
5000,employees_5000.csv,city_eq_warszawa,city,==,Warszawa,distributed,1,3,0.000000000,0.016844800,0.016844800,1132,True,
5000,employees_5000.csv,city_eq_warszawa,city,==,Warszawa,distributed,2,3,0.000000000,0.012478800,0.012478800,1132,True,
5000,employees_5000.csv,city_eq_warszawa,city,==,Warszawa,distributed,4,3,0.000000000,0.014693900,0.014693900,1132,True,
5000,employees_5000.csv,city_eq_warszawa,city,==,Warszawa,distributed,8,3,0.000000000,0.011463900,0.011463900,1132,True,
5000,employees_5000.csv,city_eq_warszawa,city,==,Warszawa,distributed,12,3,0.000000000,0.011367300,0.011367300,1132,True,
5000,employees_5000.csv,department_eq_it,department,==,IT,linear,-,1,0.000000000,0.000477500,0.000477500,1233,True,
5000,employees_5000.csv,department_eq_it,department,==,IT,indexed,-,1,0.000495000,0.000001500,0.000496500,1233,True,
5000,employees_5000.csv,department_eq_it,department,==,IT,parallel,1,1,0.000000000,0.622352300,0.622352300,1233,True,
5000,employees_5000.csv,department_eq_it,department,==,IT,parallel,2,1,0.000000000,0.624339600,0.624339600,1233,True,
5000,employees_5000.csv,department_eq_it,department,==,IT,parallel,4,1,0.000000000,0.650059500,0.650059500,1233,True,
5000,employees_5000.csv,department_eq_it,department,==,IT,parallel,8,1,0.000000000,0.878389600,0.878389600,1233,True,
5000,employees_5000.csv,department_eq_it,department,==,IT,parallel,12,1,0.000000000,1.082416500,1.082416500,1233,True,
5000,employees_5000.csv,department_eq_it,department,==,IT,distributed,1,1,0.000000000,0.017492700,0.017492700,1233,True,
5000,employees_5000.csv,department_eq_it,department,==,IT,distributed,2,1,0.000000000,0.013043300,0.013043300,1233,True,
5000,employees_5000.csv,department_eq_it,department,==,IT,distributed,4,1,0.000000000,0.012054400,0.012054400,1233,True,
5000,employees_5000.csv,department_eq_it,department,==,IT,distributed,8,1,0.000000000,0.009813400,0.009813400,1233,True,
5000,employees_5000.csv,department_eq_it,department,==,IT,distributed,12,1,0.000000000,0.009467900,0.009467900,1233,True,
5000,employees_5000.csv,department_eq_it,department,==,IT,linear,-,2,0.000000000,0.000379900,0.000379900,1233,True,
5000,employees_5000.csv,department_eq_it,department,==,IT,indexed,-,2,0.000549200,0.000001400,0.000550600,1233,True,
5000,employees_5000.csv,department_eq_it,department,==,IT,parallel,1,2,0.000000000,0.709544500,0.709544500,1233,True,
5000,employees_5000.csv,department_eq_it,department,==,IT,parallel,2,2,0.000000000,0.622252200,0.622252200,1233,True,
5000,employees_5000.csv,department_eq_it,department,==,IT,parallel,4,2,0.000000000,0.662296000,0.662296000,1233,True,
5000,employees_5000.csv,department_eq_it,department,==,IT,parallel,8,2,0.000000000,0.858615900,0.858615900,1233,True,
5000,employees_5000.csv,department_eq_it,department,==,IT,parallel,12,2,0.000000000,1.085389200,1.085389200,1233,True,
5000,employees_5000.csv,department_eq_it,department,==,IT,distributed,1,2,0.000000000,0.018984700,0.018984700,1233,True,
5000,employees_5000.csv,department_eq_it,department,==,IT,distributed,2,2,0.000000000,0.026861500,0.026861500,1233,True,
5000,employees_5000.csv,department_eq_it,department,==,IT,distributed,4,2,0.000000000,0.013844300,0.013844300,1233,True,
5000,employees_5000.csv,department_eq_it,department,==,IT,distributed,8,2,0.000000000,0.009042600,0.009042600,1233,True,
5000,employees_5000.csv,department_eq_it,department,==,IT,distributed,12,2,0.000000000,0.009243100,0.009243100,1233,True,
5000,employees_5000.csv,department_eq_it,department,==,IT,linear,-,3,0.000000000,0.000335900,0.000335900,1233,True,
5000,employees_5000.csv,department_eq_it,department,==,IT,indexed,-,3,0.000437500,0.000001200,0.000438700,1233,True,
5000,employees_5000.csv,department_eq_it,department,==,IT,parallel,1,3,0.000000000,0.641536800,0.641536800,1233,True,
5000,employees_5000.csv,department_eq_it,department,==,IT,parallel,2,3,0.000000000,0.622653400,0.622653400,1233,True,
5000,employees_5000.csv,department_eq_it,department,==,IT,parallel,4,3,0.000000000,0.673961400,0.673961400,1233,True,
5000,employees_5000.csv,department_eq_it,department,==,IT,parallel,8,3,0.000000000,0.870859600,0.870859600,1233,True,
5000,employees_5000.csv,department_eq_it,department,==,IT,parallel,12,3,0.000000000,1.099171500,1.099171500,1233,True,
5000,employees_5000.csv,department_eq_it,department,==,IT,distributed,1,3,0.000000000,0.018005600,0.018005600,1233,True,
5000,employees_5000.csv,department_eq_it,department,==,IT,distributed,2,3,0.000000000,0.013411300,0.013411300,1233,True,
5000,employees_5000.csv,department_eq_it,department,==,IT,distributed,4,3,0.000000000,0.013822900,0.013822900,1233,True,
5000,employees_5000.csv,department_eq_it,department,==,IT,distributed,8,3,0.000000000,0.011063800,0.011063800,1233,True,
5000,employees_5000.csv,department_eq_it,department,==,IT,distributed,12,3,0.000000000,0.011141200,0.011141200,1233,True,
5000,employees_5000.csv,salary_gt_12000,salary,>,12000,linear,-,1,0.000000000,0.000346400,0.000346400,1682,True,
5000,employees_5000.csv,salary_gt_12000,salary,>,12000,indexed,-,1,0.000000000,0.000883200,0.000883200,1682,True,
5000,employees_5000.csv,salary_gt_12000,salary,>,12000,parallel,1,1,0.000000000,0.653380600,0.653380600,1682,True,
5000,employees_5000.csv,salary_gt_12000,salary,>,12000,parallel,2,1,0.000000000,0.659930100,0.659930100,1682,True,
5000,employees_5000.csv,salary_gt_12000,salary,>,12000,parallel,4,1,0.000000000,0.687204200,0.687204200,1682,True,
5000,employees_5000.csv,salary_gt_12000,salary,>,12000,parallel,8,1,0.000000000,0.841299200,0.841299200,1682,True,
5000,employees_5000.csv,salary_gt_12000,salary,>,12000,parallel,12,1,0.000000000,1.061192200,1.061192200,1682,True,
5000,employees_5000.csv,salary_gt_12000,salary,>,12000,distributed,1,1,0.000000000,0.017636300,0.017636300,1682,True,
5000,employees_5000.csv,salary_gt_12000,salary,>,12000,distributed,2,1,0.000000000,0.013949200,0.013949200,1682,True,
5000,employees_5000.csv,salary_gt_12000,salary,>,12000,distributed,4,1,0.000000000,0.014719500,0.014719500,1682,True,
5000,employees_5000.csv,salary_gt_12000,salary,>,12000,distributed,8,1,0.000000000,0.027905500,0.027905500,1682,True,
5000,employees_5000.csv,salary_gt_12000,salary,>,12000,distributed,12,1,0.000000000,0.017098700,0.017098700,1682,True,
5000,employees_5000.csv,salary_gt_12000,salary,>,12000,linear,-,2,0.000000000,0.000401700,0.000401700,1682,True,
5000,employees_5000.csv,salary_gt_12000,salary,>,12000,indexed,-,2,0.000000000,0.000949600,0.000949600,1682,True,
5000,employees_5000.csv,salary_gt_12000,salary,>,12000,parallel,1,2,0.000000000,0.642669300,0.642669300,1682,True,
5000,employees_5000.csv,salary_gt_12000,salary,>,12000,parallel,2,2,0.000000000,0.607295600,0.607295600,1682,True,
5000,employees_5000.csv,salary_gt_12000,salary,>,12000,parallel,4,2,0.000000000,0.663374200,0.663374200,1682,True,
5000,employees_5000.csv,salary_gt_12000,salary,>,12000,parallel,8,2,0.000000000,0.859189100,0.859189100,1682,True,
5000,employees_5000.csv,salary_gt_12000,salary,>,12000,parallel,12,2,0.000000000,1.072298300,1.072298300,1682,True,
5000,employees_5000.csv,salary_gt_12000,salary,>,12000,distributed,1,2,0.000000000,0.018284900,0.018284900,1682,True,
5000,employees_5000.csv,salary_gt_12000,salary,>,12000,distributed,2,2,0.000000000,0.016433200,0.016433200,1682,True,
5000,employees_5000.csv,salary_gt_12000,salary,>,12000,distributed,4,2,0.000000000,0.012871400,0.012871400,1682,True,
5000,employees_5000.csv,salary_gt_12000,salary,>,12000,distributed,8,2,0.000000000,0.010838400,0.010838400,1682,True,
5000,employees_5000.csv,salary_gt_12000,salary,>,12000,distributed,12,2,0.000000000,0.011273600,0.011273600,1682,True,
5000,employees_5000.csv,salary_gt_12000,salary,>,12000,linear,-,3,0.000000000,0.000305100,0.000305100,1682,True,
5000,employees_5000.csv,salary_gt_12000,salary,>,12000,indexed,-,3,0.000000000,0.001045200,0.001045200,1682,True,
5000,employees_5000.csv,salary_gt_12000,salary,>,12000,parallel,1,3,0.000000000,0.639217100,0.639217100,1682,True,
5000,employees_5000.csv,salary_gt_12000,salary,>,12000,parallel,2,3,0.000000000,0.642653800,0.642653800,1682,True,
5000,employees_5000.csv,salary_gt_12000,salary,>,12000,parallel,4,3,0.000000000,0.663694400,0.663694400,1682,True,
5000,employees_5000.csv,salary_gt_12000,salary,>,12000,parallel,8,3,0.000000000,0.856061100,0.856061100,1682,True,
5000,employees_5000.csv,salary_gt_12000,salary,>,12000,parallel,12,3,0.000000000,1.097678400,1.097678400,1682,True,
5000,employees_5000.csv,salary_gt_12000,salary,>,12000,distributed,1,3,0.000000000,0.029678800,0.029678800,1682,True,
5000,employees_5000.csv,salary_gt_12000,salary,>,12000,distributed,2,3,0.000000000,0.014711900,0.014711900,1682,True,
5000,employees_5000.csv,salary_gt_12000,salary,>,12000,distributed,4,3,0.000000000,0.013841500,0.013841500,1682,True,
5000,employees_5000.csv,salary_gt_12000,salary,>,12000,distributed,8,3,0.000000000,0.009638400,0.009638400,1682,True,
5000,employees_5000.csv,salary_gt_12000,salary,>,12000,distributed,12,3,0.000000000,0.010235100,0.010235100,1682,True,
5000,employees_5000.csv,age_ge_40,age,>=,40,linear,-,1,0.000000000,0.000330100,0.000330100,2900,True,
5000,employees_5000.csv,age_ge_40,age,>=,40,indexed,-,1,0.000000000,0.000647900,0.000647900,2900,True,
5000,employees_5000.csv,age_ge_40,age,>=,40,parallel,1,1,0.000000000,0.660981900,0.660981900,2900,True,
5000,employees_5000.csv,age_ge_40,age,>=,40,parallel,2,1,0.000000000,0.670051300,0.670051300,2900,True,
5000,employees_5000.csv,age_ge_40,age,>=,40,parallel,4,1,0.000000000,0.682149000,0.682149000,2900,True,
5000,employees_5000.csv,age_ge_40,age,>=,40,parallel,8,1,0.000000000,0.853525700,0.853525700,2900,True,
5000,employees_5000.csv,age_ge_40,age,>=,40,parallel,12,1,0.000000000,1.092326300,1.092326300,2900,True,
5000,employees_5000.csv,age_ge_40,age,>=,40,distributed,1,1,0.000000000,0.024671700,0.024671700,2900,True,
5000,employees_5000.csv,age_ge_40,age,>=,40,distributed,2,1,0.000000000,0.020566500,0.020566500,2900,True,
5000,employees_5000.csv,age_ge_40,age,>=,40,distributed,4,1,0.000000000,0.017106300,0.017106300,2900,True,
5000,employees_5000.csv,age_ge_40,age,>=,40,distributed,8,1,0.000000000,0.012812000,0.012812000,2900,True,
5000,employees_5000.csv,age_ge_40,age,>=,40,distributed,12,1,0.000000000,0.013213900,0.013213900,2900,True,
5000,employees_5000.csv,age_ge_40,age,>=,40,linear,-,2,0.000000000,0.000304500,0.000304500,2900,True,
5000,employees_5000.csv,age_ge_40,age,>=,40,indexed,-,2,0.000000000,0.001021500,0.001021500,2900,True,
5000,employees_5000.csv,age_ge_40,age,>=,40,parallel,1,2,0.000000000,0.783021900,0.783021900,2900,True,
5000,employees_5000.csv,age_ge_40,age,>=,40,parallel,2,2,0.000000000,0.695698100,0.695698100,2900,True,
5000,employees_5000.csv,age_ge_40,age,>=,40,parallel,4,2,0.000000000,0.683591300,0.683591300,2900,True,
5000,employees_5000.csv,age_ge_40,age,>=,40,parallel,8,2,0.000000000,0.890276600,0.890276600,2900,True,
5000,employees_5000.csv,age_ge_40,age,>=,40,parallel,12,2,0.000000000,1.084733000,1.084733000,2900,True,
5000,employees_5000.csv,age_ge_40,age,>=,40,distributed,1,2,0.000000000,0.019969800,0.019969800,2900,True,
5000,employees_5000.csv,age_ge_40,age,>=,40,distributed,2,2,0.000000000,0.015808900,0.015808900,2900,True,
5000,employees_5000.csv,age_ge_40,age,>=,40,distributed,4,2,0.000000000,0.028333900,0.028333900,2900,True,
5000,employees_5000.csv,age_ge_40,age,>=,40,distributed,8,2,0.000000000,0.010665200,0.010665200,2900,True,
5000,employees_5000.csv,age_ge_40,age,>=,40,distributed,12,2,0.000000000,0.010808700,0.010808700,2900,True,
5000,employees_5000.csv,age_ge_40,age,>=,40,linear,-,3,0.000000000,0.000360800,0.000360800,2900,True,
5000,employees_5000.csv,age_ge_40,age,>=,40,indexed,-,3,0.000000000,0.000747400,0.000747400,2900,True,
5000,employees_5000.csv,age_ge_40,age,>=,40,parallel,1,3,0.000000000,0.672138600,0.672138600,2900,True,
5000,employees_5000.csv,age_ge_40,age,>=,40,parallel,2,3,0.000000000,0.649835800,0.649835800,2900,True,
5000,employees_5000.csv,age_ge_40,age,>=,40,parallel,4,3,0.000000000,0.648631700,0.648631700,2900,True,
5000,employees_5000.csv,age_ge_40,age,>=,40,parallel,8,3,0.000000000,0.859711200,0.859711200,2900,True,
5000,employees_5000.csv,age_ge_40,age,>=,40,parallel,12,3,0.000000000,1.059726000,1.059726000,2900,True,
5000,employees_5000.csv,age_ge_40,age,>=,40,distributed,1,3,0.000000000,0.019413100,0.019413100,2900,True,
5000,employees_5000.csv,age_ge_40,age,>=,40,distributed,2,3,0.000000000,0.016698300,0.016698300,2900,True,
5000,employees_5000.csv,age_ge_40,age,>=,40,distributed,4,3,0.000000000,0.015292700,0.015292700,2900,True,
5000,employees_5000.csv,age_ge_40,age,>=,40,distributed,8,3,0.000000000,0.010584700,0.010584700,2900,True,
5000,employees_5000.csv,age_ge_40,age,>=,40,distributed,12,3,0.000000000,0.011531600,0.011531600,2900,True,
5000,employees_5000.csv,is_manager_eq_true,is_manager,==,True,linear,-,1,0.000000000,0.000276500,0.000276500,558,True,
5000,employees_5000.csv,is_manager_eq_true,is_manager,==,True,indexed,-,1,0.000371800,0.000001100,0.000372900,558,True,
5000,employees_5000.csv,is_manager_eq_true,is_manager,==,True,parallel,1,1,0.000000000,0.607125600,0.607125600,558,True,
5000,employees_5000.csv,is_manager_eq_true,is_manager,==,True,parallel,2,1,0.000000000,0.622900200,0.622900200,558,True,
5000,employees_5000.csv,is_manager_eq_true,is_manager,==,True,parallel,4,1,0.000000000,0.639831000,0.639831000,558,True,
5000,employees_5000.csv,is_manager_eq_true,is_manager,==,True,parallel,8,1,0.000000000,0.859052200,0.859052200,558,True,
5000,employees_5000.csv,is_manager_eq_true,is_manager,==,True,parallel,12,1,0.000000000,1.072260000,1.072260000,558,True,
5000,employees_5000.csv,is_manager_eq_true,is_manager,==,True,distributed,1,1,0.000000000,0.014703700,0.014703700,558,True,
5000,employees_5000.csv,is_manager_eq_true,is_manager,==,True,distributed,2,1,0.000000000,0.012171500,0.012171500,558,True,
5000,employees_5000.csv,is_manager_eq_true,is_manager,==,True,distributed,4,1,0.000000000,0.012428000,0.012428000,558,True,
5000,employees_5000.csv,is_manager_eq_true,is_manager,==,True,distributed,8,1,0.000000000,0.008521700,0.008521700,558,True,
5000,employees_5000.csv,is_manager_eq_true,is_manager,==,True,distributed,12,1,0.000000000,0.008419200,0.008419200,558,True,
5000,employees_5000.csv,is_manager_eq_true,is_manager,==,True,linear,-,2,0.000000000,0.000278400,0.000278400,558,True,
5000,employees_5000.csv,is_manager_eq_true,is_manager,==,True,indexed,-,2,0.000375700,0.000001200,0.000376900,558,True,
5000,employees_5000.csv,is_manager_eq_true,is_manager,==,True,parallel,1,2,0.000000000,0.620756100,0.620756100,558,True,
5000,employees_5000.csv,is_manager_eq_true,is_manager,==,True,parallel,2,2,0.000000000,0.620189700,0.620189700,558,True,
5000,employees_5000.csv,is_manager_eq_true,is_manager,==,True,parallel,4,2,0.000000000,0.653684600,0.653684600,558,True,
5000,employees_5000.csv,is_manager_eq_true,is_manager,==,True,parallel,8,2,0.000000000,0.834617200,0.834617200,558,True,
5000,employees_5000.csv,is_manager_eq_true,is_manager,==,True,parallel,12,2,0.000000000,1.084713600,1.084713600,558,True,
5000,employees_5000.csv,is_manager_eq_true,is_manager,==,True,distributed,1,2,0.000000000,0.014879900,0.014879900,558,True,
5000,employees_5000.csv,is_manager_eq_true,is_manager,==,True,distributed,2,2,0.000000000,0.011629900,0.011629900,558,True,
5000,employees_5000.csv,is_manager_eq_true,is_manager,==,True,distributed,4,2,0.000000000,0.012267200,0.012267200,558,True,
5000,employees_5000.csv,is_manager_eq_true,is_manager,==,True,distributed,8,2,0.000000000,0.009339100,0.009339100,558,True,
5000,employees_5000.csv,is_manager_eq_true,is_manager,==,True,distributed,12,2,0.000000000,0.008375900,0.008375900,558,True,
5000,employees_5000.csv,is_manager_eq_true,is_manager,==,True,linear,-,3,0.000000000,0.000280100,0.000280100,558,True,
5000,employees_5000.csv,is_manager_eq_true,is_manager,==,True,indexed,-,3,0.000368200,0.000001300,0.000369500,558,True,
5000,employees_5000.csv,is_manager_eq_true,is_manager,==,True,parallel,1,3,0.000000000,0.650581700,0.650581700,558,True,
5000,employees_5000.csv,is_manager_eq_true,is_manager,==,True,parallel,2,3,0.000000000,0.611214300,0.611214300,558,True,
5000,employees_5000.csv,is_manager_eq_true,is_manager,==,True,parallel,4,3,0.000000000,0.646800100,0.646800100,558,True,
5000,employees_5000.csv,is_manager_eq_true,is_manager,==,True,parallel,8,3,0.000000000,0.835698500,0.835698500,558,True,
5000,employees_5000.csv,is_manager_eq_true,is_manager,==,True,parallel,12,3,0.000000000,1.072080500,1.072080500,558,True,
5000,employees_5000.csv,is_manager_eq_true,is_manager,==,True,distributed,1,3,0.000000000,0.026893200,0.026893200,558,True,
5000,employees_5000.csv,is_manager_eq_true,is_manager,==,True,distributed,2,3,0.000000000,0.012049800,0.012049800,558,True,
5000,employees_5000.csv,is_manager_eq_true,is_manager,==,True,distributed,4,3,0.000000000,0.011284800,0.011284800,558,True,
5000,employees_5000.csv,is_manager_eq_true,is_manager,==,True,distributed,8,3,0.000000000,0.010011900,0.010011900,558,True,
5000,employees_5000.csv,is_manager_eq_true,is_manager,==,True,distributed,12,3,0.000000000,0.009370000,0.009370000,558,True,
5000,employees_5000.csv,last_name_contains_ski,last_name,contains,ski,linear,-,1,0.000000000,0.000695200,0.000695200,4,True,
5000,employees_5000.csv,last_name_contains_ski,last_name,contains,ski,indexed,-,1,0.000000000,0.001156300,0.001156300,4,True,
5000,employees_5000.csv,last_name_contains_ski,last_name,contains,ski,parallel,1,1,0.000000000,0.600328200,0.600328200,4,True,
5000,employees_5000.csv,last_name_contains_ski,last_name,contains,ski,parallel,2,1,0.000000000,0.639391100,0.639391100,4,True,
5000,employees_5000.csv,last_name_contains_ski,last_name,contains,ski,parallel,4,1,0.000000000,0.666160500,0.666160500,4,True,
5000,employees_5000.csv,last_name_contains_ski,last_name,contains,ski,parallel,8,1,0.000000000,0.857511300,0.857511300,4,True,
5000,employees_5000.csv,last_name_contains_ski,last_name,contains,ski,parallel,12,1,0.000000000,1.073454500,1.073454500,4,True,
5000,employees_5000.csv,last_name_contains_ski,last_name,contains,ski,distributed,1,1,0.000000000,0.013168300,0.013168300,4,True,
5000,employees_5000.csv,last_name_contains_ski,last_name,contains,ski,distributed,2,1,0.000000000,0.011138900,0.011138900,4,True,
5000,employees_5000.csv,last_name_contains_ski,last_name,contains,ski,distributed,4,1,0.000000000,0.011544900,0.011544900,4,True,
5000,employees_5000.csv,last_name_contains_ski,last_name,contains,ski,distributed,8,1,0.000000000,0.007262700,0.007262700,4,True,
5000,employees_5000.csv,last_name_contains_ski,last_name,contains,ski,distributed,12,1,0.000000000,0.007054000,0.007054000,4,True,
5000,employees_5000.csv,last_name_contains_ski,last_name,contains,ski,linear,-,2,0.000000000,0.000663400,0.000663400,4,True,
5000,employees_5000.csv,last_name_contains_ski,last_name,contains,ski,indexed,-,2,0.000000000,0.001488600,0.001488600,4,True,
5000,employees_5000.csv,last_name_contains_ski,last_name,contains,ski,parallel,1,2,0.000000000,0.606479600,0.606479600,4,True,
5000,employees_5000.csv,last_name_contains_ski,last_name,contains,ski,parallel,2,2,0.000000000,0.602422800,0.602422800,4,True,
5000,employees_5000.csv,last_name_contains_ski,last_name,contains,ski,parallel,4,2,0.000000000,0.645110800,0.645110800,4,True,
5000,employees_5000.csv,last_name_contains_ski,last_name,contains,ski,parallel,8,2,0.000000000,0.877880700,0.877880700,4,True,
5000,employees_5000.csv,last_name_contains_ski,last_name,contains,ski,parallel,12,2,0.000000000,1.057225500,1.057225500,4,True,
5000,employees_5000.csv,last_name_contains_ski,last_name,contains,ski,distributed,1,2,0.000000000,0.013445400,0.013445400,4,True,
5000,employees_5000.csv,last_name_contains_ski,last_name,contains,ski,distributed,2,2,0.000000000,0.011153700,0.011153700,4,True,
5000,employees_5000.csv,last_name_contains_ski,last_name,contains,ski,distributed,4,2,0.000000000,0.010366100,0.010366100,4,True,
5000,employees_5000.csv,last_name_contains_ski,last_name,contains,ski,distributed,8,2,0.000000000,0.008631400,0.008631400,4,True,
5000,employees_5000.csv,last_name_contains_ski,last_name,contains,ski,distributed,12,2,0.000000000,0.009059400,0.009059400,4,True,
5000,employees_5000.csv,last_name_contains_ski,last_name,contains,ski,linear,-,3,0.000000000,0.000716300,0.000716300,4,True,
5000,employees_5000.csv,last_name_contains_ski,last_name,contains,ski,indexed,-,3,0.000000000,0.001069000,0.001069000,4,True,
5000,employees_5000.csv,last_name_contains_ski,last_name,contains,ski,parallel,1,3,0.000000000,0.602730200,0.602730200,4,True,
5000,employees_5000.csv,last_name_contains_ski,last_name,contains,ski,parallel,2,3,0.000000000,0.610453200,0.610453200,4,True,
5000,employees_5000.csv,last_name_contains_ski,last_name,contains,ski,parallel,4,3,0.000000000,0.663656100,0.663656100,4,True,
5000,employees_5000.csv,last_name_contains_ski,last_name,contains,ski,parallel,8,3,0.000000000,0.841778100,0.841778100,4,True,
5000,employees_5000.csv,last_name_contains_ski,last_name,contains,ski,parallel,12,3,0.000000000,1.082789600,1.082789600,4,True,
5000,employees_5000.csv,last_name_contains_ski,last_name,contains,ski,distributed,1,3,0.000000000,0.013445100,0.013445100,4,True,
5000,employees_5000.csv,last_name_contains_ski,last_name,contains,ski,distributed,2,3,0.000000000,0.010413900,0.010413900,4,True,
5000,employees_5000.csv,last_name_contains_ski,last_name,contains,ski,distributed,4,3,0.000000000,0.011164400,0.011164400,4,True,
5000,employees_5000.csv,last_name_contains_ski,last_name,contains,ski,distributed,8,3,0.000000000,0.007919100,0.007919100,4,True,
5000,employees_5000.csv,last_name_contains_ski,last_name,contains,ski,distributed,12,3,0.000000000,0.007436200,0.007436200,4,True,
10000,employees_10000.csv,id_eq_100,id,==,100,linear,-,1,0.000000000,0.000902300,0.000902300,1,True,
10000,employees_10000.csv,id_eq_100,id,==,100,indexed,-,1,0.001815800,0.000001700,0.001817500,1,True,
10000,employees_10000.csv,id_eq_100,id,==,100,parallel,1,1,0.000000000,0.593513800,0.593513800,1,True,
10000,employees_10000.csv,id_eq_100,id,==,100,parallel,2,1,0.000000000,0.624979100,0.624979100,1,True,
10000,employees_10000.csv,id_eq_100,id,==,100,parallel,4,1,0.000000000,0.664436200,0.664436200,1,True,
10000,employees_10000.csv,id_eq_100,id,==,100,parallel,8,1,0.000000000,0.849608200,0.849608200,1,True,
10000,employees_10000.csv,id_eq_100,id,==,100,parallel,12,1,0.000000000,1.076338700,1.076338700,1,True,
10000,employees_10000.csv,id_eq_100,id,==,100,distributed,1,1,0.000000000,0.024662500,0.024662500,1,True,
10000,employees_10000.csv,id_eq_100,id,==,100,distributed,2,1,0.000000000,0.017976900,0.017976900,1,True,
10000,employees_10000.csv,id_eq_100,id,==,100,distributed,4,1,0.000000000,0.016007100,0.016007100,1,True,
10000,employees_10000.csv,id_eq_100,id,==,100,distributed,8,1,0.000000000,0.025058700,0.025058700,1,True,
10000,employees_10000.csv,id_eq_100,id,==,100,distributed,12,1,0.000000000,0.021147500,0.021147500,1,True,
10000,employees_10000.csv,id_eq_100,id,==,100,linear,-,2,0.000000000,0.000508400,0.000508400,1,True,
10000,employees_10000.csv,id_eq_100,id,==,100,indexed,-,2,0.001137500,0.000001400,0.001138900,1,True,
10000,employees_10000.csv,id_eq_100,id,==,100,parallel,1,2,0.000000000,0.641963900,0.641963900,1,True,
10000,employees_10000.csv,id_eq_100,id,==,100,parallel,2,2,0.000000000,0.624348900,0.624348900,1,True,
10000,employees_10000.csv,id_eq_100,id,==,100,parallel,4,2,0.000000000,0.656136000,0.656136000,1,True,
10000,employees_10000.csv,id_eq_100,id,==,100,parallel,8,2,0.000000000,0.846090500,0.846090500,1,True,
10000,employees_10000.csv,id_eq_100,id,==,100,parallel,12,2,0.000000000,1.069639700,1.069639700,1,True,
10000,employees_10000.csv,id_eq_100,id,==,100,distributed,1,2,0.000000000,0.023973300,0.023973300,1,True,
10000,employees_10000.csv,id_eq_100,id,==,100,distributed,2,2,0.000000000,0.018427400,0.018427400,1,True,
10000,employees_10000.csv,id_eq_100,id,==,100,distributed,4,2,0.000000000,0.019664300,0.019664300,1,True,
10000,employees_10000.csv,id_eq_100,id,==,100,distributed,8,2,0.000000000,0.019085700,0.019085700,1,True,
10000,employees_10000.csv,id_eq_100,id,==,100,distributed,12,2,0.000000000,0.021333600,0.021333600,1,True,
10000,employees_10000.csv,id_eq_100,id,==,100,linear,-,3,0.000000000,0.000523100,0.000523100,1,True,
10000,employees_10000.csv,id_eq_100,id,==,100,indexed,-,3,0.001015700,0.000001700,0.001017400,1,True,
10000,employees_10000.csv,id_eq_100,id,==,100,parallel,1,3,0.000000000,0.599232700,0.599232700,1,True,
10000,employees_10000.csv,id_eq_100,id,==,100,parallel,2,3,0.000000000,0.618050000,0.618050000,1,True,
10000,employees_10000.csv,id_eq_100,id,==,100,parallel,4,3,0.000000000,0.659568100,0.659568100,1,True,
10000,employees_10000.csv,id_eq_100,id,==,100,parallel,8,3,0.000000000,0.864566600,0.864566600,1,True,
10000,employees_10000.csv,id_eq_100,id,==,100,parallel,12,3,0.000000000,1.068632600,1.068632600,1,True,
10000,employees_10000.csv,id_eq_100,id,==,100,distributed,1,3,0.000000000,0.024178400,0.024178400,1,True,
10000,employees_10000.csv,id_eq_100,id,==,100,distributed,2,3,0.000000000,0.017614000,0.017614000,1,True,
10000,employees_10000.csv,id_eq_100,id,==,100,distributed,4,3,0.000000000,0.015534200,0.015534200,1,True,
10000,employees_10000.csv,id_eq_100,id,==,100,distributed,8,3,0.000000000,0.018587400,0.018587400,1,True,
10000,employees_10000.csv,id_eq_100,id,==,100,distributed,12,3,0.000000000,0.021212800,0.021212800,1,True,
10000,employees_10000.csv,city_eq_warszawa,city,==,Warszawa,linear,-,1,0.000000000,0.000664100,0.000664100,2245,True,
10000,employees_10000.csv,city_eq_warszawa,city,==,Warszawa,indexed,-,1,0.000918500,0.000001200,0.000919700,2245,True,
10000,employees_10000.csv,city_eq_warszawa,city,==,Warszawa,parallel,1,1,0.000000000,0.629899500,0.629899500,2245,True,
10000,employees_10000.csv,city_eq_warszawa,city,==,Warszawa,parallel,2,1,0.000000000,0.644595300,0.644595300,2245,True,
10000,employees_10000.csv,city_eq_warszawa,city,==,Warszawa,parallel,4,1,0.000000000,0.666572400,0.666572400,2245,True,
10000,employees_10000.csv,city_eq_warszawa,city,==,Warszawa,parallel,8,1,0.000000000,0.879813400,0.879813400,2245,True,
10000,employees_10000.csv,city_eq_warszawa,city,==,Warszawa,parallel,12,1,0.000000000,1.099278800,1.099278800,2245,True,
10000,employees_10000.csv,city_eq_warszawa,city,==,Warszawa,distributed,1,1,0.000000000,0.032229700,0.032229700,2245,True,
10000,employees_10000.csv,city_eq_warszawa,city,==,Warszawa,distributed,2,1,0.000000000,0.021609600,0.021609600,2245,True,
10000,employees_10000.csv,city_eq_warszawa,city,==,Warszawa,distributed,4,1,0.000000000,0.019096900,0.019096900,2245,True,
10000,employees_10000.csv,city_eq_warszawa,city,==,Warszawa,distributed,8,1,0.000000000,0.022342300,0.022342300,2245,True,
10000,employees_10000.csv,city_eq_warszawa,city,==,Warszawa,distributed,12,1,0.000000000,0.023171400,0.023171400,2245,True,
10000,employees_10000.csv,city_eq_warszawa,city,==,Warszawa,linear,-,2,0.000000000,0.000627000,0.000627000,2245,True,
10000,employees_10000.csv,city_eq_warszawa,city,==,Warszawa,indexed,-,2,0.000881300,0.000001400,0.000882700,2245,True,
10000,employees_10000.csv,city_eq_warszawa,city,==,Warszawa,parallel,1,2,0.000000000,0.640589000,0.640589000,2245,True,
10000,employees_10000.csv,city_eq_warszawa,city,==,Warszawa,parallel,2,2,0.000000000,0.648005600,0.648005600,2245,True,
10000,employees_10000.csv,city_eq_warszawa,city,==,Warszawa,parallel,4,2,0.000000000,0.674457600,0.674457600,2245,True,
10000,employees_10000.csv,city_eq_warszawa,city,==,Warszawa,parallel,8,2,0.000000000,0.884647600,0.884647600,2245,True,
10000,employees_10000.csv,city_eq_warszawa,city,==,Warszawa,parallel,12,2,0.000000000,1.068614500,1.068614500,2245,True,
10000,employees_10000.csv,city_eq_warszawa,city,==,Warszawa,distributed,1,2,0.000000000,0.029677000,0.029677000,2245,True,
10000,employees_10000.csv,city_eq_warszawa,city,==,Warszawa,distributed,2,2,0.000000000,0.022986100,0.022986100,2245,True,
10000,employees_10000.csv,city_eq_warszawa,city,==,Warszawa,distributed,4,2,0.000000000,0.018177900,0.018177900,2245,True,
10000,employees_10000.csv,city_eq_warszawa,city,==,Warszawa,distributed,8,2,0.000000000,0.021972400,0.021972400,2245,True,
10000,employees_10000.csv,city_eq_warszawa,city,==,Warszawa,distributed,12,2,0.000000000,0.024412700,0.024412700,2245,True,
10000,employees_10000.csv,city_eq_warszawa,city,==,Warszawa,linear,-,3,0.000000000,0.000673200,0.000673200,2245,True,
10000,employees_10000.csv,city_eq_warszawa,city,==,Warszawa,indexed,-,3,0.000960800,0.000001700,0.000962500,2245,True,
10000,employees_10000.csv,city_eq_warszawa,city,==,Warszawa,parallel,1,3,0.000000000,0.618503300,0.618503300,2245,True,
10000,employees_10000.csv,city_eq_warszawa,city,==,Warszawa,parallel,2,3,0.000000000,0.670781700,0.670781700,2245,True,
10000,employees_10000.csv,city_eq_warszawa,city,==,Warszawa,parallel,4,3,0.000000000,0.650145200,0.650145200,2245,True,
10000,employees_10000.csv,city_eq_warszawa,city,==,Warszawa,parallel,8,3,0.000000000,0.853321900,0.853321900,2245,True,
10000,employees_10000.csv,city_eq_warszawa,city,==,Warszawa,parallel,12,3,0.000000000,1.085581400,1.085581400,2245,True,
10000,employees_10000.csv,city_eq_warszawa,city,==,Warszawa,distributed,1,3,0.000000000,0.029116900,0.029116900,2245,True,
10000,employees_10000.csv,city_eq_warszawa,city,==,Warszawa,distributed,2,3,0.000000000,0.023617500,0.023617500,2245,True,
10000,employees_10000.csv,city_eq_warszawa,city,==,Warszawa,distributed,4,3,0.000000000,0.021260900,0.021260900,2245,True,
10000,employees_10000.csv,city_eq_warszawa,city,==,Warszawa,distributed,8,3,0.000000000,0.022608200,0.022608200,2245,True,
10000,employees_10000.csv,city_eq_warszawa,city,==,Warszawa,distributed,12,3,0.000000000,0.023616800,0.023616800,2245,True,
10000,employees_10000.csv,department_eq_it,department,==,IT,linear,-,1,0.000000000,0.000666400,0.000666400,2467,True,
10000,employees_10000.csv,department_eq_it,department,==,IT,indexed,-,1,0.000903400,0.000001600,0.000905000,2467,True,
10000,employees_10000.csv,department_eq_it,department,==,IT,parallel,1,1,0.000000000,0.635083700,0.635083700,2467,True,
10000,employees_10000.csv,department_eq_it,department,==,IT,parallel,2,1,0.000000000,0.642084900,0.642084900,2467,True,
10000,employees_10000.csv,department_eq_it,department,==,IT,parallel,4,1,0.000000000,0.655168900,0.655168900,2467,True,
10000,employees_10000.csv,department_eq_it,department,==,IT,parallel,8,1,0.000000000,0.849582800,0.849582800,2467,True,
10000,employees_10000.csv,department_eq_it,department,==,IT,parallel,12,1,0.000000000,1.076060300,1.076060300,2467,True,
10000,employees_10000.csv,department_eq_it,department,==,IT,distributed,1,1,0.000000000,0.030901600,0.030901600,2467,True,
10000,employees_10000.csv,department_eq_it,department,==,IT,distributed,2,1,0.000000000,0.021892000,0.021892000,2467,True,
10000,employees_10000.csv,department_eq_it,department,==,IT,distributed,4,1,0.000000000,0.017967900,0.017967900,2467,True,
10000,employees_10000.csv,department_eq_it,department,==,IT,distributed,8,1,0.000000000,0.021302100,0.021302100,2467,True,
10000,employees_10000.csv,department_eq_it,department,==,IT,distributed,12,1,0.000000000,0.024930700,0.024930700,2467,True,
10000,employees_10000.csv,department_eq_it,department,==,IT,linear,-,2,0.000000000,0.000915000,0.000915000,2467,True,
10000,employees_10000.csv,department_eq_it,department,==,IT,indexed,-,2,0.001021700,0.000001900,0.001023600,2467,True,
10000,employees_10000.csv,department_eq_it,department,==,IT,parallel,1,2,0.000000000,0.625307100,0.625307100,2467,True,
10000,employees_10000.csv,department_eq_it,department,==,IT,parallel,2,2,0.000000000,0.633312900,0.633312900,2467,True,
10000,employees_10000.csv,department_eq_it,department,==,IT,parallel,4,2,0.000000000,0.651297500,0.651297500,2467,True,
10000,employees_10000.csv,department_eq_it,department,==,IT,parallel,8,2,0.000000000,0.893040000,0.893040000,2467,True,
10000,employees_10000.csv,department_eq_it,department,==,IT,parallel,12,2,0.000000000,1.149099600,1.149099600,2467,True,
10000,employees_10000.csv,department_eq_it,department,==,IT,distributed,1,2,0.000000000,0.033827300,0.033827300,2467,True,
10000,employees_10000.csv,department_eq_it,department,==,IT,distributed,2,2,0.000000000,0.026080400,0.026080400,2467,True,
10000,employees_10000.csv,department_eq_it,department,==,IT,distributed,4,2,0.000000000,0.021050300,0.021050300,2467,True,
10000,employees_10000.csv,department_eq_it,department,==,IT,distributed,8,2,0.000000000,0.024948500,0.024948500,2467,True,
10000,employees_10000.csv,department_eq_it,department,==,IT,distributed,12,2,0.000000000,0.028748600,0.028748600,2467,True,
10000,employees_10000.csv,department_eq_it,department,==,IT,linear,-,3,0.000000000,0.000737900,0.000737900,2467,True,
10000,employees_10000.csv,department_eq_it,department,==,IT,indexed,-,3,0.000975600,0.000001400,0.000977000,2467,True,
10000,employees_10000.csv,department_eq_it,department,==,IT,parallel,1,3,0.000000000,0.635995800,0.635995800,2467,True,
10000,employees_10000.csv,department_eq_it,department,==,IT,parallel,2,3,0.000000000,0.685067100,0.685067100,2467,True,
10000,employees_10000.csv,department_eq_it,department,==,IT,parallel,4,3,0.000000000,0.707511400,0.707511400,2467,True,
10000,employees_10000.csv,department_eq_it,department,==,IT,parallel,8,3,0.000000000,0.901383300,0.901383300,2467,True,
10000,employees_10000.csv,department_eq_it,department,==,IT,parallel,12,3,0.000000000,1.187496800,1.187496800,2467,True,
10000,employees_10000.csv,department_eq_it,department,==,IT,distributed,1,3,0.000000000,0.035640100,0.035640100,2467,True,
10000,employees_10000.csv,department_eq_it,department,==,IT,distributed,2,3,0.000000000,0.023780600,0.023780600,2467,True,
10000,employees_10000.csv,department_eq_it,department,==,IT,distributed,4,3,0.000000000,0.028800200,0.028800200,2467,True,
10000,employees_10000.csv,department_eq_it,department,==,IT,distributed,8,3,0.000000000,0.028593300,0.028593300,2467,True,
10000,employees_10000.csv,department_eq_it,department,==,IT,distributed,12,3,0.000000000,0.029243100,0.029243100,2467,True,
10000,employees_10000.csv,salary_gt_12000,salary,>,12000,linear,-,1,0.000000000,0.001340800,0.001340800,3313,True,
10000,employees_10000.csv,salary_gt_12000,salary,>,12000,indexed,-,1,0.000000000,0.002112300,0.002112300,3313,True,
10000,employees_10000.csv,salary_gt_12000,salary,>,12000,parallel,1,1,0.000000000,0.715595500,0.715595500,3313,True,
10000,employees_10000.csv,salary_gt_12000,salary,>,12000,parallel,2,1,0.000000000,0.646747900,0.646747900,3313,True,
10000,employees_10000.csv,salary_gt_12000,salary,>,12000,parallel,4,1,0.000000000,0.667475700,0.667475700,3313,True,
10000,employees_10000.csv,salary_gt_12000,salary,>,12000,parallel,8,1,0.000000000,0.895158200,0.895158200,3313,True,
10000,employees_10000.csv,salary_gt_12000,salary,>,12000,parallel,12,1,0.000000000,1.085036100,1.085036100,3313,True,
10000,employees_10000.csv,salary_gt_12000,salary,>,12000,distributed,1,1,0.000000000,0.032834800,0.032834800,3313,True,
10000,employees_10000.csv,salary_gt_12000,salary,>,12000,distributed,2,1,0.000000000,0.022921200,0.022921200,3313,True,
10000,employees_10000.csv,salary_gt_12000,salary,>,12000,distributed,4,1,0.000000000,0.020992700,0.020992700,3313,True,
10000,employees_10000.csv,salary_gt_12000,salary,>,12000,distributed,8,1,0.000000000,0.021057800,0.021057800,3313,True,
10000,employees_10000.csv,salary_gt_12000,salary,>,12000,distributed,12,1,0.000000000,0.025752000,0.025752000,3313,True,
10000,employees_10000.csv,salary_gt_12000,salary,>,12000,linear,-,2,0.000000000,0.000815300,0.000815300,3313,True,
10000,employees_10000.csv,salary_gt_12000,salary,>,12000,indexed,-,2,0.000000000,0.002362100,0.002362100,3313,True,
10000,employees_10000.csv,salary_gt_12000,salary,>,12000,parallel,1,2,0.000000000,0.620794000,0.620794000,3313,True,
10000,employees_10000.csv,salary_gt_12000,salary,>,12000,parallel,2,2,0.000000000,0.654164300,0.654164300,3313,True,
10000,employees_10000.csv,salary_gt_12000,salary,>,12000,parallel,4,2,0.000000000,0.659230600,0.659230600,3313,True,
10000,employees_10000.csv,salary_gt_12000,salary,>,12000,parallel,8,2,0.000000000,0.865819000,0.865819000,3313,True,
10000,employees_10000.csv,salary_gt_12000,salary,>,12000,parallel,12,2,0.000000000,1.088757700,1.088757700,3313,True,
10000,employees_10000.csv,salary_gt_12000,salary,>,12000,distributed,1,2,0.000000000,0.032589200,0.032589200,3313,True,
10000,employees_10000.csv,salary_gt_12000,salary,>,12000,distributed,2,2,0.000000000,0.348696400,0.348696400,3313,True,
10000,employees_10000.csv,salary_gt_12000,salary,>,12000,distributed,4,2,0.000000000,0.041538700,0.041538700,3313,True,
10000,employees_10000.csv,salary_gt_12000,salary,>,12000,distributed,8,2,0.000000000,0.035636100,0.035636100,3313,True,
10000,employees_10000.csv,salary_gt_12000,salary,>,12000,distributed,12,2,0.000000000,0.031618700,0.031618700,3313,True,
10000,employees_10000.csv,salary_gt_12000,salary,>,12000,linear,-,3,0.000000000,0.000837200,0.000837200,3313,True,
10000,employees_10000.csv,salary_gt_12000,salary,>,12000,indexed,-,3,0.000000000,0.001845900,0.001845900,3313,True,
10000,employees_10000.csv,salary_gt_12000,salary,>,12000,parallel,1,3,0.000000000,0.624888700,0.624888700,3313,True,
10000,employees_10000.csv,salary_gt_12000,salary,>,12000,parallel,2,3,0.000000000,0.655789700,0.655789700,3313,True,
10000,employees_10000.csv,salary_gt_12000,salary,>,12000,parallel,4,3,0.000000000,0.688482100,0.688482100,3313,True,
10000,employees_10000.csv,salary_gt_12000,salary,>,12000,parallel,8,3,0.000000000,0.886711300,0.886711300,3313,True,
10000,employees_10000.csv,salary_gt_12000,salary,>,12000,parallel,12,3,0.000000000,1.086056600,1.086056600,3313,True,
10000,employees_10000.csv,salary_gt_12000,salary,>,12000,distributed,1,3,0.000000000,0.034284200,0.034284200,3313,True,
10000,employees_10000.csv,salary_gt_12000,salary,>,12000,distributed,2,3,0.000000000,0.025388600,0.025388600,3313,True,
10000,employees_10000.csv,salary_gt_12000,salary,>,12000,distributed,4,3,0.000000000,0.020635200,0.020635200,3313,True,
10000,employees_10000.csv,salary_gt_12000,salary,>,12000,distributed,8,3,0.000000000,0.021909800,0.021909800,3313,True,
10000,employees_10000.csv,salary_gt_12000,salary,>,12000,distributed,12,3,0.000000000,0.025702800,0.025702800,3313,True,
10000,employees_10000.csv,age_ge_40,age,>=,40,linear,-,1,0.000000000,0.000727300,0.000727300,5780,True,
10000,employees_10000.csv,age_ge_40,age,>=,40,indexed,-,1,0.000000000,0.001239600,0.001239600,5780,True,
10000,employees_10000.csv,age_ge_40,age,>=,40,parallel,1,1,0.000000000,0.637697000,0.637697000,5780,True,
10000,employees_10000.csv,age_ge_40,age,>=,40,parallel,2,1,0.000000000,0.688973700,0.688973700,5780,True,
10000,employees_10000.csv,age_ge_40,age,>=,40,parallel,4,1,0.000000000,0.694322900,0.694322900,5780,True,
10000,employees_10000.csv,age_ge_40,age,>=,40,parallel,8,1,0.000000000,0.886400100,0.886400100,5780,True,
10000,employees_10000.csv,age_ge_40,age,>=,40,parallel,12,1,0.000000000,1.102380100,1.102380100,5780,True,
10000,employees_10000.csv,age_ge_40,age,>=,40,distributed,1,1,0.000000000,0.037065400,0.037065400,5780,True,
10000,employees_10000.csv,age_ge_40,age,>=,40,distributed,2,1,0.000000000,0.027732700,0.027732700,5780,True,
10000,employees_10000.csv,age_ge_40,age,>=,40,distributed,4,1,0.000000000,0.025239900,0.025239900,5780,True,
10000,employees_10000.csv,age_ge_40,age,>=,40,distributed,8,1,0.000000000,0.029914100,0.029914100,5780,True,
10000,employees_10000.csv,age_ge_40,age,>=,40,distributed,12,1,0.000000000,0.029035800,0.029035800,5780,True,
10000,employees_10000.csv,age_ge_40,age,>=,40,linear,-,2,0.000000000,0.000634700,0.000634700,5780,True,
10000,employees_10000.csv,age_ge_40,age,>=,40,indexed,-,2,0.000000000,0.001263200,0.001263200,5780,True,
10000,employees_10000.csv,age_ge_40,age,>=,40,parallel,1,2,0.000000000,0.649194600,0.649194600,5780,True,
10000,employees_10000.csv,age_ge_40,age,>=,40,parallel,2,2,0.000000000,0.650794500,0.650794500,5780,True,
10000,employees_10000.csv,age_ge_40,age,>=,40,parallel,4,2,0.000000000,0.730895800,0.730895800,5780,True,
10000,employees_10000.csv,age_ge_40,age,>=,40,parallel,8,2,0.000000000,0.928286400,0.928286400,5780,True,
10000,employees_10000.csv,age_ge_40,age,>=,40,parallel,12,2,0.000000000,1.209858400,1.209858400,5780,True,
10000,employees_10000.csv,age_ge_40,age,>=,40,distributed,1,2,0.000000000,0.037916100,0.037916100,5780,True,
10000,employees_10000.csv,age_ge_40,age,>=,40,distributed,2,2,0.000000000,0.028898500,0.028898500,5780,True,
10000,employees_10000.csv,age_ge_40,age,>=,40,distributed,4,2,0.000000000,0.026431600,0.026431600,5780,True,
10000,employees_10000.csv,age_ge_40,age,>=,40,distributed,8,2,0.000000000,0.030896900,0.030896900,5780,True,
10000,employees_10000.csv,age_ge_40,age,>=,40,distributed,12,2,0.000000000,0.029075300,0.029075300,5780,True,
10000,employees_10000.csv,age_ge_40,age,>=,40,linear,-,3,0.000000000,0.000822000,0.000822000,5780,True,
10000,employees_10000.csv,age_ge_40,age,>=,40,indexed,-,3,0.000000000,0.001271000,0.001271000,5780,True,
10000,employees_10000.csv,age_ge_40,age,>=,40,parallel,1,3,0.000000000,0.736051800,0.736051800,5780,True,
10000,employees_10000.csv,age_ge_40,age,>=,40,parallel,2,3,0.000000000,0.682116400,0.682116400,5780,True,
10000,employees_10000.csv,age_ge_40,age,>=,40,parallel,4,3,0.000000000,0.684797400,0.684797400,5780,True,
10000,employees_10000.csv,age_ge_40,age,>=,40,parallel,8,3,0.000000000,0.902347900,0.902347900,5780,True,
10000,employees_10000.csv,age_ge_40,age,>=,40,parallel,12,3,0.000000000,1.143673700,1.143673700,5780,True,
10000,employees_10000.csv,age_ge_40,age,>=,40,distributed,1,3,0.000000000,0.036116200,0.036116200,5780,True,
10000,employees_10000.csv,age_ge_40,age,>=,40,distributed,2,3,0.000000000,0.029380800,0.029380800,5780,True,
10000,employees_10000.csv,age_ge_40,age,>=,40,distributed,4,3,0.000000000,0.026984100,0.026984100,5780,True,
10000,employees_10000.csv,age_ge_40,age,>=,40,distributed,8,3,0.000000000,0.032836800,0.032836800,5780,True,
10000,employees_10000.csv,age_ge_40,age,>=,40,distributed,12,3,0.000000000,0.036720600,0.036720600,5780,True,
10000,employees_10000.csv,is_manager_eq_true,is_manager,==,True,linear,-,1,0.000000000,0.000777000,0.000777000,1177,True,
10000,employees_10000.csv,is_manager_eq_true,is_manager,==,True,indexed,-,1,0.000980900,0.000001900,0.000982800,1177,True,
10000,employees_10000.csv,is_manager_eq_true,is_manager,==,True,parallel,1,1,0.000000000,0.715762300,0.715762300,1177,True,
10000,employees_10000.csv,is_manager_eq_true,is_manager,==,True,parallel,2,1,0.000000000,0.634375200,0.634375200,1177,True,
10000,employees_10000.csv,is_manager_eq_true,is_manager,==,True,parallel,4,1,0.000000000,0.689029400,0.689029400,1177,True,
10000,employees_10000.csv,is_manager_eq_true,is_manager,==,True,parallel,8,1,0.000000000,0.867641300,0.867641300,1177,True,
10000,employees_10000.csv,is_manager_eq_true,is_manager,==,True,parallel,12,1,0.000000000,1.076497900,1.076497900,1177,True,
10000,employees_10000.csv,is_manager_eq_true,is_manager,==,True,distributed,1,1,0.000000000,0.028371600,0.028371600,1177,True,
10000,employees_10000.csv,is_manager_eq_true,is_manager,==,True,distributed,2,1,0.000000000,0.019879100,0.019879100,1177,True,
10000,employees_10000.csv,is_manager_eq_true,is_manager,==,True,distributed,4,1,0.000000000,0.019472400,0.019472400,1177,True,
10000,employees_10000.csv,is_manager_eq_true,is_manager,==,True,distributed,8,1,0.000000000,0.018962600,0.018962600,1177,True,
10000,employees_10000.csv,is_manager_eq_true,is_manager,==,True,distributed,12,1,0.000000000,0.022371400,0.022371400,1177,True,
10000,employees_10000.csv,is_manager_eq_true,is_manager,==,True,linear,-,2,0.000000000,0.000500600,0.000500600,1177,True,
10000,employees_10000.csv,is_manager_eq_true,is_manager,==,True,indexed,-,2,0.000691800,0.000001400,0.000693200,1177,True,
10000,employees_10000.csv,is_manager_eq_true,is_manager,==,True,parallel,1,2,0.000000000,0.692561300,0.692561300,1177,True,
10000,employees_10000.csv,is_manager_eq_true,is_manager,==,True,parallel,2,2,0.000000000,0.654793500,0.654793500,1177,True,
10000,employees_10000.csv,is_manager_eq_true,is_manager,==,True,parallel,4,2,0.000000000,0.783899400,0.783899400,1177,True,
10000,employees_10000.csv,is_manager_eq_true,is_manager,==,True,parallel,8,2,0.000000000,0.934400100,0.934400100,1177,True,
10000,employees_10000.csv,is_manager_eq_true,is_manager,==,True,parallel,12,2,0.000000000,1.116097200,1.116097200,1177,True,
10000,employees_10000.csv,is_manager_eq_true,is_manager,==,True,distributed,1,2,0.000000000,0.027685300,0.027685300,1177,True,
10000,employees_10000.csv,is_manager_eq_true,is_manager,==,True,distributed,2,2,0.000000000,0.021372800,0.021372800,1177,True,
10000,employees_10000.csv,is_manager_eq_true,is_manager,==,True,distributed,4,2,0.000000000,0.022121000,0.022121000,1177,True,
10000,employees_10000.csv,is_manager_eq_true,is_manager,==,True,distributed,8,2,0.000000000,0.024721400,0.024721400,1177,True,
10000,employees_10000.csv,is_manager_eq_true,is_manager,==,True,distributed,12,2,0.000000000,0.336270400,0.336270400,1177,True,
10000,employees_10000.csv,is_manager_eq_true,is_manager,==,True,linear,-,3,0.000000000,0.001395000,0.001395000,1177,True,
10000,employees_10000.csv,is_manager_eq_true,is_manager,==,True,indexed,-,3,0.001433500,0.000002700,0.001436200,1177,True,
10000,employees_10000.csv,is_manager_eq_true,is_manager,==,True,parallel,1,3,0.000000000,0.713094600,0.713094600,1177,True,
10000,employees_10000.csv,is_manager_eq_true,is_manager,==,True,parallel,2,3,0.000000000,0.640846000,0.640846000,1177,True,
10000,employees_10000.csv,is_manager_eq_true,is_manager,==,True,parallel,4,3,0.000000000,0.644679900,0.644679900,1177,True,
10000,employees_10000.csv,is_manager_eq_true,is_manager,==,True,parallel,8,3,0.000000000,0.868709800,0.868709800,1177,True,
10000,employees_10000.csv,is_manager_eq_true,is_manager,==,True,parallel,12,3,0.000000000,1.076770800,1.076770800,1177,True,
10000,employees_10000.csv,is_manager_eq_true,is_manager,==,True,distributed,1,3,0.000000000,0.028210500,0.028210500,1177,True,
10000,employees_10000.csv,is_manager_eq_true,is_manager,==,True,distributed,2,3,0.000000000,0.021126800,0.021126800,1177,True,
10000,employees_10000.csv,is_manager_eq_true,is_manager,==,True,distributed,4,3,0.000000000,0.017174700,0.017174700,1177,True,
10000,employees_10000.csv,is_manager_eq_true,is_manager,==,True,distributed,8,3,0.000000000,0.019467400,0.019467400,1177,True,
10000,employees_10000.csv,is_manager_eq_true,is_manager,==,True,distributed,12,3,0.000000000,0.024231100,0.024231100,1177,True,
10000,employees_10000.csv,last_name_contains_ski,last_name,contains,ski,linear,-,1,0.000000000,0.000854700,0.000854700,5,True,
10000,employees_10000.csv,last_name_contains_ski,last_name,contains,ski,indexed,-,1,0.000000000,0.002239200,0.002239200,5,True,
10000,employees_10000.csv,last_name_contains_ski,last_name,contains,ski,parallel,1,1,0.000000000,0.664623600,0.664623600,5,True,
10000,employees_10000.csv,last_name_contains_ski,last_name,contains,ski,parallel,2,1,0.000000000,0.646784700,0.646784700,5,True,
10000,employees_10000.csv,last_name_contains_ski,last_name,contains,ski,parallel,4,1,0.000000000,0.669621300,0.669621300,5,True,
10000,employees_10000.csv,last_name_contains_ski,last_name,contains,ski,parallel,8,1,0.000000000,0.859341500,0.859341500,5,True,
10000,employees_10000.csv,last_name_contains_ski,last_name,contains,ski,parallel,12,1,0.000000000,1.071171700,1.071171700,5,True,
10000,employees_10000.csv,last_name_contains_ski,last_name,contains,ski,distributed,1,1,0.000000000,0.024403800,0.024403800,5,True,
10000,employees_10000.csv,last_name_contains_ski,last_name,contains,ski,distributed,2,1,0.000000000,0.018400300,0.018400300,5,True,
10000,employees_10000.csv,last_name_contains_ski,last_name,contains,ski,distributed,4,1,0.000000000,0.015845000,0.015845000,5,True,
10000,employees_10000.csv,last_name_contains_ski,last_name,contains,ski,distributed,8,1,0.000000000,0.017924400,0.017924400,5,True,
10000,employees_10000.csv,last_name_contains_ski,last_name,contains,ski,distributed,12,1,0.000000000,0.021704500,0.021704500,5,True,
10000,employees_10000.csv,last_name_contains_ski,last_name,contains,ski,linear,-,2,0.000000000,0.000897000,0.000897000,5,True,
10000,employees_10000.csv,last_name_contains_ski,last_name,contains,ski,indexed,-,2,0.000000000,0.002439900,0.002439900,5,True,
10000,employees_10000.csv,last_name_contains_ski,last_name,contains,ski,parallel,1,2,0.000000000,0.621203100,0.621203100,5,True,
10000,employees_10000.csv,last_name_contains_ski,last_name,contains,ski,parallel,2,2,0.000000000,0.650587000,0.650587000,5,True,
10000,employees_10000.csv,last_name_contains_ski,last_name,contains,ski,parallel,4,2,0.000000000,0.655572800,0.655572800,5,True,
10000,employees_10000.csv,last_name_contains_ski,last_name,contains,ski,parallel,8,2,0.000000000,0.865426100,0.865426100,5,True,
10000,employees_10000.csv,last_name_contains_ski,last_name,contains,ski,parallel,12,2,0.000000000,1.115432700,1.115432700,5,True,
10000,employees_10000.csv,last_name_contains_ski,last_name,contains,ski,distributed,1,2,0.000000000,0.025957800,0.025957800,5,True,
10000,employees_10000.csv,last_name_contains_ski,last_name,contains,ski,distributed,2,2,0.000000000,0.018302600,0.018302600,5,True,
10000,employees_10000.csv,last_name_contains_ski,last_name,contains,ski,distributed,4,2,0.000000000,0.015925600,0.015925600,5,True,
10000,employees_10000.csv,last_name_contains_ski,last_name,contains,ski,distributed,8,2,0.000000000,0.017833600,0.017833600,5,True,
10000,employees_10000.csv,last_name_contains_ski,last_name,contains,ski,distributed,12,2,0.000000000,0.020591100,0.020591100,5,True,
10000,employees_10000.csv,last_name_contains_ski,last_name,contains,ski,linear,-,3,0.000000000,0.000934300,0.000934300,5,True,
10000,employees_10000.csv,last_name_contains_ski,last_name,contains,ski,indexed,-,3,0.000000000,0.002561100,0.002561100,5,True,
10000,employees_10000.csv,last_name_contains_ski,last_name,contains,ski,parallel,1,3,0.000000000,0.597552900,0.597552900,5,True,
10000,employees_10000.csv,last_name_contains_ski,last_name,contains,ski,parallel,2,3,0.000000000,0.623687800,0.623687800,5,True,
10000,employees_10000.csv,last_name_contains_ski,last_name,contains,ski,parallel,4,3,0.000000000,0.650732800,0.650732800,5,True,
10000,employees_10000.csv,last_name_contains_ski,last_name,contains,ski,parallel,8,3,0.000000000,0.852487300,0.852487300,5,True,
10000,employees_10000.csv,last_name_contains_ski,last_name,contains,ski,parallel,12,3,0.000000000,1.092105800,1.092105800,5,True,
10000,employees_10000.csv,last_name_contains_ski,last_name,contains,ski,distributed,1,3,0.000000000,0.025010600,0.025010600,5,True,
10000,employees_10000.csv,last_name_contains_ski,last_name,contains,ski,distributed,2,3,0.000000000,0.019929900,0.019929900,5,True,
10000,employees_10000.csv,last_name_contains_ski,last_name,contains,ski,distributed,4,3,0.000000000,0.017400000,0.017400000,5,True,
10000,employees_10000.csv,last_name_contains_ski,last_name,contains,ski,distributed,8,3,0.000000000,0.018105800,0.018105800,5,True,
10000,employees_10000.csv,last_name_contains_ski,last_name,contains,ski,distributed,12,3,0.000000000,0.020992000,0.020992000,5,True,
50000,employees_50000.csv,id_eq_100,id,==,100,linear,-,1,0.000000000,0.002202000,0.002202000,1,True,
50000,employees_50000.csv,id_eq_100,id,==,100,indexed,-,1,0.025487200,0.000007200,0.025494400,1,True,
50000,employees_50000.csv,id_eq_100,id,==,100,parallel,1,1,0.000000000,0.672589600,0.672589600,1,True,
50000,employees_50000.csv,id_eq_100,id,==,100,parallel,2,1,0.000000000,0.688187400,0.688187400,1,True,
50000,employees_50000.csv,id_eq_100,id,==,100,parallel,4,1,0.000000000,0.693789200,0.693789200,1,True,
50000,employees_50000.csv,id_eq_100,id,==,100,parallel,8,1,0.000000000,0.882432700,0.882432700,1,True,
50000,employees_50000.csv,id_eq_100,id,==,100,parallel,12,1,0.000000000,1.102110100,1.102110100,1,True,
50000,employees_50000.csv,id_eq_100,id,==,100,distributed,1,1,0.000000000,0.104565500,0.104565500,1,True,
50000,employees_50000.csv,id_eq_100,id,==,100,distributed,2,1,0.000000000,0.072485300,0.072485300,1,True,
50000,employees_50000.csv,id_eq_100,id,==,100,distributed,4,1,0.000000000,0.065104800,0.065104800,1,True,
50000,employees_50000.csv,id_eq_100,id,==,100,distributed,8,1,0.000000000,0.052826500,0.052826500,1,True,
50000,employees_50000.csv,id_eq_100,id,==,100,distributed,12,1,0.000000000,0.054853900,0.054853900,1,True,
50000,employees_50000.csv,id_eq_100,id,==,100,linear,-,2,0.000000000,0.002459500,0.002459500,1,True,
50000,employees_50000.csv,id_eq_100,id,==,100,indexed,-,2,0.007515400,0.000003900,0.007519300,1,True,
50000,employees_50000.csv,id_eq_100,id,==,100,parallel,1,2,0.000000000,0.735456100,0.735456100,1,True,
50000,employees_50000.csv,id_eq_100,id,==,100,parallel,2,2,0.000000000,0.670212300,0.670212300,1,True,
50000,employees_50000.csv,id_eq_100,id,==,100,parallel,4,2,0.000000000,0.681315800,0.681315800,1,True,
50000,employees_50000.csv,id_eq_100,id,==,100,parallel,8,2,0.000000000,0.877143700,0.877143700,1,True,
50000,employees_50000.csv,id_eq_100,id,==,100,parallel,12,2,0.000000000,1.099466400,1.099466400,1,True,
50000,employees_50000.csv,id_eq_100,id,==,100,distributed,1,2,0.000000000,0.106412700,0.106412700,1,True,
50000,employees_50000.csv,id_eq_100,id,==,100,distributed,2,2,0.000000000,0.071432300,0.071432300,1,True,
50000,employees_50000.csv,id_eq_100,id,==,100,distributed,4,2,0.000000000,0.057519600,0.057519600,1,True,
50000,employees_50000.csv,id_eq_100,id,==,100,distributed,8,2,0.000000000,0.052228800,0.052228800,1,True,
50000,employees_50000.csv,id_eq_100,id,==,100,distributed,12,2,0.000000000,0.055725700,0.055725700,1,True,
50000,employees_50000.csv,id_eq_100,id,==,100,linear,-,3,0.000000000,0.002605600,0.002605600,1,True,
50000,employees_50000.csv,id_eq_100,id,==,100,indexed,-,3,0.024576100,0.000002300,0.024578400,1,True,
50000,employees_50000.csv,id_eq_100,id,==,100,parallel,1,3,0.000000000,0.649329600,0.649329600,1,True,
50000,employees_50000.csv,id_eq_100,id,==,100,parallel,2,3,0.000000000,0.677553700,0.677553700,1,True,
50000,employees_50000.csv,id_eq_100,id,==,100,parallel,4,3,0.000000000,0.686601100,0.686601100,1,True,
50000,employees_50000.csv,id_eq_100,id,==,100,parallel,8,3,0.000000000,0.877120100,0.877120100,1,True,
50000,employees_50000.csv,id_eq_100,id,==,100,parallel,12,3,0.000000000,1.154738600,1.154738600,1,True,
50000,employees_50000.csv,id_eq_100,id,==,100,distributed,1,3,0.000000000,0.105511600,0.105511600,1,True,
50000,employees_50000.csv,id_eq_100,id,==,100,distributed,2,3,0.000000000,0.072859100,0.072859100,1,True,
50000,employees_50000.csv,id_eq_100,id,==,100,distributed,4,3,0.000000000,0.060526700,0.060526700,1,True,
50000,employees_50000.csv,id_eq_100,id,==,100,distributed,8,3,0.000000000,0.057864500,0.057864500,1,True,
50000,employees_50000.csv,id_eq_100,id,==,100,distributed,12,3,0.000000000,0.059168400,0.059168400,1,True,
50000,employees_50000.csv,city_eq_warszawa,city,==,Warszawa,linear,-,1,0.000000000,0.003236400,0.003236400,11094,True,
50000,employees_50000.csv,city_eq_warszawa,city,==,Warszawa,indexed,-,1,0.005725100,0.000002900,0.005728000,11094,True,
50000,employees_50000.csv,city_eq_warszawa,city,==,Warszawa,parallel,1,1,0.000000000,0.760720000,0.760720000,11094,True,
50000,employees_50000.csv,city_eq_warszawa,city,==,Warszawa,parallel,2,1,0.000000000,0.677898300,0.677898300,11094,True,
50000,employees_50000.csv,city_eq_warszawa,city,==,Warszawa,parallel,4,1,0.000000000,0.724767500,0.724767500,11094,True,
50000,employees_50000.csv,city_eq_warszawa,city,==,Warszawa,parallel,8,1,0.000000000,0.919888800,0.919888800,11094,True,
50000,employees_50000.csv,city_eq_warszawa,city,==,Warszawa,parallel,12,1,0.000000000,1.143949200,1.143949200,11094,True,
50000,employees_50000.csv,city_eq_warszawa,city,==,Warszawa,distributed,1,1,0.000000000,0.128822500,0.128822500,11094,True,
50000,employees_50000.csv,city_eq_warszawa,city,==,Warszawa,distributed,2,1,0.000000000,0.088712700,0.088712700,11094,True,
50000,employees_50000.csv,city_eq_warszawa,city,==,Warszawa,distributed,4,1,0.000000000,0.072526200,0.072526200,11094,True,
50000,employees_50000.csv,city_eq_warszawa,city,==,Warszawa,distributed,8,1,0.000000000,0.065867000,0.065867000,11094,True,
50000,employees_50000.csv,city_eq_warszawa,city,==,Warszawa,distributed,12,1,0.000000000,0.067134200,0.067134200,11094,True,
50000,employees_50000.csv,city_eq_warszawa,city,==,Warszawa,linear,-,2,0.000000000,0.003484100,0.003484100,11094,True,
50000,employees_50000.csv,city_eq_warszawa,city,==,Warszawa,indexed,-,2,0.005043700,0.000002700,0.005046400,11094,True,
50000,employees_50000.csv,city_eq_warszawa,city,==,Warszawa,parallel,1,2,0.000000000,0.666283000,0.666283000,11094,True,
50000,employees_50000.csv,city_eq_warszawa,city,==,Warszawa,parallel,2,2,0.000000000,0.675241200,0.675241200,11094,True,
50000,employees_50000.csv,city_eq_warszawa,city,==,Warszawa,parallel,4,2,0.000000000,0.672629800,0.672629800,11094,True,
50000,employees_50000.csv,city_eq_warszawa,city,==,Warszawa,parallel,8,2,0.000000000,0.929324800,0.929324800,11094,True,
50000,employees_50000.csv,city_eq_warszawa,city,==,Warszawa,parallel,12,2,0.000000000,1.121189000,1.121189000,11094,True,
50000,employees_50000.csv,city_eq_warszawa,city,==,Warszawa,distributed,1,2,0.000000000,0.127879700,0.127879700,11094,True,
50000,employees_50000.csv,city_eq_warszawa,city,==,Warszawa,distributed,2,2,0.000000000,0.087107300,0.087107300,11094,True,
50000,employees_50000.csv,city_eq_warszawa,city,==,Warszawa,distributed,4,2,0.000000000,0.072261800,0.072261800,11094,True,
50000,employees_50000.csv,city_eq_warszawa,city,==,Warszawa,distributed,8,2,0.000000000,0.067333400,0.067333400,11094,True,
50000,employees_50000.csv,city_eq_warszawa,city,==,Warszawa,distributed,12,2,0.000000000,0.064582000,0.064582000,11094,True,
50000,employees_50000.csv,city_eq_warszawa,city,==,Warszawa,linear,-,3,0.000000000,0.003241400,0.003241400,11094,True,
50000,employees_50000.csv,city_eq_warszawa,city,==,Warszawa,indexed,-,3,0.004675700,0.000001900,0.004677600,11094,True,
50000,employees_50000.csv,city_eq_warszawa,city,==,Warszawa,parallel,1,3,0.000000000,0.669141800,0.669141800,11094,True,
50000,employees_50000.csv,city_eq_warszawa,city,==,Warszawa,parallel,2,3,0.000000000,0.704121400,0.704121400,11094,True,
50000,employees_50000.csv,city_eq_warszawa,city,==,Warszawa,parallel,4,3,0.000000000,0.678357000,0.678357000,11094,True,
50000,employees_50000.csv,city_eq_warszawa,city,==,Warszawa,parallel,8,3,0.000000000,0.926209400,0.926209400,11094,True,
50000,employees_50000.csv,city_eq_warszawa,city,==,Warszawa,parallel,12,3,0.000000000,1.127961400,1.127961400,11094,True,
50000,employees_50000.csv,city_eq_warszawa,city,==,Warszawa,distributed,1,3,0.000000000,0.129131700,0.129131700,11094,True,
50000,employees_50000.csv,city_eq_warszawa,city,==,Warszawa,distributed,2,3,0.000000000,0.089863500,0.089863500,11094,True,
50000,employees_50000.csv,city_eq_warszawa,city,==,Warszawa,distributed,4,3,0.000000000,0.070825600,0.070825600,11094,True,
50000,employees_50000.csv,city_eq_warszawa,city,==,Warszawa,distributed,8,3,0.000000000,0.068165100,0.068165100,11094,True,
50000,employees_50000.csv,city_eq_warszawa,city,==,Warszawa,distributed,12,3,0.000000000,0.064938100,0.064938100,11094,True,
50000,employees_50000.csv,department_eq_it,department,==,IT,linear,-,1,0.000000000,0.003861100,0.003861100,12546,True,
50000,employees_50000.csv,department_eq_it,department,==,IT,indexed,-,1,0.004373500,0.000001400,0.004374900,12546,True,
50000,employees_50000.csv,department_eq_it,department,==,IT,parallel,1,1,0.000000000,0.664365800,0.664365800,12546,True,
50000,employees_50000.csv,department_eq_it,department,==,IT,parallel,2,1,0.000000000,0.672160200,0.672160200,12546,True,
50000,employees_50000.csv,department_eq_it,department,==,IT,parallel,4,1,0.000000000,0.670752600,0.670752600,12546,True,
50000,employees_50000.csv,department_eq_it,department,==,IT,parallel,8,1,0.000000000,0.895469600,0.895469600,12546,True,
50000,employees_50000.csv,department_eq_it,department,==,IT,parallel,12,1,0.000000000,1.149687200,1.149687200,12546,True,
50000,employees_50000.csv,department_eq_it,department,==,IT,distributed,1,1,0.000000000,0.128903200,0.128903200,12546,True,
50000,employees_50000.csv,department_eq_it,department,==,IT,distributed,2,1,0.000000000,0.088731300,0.088731300,12546,True,
50000,employees_50000.csv,department_eq_it,department,==,IT,distributed,4,1,0.000000000,0.077024400,0.077024400,12546,True,
50000,employees_50000.csv,department_eq_it,department,==,IT,distributed,8,1,0.000000000,0.073256000,0.073256000,12546,True,
50000,employees_50000.csv,department_eq_it,department,==,IT,distributed,12,1,0.000000000,0.069259400,0.069259400,12546,True,
50000,employees_50000.csv,department_eq_it,department,==,IT,linear,-,2,0.000000000,0.003273900,0.003273900,12546,True,
50000,employees_50000.csv,department_eq_it,department,==,IT,indexed,-,2,0.004737300,0.000002200,0.004739500,12546,True,
50000,employees_50000.csv,department_eq_it,department,==,IT,parallel,1,2,0.000000000,0.692968600,0.692968600,12546,True,
50000,employees_50000.csv,department_eq_it,department,==,IT,parallel,2,2,0.000000000,0.680622800,0.680622800,12546,True,
50000,employees_50000.csv,department_eq_it,department,==,IT,parallel,4,2,0.000000000,0.684357000,0.684357000,12546,True,
50000,employees_50000.csv,department_eq_it,department,==,IT,parallel,8,2,0.000000000,0.894102700,0.894102700,12546,True,
50000,employees_50000.csv,department_eq_it,department,==,IT,parallel,12,2,0.000000000,1.155823300,1.155823300,12546,True,
50000,employees_50000.csv,department_eq_it,department,==,IT,distributed,1,2,0.000000000,0.134999900,0.134999900,12546,True,
50000,employees_50000.csv,department_eq_it,department,==,IT,distributed,2,2,0.000000000,0.099954300,0.099954300,12546,True,
50000,employees_50000.csv,department_eq_it,department,==,IT,distributed,4,2,0.000000000,0.075733300,0.075733300,12546,True,
50000,employees_50000.csv,department_eq_it,department,==,IT,distributed,8,2,0.000000000,0.068034800,0.068034800,12546,True,
50000,employees_50000.csv,department_eq_it,department,==,IT,distributed,12,2,0.000000000,0.067184300,0.067184300,12546,True,
50000,employees_50000.csv,department_eq_it,department,==,IT,linear,-,3,0.000000000,0.003221600,0.003221600,12546,True,
50000,employees_50000.csv,department_eq_it,department,==,IT,indexed,-,3,0.004544300,0.000001700,0.004546000,12546,True,
50000,employees_50000.csv,department_eq_it,department,==,IT,parallel,1,3,0.000000000,0.672119800,0.672119800,12546,True,
50000,employees_50000.csv,department_eq_it,department,==,IT,parallel,2,3,0.000000000,0.667326900,0.667326900,12546,True,
50000,employees_50000.csv,department_eq_it,department,==,IT,parallel,4,3,0.000000000,0.701759800,0.701759800,12546,True,
50000,employees_50000.csv,department_eq_it,department,==,IT,parallel,8,3,0.000000000,0.900489800,0.900489800,12546,True,
50000,employees_50000.csv,department_eq_it,department,==,IT,parallel,12,3,0.000000000,1.099627300,1.099627300,12546,True,
50000,employees_50000.csv,department_eq_it,department,==,IT,distributed,1,3,0.000000000,0.133151800,0.133151800,12546,True,
50000,employees_50000.csv,department_eq_it,department,==,IT,distributed,2,3,0.000000000,0.090533800,0.090533800,12546,True,
50000,employees_50000.csv,department_eq_it,department,==,IT,distributed,4,3,0.000000000,0.077085000,0.077085000,12546,True,
50000,employees_50000.csv,department_eq_it,department,==,IT,distributed,8,3,0.000000000,0.072685900,0.072685900,12546,True,
50000,employees_50000.csv,department_eq_it,department,==,IT,distributed,12,3,0.000000000,0.073152300,0.073152300,12546,True,
50000,employees_50000.csv,salary_gt_12000,salary,>,12000,linear,-,1,0.000000000,0.002986700,0.002986700,16515,True,
50000,employees_50000.csv,salary_gt_12000,salary,>,12000,indexed,-,1,0.000000000,0.011877100,0.011877100,16515,True,
50000,employees_50000.csv,salary_gt_12000,salary,>,12000,parallel,1,1,0.000000000,0.705859900,0.705859900,16515,True,
50000,employees_50000.csv,salary_gt_12000,salary,>,12000,parallel,2,1,0.000000000,0.662226400,0.662226400,16515,True,
50000,employees_50000.csv,salary_gt_12000,salary,>,12000,parallel,4,1,0.000000000,0.696520400,0.696520400,16515,True,
50000,employees_50000.csv,salary_gt_12000,salary,>,12000,parallel,8,1,0.000000000,0.893612100,0.893612100,16515,True,
50000,employees_50000.csv,salary_gt_12000,salary,>,12000,parallel,12,1,0.000000000,1.123900400,1.123900400,16515,True,
50000,employees_50000.csv,salary_gt_12000,salary,>,12000,distributed,1,1,0.000000000,0.139871300,0.139871300,16515,True,
50000,employees_50000.csv,salary_gt_12000,salary,>,12000,distributed,2,1,0.000000000,0.096201700,0.096201700,16515,True,
50000,employees_50000.csv,salary_gt_12000,salary,>,12000,distributed,4,1,0.000000000,0.079855800,0.079855800,16515,True,
50000,employees_50000.csv,salary_gt_12000,salary,>,12000,distributed,8,1,0.000000000,0.072244800,0.072244800,16515,True,
50000,employees_50000.csv,salary_gt_12000,salary,>,12000,distributed,12,1,0.000000000,0.075164900,0.075164900,16515,True,
50000,employees_50000.csv,salary_gt_12000,salary,>,12000,linear,-,2,0.000000000,0.003151100,0.003151100,16515,True,
50000,employees_50000.csv,salary_gt_12000,salary,>,12000,indexed,-,2,0.000000000,0.010348500,0.010348500,16515,True,
50000,employees_50000.csv,salary_gt_12000,salary,>,12000,parallel,1,2,0.000000000,0.694366500,0.694366500,16515,True,
50000,employees_50000.csv,salary_gt_12000,salary,>,12000,parallel,2,2,0.000000000,0.682653200,0.682653200,16515,True,
50000,employees_50000.csv,salary_gt_12000,salary,>,12000,parallel,4,2,0.000000000,0.681100700,0.681100700,16515,True,
50000,employees_50000.csv,salary_gt_12000,salary,>,12000,parallel,8,2,0.000000000,0.888751100,0.888751100,16515,True,
50000,employees_50000.csv,salary_gt_12000,salary,>,12000,parallel,12,2,0.000000000,1.116923900,1.116923900,16515,True,
50000,employees_50000.csv,salary_gt_12000,salary,>,12000,distributed,1,2,0.000000000,0.141395600,0.141395600,16515,True,
50000,employees_50000.csv,salary_gt_12000,salary,>,12000,distributed,2,2,0.000000000,0.098633300,0.098633300,16515,True,
50000,employees_50000.csv,salary_gt_12000,salary,>,12000,distributed,4,2,0.000000000,0.080056400,0.080056400,16515,True,
50000,employees_50000.csv,salary_gt_12000,salary,>,12000,distributed,8,2,0.000000000,0.382655800,0.382655800,16515,True,
50000,employees_50000.csv,salary_gt_12000,salary,>,12000,distributed,12,2,0.000000000,0.074224100,0.074224100,16515,True,
50000,employees_50000.csv,salary_gt_12000,salary,>,12000,linear,-,3,0.000000000,0.002848200,0.002848200,16515,True,
50000,employees_50000.csv,salary_gt_12000,salary,>,12000,indexed,-,3,0.000000000,0.010111200,0.010111200,16515,True,
50000,employees_50000.csv,salary_gt_12000,salary,>,12000,parallel,1,3,0.000000000,0.703550700,0.703550700,16515,True,
50000,employees_50000.csv,salary_gt_12000,salary,>,12000,parallel,2,3,0.000000000,0.689696800,0.689696800,16515,True,
50000,employees_50000.csv,salary_gt_12000,salary,>,12000,parallel,4,3,0.000000000,0.682755800,0.682755800,16515,True,
50000,employees_50000.csv,salary_gt_12000,salary,>,12000,parallel,8,3,0.000000000,0.912465900,0.912465900,16515,True,
50000,employees_50000.csv,salary_gt_12000,salary,>,12000,parallel,12,3,0.000000000,1.130259600,1.130259600,16515,True,
50000,employees_50000.csv,salary_gt_12000,salary,>,12000,distributed,1,3,0.000000000,0.138509300,0.138509300,16515,True,
50000,employees_50000.csv,salary_gt_12000,salary,>,12000,distributed,2,3,0.000000000,0.095713500,0.095713500,16515,True,
50000,employees_50000.csv,salary_gt_12000,salary,>,12000,distributed,4,3,0.000000000,0.078373000,0.078373000,16515,True,
50000,employees_50000.csv,salary_gt_12000,salary,>,12000,distributed,8,3,0.000000000,0.072298800,0.072298800,16515,True,
50000,employees_50000.csv,salary_gt_12000,salary,>,12000,distributed,12,3,0.000000000,0.076685200,0.076685200,16515,True,
50000,employees_50000.csv,age_ge_40,age,>=,40,linear,-,1,0.000000000,0.003014100,0.003014100,29425,True,
50000,employees_50000.csv,age_ge_40,age,>=,40,indexed,-,1,0.000000000,0.006867800,0.006867800,29425,True,
50000,employees_50000.csv,age_ge_40,age,>=,40,parallel,1,1,0.000000000,0.757704700,0.757704700,29425,True,
50000,employees_50000.csv,age_ge_40,age,>=,40,parallel,2,1,0.000000000,0.718691800,0.718691800,29425,True,
50000,employees_50000.csv,age_ge_40,age,>=,40,parallel,4,1,0.000000000,0.685154200,0.685154200,29425,True,
50000,employees_50000.csv,age_ge_40,age,>=,40,parallel,8,1,0.000000000,0.910850400,0.910850400,29425,True,
50000,employees_50000.csv,age_ge_40,age,>=,40,parallel,12,1,0.000000000,1.141953000,1.141953000,29425,True,
50000,employees_50000.csv,age_ge_40,age,>=,40,distributed,1,1,0.000000000,0.159416700,0.159416700,29425,True,
50000,employees_50000.csv,age_ge_40,age,>=,40,distributed,2,1,0.000000000,0.110717600,0.110717600,29425,True,
50000,employees_50000.csv,age_ge_40,age,>=,40,distributed,4,1,0.000000000,0.092211700,0.092211700,29425,True,
50000,employees_50000.csv,age_ge_40,age,>=,40,distributed,8,1,0.000000000,0.083815500,0.083815500,29425,True,
50000,employees_50000.csv,age_ge_40,age,>=,40,distributed,12,1,0.000000000,0.090237500,0.090237500,29425,True,
50000,employees_50000.csv,age_ge_40,age,>=,40,linear,-,2,0.000000000,0.003640300,0.003640300,29425,True,
50000,employees_50000.csv,age_ge_40,age,>=,40,indexed,-,2,0.000000000,0.007493900,0.007493900,29425,True,
50000,employees_50000.csv,age_ge_40,age,>=,40,parallel,1,2,0.000000000,0.728900100,0.728900100,29425,True,
50000,employees_50000.csv,age_ge_40,age,>=,40,parallel,2,2,0.000000000,0.716990600,0.716990600,29425,True,
50000,employees_50000.csv,age_ge_40,age,>=,40,parallel,4,2,0.000000000,0.690968100,0.690968100,29425,True,
50000,employees_50000.csv,age_ge_40,age,>=,40,parallel,8,2,0.000000000,0.909940400,0.909940400,29425,True,
50000,employees_50000.csv,age_ge_40,age,>=,40,parallel,12,2,0.000000000,1.116177200,1.116177200,29425,True,
50000,employees_50000.csv,age_ge_40,age,>=,40,distributed,1,2,0.000000000,0.161486100,0.161486100,29425,True,
50000,employees_50000.csv,age_ge_40,age,>=,40,distributed,2,2,0.000000000,0.112885900,0.112885900,29425,True,
50000,employees_50000.csv,age_ge_40,age,>=,40,distributed,4,2,0.000000000,0.091288600,0.091288600,29425,True,
50000,employees_50000.csv,age_ge_40,age,>=,40,distributed,8,2,0.000000000,0.084673400,0.084673400,29425,True,
50000,employees_50000.csv,age_ge_40,age,>=,40,distributed,12,2,0.000000000,0.087359700,0.087359700,29425,True,
50000,employees_50000.csv,age_ge_40,age,>=,40,linear,-,3,0.000000000,0.003153500,0.003153500,29425,True,
50000,employees_50000.csv,age_ge_40,age,>=,40,indexed,-,3,0.000000000,0.007453900,0.007453900,29425,True,
50000,employees_50000.csv,age_ge_40,age,>=,40,parallel,1,3,0.000000000,0.715310700,0.715310700,29425,True,
50000,employees_50000.csv,age_ge_40,age,>=,40,parallel,2,3,0.000000000,0.684168600,0.684168600,29425,True,
50000,employees_50000.csv,age_ge_40,age,>=,40,parallel,4,3,0.000000000,0.708341200,0.708341200,29425,True,
50000,employees_50000.csv,age_ge_40,age,>=,40,parallel,8,3,0.000000000,0.918803100,0.918803100,29425,True,
50000,employees_50000.csv,age_ge_40,age,>=,40,parallel,12,3,0.000000000,1.137216700,1.137216700,29425,True,
50000,employees_50000.csv,age_ge_40,age,>=,40,distributed,1,3,0.000000000,0.155910900,0.155910900,29425,True,
50000,employees_50000.csv,age_ge_40,age,>=,40,distributed,2,3,0.000000000,0.111724100,0.111724100,29425,True,
50000,employees_50000.csv,age_ge_40,age,>=,40,distributed,4,3,0.000000000,0.100048900,0.100048900,29425,True,
50000,employees_50000.csv,age_ge_40,age,>=,40,distributed,8,3,0.000000000,0.084073500,0.084073500,29425,True,
50000,employees_50000.csv,age_ge_40,age,>=,40,distributed,12,3,0.000000000,0.085320700,0.085320700,29425,True,
50000,employees_50000.csv,is_manager_eq_true,is_manager,==,True,linear,-,1,0.000000000,0.003585300,0.003585300,5924,True,
50000,employees_50000.csv,is_manager_eq_true,is_manager,==,True,indexed,-,1,0.003627600,0.000002500,0.003630100,5924,True,
50000,employees_50000.csv,is_manager_eq_true,is_manager,==,True,parallel,1,1,0.000000000,0.664510500,0.664510500,5924,True,
50000,employees_50000.csv,is_manager_eq_true,is_manager,==,True,parallel,2,1,0.000000000,0.673339500,0.673339500,5924,True,
50000,employees_50000.csv,is_manager_eq_true,is_manager,==,True,parallel,4,1,0.000000000,0.694035600,0.694035600,5924,True,
50000,employees_50000.csv,is_manager_eq_true,is_manager,==,True,parallel,8,1,0.000000000,0.918424900,0.918424900,5924,True,
50000,employees_50000.csv,is_manager_eq_true,is_manager,==,True,parallel,12,1,0.000000000,1.141436000,1.141436000,5924,True,
50000,employees_50000.csv,is_manager_eq_true,is_manager,==,True,distributed,1,1,0.000000000,0.120353000,0.120353000,5924,True,
50000,employees_50000.csv,is_manager_eq_true,is_manager,==,True,distributed,2,1,0.000000000,0.080723100,0.080723100,5924,True,
50000,employees_50000.csv,is_manager_eq_true,is_manager,==,True,distributed,4,1,0.000000000,0.065330700,0.065330700,5924,True,
50000,employees_50000.csv,is_manager_eq_true,is_manager,==,True,distributed,8,1,0.000000000,0.061007500,0.061007500,5924,True,
50000,employees_50000.csv,is_manager_eq_true,is_manager,==,True,distributed,12,1,0.000000000,0.058457200,0.058457200,5924,True,
50000,employees_50000.csv,is_manager_eq_true,is_manager,==,True,linear,-,2,0.000000000,0.002373800,0.002373800,5924,True,
50000,employees_50000.csv,is_manager_eq_true,is_manager,==,True,indexed,-,2,0.003478100,0.000001700,0.003479800,5924,True,
50000,employees_50000.csv,is_manager_eq_true,is_manager,==,True,parallel,1,2,0.000000000,0.671219800,0.671219800,5924,True,
50000,employees_50000.csv,is_manager_eq_true,is_manager,==,True,parallel,2,2,0.000000000,0.667150000,0.667150000,5924,True,
50000,employees_50000.csv,is_manager_eq_true,is_manager,==,True,parallel,4,2,0.000000000,0.679966000,0.679966000,5924,True,
50000,employees_50000.csv,is_manager_eq_true,is_manager,==,True,parallel,8,2,0.000000000,0.930175100,0.930175100,5924,True,
50000,employees_50000.csv,is_manager_eq_true,is_manager,==,True,parallel,12,2,0.000000000,1.125899100,1.125899100,5924,True,
50000,employees_50000.csv,is_manager_eq_true,is_manager,==,True,distributed,1,2,0.000000000,0.120108200,0.120108200,5924,True,
50000,employees_50000.csv,is_manager_eq_true,is_manager,==,True,distributed,2,2,0.000000000,0.087626800,0.087626800,5924,True,
50000,employees_50000.csv,is_manager_eq_true,is_manager,==,True,distributed,4,2,0.000000000,0.068798900,0.068798900,5924,True,
50000,employees_50000.csv,is_manager_eq_true,is_manager,==,True,distributed,8,2,0.000000000,0.329893800,0.329893800,5924,True,
50000,employees_50000.csv,is_manager_eq_true,is_manager,==,True,distributed,12,2,0.000000000,0.063399700,0.063399700,5924,True,
50000,employees_50000.csv,is_manager_eq_true,is_manager,==,True,linear,-,3,0.000000000,0.002803400,0.002803400,5924,True,
50000,employees_50000.csv,is_manager_eq_true,is_manager,==,True,indexed,-,3,0.003610700,0.000002300,0.003613000,5924,True,
50000,employees_50000.csv,is_manager_eq_true,is_manager,==,True,parallel,1,3,0.000000000,0.728137700,0.728137700,5924,True,
50000,employees_50000.csv,is_manager_eq_true,is_manager,==,True,parallel,2,3,0.000000000,0.684372900,0.684372900,5924,True,
50000,employees_50000.csv,is_manager_eq_true,is_manager,==,True,parallel,4,3,0.000000000,0.682734400,0.682734400,5924,True,
50000,employees_50000.csv,is_manager_eq_true,is_manager,==,True,parallel,8,3,0.000000000,0.940803100,0.940803100,5924,True,
50000,employees_50000.csv,is_manager_eq_true,is_manager,==,True,parallel,12,3,0.000000000,1.182919300,1.182919300,5924,True,
50000,employees_50000.csv,is_manager_eq_true,is_manager,==,True,distributed,1,3,0.000000000,0.124039200,0.124039200,5924,True,
50000,employees_50000.csv,is_manager_eq_true,is_manager,==,True,distributed,2,3,0.000000000,0.083698600,0.083698600,5924,True,
50000,employees_50000.csv,is_manager_eq_true,is_manager,==,True,distributed,4,3,0.000000000,0.068661600,0.068661600,5924,True,
50000,employees_50000.csv,is_manager_eq_true,is_manager,==,True,distributed,8,3,0.000000000,0.061427700,0.061427700,5924,True,
50000,employees_50000.csv,is_manager_eq_true,is_manager,==,True,distributed,12,3,0.000000000,0.062469300,0.062469300,5924,True,
50000,employees_50000.csv,last_name_contains_ski,last_name,contains,ski,linear,-,1,0.000000000,0.004098600,0.004098600,25,True,
50000,employees_50000.csv,last_name_contains_ski,last_name,contains,ski,indexed,-,1,0.000000000,0.012873100,0.012873100,25,True,
50000,employees_50000.csv,last_name_contains_ski,last_name,contains,ski,parallel,1,1,0.000000000,0.639814600,0.639814600,25,True,
50000,employees_50000.csv,last_name_contains_ski,last_name,contains,ski,parallel,2,1,0.000000000,0.663451800,0.663451800,25,True,
50000,employees_50000.csv,last_name_contains_ski,last_name,contains,ski,parallel,4,1,0.000000000,0.673062300,0.673062300,25,True,
50000,employees_50000.csv,last_name_contains_ski,last_name,contains,ski,parallel,8,1,0.000000000,0.893772800,0.893772800,25,True,
50000,employees_50000.csv,last_name_contains_ski,last_name,contains,ski,parallel,12,1,0.000000000,1.144078600,1.144078600,25,True,
50000,employees_50000.csv,last_name_contains_ski,last_name,contains,ski,distributed,1,1,0.000000000,0.111970100,0.111970100,25,True,
50000,employees_50000.csv,last_name_contains_ski,last_name,contains,ski,distributed,2,1,0.000000000,0.073705400,0.073705400,25,True,
50000,employees_50000.csv,last_name_contains_ski,last_name,contains,ski,distributed,4,1,0.000000000,0.057884400,0.057884400,25,True,
50000,employees_50000.csv,last_name_contains_ski,last_name,contains,ski,distributed,8,1,0.000000000,0.052393600,0.052393600,25,True,
50000,employees_50000.csv,last_name_contains_ski,last_name,contains,ski,distributed,12,1,0.000000000,0.054017500,0.054017500,25,True,
50000,employees_50000.csv,last_name_contains_ski,last_name,contains,ski,linear,-,2,0.000000000,0.004221000,0.004221000,25,True,
50000,employees_50000.csv,last_name_contains_ski,last_name,contains,ski,indexed,-,2,0.000000000,0.012256200,0.012256200,25,True,
50000,employees_50000.csv,last_name_contains_ski,last_name,contains,ski,parallel,1,2,0.000000000,0.622936700,0.622936700,25,True,
50000,employees_50000.csv,last_name_contains_ski,last_name,contains,ski,parallel,2,2,0.000000000,0.673340800,0.673340800,25,True,
50000,employees_50000.csv,last_name_contains_ski,last_name,contains,ski,parallel,4,2,0.000000000,0.687000500,0.687000500,25,True,
50000,employees_50000.csv,last_name_contains_ski,last_name,contains,ski,parallel,8,2,0.000000000,0.887326500,0.887326500,25,True,
50000,employees_50000.csv,last_name_contains_ski,last_name,contains,ski,parallel,12,2,0.000000000,1.130087200,1.130087200,25,True,
50000,employees_50000.csv,last_name_contains_ski,last_name,contains,ski,distributed,1,2,0.000000000,0.122412400,0.122412400,25,True,
50000,employees_50000.csv,last_name_contains_ski,last_name,contains,ski,distributed,2,2,0.000000000,0.073709800,0.073709800,25,True,
50000,employees_50000.csv,last_name_contains_ski,last_name,contains,ski,distributed,4,2,0.000000000,0.058225800,0.058225800,25,True,
50000,employees_50000.csv,last_name_contains_ski,last_name,contains,ski,distributed,8,2,0.000000000,0.052030800,0.052030800,25,True,
50000,employees_50000.csv,last_name_contains_ski,last_name,contains,ski,distributed,12,2,0.000000000,0.054142300,0.054142300,25,True,
50000,employees_50000.csv,last_name_contains_ski,last_name,contains,ski,linear,-,3,0.000000000,0.004163600,0.004163600,25,True,
50000,employees_50000.csv,last_name_contains_ski,last_name,contains,ski,indexed,-,3,0.000000000,0.012122100,0.012122100,25,True,
50000,employees_50000.csv,last_name_contains_ski,last_name,contains,ski,parallel,1,3,0.000000000,0.637401400,0.637401400,25,True,
50000,employees_50000.csv,last_name_contains_ski,last_name,contains,ski,parallel,2,3,0.000000000,0.675813900,0.675813900,25,True,
50000,employees_50000.csv,last_name_contains_ski,last_name,contains,ski,parallel,4,3,0.000000000,0.675289400,0.675289400,25,True,
50000,employees_50000.csv,last_name_contains_ski,last_name,contains,ski,parallel,8,3,0.000000000,0.898631000,0.898631000,25,True,
50000,employees_50000.csv,last_name_contains_ski,last_name,contains,ski,parallel,12,3,0.000000000,1.116519500,1.116519500,25,True,
50000,employees_50000.csv,last_name_contains_ski,last_name,contains,ski,distributed,1,3,0.000000000,0.107373300,0.107373300,25,True,
50000,employees_50000.csv,last_name_contains_ski,last_name,contains,ski,distributed,2,3,0.000000000,0.072305700,0.072305700,25,True,
50000,employees_50000.csv,last_name_contains_ski,last_name,contains,ski,distributed,4,3,0.000000000,0.056755000,0.056755000,25,True,
50000,employees_50000.csv,last_name_contains_ski,last_name,contains,ski,distributed,8,3,0.000000000,0.051594100,0.051594100,25,True,
50000,employees_50000.csv,last_name_contains_ski,last_name,contains,ski,distributed,12,3,0.000000000,0.053330600,0.053330600,25,True,
100000,employees_100000.csv,id_eq_100,id,==,100,linear,-,1,0.000000000,0.005251500,0.005251500,1,True,
100000,employees_100000.csv,id_eq_100,id,==,100,indexed,-,1,0.035097000,0.000003100,0.035100100,1,True,
100000,employees_100000.csv,id_eq_100,id,==,100,parallel,1,1,0.000000000,0.719609100,0.719609100,1,True,
100000,employees_100000.csv,id_eq_100,id,==,100,parallel,2,1,0.000000000,0.717291800,0.717291800,1,True,
100000,employees_100000.csv,id_eq_100,id,==,100,parallel,4,1,0.000000000,0.737478500,0.737478500,1,True,
100000,employees_100000.csv,id_eq_100,id,==,100,parallel,8,1,0.000000000,0.948988000,0.948988000,1,True,
100000,employees_100000.csv,id_eq_100,id,==,100,parallel,12,1,0.000000000,1.157394000,1.157394000,1,True,
100000,employees_100000.csv,id_eq_100,id,==,100,distributed,1,1,0.000000000,0.204095600,0.204095600,1,True,
100000,employees_100000.csv,id_eq_100,id,==,100,distributed,2,1,0.000000000,0.143804700,0.143804700,1,True,
100000,employees_100000.csv,id_eq_100,id,==,100,distributed,4,1,0.000000000,0.109612600,0.109612600,1,True,
100000,employees_100000.csv,id_eq_100,id,==,100,distributed,8,1,0.000000000,0.098031400,0.098031400,1,True,
100000,employees_100000.csv,id_eq_100,id,==,100,distributed,12,1,0.000000000,0.103680800,0.103680800,1,True,
100000,employees_100000.csv,id_eq_100,id,==,100,linear,-,2,0.000000000,0.004804600,0.004804600,1,True,
100000,employees_100000.csv,id_eq_100,id,==,100,indexed,-,2,0.031185800,0.000003700,0.031189500,1,True,
100000,employees_100000.csv,id_eq_100,id,==,100,parallel,1,2,0.000000000,0.744321700,0.744321700,1,True,
100000,employees_100000.csv,id_eq_100,id,==,100,parallel,2,2,0.000000000,0.732627400,0.732627400,1,True,
100000,employees_100000.csv,id_eq_100,id,==,100,parallel,4,2,0.000000000,0.750254200,0.750254200,1,True,
100000,employees_100000.csv,id_eq_100,id,==,100,parallel,8,2,0.000000000,0.944024300,0.944024300,1,True,
100000,employees_100000.csv,id_eq_100,id,==,100,parallel,12,2,0.000000000,1.153591100,1.153591100,1,True,
100000,employees_100000.csv,id_eq_100,id,==,100,distributed,1,2,0.000000000,0.202652700,0.202652700,1,True,
100000,employees_100000.csv,id_eq_100,id,==,100,distributed,2,2,0.000000000,0.140340400,0.140340400,1,True,
100000,employees_100000.csv,id_eq_100,id,==,100,distributed,4,2,0.000000000,0.108997100,0.108997100,1,True,
100000,employees_100000.csv,id_eq_100,id,==,100,distributed,8,2,0.000000000,0.097636500,0.097636500,1,True,
100000,employees_100000.csv,id_eq_100,id,==,100,distributed,12,2,0.000000000,0.101740600,0.101740600,1,True,
100000,employees_100000.csv,id_eq_100,id,==,100,linear,-,3,0.000000000,0.004737400,0.004737400,1,True,
100000,employees_100000.csv,id_eq_100,id,==,100,indexed,-,3,0.046475000,0.000002400,0.046477400,1,True,
100000,employees_100000.csv,id_eq_100,id,==,100,parallel,1,3,0.000000000,0.709586500,0.709586500,1,True,
100000,employees_100000.csv,id_eq_100,id,==,100,parallel,2,3,0.000000000,0.736974300,0.736974300,1,True,
100000,employees_100000.csv,id_eq_100,id,==,100,parallel,4,3,0.000000000,0.737528000,0.737528000,1,True,
100000,employees_100000.csv,id_eq_100,id,==,100,parallel,8,3,0.000000000,0.934888200,0.934888200,1,True,
100000,employees_100000.csv,id_eq_100,id,==,100,parallel,12,3,0.000000000,1.188915100,1.188915100,1,True,
100000,employees_100000.csv,id_eq_100,id,==,100,distributed,1,3,0.000000000,0.206041400,0.206041400,1,True,
100000,employees_100000.csv,id_eq_100,id,==,100,distributed,2,3,0.000000000,0.137603000,0.137603000,1,True,
100000,employees_100000.csv,id_eq_100,id,==,100,distributed,4,3,0.000000000,0.108749100,0.108749100,1,True,
100000,employees_100000.csv,id_eq_100,id,==,100,distributed,8,3,0.000000000,0.101518300,0.101518300,1,True,
100000,employees_100000.csv,id_eq_100,id,==,100,distributed,12,3,0.000000000,0.099710800,0.099710800,1,True,
100000,employees_100000.csv,city_eq_warszawa,city,==,Warszawa,linear,-,1,0.000000000,0.006709000,0.006709000,22267,True,
100000,employees_100000.csv,city_eq_warszawa,city,==,Warszawa,indexed,-,1,0.009829300,0.000002800,0.009832100,22267,True,
100000,employees_100000.csv,city_eq_warszawa,city,==,Warszawa,parallel,1,1,0.000000000,0.762931400,0.762931400,22267,True,
100000,employees_100000.csv,city_eq_warszawa,city,==,Warszawa,parallel,2,1,0.000000000,0.775692100,0.775692100,22267,True,
100000,employees_100000.csv,city_eq_warszawa,city,==,Warszawa,parallel,4,1,0.000000000,0.748771800,0.748771800,22267,True,
100000,employees_100000.csv,city_eq_warszawa,city,==,Warszawa,parallel,8,1,0.000000000,0.942215100,0.942215100,22267,True,
100000,employees_100000.csv,city_eq_warszawa,city,==,Warszawa,parallel,12,1,0.000000000,1.174143100,1.174143100,22267,True,
100000,employees_100000.csv,city_eq_warszawa,city,==,Warszawa,distributed,1,1,0.000000000,0.248691300,0.248691300,22267,True,
100000,employees_100000.csv,city_eq_warszawa,city,==,Warszawa,distributed,2,1,0.000000000,0.171610100,0.171610100,22267,True,
100000,employees_100000.csv,city_eq_warszawa,city,==,Warszawa,distributed,4,1,0.000000000,0.138648800,0.138648800,22267,True,
100000,employees_100000.csv,city_eq_warszawa,city,==,Warszawa,distributed,8,1,0.000000000,0.126391800,0.126391800,22267,True,
100000,employees_100000.csv,city_eq_warszawa,city,==,Warszawa,distributed,12,1,0.000000000,0.130892800,0.130892800,22267,True,
100000,employees_100000.csv,city_eq_warszawa,city,==,Warszawa,linear,-,2,0.000000000,0.006899800,0.006899800,22267,True,
100000,employees_100000.csv,city_eq_warszawa,city,==,Warszawa,indexed,-,2,0.009661100,0.000002300,0.009663400,22267,True,
100000,employees_100000.csv,city_eq_warszawa,city,==,Warszawa,parallel,1,2,0.000000000,0.749388100,0.749388100,22267,True,
100000,employees_100000.csv,city_eq_warszawa,city,==,Warszawa,parallel,2,2,0.000000000,0.753079500,0.753079500,22267,True,
100000,employees_100000.csv,city_eq_warszawa,city,==,Warszawa,parallel,4,2,0.000000000,0.761105200,0.761105200,22267,True,
100000,employees_100000.csv,city_eq_warszawa,city,==,Warszawa,parallel,8,2,0.000000000,0.938469800,0.938469800,22267,True,
100000,employees_100000.csv,city_eq_warszawa,city,==,Warszawa,parallel,12,2,0.000000000,1.168484900,1.168484900,22267,True,
100000,employees_100000.csv,city_eq_warszawa,city,==,Warszawa,distributed,1,2,0.000000000,0.253001100,0.253001100,22267,True,
100000,employees_100000.csv,city_eq_warszawa,city,==,Warszawa,distributed,2,2,0.000000000,0.173287000,0.173287000,22267,True,
100000,employees_100000.csv,city_eq_warszawa,city,==,Warszawa,distributed,4,2,0.000000000,0.149898100,0.149898100,22267,True,
100000,employees_100000.csv,city_eq_warszawa,city,==,Warszawa,distributed,8,2,0.000000000,0.134594400,0.134594400,22267,True,
100000,employees_100000.csv,city_eq_warszawa,city,==,Warszawa,distributed,12,2,0.000000000,0.134021400,0.134021400,22267,True,
100000,employees_100000.csv,city_eq_warszawa,city,==,Warszawa,linear,-,3,0.000000000,0.006391300,0.006391300,22267,True,
100000,employees_100000.csv,city_eq_warszawa,city,==,Warszawa,indexed,-,3,0.008841100,0.000001800,0.008842900,22267,True,
100000,employees_100000.csv,city_eq_warszawa,city,==,Warszawa,parallel,1,3,0.000000000,0.766020800,0.766020800,22267,True,
100000,employees_100000.csv,city_eq_warszawa,city,==,Warszawa,parallel,2,3,0.000000000,0.731241800,0.731241800,22267,True,
100000,employees_100000.csv,city_eq_warszawa,city,==,Warszawa,parallel,4,3,0.000000000,0.749921600,0.749921600,22267,True,
100000,employees_100000.csv,city_eq_warszawa,city,==,Warszawa,parallel,8,3,0.000000000,0.948684600,0.948684600,22267,True,
100000,employees_100000.csv,city_eq_warszawa,city,==,Warszawa,parallel,12,3,0.000000000,1.172921600,1.172921600,22267,True,
100000,employees_100000.csv,city_eq_warszawa,city,==,Warszawa,distributed,1,3,0.000000000,0.246745000,0.246745000,22267,True,
100000,employees_100000.csv,city_eq_warszawa,city,==,Warszawa,distributed,2,3,0.000000000,0.172400200,0.172400200,22267,True,
100000,employees_100000.csv,city_eq_warszawa,city,==,Warszawa,distributed,4,3,0.000000000,0.143176800,0.143176800,22267,True,
100000,employees_100000.csv,city_eq_warszawa,city,==,Warszawa,distributed,8,3,0.000000000,0.125639500,0.125639500,22267,True,
100000,employees_100000.csv,city_eq_warszawa,city,==,Warszawa,distributed,12,3,0.000000000,0.148323800,0.148323800,22267,True,
100000,employees_100000.csv,department_eq_it,department,==,IT,linear,-,1,0.000000000,0.006158100,0.006158100,25174,True,
100000,employees_100000.csv,department_eq_it,department,==,IT,indexed,-,1,0.011358800,0.000002400,0.011361200,25174,True,
100000,employees_100000.csv,department_eq_it,department,==,IT,parallel,1,1,0.000000000,0.759864900,0.759864900,25174,True,
100000,employees_100000.csv,department_eq_it,department,==,IT,parallel,2,1,0.000000000,0.735562600,0.735562600,25174,True,
100000,employees_100000.csv,department_eq_it,department,==,IT,parallel,4,1,0.000000000,0.750789100,0.750789100,25174,True,
100000,employees_100000.csv,department_eq_it,department,==,IT,parallel,8,1,0.000000000,0.947331700,0.947331700,25174,True,
100000,employees_100000.csv,department_eq_it,department,==,IT,parallel,12,1,0.000000000,1.159652600,1.159652600,25174,True,
100000,employees_100000.csv,department_eq_it,department,==,IT,distributed,1,1,0.000000000,0.260995700,0.260995700,25174,True,
100000,employees_100000.csv,department_eq_it,department,==,IT,distributed,2,1,0.000000000,0.185244500,0.185244500,25174,True,
100000,employees_100000.csv,department_eq_it,department,==,IT,distributed,4,1,0.000000000,0.148797300,0.148797300,25174,True,
100000,employees_100000.csv,department_eq_it,department,==,IT,distributed,8,1,0.000000000,0.131447700,0.131447700,25174,True,
100000,employees_100000.csv,department_eq_it,department,==,IT,distributed,12,1,0.000000000,0.131576800,0.131576800,25174,True,
100000,employees_100000.csv,department_eq_it,department,==,IT,linear,-,2,0.000000000,0.006139500,0.006139500,25174,True,
100000,employees_100000.csv,department_eq_it,department,==,IT,indexed,-,2,0.009166000,0.000002100,0.009168100,25174,True,
100000,employees_100000.csv,department_eq_it,department,==,IT,parallel,1,2,0.000000000,0.717054300,0.717054300,25174,True,
100000,employees_100000.csv,department_eq_it,department,==,IT,parallel,2,2,0.000000000,0.709266400,0.709266400,25174,True,
100000,employees_100000.csv,department_eq_it,department,==,IT,parallel,4,2,0.000000000,0.740746900,0.740746900,25174,True,
100000,employees_100000.csv,department_eq_it,department,==,IT,parallel,8,2,0.000000000,0.949075700,0.949075700,25174,True,
100000,employees_100000.csv,department_eq_it,department,==,IT,parallel,12,2,0.000000000,1.157651800,1.157651800,25174,True,
100000,employees_100000.csv,department_eq_it,department,==,IT,distributed,1,2,0.000000000,0.257953700,0.257953700,25174,True,
100000,employees_100000.csv,department_eq_it,department,==,IT,distributed,2,2,0.000000000,0.178343400,0.178343400,25174,True,
100000,employees_100000.csv,department_eq_it,department,==,IT,distributed,4,2,0.000000000,0.142018900,0.142018900,25174,True,
100000,employees_100000.csv,department_eq_it,department,==,IT,distributed,8,2,0.000000000,0.127085700,0.127085700,25174,True,
100000,employees_100000.csv,department_eq_it,department,==,IT,distributed,12,2,0.000000000,0.130723600,0.130723600,25174,True,
100000,employees_100000.csv,department_eq_it,department,==,IT,linear,-,3,0.000000000,0.006625000,0.006625000,25174,True,
100000,employees_100000.csv,department_eq_it,department,==,IT,indexed,-,3,0.009908600,0.000001800,0.009910400,25174,True,
100000,employees_100000.csv,department_eq_it,department,==,IT,parallel,1,3,0.000000000,0.716298500,0.716298500,25174,True,
100000,employees_100000.csv,department_eq_it,department,==,IT,parallel,2,3,0.000000000,0.759634300,0.759634300,25174,True,
100000,employees_100000.csv,department_eq_it,department,==,IT,parallel,4,3,0.000000000,0.752455900,0.752455900,25174,True,
100000,employees_100000.csv,department_eq_it,department,==,IT,parallel,8,3,0.000000000,1.107140300,1.107140300,25174,True,
100000,employees_100000.csv,department_eq_it,department,==,IT,parallel,12,3,0.000000000,1.302974500,1.302974500,25174,True,
100000,employees_100000.csv,department_eq_it,department,==,IT,distributed,1,3,0.000000000,0.529364800,0.529364800,25174,True,
100000,employees_100000.csv,department_eq_it,department,==,IT,distributed,2,3,0.000000000,0.355372300,0.355372300,25174,True,
100000,employees_100000.csv,department_eq_it,department,==,IT,distributed,4,3,0.000000000,0.286198700,0.286198700,25174,True,
100000,employees_100000.csv,department_eq_it,department,==,IT,distributed,8,3,0.000000000,0.253590800,0.253590800,25174,True,
100000,employees_100000.csv,department_eq_it,department,==,IT,distributed,12,3,0.000000000,0.253625000,0.253625000,25174,True,
100000,employees_100000.csv,salary_gt_12000,salary,>,12000,linear,-,1,0.000000000,0.011461300,0.011461300,33047,True,
100000,employees_100000.csv,salary_gt_12000,salary,>,12000,indexed,-,1,0.000000000,0.051256200,0.051256200,33047,True,
100000,employees_100000.csv,salary_gt_12000,salary,>,12000,parallel,1,1,0.000000000,0.928191300,0.928191300,33047,True,
100000,employees_100000.csv,salary_gt_12000,salary,>,12000,parallel,2,1,0.000000000,0.931802400,0.931802400,33047,True,
100000,employees_100000.csv,salary_gt_12000,salary,>,12000,parallel,4,1,0.000000000,1.013499700,1.013499700,33047,True,
100000,employees_100000.csv,salary_gt_12000,salary,>,12000,parallel,8,1,0.000000000,1.166310000,1.166310000,33047,True,
100000,employees_100000.csv,salary_gt_12000,salary,>,12000,parallel,12,1,0.000000000,1.264016500,1.264016500,33047,True,
100000,employees_100000.csv,salary_gt_12000,salary,>,12000,distributed,1,1,0.000000000,0.269426600,0.269426600,33047,True,
100000,employees_100000.csv,salary_gt_12000,salary,>,12000,distributed,2,1,0.000000000,0.217478200,0.217478200,33047,True,
100000,employees_100000.csv,salary_gt_12000,salary,>,12000,distributed,4,1,0.000000000,0.353607400,0.353607400,33047,True,
100000,employees_100000.csv,salary_gt_12000,salary,>,12000,distributed,8,1,0.000000000,0.277412500,0.277412500,33047,True,
100000,employees_100000.csv,salary_gt_12000,salary,>,12000,distributed,12,1,0.000000000,0.282879900,0.282879900,33047,True,
100000,employees_100000.csv,salary_gt_12000,salary,>,12000,linear,-,2,0.000000000,0.012246000,0.012246000,33047,True,
100000,employees_100000.csv,salary_gt_12000,salary,>,12000,indexed,-,2,0.000000000,0.043271800,0.043271800,33047,True,
100000,employees_100000.csv,salary_gt_12000,salary,>,12000,parallel,1,2,0.000000000,0.955958900,0.955958900,33047,True,
100000,employees_100000.csv,salary_gt_12000,salary,>,12000,parallel,2,2,0.000000000,0.916727000,0.916727000,33047,True,
100000,employees_100000.csv,salary_gt_12000,salary,>,12000,parallel,4,2,0.000000000,0.876639500,0.876639500,33047,True,
100000,employees_100000.csv,salary_gt_12000,salary,>,12000,parallel,8,2,0.000000000,1.074412100,1.074412100,33047,True,
100000,employees_100000.csv,salary_gt_12000,salary,>,12000,parallel,12,2,0.000000000,1.269645800,1.269645800,33047,True,
100000,employees_100000.csv,salary_gt_12000,salary,>,12000,distributed,1,2,0.000000000,0.540858000,0.540858000,33047,True,
100000,employees_100000.csv,salary_gt_12000,salary,>,12000,distributed,2,2,0.000000000,0.394399300,0.394399300,33047,True,
100000,employees_100000.csv,salary_gt_12000,salary,>,12000,distributed,4,2,0.000000000,0.327086800,0.327086800,33047,True,
100000,employees_100000.csv,salary_gt_12000,salary,>,12000,distributed,8,2,0.000000000,0.282291200,0.282291200,33047,True,
100000,employees_100000.csv,salary_gt_12000,salary,>,12000,distributed,12,2,0.000000000,0.274517600,0.274517600,33047,True,
100000,employees_100000.csv,salary_gt_12000,salary,>,12000,linear,-,3,0.000000000,0.013293300,0.013293300,33047,True,
100000,employees_100000.csv,salary_gt_12000,salary,>,12000,indexed,-,3,0.000000000,0.038459900,0.038459900,33047,True,
100000,employees_100000.csv,salary_gt_12000,salary,>,12000,parallel,1,3,0.000000000,0.957120400,0.957120400,33047,True,
100000,employees_100000.csv,salary_gt_12000,salary,>,12000,parallel,2,3,0.000000000,0.906809500,0.906809500,33047,True,
100000,employees_100000.csv,salary_gt_12000,salary,>,12000,parallel,4,3,0.000000000,0.939169500,0.939169500,33047,True,
100000,employees_100000.csv,salary_gt_12000,salary,>,12000,parallel,8,3,0.000000000,1.040637700,1.040637700,33047,True,
100000,employees_100000.csv,salary_gt_12000,salary,>,12000,parallel,12,3,0.000000000,1.290124600,1.290124600,33047,True,
100000,employees_100000.csv,salary_gt_12000,salary,>,12000,distributed,1,3,0.000000000,0.538989200,0.538989200,33047,True,
100000,employees_100000.csv,salary_gt_12000,salary,>,12000,distributed,2,3,0.000000000,0.399128700,0.399128700,33047,True,
100000,employees_100000.csv,salary_gt_12000,salary,>,12000,distributed,4,3,0.000000000,0.304224000,0.304224000,33047,True,
100000,employees_100000.csv,salary_gt_12000,salary,>,12000,distributed,8,3,0.000000000,0.265112800,0.265112800,33047,True,
100000,employees_100000.csv,salary_gt_12000,salary,>,12000,distributed,12,3,0.000000000,0.274461900,0.274461900,33047,True,
100000,employees_100000.csv,age_ge_40,age,>=,40,linear,-,1,0.000000000,0.012195000,0.012195000,58961,True,
100000,employees_100000.csv,age_ge_40,age,>=,40,indexed,-,1,0.000000000,0.030711900,0.030711900,58961,True,
100000,employees_100000.csv,age_ge_40,age,>=,40,parallel,1,1,0.000000000,0.988027300,0.988027300,58961,True,
100000,employees_100000.csv,age_ge_40,age,>=,40,parallel,2,1,0.000000000,0.985196600,0.985196600,58961,True,
100000,employees_100000.csv,age_ge_40,age,>=,40,parallel,4,1,0.000000000,1.023288400,1.023288400,58961,True,
100000,employees_100000.csv,age_ge_40,age,>=,40,parallel,8,1,0.000000000,1.143389700,1.143389700,58961,True,
100000,employees_100000.csv,age_ge_40,age,>=,40,parallel,12,1,0.000000000,1.245521200,1.245521200,58961,True,
100000,employees_100000.csv,age_ge_40,age,>=,40,distributed,1,1,0.000000000,0.619413300,0.619413300,58961,True,
100000,employees_100000.csv,age_ge_40,age,>=,40,distributed,2,1,0.000000000,0.346022400,0.346022400,58961,True,
100000,employees_100000.csv,age_ge_40,age,>=,40,distributed,4,1,0.000000000,0.192240600,0.192240600,58961,True,
100000,employees_100000.csv,age_ge_40,age,>=,40,distributed,8,1,0.000000000,0.184054900,0.184054900,58961,True,
100000,employees_100000.csv,age_ge_40,age,>=,40,distributed,12,1,0.000000000,0.174344500,0.174344500,58961,True,
100000,employees_100000.csv,age_ge_40,age,>=,40,linear,-,2,0.000000000,0.006669800,0.006669800,58961,True,
100000,employees_100000.csv,age_ge_40,age,>=,40,indexed,-,2,0.000000000,0.014308500,0.014308500,58961,True,
100000,employees_100000.csv,age_ge_40,age,>=,40,parallel,1,2,0.000000000,0.864828100,0.864828100,58961,True,
100000,employees_100000.csv,age_ge_40,age,>=,40,parallel,2,2,0.000000000,1.018880800,1.018880800,58961,True,
100000,employees_100000.csv,age_ge_40,age,>=,40,parallel,4,2,0.000000000,0.997672500,0.997672500,58961,True,
100000,employees_100000.csv,age_ge_40,age,>=,40,parallel,8,2,0.000000000,1.077017600,1.077017600,58961,True,
100000,employees_100000.csv,age_ge_40,age,>=,40,parallel,12,2,0.000000000,1.345115900,1.345115900,58961,True,
100000,employees_100000.csv,age_ge_40,age,>=,40,distributed,1,2,0.000000000,0.609415000,0.609415000,58961,True,
100000,employees_100000.csv,age_ge_40,age,>=,40,distributed,2,2,0.000000000,0.458260100,0.458260100,58961,True,
100000,employees_100000.csv,age_ge_40,age,>=,40,distributed,4,2,0.000000000,0.357856500,0.357856500,58961,True,
100000,employees_100000.csv,age_ge_40,age,>=,40,distributed,8,2,0.000000000,0.367082000,0.367082000,58961,True,
100000,employees_100000.csv,age_ge_40,age,>=,40,distributed,12,2,0.000000000,0.322749200,0.322749200,58961,True,
100000,employees_100000.csv,age_ge_40,age,>=,40,linear,-,3,0.000000000,0.011077400,0.011077400,58961,True,
100000,employees_100000.csv,age_ge_40,age,>=,40,indexed,-,3,0.000000000,0.027019600,0.027019600,58961,True,
100000,employees_100000.csv,age_ge_40,age,>=,40,parallel,1,3,0.000000000,1.020061600,1.020061600,58961,True,
100000,employees_100000.csv,age_ge_40,age,>=,40,parallel,2,3,0.000000000,0.959376000,0.959376000,58961,True,
100000,employees_100000.csv,age_ge_40,age,>=,40,parallel,4,3,0.000000000,1.131560200,1.131560200,58961,True,
100000,employees_100000.csv,age_ge_40,age,>=,40,parallel,8,3,0.000000000,1.125745600,1.125745600,58961,True,
100000,employees_100000.csv,age_ge_40,age,>=,40,parallel,12,3,0.000000000,1.286848100,1.286848100,58961,True,
100000,employees_100000.csv,age_ge_40,age,>=,40,distributed,1,3,0.000000000,0.667483300,0.667483300,58961,True,
100000,employees_100000.csv,age_ge_40,age,>=,40,distributed,2,3,0.000000000,0.473405200,0.473405200,58961,True,
100000,employees_100000.csv,age_ge_40,age,>=,40,distributed,4,3,0.000000000,0.342370700,0.342370700,58961,True,
100000,employees_100000.csv,age_ge_40,age,>=,40,distributed,8,3,0.000000000,0.366922500,0.366922500,58961,True,
100000,employees_100000.csv,age_ge_40,age,>=,40,distributed,12,3,0.000000000,0.324951500,0.324951500,58961,True,
100000,employees_100000.csv,is_manager_eq_true,is_manager,==,True,linear,-,1,0.000000000,0.009556400,0.009556400,11955,True,
100000,employees_100000.csv,is_manager_eq_true,is_manager,==,True,indexed,-,1,0.012378100,0.000003000,0.012381100,11955,True,
100000,employees_100000.csv,is_manager_eq_true,is_manager,==,True,parallel,1,1,0.000000000,0.837896400,0.837896400,11955,True,
100000,employees_100000.csv,is_manager_eq_true,is_manager,==,True,parallel,2,1,0.000000000,0.793359600,0.793359600,11955,True,
100000,employees_100000.csv,is_manager_eq_true,is_manager,==,True,parallel,4,1,0.000000000,0.902815400,0.902815400,11955,True,
100000,employees_100000.csv,is_manager_eq_true,is_manager,==,True,parallel,8,1,0.000000000,1.001157800,1.001157800,11955,True,
100000,employees_100000.csv,is_manager_eq_true,is_manager,==,True,parallel,12,1,0.000000000,1.231615200,1.231615200,11955,True,
100000,employees_100000.csv,is_manager_eq_true,is_manager,==,True,distributed,1,1,0.000000000,0.453389700,0.453389700,11955,True,
100000,employees_100000.csv,is_manager_eq_true,is_manager,==,True,distributed,2,1,0.000000000,0.301977900,0.301977900,11955,True,
100000,employees_100000.csv,is_manager_eq_true,is_manager,==,True,distributed,4,1,0.000000000,0.242073000,0.242073000,11955,True,
100000,employees_100000.csv,is_manager_eq_true,is_manager,==,True,distributed,8,1,0.000000000,0.224042100,0.224042100,11955,True,
100000,employees_100000.csv,is_manager_eq_true,is_manager,==,True,distributed,12,1,0.000000000,0.213367000,0.213367000,11955,True,
100000,employees_100000.csv,is_manager_eq_true,is_manager,==,True,linear,-,2,0.000000000,0.010054800,0.010054800,11955,True,
100000,employees_100000.csv,is_manager_eq_true,is_manager,==,True,indexed,-,2,0.013638300,0.000003400,0.013641700,11955,True,
100000,employees_100000.csv,is_manager_eq_true,is_manager,==,True,parallel,1,2,0.000000000,0.916557400,0.916557400,11955,True,
100000,employees_100000.csv,is_manager_eq_true,is_manager,==,True,parallel,2,2,0.000000000,0.822731800,0.822731800,11955,True,
100000,employees_100000.csv,is_manager_eq_true,is_manager,==,True,parallel,4,2,0.000000000,0.943731300,0.943731300,11955,True,
100000,employees_100000.csv,is_manager_eq_true,is_manager,==,True,parallel,8,2,0.000000000,1.049524500,1.049524500,11955,True,
100000,employees_100000.csv,is_manager_eq_true,is_manager,==,True,parallel,12,2,0.000000000,1.223214000,1.223214000,11955,True,
100000,employees_100000.csv,is_manager_eq_true,is_manager,==,True,distributed,1,2,0.000000000,0.471876000,0.471876000,11955,True,
100000,employees_100000.csv,is_manager_eq_true,is_manager,==,True,distributed,2,2,0.000000000,0.302282700,0.302282700,11955,True,
100000,employees_100000.csv,is_manager_eq_true,is_manager,==,True,distributed,4,2,0.000000000,0.247558900,0.247558900,11955,True,
100000,employees_100000.csv,is_manager_eq_true,is_manager,==,True,distributed,8,2,0.000000000,0.274807500,0.274807500,11955,True,
100000,employees_100000.csv,is_manager_eq_true,is_manager,==,True,distributed,12,2,0.000000000,0.223710900,0.223710900,11955,True,
100000,employees_100000.csv,is_manager_eq_true,is_manager,==,True,linear,-,3,0.000000000,0.008681000,0.008681000,11955,True,
100000,employees_100000.csv,is_manager_eq_true,is_manager,==,True,indexed,-,3,0.014765000,0.000003200,0.014768200,11955,True,
100000,employees_100000.csv,is_manager_eq_true,is_manager,==,True,parallel,1,3,0.000000000,0.857353500,0.857353500,11955,True,
100000,employees_100000.csv,is_manager_eq_true,is_manager,==,True,parallel,2,3,0.000000000,0.877066400,0.877066400,11955,True,
100000,employees_100000.csv,is_manager_eq_true,is_manager,==,True,parallel,4,3,0.000000000,0.890374200,0.890374200,11955,True,
100000,employees_100000.csv,is_manager_eq_true,is_manager,==,True,parallel,8,3,0.000000000,0.994495400,0.994495400,11955,True,
100000,employees_100000.csv,is_manager_eq_true,is_manager,==,True,parallel,12,3,0.000000000,1.227532600,1.227532600,11955,True,
100000,employees_100000.csv,is_manager_eq_true,is_manager,==,True,distributed,1,3,0.000000000,0.486964500,0.486964500,11955,True,
100000,employees_100000.csv,is_manager_eq_true,is_manager,==,True,distributed,2,3,0.000000000,0.314740700,0.314740700,11955,True,
100000,employees_100000.csv,is_manager_eq_true,is_manager,==,True,distributed,4,3,0.000000000,0.254120700,0.254120700,11955,True,
100000,employees_100000.csv,is_manager_eq_true,is_manager,==,True,distributed,8,3,0.000000000,0.261390200,0.261390200,11955,True,
100000,employees_100000.csv,is_manager_eq_true,is_manager,==,True,distributed,12,3,0.000000000,0.216373000,0.216373000,11955,True,
100000,employees_100000.csv,last_name_contains_ski,last_name,contains,ski,linear,-,1,0.000000000,0.014921400,0.014921400,59,True,
100000,employees_100000.csv,last_name_contains_ski,last_name,contains,ski,indexed,-,1,0.000000000,0.075357700,0.075357700,59,True,
100000,employees_100000.csv,last_name_contains_ski,last_name,contains,ski,parallel,1,1,0.000000000,0.853782400,0.853782400,59,True,
100000,employees_100000.csv,last_name_contains_ski,last_name,contains,ski,parallel,2,1,0.000000000,0.821972200,0.821972200,59,True,
100000,employees_100000.csv,last_name_contains_ski,last_name,contains,ski,parallel,4,1,0.000000000,0.861581400,0.861581400,59,True,
100000,employees_100000.csv,last_name_contains_ski,last_name,contains,ski,parallel,8,1,0.000000000,1.002891300,1.002891300,59,True,
100000,employees_100000.csv,last_name_contains_ski,last_name,contains,ski,parallel,12,1,0.000000000,1.199836200,1.199836200,59,True,
100000,employees_100000.csv,last_name_contains_ski,last_name,contains,ski,distributed,1,1,0.000000000,0.440322700,0.440322700,59,True,
100000,employees_100000.csv,last_name_contains_ski,last_name,contains,ski,distributed,2,1,0.000000000,0.296978100,0.296978100,59,True,
100000,employees_100000.csv,last_name_contains_ski,last_name,contains,ski,distributed,4,1,0.000000000,0.271505600,0.271505600,59,True,
100000,employees_100000.csv,last_name_contains_ski,last_name,contains,ski,distributed,8,1,0.000000000,0.185744400,0.185744400,59,True,
100000,employees_100000.csv,last_name_contains_ski,last_name,contains,ski,distributed,12,1,0.000000000,0.201133700,0.201133700,59,True,
100000,employees_100000.csv,last_name_contains_ski,last_name,contains,ski,linear,-,2,0.000000000,0.014342700,0.014342700,59,True,
100000,employees_100000.csv,last_name_contains_ski,last_name,contains,ski,indexed,-,2,0.000000000,0.043380200,0.043380200,59,True,
100000,employees_100000.csv,last_name_contains_ski,last_name,contains,ski,parallel,1,2,0.000000000,0.891070800,0.891070800,59,True,
100000,employees_100000.csv,last_name_contains_ski,last_name,contains,ski,parallel,2,2,0.000000000,0.813252900,0.813252900,59,True,
100000,employees_100000.csv,last_name_contains_ski,last_name,contains,ski,parallel,4,2,0.000000000,0.847722900,0.847722900,59,True,
100000,employees_100000.csv,last_name_contains_ski,last_name,contains,ski,parallel,8,2,0.000000000,1.009548100,1.009548100,59,True,
100000,employees_100000.csv,last_name_contains_ski,last_name,contains,ski,parallel,12,2,0.000000000,1.202697500,1.202697500,59,True,
100000,employees_100000.csv,last_name_contains_ski,last_name,contains,ski,distributed,1,2,0.000000000,0.413736700,0.413736700,59,True,
100000,employees_100000.csv,last_name_contains_ski,last_name,contains,ski,distributed,2,2,0.000000000,0.289177500,0.289177500,59,True,
100000,employees_100000.csv,last_name_contains_ski,last_name,contains,ski,distributed,4,2,0.000000000,0.211626200,0.211626200,59,True,
100000,employees_100000.csv,last_name_contains_ski,last_name,contains,ski,distributed,8,2,0.000000000,0.181021800,0.181021800,59,True,
100000,employees_100000.csv,last_name_contains_ski,last_name,contains,ski,distributed,12,2,0.000000000,0.180267300,0.180267300,59,True,
100000,employees_100000.csv,last_name_contains_ski,last_name,contains,ski,linear,-,3,0.000000000,0.013241400,0.013241400,59,True,
100000,employees_100000.csv,last_name_contains_ski,last_name,contains,ski,indexed,-,3,0.000000000,0.042284900,0.042284900,59,True,
100000,employees_100000.csv,last_name_contains_ski,last_name,contains,ski,parallel,1,3,0.000000000,0.846502500,0.846502500,59,True,
100000,employees_100000.csv,last_name_contains_ski,last_name,contains,ski,parallel,2,3,0.000000000,0.818423400,0.818423400,59,True,
100000,employees_100000.csv,last_name_contains_ski,last_name,contains,ski,parallel,4,3,0.000000000,0.870637200,0.870637200,59,True,
100000,employees_100000.csv,last_name_contains_ski,last_name,contains,ski,parallel,8,3,0.000000000,0.969401700,0.969401700,59,True,
100000,employees_100000.csv,last_name_contains_ski,last_name,contains,ski,parallel,12,3,0.000000000,1.174842900,1.174842900,59,True,
100000,employees_100000.csv,last_name_contains_ski,last_name,contains,ski,distributed,1,3,0.000000000,0.424252100,0.424252100,59,True,
100000,employees_100000.csv,last_name_contains_ski,last_name,contains,ski,distributed,2,3,0.000000000,0.277274100,0.277274100,59,True,
100000,employees_100000.csv,last_name_contains_ski,last_name,contains,ski,distributed,4,3,0.000000000,0.221604800,0.221604800,59,True,
100000,employees_100000.csv,last_name_contains_ski,last_name,contains,ski,distributed,8,3,0.000000000,0.206292700,0.206292700,59,True,
100000,employees_100000.csv,last_name_contains_ski,last_name,contains,ski,distributed,12,3,0.000000000,0.205484500,0.205484500,59,True,
500000,employees_500000.csv,id_eq_100,id,==,100,linear,-,1,0.000000000,0.048470700,0.048470700,1,True,
500000,employees_500000.csv,id_eq_100,id,==,100,indexed,-,1,0.386341500,0.000004400,0.386345900,1,True,
500000,employees_500000.csv,id_eq_100,id,==,100,parallel,1,1,0.000000000,2.036128500,2.036128500,1,True,
500000,employees_500000.csv,id_eq_100,id,==,100,parallel,2,1,0.000000000,1.676957400,1.676957400,1,True,
500000,employees_500000.csv,id_eq_100,id,==,100,parallel,4,1,0.000000000,1.846822500,1.846822500,1,True,
500000,employees_500000.csv,id_eq_100,id,==,100,parallel,8,1,0.000000000,1.879450200,1.879450200,1,True,
500000,employees_500000.csv,id_eq_100,id,==,100,parallel,12,1,0.000000000,1.933796200,1.933796200,1,True,
500000,employees_500000.csv,id_eq_100,id,==,100,distributed,1,1,0.000000000,2.122576000,2.122576000,1,True,
500000,employees_500000.csv,id_eq_100,id,==,100,distributed,2,1,0.000000000,1.363766200,1.363766200,1,True,
500000,employees_500000.csv,id_eq_100,id,==,100,distributed,4,1,0.000000000,1.028272400,1.028272400,1,True,
500000,employees_500000.csv,id_eq_100,id,==,100,distributed,8,1,0.000000000,0.884066500,0.884066500,1,True,
500000,employees_500000.csv,id_eq_100,id,==,100,distributed,12,1,0.000000000,0.823238100,0.823238100,1,True,
500000,employees_500000.csv,id_eq_100,id,==,100,linear,-,2,0.000000000,0.047807700,0.047807700,1,True,
500000,employees_500000.csv,id_eq_100,id,==,100,indexed,-,2,0.370390300,0.000003600,0.370393900,1,True,
500000,employees_500000.csv,id_eq_100,id,==,100,parallel,1,2,0.000000000,2.021343900,2.021343900,1,True,
500000,employees_500000.csv,id_eq_100,id,==,100,parallel,2,2,0.000000000,1.803167200,1.803167200,1,True,
500000,employees_500000.csv,id_eq_100,id,==,100,parallel,4,2,0.000000000,1.785482600,1.785482600,1,True,
500000,employees_500000.csv,id_eq_100,id,==,100,parallel,8,2,0.000000000,1.842327100,1.842327100,1,True,
500000,employees_500000.csv,id_eq_100,id,==,100,parallel,12,2,0.000000000,1.897048200,1.897048200,1,True,
500000,employees_500000.csv,id_eq_100,id,==,100,distributed,1,2,0.000000000,2.166243700,2.166243700,1,True,
500000,employees_500000.csv,id_eq_100,id,==,100,distributed,2,2,0.000000000,1.367817100,1.367817100,1,True,
500000,employees_500000.csv,id_eq_100,id,==,100,distributed,4,2,0.000000000,1.055105900,1.055105900,1,True,
500000,employees_500000.csv,id_eq_100,id,==,100,distributed,8,2,0.000000000,0.862032500,0.862032500,1,True,
500000,employees_500000.csv,id_eq_100,id,==,100,distributed,12,2,0.000000000,0.839310600,0.839310600,1,True,
500000,employees_500000.csv,id_eq_100,id,==,100,linear,-,3,0.000000000,0.049834100,0.049834100,1,True,
500000,employees_500000.csv,id_eq_100,id,==,100,indexed,-,3,0.368803000,0.000003600,0.368806600,1,True,
500000,employees_500000.csv,id_eq_100,id,==,100,parallel,1,3,0.000000000,2.057077800,2.057077800,1,True,
500000,employees_500000.csv,id_eq_100,id,==,100,parallel,2,3,0.000000000,1.688978100,1.688978100,1,True,
500000,employees_500000.csv,id_eq_100,id,==,100,parallel,4,3,0.000000000,1.818721900,1.818721900,1,True,
500000,employees_500000.csv,id_eq_100,id,==,100,parallel,8,3,0.000000000,1.881116900,1.881116900,1,True,
500000,employees_500000.csv,id_eq_100,id,==,100,parallel,12,3,0.000000000,1.894524100,1.894524100,1,True,
500000,employees_500000.csv,id_eq_100,id,==,100,distributed,1,3,0.000000000,2.089559600,2.089559600,1,True,
500000,employees_500000.csv,id_eq_100,id,==,100,distributed,2,3,0.000000000,1.440993900,1.440993900,1,True,
500000,employees_500000.csv,id_eq_100,id,==,100,distributed,4,3,0.000000000,1.077807800,1.077807800,1,True,
500000,employees_500000.csv,id_eq_100,id,==,100,distributed,8,3,0.000000000,0.882335300,0.882335300,1,True,
500000,employees_500000.csv,id_eq_100,id,==,100,distributed,12,3,0.000000000,0.813435000,0.813435000,1,True,
500000,employees_500000.csv,city_eq_warszawa,city,==,Warszawa,linear,-,1,0.000000000,0.070383900,0.070383900,111169,True,
500000,employees_500000.csv,city_eq_warszawa,city,==,Warszawa,indexed,-,1,0.125324200,0.000003400,0.125327600,111169,True,
500000,employees_500000.csv,city_eq_warszawa,city,==,Warszawa,parallel,1,1,0.000000000,2.380039900,2.380039900,111169,True,
500000,employees_500000.csv,city_eq_warszawa,city,==,Warszawa,parallel,2,1,0.000000000,1.796159200,1.796159200,111169,True,
500000,employees_500000.csv,city_eq_warszawa,city,==,Warszawa,parallel,4,1,0.000000000,2.017484900,2.017484900,111169,True,
500000,employees_500000.csv,city_eq_warszawa,city,==,Warszawa,parallel,8,1,0.000000000,2.204661000,2.204661000,111169,True,
500000,employees_500000.csv,city_eq_warszawa,city,==,Warszawa,parallel,12,1,0.000000000,2.249545900,2.249545900,111169,True,
500000,employees_500000.csv,city_eq_warszawa,city,==,Warszawa,distributed,1,1,0.000000000,1.393354300,1.393354300,111169,True,
500000,employees_500000.csv,city_eq_warszawa,city,==,Warszawa,distributed,2,1,0.000000000,0.898518700,0.898518700,111169,True,
500000,employees_500000.csv,city_eq_warszawa,city,==,Warszawa,distributed,4,1,0.000000000,0.682343500,0.682343500,111169,True,
500000,employees_500000.csv,city_eq_warszawa,city,==,Warszawa,distributed,8,1,0.000000000,0.590266900,0.590266900,111169,True,
500000,employees_500000.csv,city_eq_warszawa,city,==,Warszawa,distributed,12,1,0.000000000,0.584998500,0.584998500,111169,True,
500000,employees_500000.csv,city_eq_warszawa,city,==,Warszawa,linear,-,2,0.000000000,0.033630500,0.033630500,111169,True,
500000,employees_500000.csv,city_eq_warszawa,city,==,Warszawa,indexed,-,2,0.050582700,0.000001500,0.050584200,111169,True,
500000,employees_500000.csv,city_eq_warszawa,city,==,Warszawa,parallel,1,2,0.000000000,2.059731400,2.059731400,111169,True,
500000,employees_500000.csv,city_eq_warszawa,city,==,Warszawa,parallel,2,2,0.000000000,1.886117100,1.886117100,111169,True,
500000,employees_500000.csv,city_eq_warszawa,city,==,Warszawa,parallel,4,2,0.000000000,1.943668500,1.943668500,111169,True,
500000,employees_500000.csv,city_eq_warszawa,city,==,Warszawa,parallel,8,2,0.000000000,2.041099900,2.041099900,111169,True,
500000,employees_500000.csv,city_eq_warszawa,city,==,Warszawa,parallel,12,2,0.000000000,2.143968500,2.143968500,111169,True,
500000,employees_500000.csv,city_eq_warszawa,city,==,Warszawa,distributed,1,2,0.000000000,2.529452100,2.529452100,111169,True,
500000,employees_500000.csv,city_eq_warszawa,city,==,Warszawa,distributed,2,2,0.000000000,1.723490700,1.723490700,111169,True,
500000,employees_500000.csv,city_eq_warszawa,city,==,Warszawa,distributed,4,2,0.000000000,1.410528000,1.410528000,111169,True,
500000,employees_500000.csv,city_eq_warszawa,city,==,Warszawa,distributed,8,2,0.000000000,1.243517800,1.243517800,111169,True,
500000,employees_500000.csv,city_eq_warszawa,city,==,Warszawa,distributed,12,2,0.000000000,1.134764100,1.134764100,111169,True,
500000,employees_500000.csv,city_eq_warszawa,city,==,Warszawa,linear,-,3,0.000000000,0.067986600,0.067986600,111169,True,
500000,employees_500000.csv,city_eq_warszawa,city,==,Warszawa,indexed,-,3,0.086878300,0.000002600,0.086880900,111169,True,
500000,employees_500000.csv,city_eq_warszawa,city,==,Warszawa,parallel,1,3,0.000000000,2.288391300,2.288391300,111169,True,
500000,employees_500000.csv,city_eq_warszawa,city,==,Warszawa,parallel,2,3,0.000000000,1.974066300,1.974066300,111169,True,
500000,employees_500000.csv,city_eq_warszawa,city,==,Warszawa,parallel,4,3,0.000000000,2.017734500,2.017734500,111169,True,
500000,employees_500000.csv,city_eq_warszawa,city,==,Warszawa,parallel,8,3,0.000000000,2.022612600,2.022612600,111169,True,
500000,employees_500000.csv,city_eq_warszawa,city,==,Warszawa,parallel,12,3,0.000000000,2.200427100,2.200427100,111169,True,
500000,employees_500000.csv,city_eq_warszawa,city,==,Warszawa,distributed,1,3,0.000000000,2.548772900,2.548772900,111169,True,
500000,employees_500000.csv,city_eq_warszawa,city,==,Warszawa,distributed,2,3,0.000000000,1.737259700,1.737259700,111169,True,
500000,employees_500000.csv,city_eq_warszawa,city,==,Warszawa,distributed,4,3,0.000000000,1.317897500,1.317897500,111169,True,
500000,employees_500000.csv,city_eq_warszawa,city,==,Warszawa,distributed,8,3,0.000000000,1.140285500,1.140285500,111169,True,
500000,employees_500000.csv,city_eq_warszawa,city,==,Warszawa,distributed,12,3,0.000000000,1.129366000,1.129366000,111169,True,
500000,employees_500000.csv,department_eq_it,department,==,IT,linear,-,1,0.000000000,0.058479400,0.058479400,125073,True,
500000,employees_500000.csv,department_eq_it,department,==,IT,indexed,-,1,0.090641700,0.000003200,0.090644900,125073,True,
500000,employees_500000.csv,department_eq_it,department,==,IT,parallel,1,1,0.000000000,2.285266400,2.285266400,125073,True,
500000,employees_500000.csv,department_eq_it,department,==,IT,parallel,2,1,0.000000000,1.829081900,1.829081900,125073,True,
500000,employees_500000.csv,department_eq_it,department,==,IT,parallel,4,1,0.000000000,1.987793600,1.987793600,125073,True,
500000,employees_500000.csv,department_eq_it,department,==,IT,parallel,8,1,0.000000000,2.004079300,2.004079300,125073,True,
500000,employees_500000.csv,department_eq_it,department,==,IT,parallel,12,1,0.000000000,2.099211300,2.099211300,125073,True,
500000,employees_500000.csv,department_eq_it,department,==,IT,distributed,1,1,0.000000000,2.632360500,2.632360500,125073,True,
500000,employees_500000.csv,department_eq_it,department,==,IT,distributed,2,1,0.000000000,1.712199000,1.712199000,125073,True,
500000,employees_500000.csv,department_eq_it,department,==,IT,distributed,4,1,0.000000000,1.353377200,1.353377200,125073,True,
500000,employees_500000.csv,department_eq_it,department,==,IT,distributed,8,1,0.000000000,1.199472000,1.199472000,125073,True,
500000,employees_500000.csv,department_eq_it,department,==,IT,distributed,12,1,0.000000000,1.197488700,1.197488700,125073,True,
500000,employees_500000.csv,department_eq_it,department,==,IT,linear,-,2,0.000000000,0.060808700,0.060808700,125073,True,
500000,employees_500000.csv,department_eq_it,department,==,IT,indexed,-,2,0.080861400,0.000002600,0.080864000,125073,True,
500000,employees_500000.csv,department_eq_it,department,==,IT,parallel,1,2,0.000000000,2.398808600,2.398808600,125073,True,
500000,employees_500000.csv,department_eq_it,department,==,IT,parallel,2,2,0.000000000,1.963354000,1.963354000,125073,True,
500000,employees_500000.csv,department_eq_it,department,==,IT,parallel,4,2,0.000000000,1.968091700,1.968091700,125073,True,
500000,employees_500000.csv,department_eq_it,department,==,IT,parallel,8,2,0.000000000,1.991462100,1.991462100,125073,True,
500000,employees_500000.csv,department_eq_it,department,==,IT,parallel,12,2,0.000000000,2.079745800,2.079745800,125073,True,
500000,employees_500000.csv,department_eq_it,department,==,IT,distributed,1,2,0.000000000,2.518454800,2.518454800,125073,True,
500000,employees_500000.csv,department_eq_it,department,==,IT,distributed,2,2,0.000000000,1.717774300,1.717774300,125073,True,
500000,employees_500000.csv,department_eq_it,department,==,IT,distributed,4,2,0.000000000,1.346204400,1.346204400,125073,True,
500000,employees_500000.csv,department_eq_it,department,==,IT,distributed,8,2,0.000000000,1.165305300,1.165305300,125073,True,
500000,employees_500000.csv,department_eq_it,department,==,IT,distributed,12,2,0.000000000,1.111960900,1.111960900,125073,True,
500000,employees_500000.csv,department_eq_it,department,==,IT,linear,-,3,0.000000000,0.059751300,0.059751300,125073,True,
500000,employees_500000.csv,department_eq_it,department,==,IT,indexed,-,3,0.076998100,0.000002500,0.077000600,125073,True,
500000,employees_500000.csv,department_eq_it,department,==,IT,parallel,1,3,0.000000000,2.368981800,2.368981800,125073,True,
500000,employees_500000.csv,department_eq_it,department,==,IT,parallel,2,3,0.000000000,1.904309300,1.904309300,125073,True,
500000,employees_500000.csv,department_eq_it,department,==,IT,parallel,4,3,0.000000000,1.925794600,1.925794600,125073,True,
500000,employees_500000.csv,department_eq_it,department,==,IT,parallel,8,3,0.000000000,1.990314900,1.990314900,125073,True,
500000,employees_500000.csv,department_eq_it,department,==,IT,parallel,12,3,0.000000000,2.199834400,2.199834400,125073,True,
500000,employees_500000.csv,department_eq_it,department,==,IT,distributed,1,3,0.000000000,2.656809900,2.656809900,125073,True,
500000,employees_500000.csv,department_eq_it,department,==,IT,distributed,2,3,0.000000000,1.736749300,1.736749300,125073,True,
500000,employees_500000.csv,department_eq_it,department,==,IT,distributed,4,3,0.000000000,1.324054100,1.324054100,125073,True,
500000,employees_500000.csv,department_eq_it,department,==,IT,distributed,8,3,0.000000000,1.197606700,1.197606700,125073,True,
500000,employees_500000.csv,department_eq_it,department,==,IT,distributed,12,3,0.000000000,1.137513500,1.137513500,125073,True,
500000,employees_500000.csv,salary_gt_12000,salary,>,12000,linear,-,1,0.000000000,0.049847000,0.049847000,165256,True,
500000,employees_500000.csv,salary_gt_12000,salary,>,12000,indexed,-,1,0.000000000,0.238399400,0.238399400,165256,True,
500000,employees_500000.csv,salary_gt_12000,salary,>,12000,parallel,1,1,0.000000000,2.329824000,2.329824000,165256,True,
500000,employees_500000.csv,salary_gt_12000,salary,>,12000,parallel,2,1,0.000000000,1.904284700,1.904284700,165256,True,
500000,employees_500000.csv,salary_gt_12000,salary,>,12000,parallel,4,1,0.000000000,2.031661100,2.031661100,165256,True,
500000,employees_500000.csv,salary_gt_12000,salary,>,12000,parallel,8,1,0.000000000,2.067549000,2.067549000,165256,True,
500000,employees_500000.csv,salary_gt_12000,salary,>,12000,parallel,12,1,0.000000000,2.143356800,2.143356800,165256,True,
500000,employees_500000.csv,salary_gt_12000,salary,>,12000,distributed,1,1,0.000000000,2.790738000,2.790738000,165256,True,
500000,employees_500000.csv,salary_gt_12000,salary,>,12000,distributed,2,1,0.000000000,1.862918400,1.862918400,165256,True,
500000,employees_500000.csv,salary_gt_12000,salary,>,12000,distributed,4,1,0.000000000,1.451172300,1.451172300,165256,True,
500000,employees_500000.csv,salary_gt_12000,salary,>,12000,distributed,8,1,0.000000000,1.240436200,1.240436200,165256,True,
500000,employees_500000.csv,salary_gt_12000,salary,>,12000,distributed,12,1,0.000000000,1.303117300,1.303117300,165256,True,
500000,employees_500000.csv,salary_gt_12000,salary,>,12000,linear,-,2,0.000000000,0.048653200,0.048653200,165256,True,
500000,employees_500000.csv,salary_gt_12000,salary,>,12000,indexed,-,2,0.000000000,0.190072400,0.190072400,165256,True,
500000,employees_500000.csv,salary_gt_12000,salary,>,12000,parallel,1,2,0.000000000,2.523782900,2.523782900,165256,True,
500000,employees_500000.csv,salary_gt_12000,salary,>,12000,parallel,2,2,0.000000000,1.911869400,1.911869400,165256,True,
500000,employees_500000.csv,salary_gt_12000,salary,>,12000,parallel,4,2,0.000000000,2.022618100,2.022618100,165256,True,
500000,employees_500000.csv,salary_gt_12000,salary,>,12000,parallel,8,2,0.000000000,2.064543800,2.064543800,165256,True,
500000,employees_500000.csv,salary_gt_12000,salary,>,12000,parallel,12,2,0.000000000,2.131863400,2.131863400,165256,True,
500000,employees_500000.csv,salary_gt_12000,salary,>,12000,distributed,1,2,0.000000000,2.830557400,2.830557400,165256,True,
500000,employees_500000.csv,salary_gt_12000,salary,>,12000,distributed,2,2,0.000000000,1.903527000,1.903527000,165256,True,
500000,employees_500000.csv,salary_gt_12000,salary,>,12000,distributed,4,2,0.000000000,1.594998400,1.594998400,165256,True,
500000,employees_500000.csv,salary_gt_12000,salary,>,12000,distributed,8,2,0.000000000,0.784931500,0.784931500,165256,True,
500000,employees_500000.csv,salary_gt_12000,salary,>,12000,distributed,12,2,0.000000000,1.338059400,1.338059400,165256,True,
500000,employees_500000.csv,salary_gt_12000,salary,>,12000,linear,-,3,0.000000000,0.058242600,0.058242600,165256,True,
500000,employees_500000.csv,salary_gt_12000,salary,>,12000,indexed,-,3,0.000000000,0.191001400,0.191001400,165256,True,
500000,employees_500000.csv,salary_gt_12000,salary,>,12000,parallel,1,3,0.000000000,2.540670900,2.540670900,165256,True,
500000,employees_500000.csv,salary_gt_12000,salary,>,12000,parallel,2,3,0.000000000,2.013575000,2.013575000,165256,True,
500000,employees_500000.csv,salary_gt_12000,salary,>,12000,parallel,4,3,0.000000000,2.110776100,2.110776100,165256,True,
500000,employees_500000.csv,salary_gt_12000,salary,>,12000,parallel,8,3,0.000000000,2.159567300,2.159567300,165256,True,
500000,employees_500000.csv,salary_gt_12000,salary,>,12000,parallel,12,3,0.000000000,2.121478000,2.121478000,165256,True,
500000,employees_500000.csv,salary_gt_12000,salary,>,12000,distributed,1,3,0.000000000,2.303251500,2.303251500,165256,True,
500000,employees_500000.csv,salary_gt_12000,salary,>,12000,distributed,2,3,0.000000000,1.273521700,1.273521700,165256,True,
500000,employees_500000.csv,salary_gt_12000,salary,>,12000,distributed,4,3,0.000000000,1.518847400,1.518847400,165256,True,
500000,employees_500000.csv,salary_gt_12000,salary,>,12000,distributed,8,3,0.000000000,1.344833400,1.344833400,165256,True,
500000,employees_500000.csv,salary_gt_12000,salary,>,12000,distributed,12,3,0.000000000,1.202114300,1.202114300,165256,True,
500000,employees_500000.csv,age_ge_40,age,>=,40,linear,-,1,0.000000000,0.061295300,0.061295300,295484,True,
500000,employees_500000.csv,age_ge_40,age,>=,40,indexed,-,1,0.000000000,0.125872100,0.125872100,295484,True,
500000,employees_500000.csv,age_ge_40,age,>=,40,parallel,1,1,0.000000000,2.893524800,2.893524800,295484,True,
500000,employees_500000.csv,age_ge_40,age,>=,40,parallel,2,1,0.000000000,2.048254000,2.048254000,295484,True,
500000,employees_500000.csv,age_ge_40,age,>=,40,parallel,4,1,0.000000000,2.324075100,2.324075100,295484,True,
500000,employees_500000.csv,age_ge_40,age,>=,40,parallel,8,1,0.000000000,2.452403500,2.452403500,295484,True,
500000,employees_500000.csv,age_ge_40,age,>=,40,parallel,12,1,0.000000000,2.477257300,2.477257300,295484,True,
500000,employees_500000.csv,age_ge_40,age,>=,40,distributed,1,1,0.000000000,3.276314500,3.276314500,295484,True,
500000,employees_500000.csv,age_ge_40,age,>=,40,distributed,2,1,0.000000000,2.264588600,2.264588600,295484,True,
500000,employees_500000.csv,age_ge_40,age,>=,40,distributed,4,1,0.000000000,1.856462200,1.856462200,295484,True,
500000,employees_500000.csv,age_ge_40,age,>=,40,distributed,8,1,0.000000000,1.652775100,1.652775100,295484,True,
500000,employees_500000.csv,age_ge_40,age,>=,40,distributed,12,1,0.000000000,1.528801500,1.528801500,295484,True,
500000,employees_500000.csv,age_ge_40,age,>=,40,linear,-,2,0.000000000,0.061877700,0.061877700,295484,True,
500000,employees_500000.csv,age_ge_40,age,>=,40,indexed,-,2,0.000000000,0.127044300,0.127044300,295484,True,
500000,employees_500000.csv,age_ge_40,age,>=,40,parallel,1,2,0.000000000,2.800780100,2.800780100,295484,True,
500000,employees_500000.csv,age_ge_40,age,>=,40,parallel,2,2,0.000000000,2.101615000,2.101615000,295484,True,
500000,employees_500000.csv,age_ge_40,age,>=,40,parallel,4,2,0.000000000,2.292533600,2.292533600,295484,True,
500000,employees_500000.csv,age_ge_40,age,>=,40,parallel,8,2,0.000000000,2.332823300,2.332823300,295484,True,
500000,employees_500000.csv,age_ge_40,age,>=,40,parallel,12,2,0.000000000,2.346753300,2.346753300,295484,True,
500000,employees_500000.csv,age_ge_40,age,>=,40,distributed,1,2,0.000000000,3.225357700,3.225357700,295484,True,
500000,employees_500000.csv,age_ge_40,age,>=,40,distributed,2,2,0.000000000,2.301309000,2.301309000,295484,True,
500000,employees_500000.csv,age_ge_40,age,>=,40,distributed,4,2,0.000000000,1.855559700,1.855559700,295484,True,
500000,employees_500000.csv,age_ge_40,age,>=,40,distributed,8,2,0.000000000,1.627675400,1.627675400,295484,True,
500000,employees_500000.csv,age_ge_40,age,>=,40,distributed,12,2,0.000000000,1.539164000,1.539164000,295484,True,
500000,employees_500000.csv,age_ge_40,age,>=,40,linear,-,3,0.000000000,0.067010000,0.067010000,295484,True,
500000,employees_500000.csv,age_ge_40,age,>=,40,indexed,-,3,0.000000000,0.130211400,0.130211400,295484,True,
500000,employees_500000.csv,age_ge_40,age,>=,40,parallel,1,3,0.000000000,2.897592400,2.897592400,295484,True,
500000,employees_500000.csv,age_ge_40,age,>=,40,parallel,2,3,0.000000000,2.243279900,2.243279900,295484,True,
500000,employees_500000.csv,age_ge_40,age,>=,40,parallel,4,3,0.000000000,2.221233300,2.221233300,295484,True,
500000,employees_500000.csv,age_ge_40,age,>=,40,parallel,8,3,0.000000000,2.340350300,2.340350300,295484,True,
500000,employees_500000.csv,age_ge_40,age,>=,40,parallel,12,3,0.000000000,2.312015500,2.312015500,295484,True,
500000,employees_500000.csv,age_ge_40,age,>=,40,distributed,1,3,0.000000000,3.264743200,3.264743200,295484,True,
500000,employees_500000.csv,age_ge_40,age,>=,40,distributed,2,3,0.000000000,2.317796700,2.317796700,295484,True,
500000,employees_500000.csv,age_ge_40,age,>=,40,distributed,4,3,0.000000000,1.791161700,1.791161700,295484,True,
500000,employees_500000.csv,age_ge_40,age,>=,40,distributed,8,3,0.000000000,1.605318000,1.605318000,295484,True,
500000,employees_500000.csv,age_ge_40,age,>=,40,distributed,12,3,0.000000000,1.548303100,1.548303100,295484,True,
500000,employees_500000.csv,is_manager_eq_true,is_manager,==,True,linear,-,1,0.000000000,0.051904400,0.051904400,59904,True,
500000,employees_500000.csv,is_manager_eq_true,is_manager,==,True,indexed,-,1,0.075815600,0.000003100,0.075818700,59904,True,
500000,employees_500000.csv,is_manager_eq_true,is_manager,==,True,parallel,1,1,0.000000000,2.135935200,2.135935200,59904,True,
500000,employees_500000.csv,is_manager_eq_true,is_manager,==,True,parallel,2,1,0.000000000,1.729568300,1.729568300,59904,True,
500000,employees_500000.csv,is_manager_eq_true,is_manager,==,True,parallel,4,1,0.000000000,1.809254800,1.809254800,59904,True,
500000,employees_500000.csv,is_manager_eq_true,is_manager,==,True,parallel,8,1,0.000000000,1.995995600,1.995995600,59904,True,
500000,employees_500000.csv,is_manager_eq_true,is_manager,==,True,parallel,12,1,0.000000000,1.999515500,1.999515500,59904,True,
500000,employees_500000.csv,is_manager_eq_true,is_manager,==,True,distributed,1,1,0.000000000,2.508700400,2.508700400,59904,True,
500000,employees_500000.csv,is_manager_eq_true,is_manager,==,True,distributed,2,1,0.000000000,1.602764200,1.602764200,59904,True,
500000,employees_500000.csv,is_manager_eq_true,is_manager,==,True,distributed,4,1,0.000000000,1.185791800,1.185791800,59904,True,
500000,employees_500000.csv,is_manager_eq_true,is_manager,==,True,distributed,8,1,0.000000000,1.041088100,1.041088100,59904,True,
500000,employees_500000.csv,is_manager_eq_true,is_manager,==,True,distributed,12,1,0.000000000,0.976616300,0.976616300,59904,True,
500000,employees_500000.csv,is_manager_eq_true,is_manager,==,True,linear,-,2,0.000000000,0.050385900,0.050385900,59904,True,
500000,employees_500000.csv,is_manager_eq_true,is_manager,==,True,indexed,-,2,0.080915000,0.000003000,0.080918000,59904,True,
500000,employees_500000.csv,is_manager_eq_true,is_manager,==,True,parallel,1,2,0.000000000,2.176808500,2.176808500,59904,True,
500000,employees_500000.csv,is_manager_eq_true,is_manager,==,True,parallel,2,2,0.000000000,1.834476100,1.834476100,59904,True,
500000,employees_500000.csv,is_manager_eq_true,is_manager,==,True,parallel,4,2,0.000000000,1.804908400,1.804908400,59904,True,
500000,employees_500000.csv,is_manager_eq_true,is_manager,==,True,parallel,8,2,0.000000000,1.913810700,1.913810700,59904,True,
500000,employees_500000.csv,is_manager_eq_true,is_manager,==,True,parallel,12,2,0.000000000,1.976940200,1.976940200,59904,True,
500000,employees_500000.csv,is_manager_eq_true,is_manager,==,True,distributed,1,2,0.000000000,2.436039100,2.436039100,59904,True,
500000,employees_500000.csv,is_manager_eq_true,is_manager,==,True,distributed,2,2,0.000000000,1.594644600,1.594644600,59904,True,
500000,employees_500000.csv,is_manager_eq_true,is_manager,==,True,distributed,4,2,0.000000000,1.213486300,1.213486300,59904,True,
500000,employees_500000.csv,is_manager_eq_true,is_manager,==,True,distributed,8,2,0.000000000,1.059398100,1.059398100,59904,True,
500000,employees_500000.csv,is_manager_eq_true,is_manager,==,True,distributed,12,2,0.000000000,0.997531600,0.997531600,59904,True,
500000,employees_500000.csv,is_manager_eq_true,is_manager,==,True,linear,-,3,0.000000000,0.053691700,0.053691700,59904,True,
500000,employees_500000.csv,is_manager_eq_true,is_manager,==,True,indexed,-,3,0.076966200,0.000002500,0.076968700,59904,True,
500000,employees_500000.csv,is_manager_eq_true,is_manager,==,True,parallel,1,3,0.000000000,2.160365700,2.160365700,59904,True,
500000,employees_500000.csv,is_manager_eq_true,is_manager,==,True,parallel,2,3,0.000000000,1.671523000,1.671523000,59904,True,
500000,employees_500000.csv,is_manager_eq_true,is_manager,==,True,parallel,4,3,0.000000000,1.817758200,1.817758200,59904,True,
500000,employees_500000.csv,is_manager_eq_true,is_manager,==,True,parallel,8,3,0.000000000,1.936958500,1.936958500,59904,True,
500000,employees_500000.csv,is_manager_eq_true,is_manager,==,True,parallel,12,3,0.000000000,1.951790400,1.951790400,59904,True,
500000,employees_500000.csv,is_manager_eq_true,is_manager,==,True,distributed,1,3,0.000000000,2.462629600,2.462629600,59904,True,
500000,employees_500000.csv,is_manager_eq_true,is_manager,==,True,distributed,2,3,0.000000000,1.604481600,1.604481600,59904,True,
500000,employees_500000.csv,is_manager_eq_true,is_manager,==,True,distributed,4,3,0.000000000,1.183449200,1.183449200,59904,True,
500000,employees_500000.csv,is_manager_eq_true,is_manager,==,True,distributed,8,3,0.000000000,1.002176400,1.002176400,59904,True,
500000,employees_500000.csv,is_manager_eq_true,is_manager,==,True,distributed,12,3,0.000000000,0.971337400,0.971337400,59904,True,
500000,employees_500000.csv,last_name_contains_ski,last_name,contains,ski,linear,-,1,0.000000000,0.087251900,0.087251900,282,True,
500000,employees_500000.csv,last_name_contains_ski,last_name,contains,ski,indexed,-,1,0.000000000,0.299760000,0.299760000,282,True,
500000,employees_500000.csv,last_name_contains_ski,last_name,contains,ski,parallel,1,1,0.000000000,2.067862700,2.067862700,282,True,
500000,employees_500000.csv,last_name_contains_ski,last_name,contains,ski,parallel,2,1,0.000000000,1.825992800,1.825992800,282,True,
500000,employees_500000.csv,last_name_contains_ski,last_name,contains,ski,parallel,4,1,0.000000000,1.840965000,1.840965000,282,True,
500000,employees_500000.csv,last_name_contains_ski,last_name,contains,ski,parallel,8,1,0.000000000,1.898026500,1.898026500,282,True,
500000,employees_500000.csv,last_name_contains_ski,last_name,contains,ski,parallel,12,1,0.000000000,1.851112300,1.851112300,282,True,
500000,employees_500000.csv,last_name_contains_ski,last_name,contains,ski,distributed,1,1,0.000000000,2.299132000,2.299132000,282,True,
500000,employees_500000.csv,last_name_contains_ski,last_name,contains,ski,distributed,2,1,0.000000000,1.458157400,1.458157400,282,True,
500000,employees_500000.csv,last_name_contains_ski,last_name,contains,ski,distributed,4,1,0.000000000,1.013843300,1.013843300,282,True,
500000,employees_500000.csv,last_name_contains_ski,last_name,contains,ski,distributed,8,1,0.000000000,0.820195400,0.820195400,282,True,
500000,employees_500000.csv,last_name_contains_ski,last_name,contains,ski,distributed,12,1,0.000000000,0.779232700,0.779232700,282,True,
500000,employees_500000.csv,last_name_contains_ski,last_name,contains,ski,linear,-,2,0.000000000,0.074287000,0.074287000,282,True,
500000,employees_500000.csv,last_name_contains_ski,last_name,contains,ski,indexed,-,2,0.000000000,0.214459400,0.214459400,282,True,
500000,employees_500000.csv,last_name_contains_ski,last_name,contains,ski,parallel,1,2,0.000000000,2.281983000,2.281983000,282,True,
500000,employees_500000.csv,last_name_contains_ski,last_name,contains,ski,parallel,2,2,0.000000000,2.013932700,2.013932700,282,True,
500000,employees_500000.csv,last_name_contains_ski,last_name,contains,ski,parallel,4,2,0.000000000,1.982094000,1.982094000,282,True,
500000,employees_500000.csv,last_name_contains_ski,last_name,contains,ski,parallel,8,2,0.000000000,2.110824200,2.110824200,282,True,
500000,employees_500000.csv,last_name_contains_ski,last_name,contains,ski,parallel,12,2,0.000000000,1.922305400,1.922305400,282,True,
500000,employees_500000.csv,last_name_contains_ski,last_name,contains,ski,distributed,1,2,0.000000000,2.200252600,2.200252600,282,True,
500000,employees_500000.csv,last_name_contains_ski,last_name,contains,ski,distributed,2,2,0.000000000,1.427569800,1.427569800,282,True,
500000,employees_500000.csv,last_name_contains_ski,last_name,contains,ski,distributed,4,2,0.000000000,1.077026500,1.077026500,282,True,
500000,employees_500000.csv,last_name_contains_ski,last_name,contains,ski,distributed,8,2,0.000000000,1.032737900,1.032737900,282,True,
500000,employees_500000.csv,last_name_contains_ski,last_name,contains,ski,distributed,12,2,0.000000000,0.810835000,0.810835000,282,True,
500000,employees_500000.csv,last_name_contains_ski,last_name,contains,ski,linear,-,3,0.000000000,0.127157600,0.127157600,282,True,
500000,employees_500000.csv,last_name_contains_ski,last_name,contains,ski,indexed,-,3,0.000000000,0.216956100,0.216956100,282,True,
500000,employees_500000.csv,last_name_contains_ski,last_name,contains,ski,parallel,1,3,0.000000000,2.301467100,2.301467100,282,True,
500000,employees_500000.csv,last_name_contains_ski,last_name,contains,ski,parallel,2,3,0.000000000,1.863570400,1.863570400,282,True,
500000,employees_500000.csv,last_name_contains_ski,last_name,contains,ski,parallel,4,3,0.000000000,1.925159600,1.925159600,282,True,
500000,employees_500000.csv,last_name_contains_ski,last_name,contains,ski,parallel,8,3,0.000000000,1.971623500,1.971623500,282,True,
500000,employees_500000.csv,last_name_contains_ski,last_name,contains,ski,parallel,12,3,0.000000000,1.901395600,1.901395600,282,True,
500000,employees_500000.csv,last_name_contains_ski,last_name,contains,ski,distributed,1,3,0.000000000,2.101952200,2.101952200,282,True,
500000,employees_500000.csv,last_name_contains_ski,last_name,contains,ski,distributed,2,3,0.000000000,1.409654200,1.409654200,282,True,
500000,employees_500000.csv,last_name_contains_ski,last_name,contains,ski,distributed,4,3,0.000000000,1.065817500,1.065817500,282,True,
500000,employees_500000.csv,last_name_contains_ski,last_name,contains,ski,distributed,8,3,0.000000000,0.993489100,0.993489100,282,True,
500000,employees_500000.csv,last_name_contains_ski,last_name,contains,ski,distributed,12,3,0.000000000,0.880795000,0.880795000,282,True,
1000000,employees_1000000.csv,id_eq_100,id,==,100,linear,-,1,0.000000000,0.193062200,0.193062200,1,True,
1000000,employees_1000000.csv,id_eq_100,id,==,100,indexed,-,1,1.090113000,0.000003400,1.090116400,1,True,
1000000,employees_1000000.csv,id_eq_100,id,==,100,parallel,1,1,0.000000000,6.071947200,6.071947200,1,True,
1000000,employees_1000000.csv,id_eq_100,id,==,100,parallel,2,1,0.000000000,4.515066500,4.515066500,1,True,
1000000,employees_1000000.csv,id_eq_100,id,==,100,parallel,4,1,0.000000000,3.423999100,3.423999100,1,True,
1000000,employees_1000000.csv,id_eq_100,id,==,100,parallel,8,1,0.000000000,3.295219300,3.295219300,1,True,
1000000,employees_1000000.csv,id_eq_100,id,==,100,parallel,12,1,0.000000000,3.043013600,3.043013600,1,True,
1000000,employees_1000000.csv,id_eq_100,id,==,100,distributed,1,1,0.000000000,3.841684200,3.841684200,1,True,
1000000,employees_1000000.csv,id_eq_100,id,==,100,distributed,2,1,0.000000000,1.378879300,1.378879300,1,True,
1000000,employees_1000000.csv,id_eq_100,id,==,100,distributed,4,1,0.000000000,1.032576000,1.032576000,1,True,
1000000,employees_1000000.csv,id_eq_100,id,==,100,distributed,8,1,0.000000000,0.899206800,0.899206800,1,True,
1000000,employees_1000000.csv,id_eq_100,id,==,100,distributed,12,1,0.000000000,0.864190900,0.864190900,1,True,
1000000,employees_1000000.csv,id_eq_100,id,==,100,linear,-,2,0.000000000,0.045231100,0.045231100,1,True,
1000000,employees_1000000.csv,id_eq_100,id,==,100,indexed,-,2,0.482937800,0.000004000,0.482941800,1,True,
1000000,employees_1000000.csv,id_eq_100,id,==,100,parallel,1,2,0.000000000,2.907759700,2.907759700,1,True,
1000000,employees_1000000.csv,id_eq_100,id,==,100,parallel,2,2,0.000000000,2.555022900,2.555022900,1,True,
1000000,employees_1000000.csv,id_eq_100,id,==,100,parallel,4,2,0.000000000,2.952765000,2.952765000,1,True,
1000000,employees_1000000.csv,id_eq_100,id,==,100,parallel,8,2,0.000000000,3.231151500,3.231151500,1,True,
1000000,employees_1000000.csv,id_eq_100,id,==,100,parallel,12,2,0.000000000,3.036246900,3.036246900,1,True,
1000000,employees_1000000.csv,id_eq_100,id,==,100,distributed,1,2,0.000000000,4.386741700,4.386741700,1,True,
1000000,employees_1000000.csv,id_eq_100,id,==,100,distributed,2,2,0.000000000,2.943643600,2.943643600,1,True,
1000000,employees_1000000.csv,id_eq_100,id,==,100,distributed,4,2,0.000000000,2.383432800,2.383432800,1,True,
1000000,employees_1000000.csv,id_eq_100,id,==,100,distributed,8,2,0.000000000,1.895779500,1.895779500,1,True,
1000000,employees_1000000.csv,id_eq_100,id,==,100,distributed,12,2,0.000000000,1.665745600,1.665745600,1,True,
1000000,employees_1000000.csv,id_eq_100,id,==,100,linear,-,3,0.000000000,0.129707000,0.129707000,1,True,
1000000,employees_1000000.csv,id_eq_100,id,==,100,indexed,-,3,1.076946700,0.000003300,1.076950000,1,True,
1000000,employees_1000000.csv,id_eq_100,id,==,100,parallel,1,3,0.000000000,4.871207600,4.871207600,1,True,
1000000,employees_1000000.csv,id_eq_100,id,==,100,parallel,2,3,0.000000000,4.281566700,4.281566700,1,True,
1000000,employees_1000000.csv,id_eq_100,id,==,100,parallel,4,3,0.000000000,3.293566700,3.293566700,1,True,
1000000,employees_1000000.csv,id_eq_100,id,==,100,parallel,8,3,0.000000000,3.075913400,3.075913400,1,True,
1000000,employees_1000000.csv,id_eq_100,id,==,100,parallel,12,3,0.000000000,2.966077700,2.966077700,1,True,
1000000,employees_1000000.csv,id_eq_100,id,==,100,distributed,1,3,0.000000000,4.666794900,4.666794900,1,True,
1000000,employees_1000000.csv,id_eq_100,id,==,100,distributed,2,3,0.000000000,2.943279000,2.943279000,1,True,
1000000,employees_1000000.csv,id_eq_100,id,==,100,distributed,4,3,0.000000000,2.055525500,2.055525500,1,True,
1000000,employees_1000000.csv,id_eq_100,id,==,100,distributed,8,3,0.000000000,1.697564400,1.697564400,1,True,
1000000,employees_1000000.csv,id_eq_100,id,==,100,distributed,12,3,0.000000000,1.632922900,1.632922900,1,True,
1000000,employees_1000000.csv,city_eq_warszawa,city,==,Warszawa,linear,-,1,0.000000000,0.200958000,0.200958000,222635,True,
1000000,employees_1000000.csv,city_eq_warszawa,city,==,Warszawa,indexed,-,1,0.222971600,0.000002900,0.222974500,222635,True,
1000000,employees_1000000.csv,city_eq_warszawa,city,==,Warszawa,parallel,1,1,0.000000000,6.772651800,6.772651800,222635,True,
1000000,employees_1000000.csv,city_eq_warszawa,city,==,Warszawa,parallel,2,1,0.000000000,4.605703600,4.605703600,222635,True,
1000000,employees_1000000.csv,city_eq_warszawa,city,==,Warszawa,parallel,4,1,0.000000000,3.496588200,3.496588200,222635,True,
1000000,employees_1000000.csv,city_eq_warszawa,city,==,Warszawa,parallel,8,1,0.000000000,3.347451800,3.347451800,222635,True,
1000000,employees_1000000.csv,city_eq_warszawa,city,==,Warszawa,parallel,12,1,0.000000000,2.699707600,2.699707600,222635,True,
1000000,employees_1000000.csv,city_eq_warszawa,city,==,Warszawa,distributed,1,1,0.000000000,2.382155800,2.382155800,222635,True,
1000000,employees_1000000.csv,city_eq_warszawa,city,==,Warszawa,distributed,2,1,0.000000000,3.360054300,3.360054300,222635,True,
1000000,employees_1000000.csv,city_eq_warszawa,city,==,Warszawa,distributed,4,1,0.000000000,2.740263200,2.740263200,222635,True,
1000000,employees_1000000.csv,city_eq_warszawa,city,==,Warszawa,distributed,8,1,0.000000000,2.435103200,2.435103200,222635,True,
1000000,employees_1000000.csv,city_eq_warszawa,city,==,Warszawa,distributed,12,1,0.000000000,2.216345100,2.216345100,222635,True,
1000000,employees_1000000.csv,city_eq_warszawa,city,==,Warszawa,linear,-,2,0.000000000,0.114538800,0.114538800,222635,True,
1000000,employees_1000000.csv,city_eq_warszawa,city,==,Warszawa,indexed,-,2,0.160258600,0.000002600,0.160261200,222635,True,
1000000,employees_1000000.csv,city_eq_warszawa,city,==,Warszawa,parallel,1,2,0.000000000,6.312437600,6.312437600,222635,True,
1000000,employees_1000000.csv,city_eq_warszawa,city,==,Warszawa,parallel,2,2,0.000000000,4.362757400,4.362757400,222635,True,
1000000,employees_1000000.csv,city_eq_warszawa,city,==,Warszawa,parallel,4,2,0.000000000,3.157629800,3.157629800,222635,True,
1000000,employees_1000000.csv,city_eq_warszawa,city,==,Warszawa,parallel,8,2,0.000000000,3.474801100,3.474801100,222635,True,
1000000,employees_1000000.csv,city_eq_warszawa,city,==,Warszawa,parallel,12,2,0.000000000,3.348953100,3.348953100,222635,True,
1000000,employees_1000000.csv,city_eq_warszawa,city,==,Warszawa,distributed,1,2,0.000000000,5.610326500,5.610326500,222635,True,
1000000,employees_1000000.csv,city_eq_warszawa,city,==,Warszawa,distributed,2,2,0.000000000,3.732159700,3.732159700,222635,True,
1000000,employees_1000000.csv,city_eq_warszawa,city,==,Warszawa,distributed,4,2,0.000000000,2.737346800,2.737346800,222635,True,
1000000,employees_1000000.csv,city_eq_warszawa,city,==,Warszawa,distributed,8,2,0.000000000,2.301985000,2.301985000,222635,True,
1000000,employees_1000000.csv,city_eq_warszawa,city,==,Warszawa,distributed,12,2,0.000000000,2.179619500,2.179619500,222635,True,
1000000,employees_1000000.csv,city_eq_warszawa,city,==,Warszawa,linear,-,3,0.000000000,0.196431900,0.196431900,222635,True,
1000000,employees_1000000.csv,city_eq_warszawa,city,==,Warszawa,indexed,-,3,0.202195600,0.000002600,0.202198200,222635,True,
1000000,employees_1000000.csv,city_eq_warszawa,city,==,Warszawa,parallel,1,3,0.000000000,6.409383500,6.409383500,222635,True,
1000000,employees_1000000.csv,city_eq_warszawa,city,==,Warszawa,parallel,2,3,0.000000000,4.457852800,4.457852800,222635,True,
1000000,employees_1000000.csv,city_eq_warszawa,city,==,Warszawa,parallel,4,3,0.000000000,3.354189100,3.354189100,222635,True,
1000000,employees_1000000.csv,city_eq_warszawa,city,==,Warszawa,parallel,8,3,0.000000000,3.344359500,3.344359500,222635,True,
1000000,employees_1000000.csv,city_eq_warszawa,city,==,Warszawa,parallel,12,3,0.000000000,2.625302300,2.625302300,222635,True,
1000000,employees_1000000.csv,city_eq_warszawa,city,==,Warszawa,distributed,1,3,0.000000000,2.541131900,2.541131900,222635,True,
1000000,employees_1000000.csv,city_eq_warszawa,city,==,Warszawa,distributed,2,3,0.000000000,1.747053700,1.747053700,222635,True,
1000000,employees_1000000.csv,city_eq_warszawa,city,==,Warszawa,distributed,4,3,0.000000000,1.348044800,1.348044800,222635,True,
1000000,employees_1000000.csv,city_eq_warszawa,city,==,Warszawa,distributed,8,3,0.000000000,1.182273000,1.182273000,222635,True,
1000000,employees_1000000.csv,city_eq_warszawa,city,==,Warszawa,distributed,12,3,0.000000000,1.146038500,1.146038500,222635,True,
1000000,employees_1000000.csv,department_eq_it,department,==,IT,linear,-,1,0.000000000,0.060746400,0.060746400,250318,True,
1000000,employees_1000000.csv,department_eq_it,department,==,IT,indexed,-,1,0.099435700,0.000003000,0.099438700,250318,True,
1000000,employees_1000000.csv,department_eq_it,department,==,IT,parallel,1,1,0.000000000,3.339584900,3.339584900,250318,True,
1000000,employees_1000000.csv,department_eq_it,department,==,IT,parallel,2,1,0.000000000,2.556227300,2.556227300,250318,True,
1000000,employees_1000000.csv,department_eq_it,department,==,IT,parallel,4,1,0.000000000,2.518544300,2.518544300,250318,True,
1000000,employees_1000000.csv,department_eq_it,department,==,IT,parallel,8,1,0.000000000,2.513652200,2.513652200,250318,True,
1000000,employees_1000000.csv,department_eq_it,department,==,IT,parallel,12,1,0.000000000,2.953822500,2.953822500,250318,True,
1000000,employees_1000000.csv,department_eq_it,department,==,IT,distributed,1,1,0.000000000,3.528743200,3.528743200,250318,True,
1000000,employees_1000000.csv,department_eq_it,department,==,IT,distributed,2,1,0.000000000,3.606092700,3.606092700,250318,True,
1000000,employees_1000000.csv,department_eq_it,department,==,IT,distributed,4,1,0.000000000,2.787640300,2.787640300,250318,True,
1000000,employees_1000000.csv,department_eq_it,department,==,IT,distributed,8,1,0.000000000,2.399079300,2.399079300,250318,True,
1000000,employees_1000000.csv,department_eq_it,department,==,IT,distributed,12,1,0.000000000,2.287646100,2.287646100,250318,True,
1000000,employees_1000000.csv,department_eq_it,department,==,IT,linear,-,2,0.000000000,0.125599600,0.125599600,250318,True,
1000000,employees_1000000.csv,department_eq_it,department,==,IT,indexed,-,2,0.159174300,0.000002500,0.159176800,250318,True,
1000000,employees_1000000.csv,department_eq_it,department,==,IT,parallel,1,2,0.000000000,5.804725300,5.804725300,250318,True,
1000000,employees_1000000.csv,department_eq_it,department,==,IT,parallel,2,2,0.000000000,4.191775100,4.191775100,250318,True,
1000000,employees_1000000.csv,department_eq_it,department,==,IT,parallel,4,2,0.000000000,3.692308500,3.692308500,250318,True,
1000000,employees_1000000.csv,department_eq_it,department,==,IT,parallel,8,2,0.000000000,3.466767100,3.466767100,250318,True,
1000000,employees_1000000.csv,department_eq_it,department,==,IT,parallel,12,2,0.000000000,3.810441000,3.810441000,250318,True,
1000000,employees_1000000.csv,department_eq_it,department,==,IT,distributed,1,2,0.000000000,5.194053600,5.194053600,250318,True,
1000000,employees_1000000.csv,department_eq_it,department,==,IT,distributed,2,2,0.000000000,3.688606800,3.688606800,250318,True,
1000000,employees_1000000.csv,department_eq_it,department,==,IT,distributed,4,2,0.000000000,2.935452600,2.935452600,250318,True,
1000000,employees_1000000.csv,department_eq_it,department,==,IT,distributed,8,2,0.000000000,2.692222900,2.692222900,250318,True,
1000000,employees_1000000.csv,department_eq_it,department,==,IT,distributed,12,2,0.000000000,2.345413400,2.345413400,250318,True,
1000000,employees_1000000.csv,department_eq_it,department,==,IT,linear,-,3,0.000000000,0.161860800,0.161860800,250318,True,
1000000,employees_1000000.csv,department_eq_it,department,==,IT,indexed,-,3,0.294740800,0.000004600,0.294745400,250318,True,
1000000,employees_1000000.csv,department_eq_it,department,==,IT,parallel,1,3,0.000000000,6.330899200,6.330899200,250318,True,
1000000,employees_1000000.csv,department_eq_it,department,==,IT,parallel,2,3,0.000000000,4.608723900,4.608723900,250318,True,
1000000,employees_1000000.csv,department_eq_it,department,==,IT,parallel,4,3,0.000000000,3.594037100,3.594037100,250318,True,
1000000,employees_1000000.csv,department_eq_it,department,==,IT,parallel,8,3,0.000000000,3.373205400,3.373205400,250318,True,
1000000,employees_1000000.csv,department_eq_it,department,==,IT,parallel,12,3,0.000000000,3.657862800,3.657862800,250318,True,
1000000,employees_1000000.csv,department_eq_it,department,==,IT,distributed,1,3,0.000000000,5.376708000,5.376708000,250318,True,
1000000,employees_1000000.csv,department_eq_it,department,==,IT,distributed,2,3,0.000000000,3.812905800,3.812905800,250318,True,
1000000,employees_1000000.csv,department_eq_it,department,==,IT,distributed,4,3,0.000000000,3.209427000,3.209427000,250318,True,
1000000,employees_1000000.csv,department_eq_it,department,==,IT,distributed,8,3,0.000000000,2.396474300,2.396474300,250318,True,
1000000,employees_1000000.csv,department_eq_it,department,==,IT,distributed,12,3,0.000000000,2.488175800,2.488175800,250318,True,
1000000,employees_1000000.csv,salary_gt_12000,salary,>,12000,linear,-,1,0.000000000,0.198541100,0.198541100,330063,True,
1000000,employees_1000000.csv,salary_gt_12000,salary,>,12000,indexed,-,1,0.000000000,0.674467700,0.674467700,330063,True,
1000000,employees_1000000.csv,salary_gt_12000,salary,>,12000,parallel,1,1,0.000000000,7.202360300,7.202360300,330063,True,
1000000,employees_1000000.csv,salary_gt_12000,salary,>,12000,parallel,2,1,0.000000000,3.969809100,3.969809100,330063,True,
1000000,employees_1000000.csv,salary_gt_12000,salary,>,12000,parallel,4,1,0.000000000,4.026154500,4.026154500,330063,True,
1000000,employees_1000000.csv,salary_gt_12000,salary,>,12000,parallel,8,1,0.000000000,3.777137900,3.777137900,330063,True,
1000000,employees_1000000.csv,salary_gt_12000,salary,>,12000,parallel,12,1,0.000000000,3.582014100,3.582014100,330063,True,
1000000,employees_1000000.csv,salary_gt_12000,salary,>,12000,distributed,1,1,0.000000000,6.250713200,6.250713200,330063,True,
1000000,employees_1000000.csv,salary_gt_12000,salary,>,12000,distributed,2,1,0.000000000,4.495683900,4.495683900,330063,True,
1000000,employees_1000000.csv,salary_gt_12000,salary,>,12000,distributed,4,1,0.000000000,3.232671600,3.232671600,330063,True,
1000000,employees_1000000.csv,salary_gt_12000,salary,>,12000,distributed,8,1,0.000000000,2.725211800,2.725211800,330063,True,
1000000,employees_1000000.csv,salary_gt_12000,salary,>,12000,distributed,12,1,0.000000000,2.835302600,2.835302600,330063,True,
1000000,employees_1000000.csv,salary_gt_12000,salary,>,12000,linear,-,2,0.000000000,0.161035600,0.161035600,330063,True,
1000000,employees_1000000.csv,salary_gt_12000,salary,>,12000,indexed,-,2,0.000000000,0.500014400,0.500014400,330063,True,
1000000,employees_1000000.csv,salary_gt_12000,salary,>,12000,parallel,1,2,0.000000000,6.857604300,6.857604300,330063,True,
1000000,employees_1000000.csv,salary_gt_12000,salary,>,12000,parallel,2,2,0.000000000,5.032322700,5.032322700,330063,True,
1000000,employees_1000000.csv,salary_gt_12000,salary,>,12000,parallel,4,2,0.000000000,3.680842700,3.680842700,330063,True,
1000000,employees_1000000.csv,salary_gt_12000,salary,>,12000,parallel,8,2,0.000000000,3.643107800,3.643107800,330063,True,
1000000,employees_1000000.csv,salary_gt_12000,salary,>,12000,parallel,12,2,0.000000000,3.545341200,3.545341200,330063,True,
1000000,employees_1000000.csv,salary_gt_12000,salary,>,12000,distributed,1,2,0.000000000,6.177435500,6.177435500,330063,True,
1000000,employees_1000000.csv,salary_gt_12000,salary,>,12000,distributed,2,2,0.000000000,4.061418000,4.061418000,330063,True,
1000000,employees_1000000.csv,salary_gt_12000,salary,>,12000,distributed,4,2,0.000000000,3.212991000,3.212991000,330063,True,
1000000,employees_1000000.csv,salary_gt_12000,salary,>,12000,distributed,8,2,0.000000000,2.704355900,2.704355900,330063,True,
1000000,employees_1000000.csv,salary_gt_12000,salary,>,12000,distributed,12,2,0.000000000,2.585730100,2.585730100,330063,True,
1000000,employees_1000000.csv,salary_gt_12000,salary,>,12000,linear,-,3,0.000000000,0.111600700,0.111600700,330063,True,
1000000,employees_1000000.csv,salary_gt_12000,salary,>,12000,indexed,-,3,0.000000000,0.500169800,0.500169800,330063,True,
1000000,employees_1000000.csv,salary_gt_12000,salary,>,12000,parallel,1,3,0.000000000,6.927446600,6.927446600,330063,True,
1000000,employees_1000000.csv,salary_gt_12000,salary,>,12000,parallel,2,3,0.000000000,4.995967500,4.995967500,330063,True,
1000000,employees_1000000.csv,salary_gt_12000,salary,>,12000,parallel,4,3,0.000000000,3.911960500,3.911960500,330063,True,
1000000,employees_1000000.csv,salary_gt_12000,salary,>,12000,parallel,8,3,0.000000000,3.820636600,3.820636600,330063,True,
1000000,employees_1000000.csv,salary_gt_12000,salary,>,12000,parallel,12,3,0.000000000,3.782415100,3.782415100,330063,True,
1000000,employees_1000000.csv,salary_gt_12000,salary,>,12000,distributed,1,3,0.000000000,6.507397200,6.507397200,330063,True,
1000000,employees_1000000.csv,salary_gt_12000,salary,>,12000,distributed,2,3,0.000000000,3.989464000,3.989464000,330063,True,
1000000,employees_1000000.csv,salary_gt_12000,salary,>,12000,distributed,4,3,0.000000000,2.881581900,2.881581900,330063,True,
1000000,employees_1000000.csv,salary_gt_12000,salary,>,12000,distributed,8,3,0.000000000,2.771057200,2.771057200,330063,True,
1000000,employees_1000000.csv,salary_gt_12000,salary,>,12000,distributed,12,3,0.000000000,2.587357400,2.587357400,330063,True,
1000000,employees_1000000.csv,age_ge_40,age,>=,40,linear,-,1,0.000000000,0.197161300,0.197161300,590548,True,
1000000,employees_1000000.csv,age_ge_40,age,>=,40,indexed,-,1,0.000000000,0.319351300,0.319351300,590548,True,
1000000,employees_1000000.csv,age_ge_40,age,>=,40,parallel,1,1,0.000000000,8.751631500,8.751631500,590548,True,
1000000,employees_1000000.csv,age_ge_40,age,>=,40,parallel,2,1,0.000000000,5.729645100,5.729645100,590548,True,
1000000,employees_1000000.csv,age_ge_40,age,>=,40,parallel,4,1,0.000000000,4.795088000,4.795088000,590548,True,
1000000,employees_1000000.csv,age_ge_40,age,>=,40,parallel,8,1,0.000000000,4.366829700,4.366829700,590548,True,
1000000,employees_1000000.csv,age_ge_40,age,>=,40,parallel,12,1,0.000000000,4.065310700,4.065310700,590548,True,
1000000,employees_1000000.csv,age_ge_40,age,>=,40,distributed,1,1,0.000000000,7.294140500,7.294140500,590548,True,
1000000,employees_1000000.csv,age_ge_40,age,>=,40,distributed,2,1,0.000000000,5.271682200,5.271682200,590548,True,
1000000,employees_1000000.csv,age_ge_40,age,>=,40,distributed,4,1,0.000000000,4.209534900,4.209534900,590548,True,
1000000,employees_1000000.csv,age_ge_40,age,>=,40,distributed,8,1,0.000000000,3.634607100,3.634607100,590548,True,
1000000,employees_1000000.csv,age_ge_40,age,>=,40,distributed,12,1,0.000000000,3.281347500,3.281347500,590548,True,
1000000,employees_1000000.csv,age_ge_40,age,>=,40,linear,-,2,0.000000000,0.202011100,0.202011100,590548,True,
1000000,employees_1000000.csv,age_ge_40,age,>=,40,indexed,-,2,0.000000000,0.334764300,0.334764300,590548,True,
1000000,employees_1000000.csv,age_ge_40,age,>=,40,parallel,1,2,0.000000000,8.232513600,8.232513600,590548,True,
1000000,employees_1000000.csv,age_ge_40,age,>=,40,parallel,2,2,0.000000000,5.769609300,5.769609300,590548,True,
1000000,employees_1000000.csv,age_ge_40,age,>=,40,parallel,4,2,0.000000000,4.173999700,4.173999700,590548,True,
1000000,employees_1000000.csv,age_ge_40,age,>=,40,parallel,8,2,0.000000000,4.106135800,4.106135800,590548,True,
1000000,employees_1000000.csv,age_ge_40,age,>=,40,parallel,12,2,0.000000000,4.075153100,4.075153100,590548,True,
1000000,employees_1000000.csv,age_ge_40,age,>=,40,distributed,1,2,0.000000000,7.400044000,7.400044000,590548,True,
1000000,employees_1000000.csv,age_ge_40,age,>=,40,distributed,2,2,0.000000000,5.138764700,5.138764700,590548,True,
1000000,employees_1000000.csv,age_ge_40,age,>=,40,distributed,4,2,0.000000000,3.997283800,3.997283800,590548,True,
1000000,employees_1000000.csv,age_ge_40,age,>=,40,distributed,8,2,0.000000000,3.469866500,3.469866500,590548,True,
1000000,employees_1000000.csv,age_ge_40,age,>=,40,distributed,12,2,0.000000000,3.326796300,3.326796300,590548,True,
1000000,employees_1000000.csv,age_ge_40,age,>=,40,linear,-,3,0.000000000,0.183798200,0.183798200,590548,True,
1000000,employees_1000000.csv,age_ge_40,age,>=,40,indexed,-,3,0.000000000,0.375990700,0.375990700,590548,True,
1000000,employees_1000000.csv,age_ge_40,age,>=,40,parallel,1,3,0.000000000,8.318536400,8.318536400,590548,True,
1000000,employees_1000000.csv,age_ge_40,age,>=,40,parallel,2,3,0.000000000,5.368122900,5.368122900,590548,True,
1000000,employees_1000000.csv,age_ge_40,age,>=,40,parallel,4,3,0.000000000,3.883213700,3.883213700,590548,True,
1000000,employees_1000000.csv,age_ge_40,age,>=,40,parallel,8,3,0.000000000,4.294316400,4.294316400,590548,True,
1000000,employees_1000000.csv,age_ge_40,age,>=,40,parallel,12,3,0.000000000,4.119977900,4.119977900,590548,True,
1000000,employees_1000000.csv,age_ge_40,age,>=,40,distributed,1,3,0.000000000,6.160619000,6.160619000,590548,True,
1000000,employees_1000000.csv,age_ge_40,age,>=,40,distributed,2,3,0.000000000,4.583432000,4.583432000,590548,True,
1000000,employees_1000000.csv,age_ge_40,age,>=,40,distributed,4,3,0.000000000,3.632698500,3.632698500,590548,True,
1000000,employees_1000000.csv,age_ge_40,age,>=,40,distributed,8,3,0.000000000,3.164788400,3.164788400,590548,True,
1000000,employees_1000000.csv,age_ge_40,age,>=,40,distributed,12,3,0.000000000,3.033873400,3.033873400,590548,True,
1000000,employees_1000000.csv,is_manager_eq_true,is_manager,==,True,linear,-,1,0.000000000,0.092637200,0.092637200,119837,True,
1000000,employees_1000000.csv,is_manager_eq_true,is_manager,==,True,indexed,-,1,0.152646800,0.000002700,0.152649500,119837,True,
1000000,employees_1000000.csv,is_manager_eq_true,is_manager,==,True,parallel,1,1,0.000000000,4.852952500,4.852952500,119837,True,
1000000,employees_1000000.csv,is_manager_eq_true,is_manager,==,True,parallel,2,1,0.000000000,3.570375400,3.570375400,119837,True,
1000000,employees_1000000.csv,is_manager_eq_true,is_manager,==,True,parallel,4,1,0.000000000,3.088877700,3.088877700,119837,True,
1000000,employees_1000000.csv,is_manager_eq_true,is_manager,==,True,parallel,8,1,0.000000000,3.129096200,3.129096200,119837,True,
1000000,employees_1000000.csv,is_manager_eq_true,is_manager,==,True,parallel,12,1,0.000000000,3.104160900,3.104160900,119837,True,
1000000,employees_1000000.csv,is_manager_eq_true,is_manager,==,True,distributed,1,1,0.000000000,4.408590900,4.408590900,119837,True,
1000000,employees_1000000.csv,is_manager_eq_true,is_manager,==,True,distributed,2,1,0.000000000,3.057821600,3.057821600,119837,True,
1000000,employees_1000000.csv,is_manager_eq_true,is_manager,==,True,distributed,4,1,0.000000000,2.298022600,2.298022600,119837,True,
1000000,employees_1000000.csv,is_manager_eq_true,is_manager,==,True,distributed,8,1,0.000000000,1.968253400,1.968253400,119837,True,
1000000,employees_1000000.csv,is_manager_eq_true,is_manager,==,True,distributed,12,1,0.000000000,1.912918000,1.912918000,119837,True,
1000000,employees_1000000.csv,is_manager_eq_true,is_manager,==,True,linear,-,2,0.000000000,0.095711600,0.095711600,119837,True,
1000000,employees_1000000.csv,is_manager_eq_true,is_manager,==,True,indexed,-,2,0.195509000,0.000002900,0.195511900,119837,True,
1000000,employees_1000000.csv,is_manager_eq_true,is_manager,==,True,parallel,1,2,0.000000000,5.431112900,5.431112900,119837,True,
1000000,employees_1000000.csv,is_manager_eq_true,is_manager,==,True,parallel,2,2,0.000000000,4.511729700,4.511729700,119837,True,
1000000,employees_1000000.csv,is_manager_eq_true,is_manager,==,True,parallel,4,2,0.000000000,3.446841600,3.446841600,119837,True,
1000000,employees_1000000.csv,is_manager_eq_true,is_manager,==,True,parallel,8,2,0.000000000,3.176204600,3.176204600,119837,True,
1000000,employees_1000000.csv,is_manager_eq_true,is_manager,==,True,parallel,12,2,0.000000000,3.065175600,3.065175600,119837,True,
1000000,employees_1000000.csv,is_manager_eq_true,is_manager,==,True,distributed,1,2,0.000000000,4.825975800,4.825975800,119837,True,
1000000,employees_1000000.csv,is_manager_eq_true,is_manager,==,True,distributed,2,2,0.000000000,3.399042300,3.399042300,119837,True,
1000000,employees_1000000.csv,is_manager_eq_true,is_manager,==,True,distributed,4,2,0.000000000,2.426655400,2.426655400,119837,True,
1000000,employees_1000000.csv,is_manager_eq_true,is_manager,==,True,distributed,8,2,0.000000000,2.132312100,2.132312100,119837,True,
1000000,employees_1000000.csv,is_manager_eq_true,is_manager,==,True,distributed,12,2,0.000000000,1.824307800,1.824307800,119837,True,
1000000,employees_1000000.csv,is_manager_eq_true,is_manager,==,True,linear,-,3,0.000000000,0.094060100,0.094060100,119837,True,
1000000,employees_1000000.csv,is_manager_eq_true,is_manager,==,True,indexed,-,3,0.178619200,0.000002800,0.178622000,119837,True,
1000000,employees_1000000.csv,is_manager_eq_true,is_manager,==,True,parallel,1,3,0.000000000,6.125708800,6.125708800,119837,True,
1000000,employees_1000000.csv,is_manager_eq_true,is_manager,==,True,parallel,2,3,0.000000000,4.476091800,4.476091800,119837,True,
1000000,employees_1000000.csv,is_manager_eq_true,is_manager,==,True,parallel,4,3,0.000000000,3.464179900,3.464179900,119837,True,
1000000,employees_1000000.csv,is_manager_eq_true,is_manager,==,True,parallel,8,3,0.000000000,3.273616600,3.273616600,119837,True,
1000000,employees_1000000.csv,is_manager_eq_true,is_manager,==,True,parallel,12,3,0.000000000,3.327394100,3.327394100,119837,True,
1000000,employees_1000000.csv,is_manager_eq_true,is_manager,==,True,distributed,1,3,0.000000000,5.115415100,5.115415100,119837,True,
1000000,employees_1000000.csv,is_manager_eq_true,is_manager,==,True,distributed,2,3,0.000000000,3.624626000,3.624626000,119837,True,
1000000,employees_1000000.csv,is_manager_eq_true,is_manager,==,True,distributed,4,3,0.000000000,2.616603800,2.616603800,119837,True,
1000000,employees_1000000.csv,is_manager_eq_true,is_manager,==,True,distributed,8,3,0.000000000,2.071669200,2.071669200,119837,True,
1000000,employees_1000000.csv,is_manager_eq_true,is_manager,==,True,distributed,12,3,0.000000000,2.190759600,2.190759600,119837,True,
1000000,employees_1000000.csv,last_name_contains_ski,last_name,contains,ski,linear,-,1,0.000000000,0.193345000,0.193345000,538,True,
1000000,employees_1000000.csv,last_name_contains_ski,last_name,contains,ski,indexed,-,1,0.000000000,0.596012100,0.596012100,538,True,
1000000,employees_1000000.csv,last_name_contains_ski,last_name,contains,ski,parallel,1,1,0.000000000,6.436039500,6.436039500,538,True,
1000000,employees_1000000.csv,last_name_contains_ski,last_name,contains,ski,parallel,2,1,0.000000000,4.265181400,4.265181400,538,True,
1000000,employees_1000000.csv,last_name_contains_ski,last_name,contains,ski,parallel,4,1,0.000000000,3.335208500,3.335208500,538,True,
1000000,employees_1000000.csv,last_name_contains_ski,last_name,contains,ski,parallel,8,1,0.000000000,3.145666100,3.145666100,538,True,
1000000,employees_1000000.csv,last_name_contains_ski,last_name,contains,ski,parallel,12,1,0.000000000,2.873874400,2.873874400,538,True,
1000000,employees_1000000.csv,last_name_contains_ski,last_name,contains,ski,distributed,1,1,0.000000000,4.458166700,4.458166700,538,True,
1000000,employees_1000000.csv,last_name_contains_ski,last_name,contains,ski,distributed,2,1,0.000000000,2.861581300,2.861581300,538,True,
1000000,employees_1000000.csv,last_name_contains_ski,last_name,contains,ski,distributed,4,1,0.000000000,2.171295400,2.171295400,538,True,
1000000,employees_1000000.csv,last_name_contains_ski,last_name,contains,ski,distributed,8,1,0.000000000,1.747003200,1.747003200,538,True,
1000000,employees_1000000.csv,last_name_contains_ski,last_name,contains,ski,distributed,12,1,0.000000000,1.669214300,1.669214300,538,True,
1000000,employees_1000000.csv,last_name_contains_ski,last_name,contains,ski,linear,-,2,0.000000000,0.246113500,0.246113500,538,True,
1000000,employees_1000000.csv,last_name_contains_ski,last_name,contains,ski,indexed,-,2,0.000000000,0.507053500,0.507053500,538,True,
1000000,employees_1000000.csv,last_name_contains_ski,last_name,contains,ski,parallel,1,2,0.000000000,5.610111200,5.610111200,538,True,
1000000,employees_1000000.csv,last_name_contains_ski,last_name,contains,ski,parallel,2,2,0.000000000,4.044932200,4.044932200,538,True,
1000000,employees_1000000.csv,last_name_contains_ski,last_name,contains,ski,parallel,4,2,0.000000000,3.276209200,3.276209200,538,True,
1000000,employees_1000000.csv,last_name_contains_ski,last_name,contains,ski,parallel,8,2,0.000000000,3.164953900,3.164953900,538,True,
1000000,employees_1000000.csv,last_name_contains_ski,last_name,contains,ski,parallel,12,2,0.000000000,2.895162400,2.895162400,538,True,
1000000,employees_1000000.csv,last_name_contains_ski,last_name,contains,ski,distributed,1,2,0.000000000,4.870760000,4.870760000,538,True,
1000000,employees_1000000.csv,last_name_contains_ski,last_name,contains,ski,distributed,2,2,0.000000000,2.946934200,2.946934200,538,True,
1000000,employees_1000000.csv,last_name_contains_ski,last_name,contains,ski,distributed,4,2,0.000000000,2.120428100,2.120428100,538,True,
1000000,employees_1000000.csv,last_name_contains_ski,last_name,contains,ski,distributed,8,2,0.000000000,1.727314700,1.727314700,538,True,
1000000,employees_1000000.csv,last_name_contains_ski,last_name,contains,ski,distributed,12,2,0.000000000,1.648886400,1.648886400,538,True,
1000000,employees_1000000.csv,last_name_contains_ski,last_name,contains,ski,linear,-,3,0.000000000,0.249771300,0.249771300,538,True,
1000000,employees_1000000.csv,last_name_contains_ski,last_name,contains,ski,indexed,-,3,0.000000000,0.650841400,0.650841400,538,True,
1000000,employees_1000000.csv,last_name_contains_ski,last_name,contains,ski,parallel,1,3,0.000000000,5.634351400,5.634351400,538,True,
1000000,employees_1000000.csv,last_name_contains_ski,last_name,contains,ski,parallel,2,3,0.000000000,4.200954500,4.200954500,538,True,
1000000,employees_1000000.csv,last_name_contains_ski,last_name,contains,ski,parallel,4,3,0.000000000,3.277291000,3.277291000,538,True,
1000000,employees_1000000.csv,last_name_contains_ski,last_name,contains,ski,parallel,8,3,0.000000000,3.067830600,3.067830600,538,True,
1000000,employees_1000000.csv,last_name_contains_ski,last_name,contains,ski,parallel,12,3,0.000000000,2.976129900,2.976129900,538,True,
1000000,employees_1000000.csv,last_name_contains_ski,last_name,contains,ski,distributed,1,3,0.000000000,4.583833300,4.583833300,538,True,
1000000,employees_1000000.csv,last_name_contains_ski,last_name,contains,ski,distributed,2,3,0.000000000,2.962586100,2.962586100,538,True,
1000000,employees_1000000.csv,last_name_contains_ski,last_name,contains,ski,distributed,4,3,0.000000000,2.207613200,2.207613200,538,True,
1000000,employees_1000000.csv,last_name_contains_ski,last_name,contains,ski,distributed,8,3,0.000000000,1.693324600,1.693324600,538,True,
1000000,employees_1000000.csv,last_name_contains_ski,last_name,contains,ski,distributed,12,3,0.000000000,1.616444000,1.616444000,538,True,
